threshold,net_benefit,treat_all,treat_none,split,method
1e-4,0.0036908931358815905,0.003690839907426233,0,validation,raw
2e-4,0.0035920466171351514,0.0035911890612477402,0,validation,raw
3e-4,0.003494735441792086,0.0034915182789191663,0,validation,raw
4e-4,0.003399156493361208,0.0033918275544572735,0,validation,raw
5e-4,0.003305199988706577,0.003292116881876429,0,validation,raw
6e-4,0.003212857688180244,0.003192386255188604,0,validation,raw
7e-4,0.0031216218646320814,0.003092635668403373,0,validation,raw
8e-4,0.003031545892208048,0.0029928651155279127,0,validation,raw
9e-4,0.0029425354399149495,0.002893074590567001,0,validation,raw
0.001,0.0028546147797267048,0.0027932640875230137,0,validation,raw
0.0011,0.0027676490197351055,0.002693433600395926,0,validation,raw
0.0012,0.0026819205547965776,0.0025935831231833108,0,validation,raw
0.0013,0.002596753749075944,0.0024937126498803352,0,validation,raw
0.0014,0.00251270750189016,0.0023938221744797625,0,validation,raw
0.0015,0.0024292365771617615,0.0022939116909719485,0,validation,raw
0.0016,0.002346842874104074,0.002193981193344842,0,validation,raw
0.0017,0.0022650916940439897,0.002094030675583983,0,validation,raw
0.0018,0.0021842144288922115,0.001994060131672501,0,validation,raw
0.0019,0.002103705207184235,0.0018940695555911137,0,validation,raw
0.002,0.002024434669945472,0.001794058941318127,0,validation,raw
0.0021,0.0019455708925573665,0.0016940282828294328,0,validation,raw
0.0022,0.0018672480208739098,0.0015939775740985073,0,validation,raw
0.0023,0.0017875159569187703,0.0014939068090964124,0,validation,raw
0.0024,0.0017108367214556139,0.0013938159817917916,0,validation,raw
0.0025,0.0016343124938789926,0.0012937050861508682,0,validation,raw
0.0026,0.001558616397857766,0.0011935741161374484,0,validation,raw
0.0027,0.0014836423965247612,0.0010934230657129152,0,validation,raw
0.0028,0.001409601057846915,9.93251928836232e-4,0,validation,raw
0.0029,0.0013361750862040164,8.930606994639366e-4,0,validation,raw
0.003,0.001262839805941639,7.928493715501409e-4,0,validation,raw
0.0031,0.001190206073145383,6.926179390465354e-4,0,validation,raw
0.0032,0.001118147344312832,5.923663959023781e-4,0,validation,raw
0.0033,0.0010463218571955426,4.920947360645038e-4,0,validation,raw
0.0034,9.749585593168061e-4,3.9180295347731415e-4,0,validation,raw
0.0035,9.040988816356446e-4,2.9149104208278046e-4,0,validation,raw
0.0036,8.336944979186718e-4,1.9115899582044463e-4,0,validation,raw
0.0037,7.63793130164087e-4,9.0806808627412125e-05,0,validation,raw
0.0038,6.942193867896149e-4,-9.565525561643692e-6,0,validation,raw
0.0039,6.250258999718154e-4,-1.0995801281448586e-4,0,validation,raw
0.004,5.567134743179581e-4,-2.1037065920131472e-4,0,validation,raw
0.0041,4.868624296189396e-4,-3.1080347079476874e-4,0,validation,raw
0.0042,4.189969252021081e-4,-4.112564536699224e-4,0,validation,raw
0.0043,3.5194653481859925e-4,-5.117296139042979e-4,0,validation,raw
0.0044,2.848467367074512e-4,-6.12222957577852e-4,0,validation,raw
0.0045,2.1846105872576696e-4,-7.127364907729868e-4,0,validation,raw
0.0046,1.5244710954867785e-4,-8.132702195745517e-4,0,validation,raw
0.0047,8.631564250666333e-5,-9.138241500698373e-4,0,validation,raw
0.0048,2.0971285237566042e-5,-0.0010143982883485817,0,validation,raw
0.0049,-4.3945289384204195e-5,-0.001114992640502974,0,validation,raw
0.005,-1.0868926877541374e-4,-0.0012156072126276478,0,validation,raw
0.0051,-1.7306572275374707e-4,-0.0013162420108196902,0,validation,raw
0.0052,-2.3689762639996165e-4,-0.001416897041178638,0,validation,raw
0.0053,-3.007084169111044e-4,-0.0015175723098064834,0,validation,raw
0.0054,-3.633979421915601e-4,-0.0016182678228076706,0,validation,raw
0.0055,-4.2600810560854433e-4,-0.0017189835862890983,0,validation,raw
0.0056,-4.889920284260464e-4,-0.0018197196063601262,0,validation,raw
0.0057,-5.517567394994001e-4,-0.0019204758891325658,0,validation,raw
0.0058,-6.139901931095236e-4,-0.0020212524407206885,0,validation,raw
0.0059,-6.757558908656986e-4,-0.0021220492672412326,0,validation,raw
0.006,-7.375943100178628e-4,-0.00222286637481339,0,validation,raw
0.0061,-7.98997874565431e-4,-0.0023237037695588185,0,validation,raw
0.0062,-8.60358441095273e-4,-0.0024245614576016393,0,validation,raw
0.0063,-9.207746938970124e-4,-0.0025254394450684404,0,validation,raw
0.0064,-9.815623147540827e-4,-0.002626337738088274,0,validation,raw
0.0065,-0.0010422631332169699,-0.0027272563427926605,0,validation,raw
0.0066,-0.0011026110402876182,-0.002828195265315592,0,validation,raw
0.0067,-0.0011627148947193247,-0.0029291545117935266,0,validation,raw
0.0068,-0.0012224755534204841,-0.0030301340883653934,0,validation,raw
0.0069,-0.001281709841099299,-0.0031311340011726,0,validation,raw
0.007,-0.0013412326084548125,-0.0032321542563590227,0,validation,raw
0.0071,-0.0013998750212682325,-0.003333194860071014,0,validation,raw
0.0072,-0.0014581192955598564,-0.0034342558184574023,0,validation,raw
0.0073,-0.001515933097245911,-0.003535337137669496,0,validation,raw
0.0074,-0.0015738991312078308,-0.0036364388238610814,0,validation,raw
0.0075,-0.001631144792769062,-0.003737560883188421,0,validation,raw
0.0076,-0.0016887359437997031,-0.0038387033218102674,0,validation,raw
0.0077,-0.0017462512620282397,-0.003939866145887846,0,validation,raw
0.0078,-0.001803105175342694,-0.004041049361584871,0,validation,raw
0.0079,-0.0018596428077482254,-0.004142252975067543,0,validation,raw
0.008,-0.0019157765967407936,-0.004243476992504545,0,validation,raw
0.0081,-0.001972108379059629,-0.004344721420067052,0,validation,raw
0.0082,-0.0020277169217158453,-0.004445986263928725,0,validation,raw
0.0083,-0.0020829634795884347,-0.004547271530265715,0,validation,raw
0.0084,-0.0021388526390986617,-0.004648577225256663,0,validation,raw
0.0085,-0.0021936573808806477,-0.004749903355082713,0,validation,raw
0.0086,-0.0022483603954584048,-0.004851249925927486,0,validation,raw
0.0087,-0.0023030888843679907,-0.00495261694397711,0,validation,raw
0.0088,-0.0023581740537101568,-0.005054004415420208,0,validation,raw
0.0089,-0.0024124154089638114,-0.005155412346447896,0,validation,raw
0.009,-0.002466608137425714,-0.005256840743253792,0,validation,raw
0.0091,-0.002520988285954978,-0.005358289612034019,0,validation,raw
0.0092,-0.002575448928046674,-0.005459758958987192,0,validation,raw
0.0093,-0.002631022332376797,-0.005561248790314433,0,validation,raw
0.0094,-0.0026839738247853655,-0.005662759112219371,0,validation,raw
0.0095,-0.0027364524066711316,-0.005764289930908136,0,validation,raw
0.0096,-0.002789277567810827,-0.005865841252589366,0,validation,raw
0.0097,-0.002841419687574644,-0.00596741308347421,0,validation,raw
0.0098,-0.00289457190604922,-0.0060690054297763175,0,validation,raw
0.0099,-0.0029466516240523985,-0.006170618297711858,0,validation,raw
0.01,-0.0029996458567887146,-0.006272251693499506,0,validation,raw
0.011,-0.0035170923958577145,-0.007289716053149148,0,validation,raw
0.012,-0.004016741103540944,-0.008309240057251527,0,validation,raw
0.013,-0.004502364684735504,-0.009330829966124122,0,validation,raw
0.014,-0.004974154072520208,-0.010354492065481245,0,validation,raw
0.015,-0.0054309819189609435,-0.011380232666562951,0,validation,raw
0.016,-0.005881288602632301,-0.012408058106264747,0,validation,raw
0.017,-0.006321050327400033,-0.013437974747268069,0,validation,raw
0.018,-0.006744960752256917,-0.014469988978171595,0,validation,raw
0.019,-0.007161973455618648,-0.015504107213623351,0,validation,raw
0.02,-0.007570718716715579,-0.01654033589445358,0,validation,raw
0.021,-0.007976856661879504,-0.017578681487808487,0,validation,raw
0.022,-0.008373316076859979,-0.018619150487284776,0,validation,raw
0.023,-0.008757753153582501,-0.019661749413065,0,validation,raw
0.024,-0.009130197384565965,-0.0207064848120538,0,validation,raw
0.025,-0.009509176316727739,-0.02175336325801488,0,validation,raw
0.026,-0.009883069555430049,-0.02280239135170894,0,validation,raw
0.027,-0.010256083435216739,-0.02385357572103238,0,validation,raw
0.028,-0.010615103637307772,-0.024906923021156904,0,validation,raw
0.029,-0.010972249357962514,-0.02596243993466994,0,validation,raw
0.03,-0.011316151341074871,-0.02702013317171599,0,validation,raw
0.031,-0.011666311102684844,-0.028080009470138813,0,validation,raw
0.032,-0.01201396006590812,-0.02914207559562449,0,validation,raw
0.033,-0.012348371627665243,-0.030206338341845412,0,validation,raw
0.034,-0.012687443420271671,-0.03127280453060508,0,validation,raw
0.035,-0.013026944502204995,-0.03234148101198395,0,validation,raw
0.036,-0.013360445784867836,-0.033412374664486,0,validation,raw
0.037,-0.01369649280253733,-0.034485492395186404,0,validation,raw
0.038,-0.014024577000063055,-0.03556084113987995,0,validation,raw
0.039,-0.014344589746814995,-0.0366384278632305,0,validation,raw
0.04,-0.014661518782397907,-0.037718259558921365,0,validation,raw
0.041,-0.014979057474101535,-0.03880034324980658,0,validation,raw
0.042,-0.015297417818696124,-0.03988468598806316,0,validation,raw
0.043,-0.015614464269257751,-0.04097129485534431,0,validation,raw
0.044,-0.01593140206409782,-0.042060176962933585,0,validation,raw
0.045,-0.016243510116129643,-0.04315133945190001,0,validation,raw
0.046,-0.01655798835977148,-0.0442447894932542,0,validation,raw
0.047,-0.016871688141132234,-0.045340534288105465,0,validation,raw
0.048,-0.01717636429982907,-0.04643858106781986,0,validation,raw
0.049,-0.01748661227983168,-0.0475389370941793,0,validation,raw
0.05,-0.017801854123427288,-0.04864160965954159,0,validation,raw
0.051,-0.018110495414540156,-0.049746606087001585,0,validation,raw
0.052,-0.01841696184905718,-0.05085393373055328,0,validation,raw
0.053,-0.01871955575960125,-0.05196359997525291,0,validation,raw
0.054,-0.019017253108743012,-0.0530756122373832,0,validation,raw
0.055,-0.019316806310236162,-0.05418997796461853,0,validation,raw
0.056,-0.019622153678775022,-0.055306704636191216,0,validation,raw
0.057,-0.019925834132306346,-0.056425799763058865,0,validation,raw
0.058,-0.02022478470764792,-0.05754727088807273,0,validation,raw
0.059,-0.020521045979116068,-0.058671125586147184,0,validation,raw
0.06,-0.020810548399980245,-0.059797371464430316,0,validation,raw
0.061,-0.021105925879533527,-0.060926016162475505,0,validation,raw
0.062,-0.02140816037580254,-0.06205706735241419,0,validation,raw
0.063,-0.021695598530716457,-0.06319053273912968,0,validation,raw
0.064,-0.021990961739247646,-0.06432642006043217,0,validation,raw
0.065,-0.02228900645190238,-0.06546473708723477,0,validation,raw
0.066,-0.022581813790605,-0.06660549162373074,0,validation,raw
0.067,-0.022862478352861496,-0.06774869150757182,0,validation,raw
0.068,-0.023151245808416966,-0.06889434461004776,0,validation,raw
0.069,-0.02343944701211495,-0.07004245883626693,0,validation,raw
0.07,-0.023729378922572833,-0.0711930421253382,0,validation,raw
0.071,-0.02400912920318165,-0.07234610245055383,0,validation,raw
0.072,-0.024295699598844724,-0.07350164781957381,0,validation,raw
0.073,-0.024585317524848327,-0.07465968627461111,0,validation,raw
0.074,-0.024866108767088994,-0.07582022589261826,0,validation,raw
0.075,-0.02515364053825592,-0.07698327478547513,0,validation,raw
0.076,-0.02543824181710105,-0.07814884110017803,0,validation,raw
0.077,-0.025715512922780192,-0.0793169330190298,0,validation,raw
0.078,-0.02600783632225076,-0.08048755875983135,0,validation,raw
0.079,-0.026288277740951018,-0.08166072657607439,0,validation,raw
0.08,-0.02656275613752919,-0.08283644475713534,0,validation,raw
0.081,-0.026839053426720386,-0.08401472162847064,0,validation,raw
0.082,-0.027120225449129662,-0.0851955655518132,0,validation,raw
0.083,-0.027412828681897674,-0.08637898492537023,0,validation,raw
0.084,-0.027694171703001303,-0.08756498818402239,0,validation,raw
0.085,-0.02797095816371623,-0.08875358379952406,0,validation,raw
0.086,-0.02824549256126432,-0.08994478028070514,0,validation,raw
0.087,-0.028526597439612132,-0.09113858617367414,0,validation,raw
0.088,-0.02880279186429177,-0.09233501006202248,0,validation,raw
0.089,-0.029079818479222586,-0.09353406056703018,0,validation,raw
0.09,-0.02935369406810054,-0.09473574634787307,0,validation,raw
0.091,-0.029634452977336717,-0.09594007610183114,0,validation,raw
0.092,-0.029909022986430157,-0.09714705856449835,0,validation,raw
0.093,-0.030186856319378706,-0.09835670250999394,0,validation,raw
0.094,-0.03045035997513983,-0.09956901675117495,0,validation,raw
0.095,-0.03072735699777166,-0.10078401013985028,0,validation,raw
0.096,-0.03100838061452668,-0.10200169156699614,0,validation,raw
0.097,-0.03128136886183933,-0.10322206996297287,0,validation,raw
0.098,-0.03155909776118836,-0.10444515429774336,0,validation,raw
0.099,-0.03182461626681114,-0.10567095358109269,0,validation,raw
0.1,-0.032095386185740274,-0.10689947686284945,0,validation,raw
0.11,-0.03480574612813161,-0.11933654963658932,0,validation,raw
0.12,-0.03746141932955119,-0.13205628315518692,0,validation,raw
0.13,-0.04008519607862794,-0.14506842434087874,0,validation,raw
0.14,-0.042611892087997386,-0.15838317346112152,0,validation,raw
0.15,-0.04515113080077528,-0.17201121079595827,0,validation,raw
0.16,-0.047676019156919214,-0.18596372521019583,0,validation,raw
0.17,-0.050111487288767846,-0.2002524447910416,0,validation,raw
0.18,-0.05251396111755264,-0.21488966972751766,0,validation,raw
0.19,-0.054932576028763794,-0.22988830762538826,0,validation,raw
0.2,-0.057275244088430904,-0.24526191147070564,0,validation,raw
0.21,-0.059621058786450354,-0.2610247204766639,0,validation,raw
0.22,-0.06190574815539595,-0.2771917040725186,0,validation,raw
0.23,-0.0641778420428342,-0.29377860932021366,0,validation,raw
0.24,-0.06633906547151197,-0.310802012074427,0,validation,raw
0.25,-0.06856689640572423,-0.3282793722354193,0,validation,raw
0.26,-0.07058640575124092,-0.34622909348184394,0,validation,raw
0.27,-0.07268590431318116,-0.3646705879131021,0,validation,raw
0.28,-0.07467575385768306,-0.3836243460785619,0,validation,raw
0.29,-0.07663897665445414,-0.40311201292473875,0,validation,raw
0.3,-0.07859548440396165,-0.423156470252235,0,validation,raw
0.31,-0.08048450873741526,-0.4437819263428472,0,validation,raw
0.32,-0.08229129916266309,-0.46501401349494786,0,validation,raw
0.33,-0.08407999583987777,-0.48687989429337997,0,validation,raw
0.34,-0.08571410952363336,-0.5094083775402493,0,validation,raw
0.35,-0.08740720786367447,-0.5326300448870223,0,validation,raw
0.36,-0.08910597440817221,-0.556577389338382,0,validation,raw
0.37,-0.09075622777000765,-0.5812849669469278,0,validation,raw
0.38,-0.09231212155707016,-0.6067895631880073,0,validation,raw
0.39,-0.09378246939046796,-0.6331303756992861,0,validation,raw
0.4,-0.09520678751447983,-0.66034921529427415,0,validation,raw
0.41,-0.09663348730214065,-0.6884907274179057,0,validation,raw
0.42,-0.09795423304328191,-0.717602636511318,0,validation,raw
0.43,-0.0991197429408341,-0.7477360160992358,0,validation,raw
0.44,-0.10032943392441039,-0.7789455878152937,0,validation,raw
0.45,-0.10154212901465648,-0.8112900530482989,0,validation,raw
0.46,-0.10264775547640832,-0.8448324614380823,0,validation,raw
0.47,-0.10363046388341847,-0.8796406210878575,0,validation,raw
0.48,-0.1044329328352997,-0.9157875561087777,0,validation,raw
0.49,-0.10519653840058923,-0.9533520179932636,0,validation,raw
0.5,-0.10578208929857282,-0.9924190583531289,0,validation,raw
0.51,-0.10630765744019838,-1.0330806717889072,0,validation,raw
0.52,-0.10669429945986723,-1.0754365191178428,0,validation,raw
0.53,-0.10708178804975627,-1.1195947429288609,0,validation,raw
0.54,-0.10745151046154391,-1.1656728895142707,0,validation,raw
0.55,-0.10781858217755656,-1.2137989537256992,0,validation,raw
0.56,-0.10802364099067398,-1.264112566310374,0,validation,raw
0.57,-0.10811706301100625,-1.3167663469222426,0,validation,raw
0.58,-0.10816658775842446,-1.3719274504203913,0,validation,raw
0.59,-0.10835368608083697,-1.429779339455035,0,validation,raw
0.6,-0.10829900665065499,-1.490523822941411,0,validation,raw
0.61,-0.10819714186859862,-1.5543834081450372,0,validation,raw
0.62,-0.10806472836548024,-1.6216040241488539,0,validation,raw
0.63,-0.10766212414564061,-1.6924581869636877,0,validation,raw
0.64,-0.10768490316719866,-1.7672486921571235,0,validation,raw
0.65,-0.10737143547190645,-1.8463129405044703,0,validation,raw
0.66,-0.10678551499495263,-1.9300280269898957,0,validation,raw
0.67,-0.10638981151801667,-2.018816755080499,0,validation,raw
0.68,-0.10576056523858723,-2.1131547786767646,0,validation,raw
0.69,-0.10480101777514039,-2.213579126376014,0,validation,raw
0.7,-0.10424353830947236,-2.320698430588548,0,validation,raw
0.71,-0.10365100493937174,-2.435205273022636,0,validation,raw
0.72,-0.10257815909307275,-2.5578911756305875,0,validation,raw
0.73,-0.10147777424944701,-2.6896649228761644,0,validation,raw
0.74,-0.1003479629853256,-2.8315751122175556,0,validation,raw
0.75,-0.0991045991045991,-2.9848381167062583,0,validation,raw
0.76,-0.09810237923791039,-3.150873038235686,0,validation,raw
0.77,-0.09669643233905059,-3.3313457790285415,0,validation,raw
0.78,-0.09551396914034277,-3.528225132620748,0,validation,raw
0.79,-0.09409557630384426,-3.7438549008407844,0,validation,raw
0.8,-0.09277596640234005,-3.9810476458828234,0,validation,raw
0.81,-0.09090915510811406,-4.243208048297709,0,validation,raw
0.82,-0.08926229561150194,-4.534497384314245,0,validation,raw
0.83,-0.0870813808758217,-4.86005605397979,0,validation,raw
0.84,-0.08457166561562164,-5.2263095573535265,0,validation,raw
0.85,-0.082248371625661,-5.641396861177095,0,validation,raw
0.86,-0.07945676626995307,-6.115782351261174,0,validation,raw
0.87,-0.07680317866285744,-6.66315022443511,0,validation,raw
0.88,-0.07389442737428085,-7.301746076471371,0,validation,raw
0.89,-0.07058590575074092,-8.056450265241496,0,validation,raw
0.9,-0.0671729572828474,-8.962095291765646,0,validation,raw
0.905,-0.06588451498804306,-9.486416096595418,0,validation,raw
0.91,-0.06471430708304948,-10.068994768628498,0,validation,raw
0.915,-0.0625592774914042,-10.720112107959586,0,validation,raw
0.92,-0.06023717836904653,-11.452619114707062,0,validation,raw
0.925,-0.05769417124728484,-12.282793722354201,0,validation,raw
0.93,-0.05486870243542147,-13.231564702522359,0,validation,raw
0.935,-0.05267249265558653,-14.326300448870235,0,validation,raw
0.94,-0.04965255881006792,-15.603492152942726,0,validation,raw
0.945,-0.0455153312296169,-17.112900530482975,0,validation,raw
0.95,-0.04093708489312881,-18.92419058353127,0,validation,raw
0.955,-0.036819622289707726,-21.13798953725697,0,validation,raw
0.96,-0.03073971205839335,-23.905238229414092,0,validation,raw
0.965,-0.023856165928379407,-27.463129405044672,0,validation,raw
0.97,-0.01823823984996145,-32.20698430588546,0,validation,raw
0.975,-0.011695671036330365,-38.84838116706255,0,validation,raw
0.98,-0.005767329943154114,-48.810476458828184,0,validation,raw
0.985,-0.0010212281274552327,-65.41396861177091,0,validation,raw
0.99,-2.1915406530791128e-4,-98.62095291765637,0,validation,raw
0.991,-2.4400146500268584e-4,-109.68994768628485,0,validation,raw
0.992,2.236265972529709e-6,-123.52619114707045,0,validation,raw
0.993,0,-141.31564702522334,0,validation,raw
0.994,0,-165.03492152942724,0,validation,raw
0.995,0,-198.2419058353127,0,validation,raw
0.996,0,-248.05238229414087,0,validation,raw
0.997,0,-331.06984305885453,0,validation,raw
0.998,0,-497.1047645882818,0,validation,raw
0.999,0,-995.2095291765636,0,validation,raw
1e-4,0.003910485333213241,0.003910431885641715,0,test,raw
2e-4,0.0038116507528253595,0.003810803003053762,0,test,raw
3e-4,0.0037144174670883877,0.003711154188709764,0,test,raw
4e-4,0.0036190639223749334,0.003611485436627802,0,test,raw
5e-4,0.00352542270186175,0.003511796740823563,0,test,raw
6e-4,0.003433312521896427,0.003412088095310337,0,test,raw
7e-4,0.003342551726236143,0.0033123594940990203,0,test,raw
8e-4,0.003252992492266047,0.0032126109311981094,0,test,raw
9e-4,0.0031644805613569027,0.0031128424006137034,0,test,raw
0.001,0.0030769659035125236,0.0030130538963495006,0,test,raw
0.0011,0.0029903998943976067,0.0029132454124067985,0,test,raw
0.0012,0.00290489988772495,0.002813416942784493,0,test,raw
0.0013,0.002820139053780541,0.002713568481479074,0,test,raw
0.0014,0.0027363095407897725,0.0026137000224846297,0,test,raw
0.0015,0.0026533183958087425,0.00251381155979284,0,test,raw
0.0016,0.0025708585171681925,0.0024139030873929794,0,test,raw
0.0017,0.0024894677994634845,0.0023139745992719132,0,test,raw
0.0018,0.002408726214707736,0.002214026089414096,0,test,raw
0.0019,0.002328772361263191,0.002114057551801574,0,test,raw
0.002,0.00224950275696335,0.002014068980413979,0,test,raw
0.0021,0.0021710969744196795,0.001914060369228531,0,test,raw
0.0022,0.0020924864759939124,0.001814031712220035,0,test,raw
0.0023,0.0020156241219751753,0.001713983003360881,0,test,raw
0.0024,0.0019393499879262399,0.001613914236621042,0,test,raw
0.0025,0.0018634812802552597,0.0015138254059680711,0,test,raw
0.0026,0.0017881031149045482,0.0014137165053671056,0,test,raw
0.0027,0.001713797128821008,0.0013135875287808591,0,test,raw
0.0028,0.0016399744300850828,0.0012134384701696262,0,test,raw
0.0029,0.0015666463647376256,0.001113269323491276,0,test,raw
0.003,0.0014940564378934738,0.0010130800827012547,0,test,raw
0.0031,0.0014218416427326666,9.128707417525844e-4,0,test,raw
0.0032,0.0013500569090611923,8.126412945958579e-4,0,test,raw
0.0033,0.0012789401556864573,7.123917351792427e-4,0,test,raw
0.0034,0.0012086365880795494,6.121220574484762e-4,0,test,raw
0.0035,0.0011384720527863332,5.11832255346865e-4,0,test,raw
0.0036,0.0010688749219282347,4.115223228152863e-4,0,test,raw
0.0037,9.995893505209468e-4,3.111922537921818e-4,0,test,raw
0.0038,9.309533349873755e-4,2.1084204221356265e-4,0,test,raw
0.0039,8.6266593046349e-4,1.1047168201300164e-4,0,test,raw
0.004,7.948980709266786e-4,1.0081167121637168e-5,0,test,raw
0.0041,7.277971265495062e-4,-9.032950853183046e-5,0,test,raw
0.0042,6.611022613037709e-4,-1.907603510211374e-4,0,test,raw
0.0043,5.944207230733772e-4,-2.912113664224657e-4,0,test,raw
0.0044,5.284178119792948e-4,-3.916825608144322e-4,0,test,raw
0.0045,4.6265123643714125e-4,-4.921739402780996e-4,0,test,raw
0.0046,3.970336438918437e-4,-5.926855108969748e-4,0,test,raw
0.0047,3.32027922106448e-4,-6.932172787570065e-4,0,test,raw
0.0048,2.6679298084436847e-4,-7.937692499465918e-4,0,test,raw
0.0049,2.0285396881176586e-4,-8.943414305565764e-4,0,test,raw
0.005,1.3911694783827087e-4,-9.949338266802502e-4,0,test,raw
0.0051,7.572866242319762e-5,-0.0010955464444133579,0,test,raw
0.0052,1.259059003899405e-5,-0.0011961792898540899,0,test,raw
0.0053,-5.031859421820561e-5,-0.0012968323691030957,0,test,raw
0.0054,-1.1379448257558752e-4,-0.0013975056882634725,0,test,raw
0.0055,-1.7695746876591426e-4,-0.0014981992534407731,0,test,raw
0.0056,-2.3911965110485264e-4,-0.00159891307074301,0,test,raw
0.0057,-3.006446802381983e-4,-0.0016996471462806494,0,test,raw
0.0058,-3.624583199006194e-4,-0.0018004014861666149,0,test,raw
0.0059,-4.233750096772869e-4,-0.001901176096516295,0,test,raw
0.006,-4.834882091052633e-4,-0.002001970983447535,0,test,raw
0.0061,-5.437159172550958e-4,-0.0021027861530806416,0,test,raw
0.0062,-6.040697836276095e-4,-0.002203621611538387,0,test,raw
0.0063,-6.640850513417113e-4,-0.0023044773649460093,0,test,raw
0.0064,-7.233136742660681e-4,-0.0024053534194312083,0,test,raw
0.0065,-7.818184864010341e-4,-0.0025062497811241553,0,test,raw
0.0066,-8.406681224442355e-4,-0.0026071664561574887,0,test,raw
0.0067,-8.987321506058925e-4,-0.002708103450666314,0,test,raw
0.0068,-9.574014961663867e-4,-0.002809060770788209,0,test,raw
0.0069,-0.0010152704726850122,-0.002910038422663225,0,test,raw
0.007,-0.001074123770938862,-0.0030110364124338864,0,test,raw
0.0071,-0.0011314569296869787,-0.00311205474624519,0,test,raw
0.0072,-0.0011892656465811542,-0.00321309343024461,0,test,raw
0.0073,-0.0012462705538364106,-0.0033141524705820984,0,test,raw
0.0074,-0.0013033547575901335,-0.003415231873410084,0,test,raw
0.0075,-0.0013598191135986105,-0.003516331644883474,0,test,raw
0.0076,-0.0014161140348154288,-0.0036174517911596628,0,test,raw
0.0077,-0.001472115213856642,-0.0037185923183985182,0,test,raw
0.0078,-0.00152832771976643,-0.0038197532327623957,0,test,raw
0.0079,-0.0015841962418814588,-0.003920934540416137,0,test,raw
0.008,-0.0016399519607503922,-0.004022136247527065,0,test,raw
0.0081,-0.0016959995743946838,-0.004123358360264995,0,test,raw
0.0082,-0.0017514625157332188,-0.004224600884802227,0,test,raw
0.0083,-0.0018062485498001393,-0.004325863827313551,0,test,raw
0.0084,-0.0018618415858733597,-0.0044271471939762485,0,test,raw
0.0085,-0.0019173533056269284,-0.004528450990970095,0,test,raw
0.0086,-0.0019717385315674253,-0.004629775224477353,0,test,raw
0.0087,-0.002026502128029987,-0.0047311199006827885,0,test,raw
0.0088,-0.0020806834639649973,-0.004832485025773658,0,test,raw
0.0089,-0.002134776510700132,-0.004933870605939712,0,test,raw
0.009,-0.0021883272817556122,-0.005035276647373206,0,test,raw
0.0091,-0.002242289312082998,-0.005136703156268897,0,test,raw
0.0092,-0.0022957252712251007,-0.00523815013882403,0,test,raw
0.0093,-0.002349209392762317,-0.005339617601238365,0,test,raw
0.0094,-0.002402642115761274,-0.005441105549714162,0,test,raw
0.0095,-0.0024551055877199343,-0.0055426139904561815,0,test,raw
0.0096,-0.002507243935080075,-0.005644142929671698,0,test,raw
0.0097,-0.0025605923946903277,-0.005745692373570483,0,test,raw
0.0098,-0.00261224483947873,-0.005847262328364825,0,test,raw
0.0099,-0.002664100383455704,-0.005948852800269519,0,test,raw
0.01,-0.0027159177967444803,-0.006050463795501869,0,test,raw
0.011,-0.003229196388944409,-0.007067703900451818,0,test,raw
0.012,-0.003725989328542248,-0.00808700319589762,0,test,raw
0.013,-0.004209395032265459,-0.009108367940776949,0,test,raw
0.014,-0.004678595861230088,-0.01013180441941871,0,test,raw
0.015,-0.005138882844055274,-0.011157318941671927,0,test,raw
0.016,-0.005586025589319547,-0.012184917843035416,0,test,raw
0.017,-0.006026027580295437,-0.013214607484788251,0,test,raw
0.018,-0.006455517732162157,-0.014246394254121025,0,test,raw
0.019,-0.006875098830351767,-0.01528028456426794,0,test,raw
0.02,-0.007291451986457061,-0.016316284854639644,0,test,raw
0.021,-0.007695542200063482,-0.017354401590956945,0,test,raw
0.022,-0.008100481766060031,-0.018394641265385325,0,test,raw
0.023,-0.00849092651147651,-0.019437010396670264,0,test,raw
0.024,-0.008875129048422529,-0.02048151553027341,0,test,raw
0.025,-0.00925515120160254,-0.02152816323850959,0,test,raw
0.026,-0.009630185151378916,-0.02257696012068465,0,test,raw
0.027,-0.010001835541877068,-0.02362791280323417,0,test,raw
0.028,-0.01036667350167263,-0.02468102793986301,0,test,raw
0.029,-0.010731472477541254,-0.025736312211685736,0,test,raw
0.03,-0.011087239410225495,-0.026793772327367887,0,test,raw
0.031,-0.011440343342572105,-0.027853415023268168,0,test,raw
0.032,-0.011792270456258401,-0.028915247063581454,0,test,raw
0.033,-0.012136642519383472,-0.029979275240482783,0,test,raw
0.034,-0.012483937393095548,-0.031045506374272103,0,test,raw
0.035,-0.012820207955657723,-0.032113947313520054,0,test,raw
0.036,-0.013155757957573594,-0.03318460493521457,0,test,raw
0.037,-0.013486688011318491,-0.034257486144908464,0,test,raw
0.038,-0.013819853457195856,-0.03533259787686783,0,test,raw
0.039,-0.014152977554360784,-0.03640994709422149,0,test,raw
0.04,-0.014478402369746755,-0.037489540789111306,0,test,raw
0.041,-0.014797628691014416,-0.03857138598284344,0,test,raw
0.042,-0.015119766946969877,-0.039655489726040556,0,test,raw
0.043,-0.015441177249775714,-0.04074185909879503,0,test,raw
0.044,-0.015757592932284906,-0.041830501210823066,0,test,raw
0.045,-0.016073213782276292,-0.04292142320161974,0,test,raw
0.046,-0.016382291609984643,-0.04401463224061515,0,test,raw
0.047,-0.01669130943748851,-0.04511013552733143,0,test,raw
0.048,-0.017002875507603363,-0.04620794029154081,0,test,raw
0.049,-0.017318186404521815,-0.04730805379342466,0,test,raw
0.05,-0.01762078615815167,-0.04841048332373353,0,test,raw
0.051,-0.017927482262335075,-0.0495152362039482,0,test,raw
0.052,-0.01823148093672062,-0.05062231978644183,0,test,raw
0.053,-0.018532574972315863,-0.051731741454642925,0,test,raw
0.054,-0.018837936007836217,-0.052843508623199635,0,test,raw
0.055,-0.019133916919100158,-0.05395762873814482,0,test,raw
0.056,-0.019432627432752286,-0.05507410927706234,0,test,raw
0.057,-0.019730744235625607,-0.056192957749254355,0,test,raw
0.058,-0.020025501208517635,-0.05731418169590961,0,test,raw
0.059,-0.020320651272403158,-0.05843778869027295,0,test,raw
0.06,-0.020612152150884955,-0.05956378633781579,0,test,raw
0.061,-0.020902536950524995,-0.06069218227640772,0,test,raw
0.062,-0.021187197782516373,-0.061822984176489175,0,test,raw
0.063,-0.021473576526633675,-0.0629561997412453,0,test,raw
0.064,-0.02176591487321682,-0.06409183670678083,0,test,raw
0.065,-0.02204981351336026,-0.06522990284229609,0,test,raw
0.066,-0.022340899015413272,-0.06637040595026429,0,test,raw
0.067,-0.022622267569654065,-0.06751335386660968,0,test,raw
0.068,-0.022906721766181616,-0.06865875446088718,0,test,raw
0.069,-0.02319037409921685,-0.06980661563646279,0,test,raw
0.07,-0.023466657459409797,-0.07095694533069555,0,test,raw
0.071,-0.023740554398879257,-0.07210975151512039,0,test,raw
0.072,-0.024013321244539886,-0.07326504219563236,0,test,raw
0.073,-0.02429398197445384,-0.07442282541267188,0,test,raw
0.074,-0.024570282166470052,-0.07558310924141128,0,test,raw
0.075,-0.024842441048702556,-0.07674590179194253,0,test,raw
0.076,-0.02511580227970651,-0.07791121120946627,0,test,raw
0.077,-0.025385167648864573,-0.07907904567448194,0,test,raw
0.078,-0.02565733830539701,-0.08024941340297922,0,test,raw
0.079,-0.025930155335497834,-0.08142232264663066,0,test,raw
0.08,-0.026199922028250958,-0.08259778169298569,0,test,raw
0.081,-0.026468780805807404,-0.08377579886566577,0,test,raw
0.082,-0.026738917718186452,-0.08495638252456084,0,test,raw
0.083,-0.026999939833244047,-0.08613954106602709,0,test,raw
0.084,-0.027261937730224062,-0.08732528292308608,0,test,raw
0.085,-0.02752689372258856,-0.08851361656562497,0,test,raw
0.086,-0.027787989649920488,-0.08970455050059829,0,test,raw
0.087,-0.028050474388311923,-0.09089809327223092,0,test,raw
0.088,-0.028312689874513394,-0.09209425346222241,0,test,raw
0.089,-0.028581201721842097,-0.09329303968995262,0,test,raw
0.09,-0.028842781944192507,-0.09449446061268883,0,test,raw
0.091,-0.029100883256280383,-0.0956985249257941,0,test,raw
0.092,-0.02935952170503245,-0.09690524136293704,0,test,raw
0.093,-0.02961895772874837,-0.09811461869630302,0,test,raw
0.094,-0.029876095702853277,-0.09932666573680668,0,test,raw
0.095,-0.03013944378168099,-0.1005413913343059,0,test,raw
0.096,-0.030404036140765874,-0.1017588043778173,0,test,raw
0.097,-0.030662430483774924,-0.10297891379573294,0,test,raw
0.098,-0.03091724454523718,-0.10420172855603863,0,test,raw
0.099,-0.031172234903305153,-0.10542725766653369,0,test,raw
0.1,-0.03142456222055158,-0.10665551017505205,0,test,raw
0.11,-0.0339107126824138,-0.11908984175005263,0,test,raw
0.12,-0.0363122996640492,-0.13180677176993957,0,test,raw
0.13,-0.038667476825009484,-0.14481604500867454,0,test,raw
0.14,-0.04097949723030026,-0.1581278594855196,0,test,raw
0.15,-0.04324406881009633,-0.17175289312652572,0,test,raw
0.16,-0.04546190620030838,-0.18570233233041292,0,test,raw
0.17,-0.04764566081657653,-0.19998790259945404,0,test,raw
0.18,-0.04980132519098516,-0.21462190141164247,0,test,raw
0.19,-0.051900051922787974,-0.22961723352783558,0,test,raw
0.2,-0.053991452241912645,-0.24498744894693356,0,test,raw
0.21,-0.05604379569924945,-0.26074678374373017,0,test,raw
0.22,-0.05806644844280014,-0.276910204048137,0,test,raw
0.23,-0.06007844260935552,-0.2934934534513595,0,test,raw
0.24,-0.0620346809161387,-0.3105131041546669,0,test,raw
0.25,-0.06391630332698472,-0.3279866122100624,0,test,raw
0.26,-0.06579455014077482,-0.3459323772399282,0,test,raw
0.27,-0.06762558340549714,-0.3643698070651327,0,test,raw
0.28,-0.06944507947168067,-0.38331938771881513,0,test,raw
0.29,-0.07121781863047134,-0.4028027593768266,0,test,raw
0.3,-0.07293113212608084,-0.4228427987964955,0,test,raw
0.31,-0.07461517702529794,-0.44346370892398096,0,test,raw
0.32,-0.07628186720376083,-0.4646911164081572,0,test,raw
0.33,-0.07790844279670867,-0.48655217784708493,0,test,raw
0.34,-0.07942124946422062,-0.5090756956932528,0,test,raw
0.35,-0.0809208368352723,-0.5322922448577644,0,test,raw
0.36,-0.08245885398279505,-0.556234311183667,0,test,raw
0.37,-0.08392423584332147,-0.5809364431072173,0,test,raw
0.38,-0.08539486546971843,-0.6064354179960433,0,test,raw
0.39,-0.08679181999835323,-0.6327704248484375,0,test,raw
0.4,-0.08809272713508441,-0.6599832652625781,0,test,raw
0.41,-0.08936105103037086,-0.6881185748432995,0,test,raw
0.42,-0.09062692303944606,-0.7172240675130117,0,test,raw
0.43,-0.0917701298625986,-0.7473508055395558,0,test,raw
0.44,-0.09293497191418791,-0.7785534984956194,0,test,raw
0.45,-0.09396667039392637,-0.8108908348319033,0,test,raw
0.46,-0.09506908777081344,-0.8444258502917534,0,test,raw
0.47,-0.09611002279267333,-0.8792263380331071,0,test,raw
0.48,-0.09706218815157758,-0.9153653060722055,0,test,raw
0.49,-0.09796420286435813,-0.9529214885442094,0,test,raw
0.5,-0.09870022208880405,-0.9919799183150937,0,test,raw
0.51,-0.09961285629342907,-1.0326325697092795,0,test,raw
0.52,-0.10043334675010553,-1.0749790815782228,0,test,raw
0.53,-0.10116716668184089,-1.1191275726756318,0,test,raw
0.54,-0.10177506470244078,-1.1651955633859716,0,test,raw
0.55,-0.10240861458377319,-1.2133110203501045,0,test,raw
0.56,-0.10278051530353559,-1.2636135435398794,0,test,raw
0.57,-0.1033482437825236,-1.3162557189710389,0,test,raw
0.58,-0.10372610425228156,-1.3714046646608258,0,test,raw
0.59,-0.10407013021215956,-1.4292438028232848,0,test,raw
0.6,-0.10435512921700765,-1.489974897893867,0,test,raw
0.61,-0.1046435965451879,-1.553820408096274,0,test,raw
0.62,-0.10486227215896693,-1.6210262083093339,0,test,raw
0.63,-0.10498203868369613,-1.6918647544798564,0,test,raw
0.64,-0.10504616377339931,-1.7666387754376303,0,test,raw
0.65,-0.10511703697707382,-1.8456855975929913,0,test,raw
0.66,-0.10508925989372311,-1.9293822328163146,0,test,raw
0.67,-0.10525308990625139,-2.018151391386506,0,test,raw
0.68,-0.10532587765552778,-2.1124686223673343,0,test,raw
0.69,-0.10525176080929657,-2.212870835992086,0,test,raw
0.7,-0.10510979142041141,-2.319966530525156,0,test,raw
0.71,-0.10481256851994135,-2.4344481350260234,0,test,raw
0.72,-0.10473038123656381,-2.5571069969912386,0,test,raw
0.73,-0.1044493353339953,-2.6888517005835064,0,test,raw
0.74,-0.10389171148485496,-2.8307306121444107,0,test,raw
0.75,-0.10351526926112561,-2.9839598366301874,0,test,raw
0.76,-0.10304605700554136,-3.1499581631564455,0,test,raw
0.77,-0.10247200686787523,-3.3303911267719433,0,test,raw
0.78,-0.10210606527365276,-3.527227087079759,0,test,raw
0.79,-0.10127157377880873,-3.7428093293216524,0,test,raw
0.8,-0.10061829583008222,-3.9799497957877352,0,test,raw
0.81,-0.0993462864161711,-4.242052416618669,0,test,raw
0.82,-0.09820477592116633,-4.533277550875259,0,test,raw
0.83,-0.09695260263996043,-4.858764465632627,0,test,raw
0.84,-0.0955221710286167,-5.224937244734667,0,test,raw
0.85,-0.09355762578598674,-5.639933061050312,0,test,raw
0.86,-0.09107482693381141,-6.114213993982477,0,test,raw
0.87,-0.08827463481097139,-6.661461224288821,0,test,raw
0.88,-0.08543435738033651,-7.299916326312891,0,test,raw
0.89,-0.0815128531518955,-8.054454174159517,0,test,raw
0.9,-0.0771052152267622,-8.95989959157547,0,test,raw
0.905,-0.07504823982482219,-9.484104833237337,0,test,raw
0.91,-0.0728794733296473,-10.066555101750524,0,test,raw
0.915,-0.0708054609040418,-10.71752893126526,0,test,raw
0.92,-0.06888837920145476,-11.449874489469343,0,test,raw
0.925,-0.06592457175637045,-12.279866122100632,0,test,raw
0.93,-0.06290217524103349,-13.228427987964963,0,test,raw
0.935,-0.05985529374111332,-14.322922448577655,0,test,raw
0.94,-0.056247006523249564,-15.599832652625766,0,test,raw
0.945,-0.052644443068015766,-17.10890834831902,0,test,raw
0.95,-0.0486174353577668,-18.91979918315092,0,test,raw
0.955,-0.04470042080027752,-21.133110203501023,0,test,raw
0.96,-0.03981783171470093,-23.89974897893865,0,test,raw
0.965,-0.03425517158745253,-27.456855975929884,0,test,raw
0.97,-0.027561847696899854,-32.199665305251536,0,test,raw
0.975,-0.020972888376203275,-38.83959836630184,0,test,raw
0.98,-0.013795290038383947,-48.7994979578773,0,test,raw
0.985,-0.0062826471666250615,-65.39933061050307,0,test,raw
0.99,-0.002352807141020767,-98.5989959157546,0,test,raw
0.991,-0.0014690990749922598,-109.66555101750511,0,test,raw
0.992,-4.534719083522026e-4,-123.49874489469323,0,test,raw
0.993,-1.0033132895537516e-4,-141.28427987964943,0,test,raw
0.994,2.9981613775352265e-6,-164.99832652625767,0,test,raw
0.995,0,-198.1979918315092,0,test,raw
0.996,0,-247.9974897893865,0,test,raw
0.997,0,-330.99665305251534,0,test,raw
0.998,0,-496.994979578773,0,test,raw
0.999,0,-994.989959157546,0,test,raw
1e-4,0.003709445711887714,0.003690839907426233,0,validation,platt
2e-4,0.003650237398085869,0.0035911890612477402,0,validation,platt
3e-4,0.003597653560224749,0.0034915182789191663,0,validation,platt
4e-4,0.003545007746688419,0.0033918275544572735,0,validation,platt
5e-4,0.0034941113254995473,0.003292116881876429,0,validation,platt
6e-4,0.0034457511174310483,0.003192386255188604,0,validation,platt
7e-4,0.003416761083391461,0.003092635668403373,0,validation,platt
8e-4,0.0033844372568098803,0.0029928651155279127,0,validation,platt
9e-4,0.0033509316385883317,0.002893074590567001,0,validation,platt
0.001,0.0033229032008030785,0.0027932640875230137,0,validation,platt
0.0011,0.003289066366693515,0.002693433600395926,0,validation,platt
0.0012,0.0032469587826125562,0.0025935831231833108,0,validation,platt
0.0013,0.00321880918414654,0.0024937126498803352,0,validation,platt
0.0014,0.0031824093686525267,0.0023938221744797625,0,validation,platt
0.0015,0.0031553869646172936,0.0022939116909719485,0,validation,platt
0.0016,0.0031222250949638946,0.002193981193344842,0,validation,platt
0.0017,0.0030854173572619106,0.002094030675583983,0,validation,platt
0.0018,0.0030464623116010997,0.001994060131672501,0,validation,platt
0.0019,0.0030177205018194105,0.0018940695555911137,0,validation,platt
0.002,0.00299154127690321,0.001794058941318127,0,validation,platt
0.0021,0.002963243120320235,0.0016940282828294328,0,validation,platt
0.0022,0.0029377170306996146,0.0015939775740985073,0,validation,platt
0.0023,0.002906153038820812,0.0014939068090964124,0,validation,platt
0.0024,0.00287714536857535,0.0013938159817917916,0,validation,platt
0.0025,0.0028575723995592347,0.0012937050861508682,0,validation,platt
0.0026,0.0028336202807410366,0.0011935741161374484,0,validation,platt
0.0027,0.0028102445679353883,0.0010934230657129152,0,validation,platt
0.0028,0.0027829823212939895,9.93251928836232e-4,0,validation,platt
0.0029,0.0027646222159761974,8.930606994639366e-4,0,validation,platt
0.003,0.002742393298677536,7.928493715501409e-4,0,validation,platt
0.0031,0.002725255171575027,6.926179390465354e-4,0,validation,platt
0.0032,0.0026992986617631635,5.923663959023781e-4,0,validation,platt
0.0033,0.0026734500244335446,4.920947360645038e-4,0,validation,platt
0.0034,0.0026573495146864383,3.9180295347731415e-4,0,validation,platt
0.0035,0.002639491769027562,2.9149104208278046e-4,0,validation,platt
0.0036,0.002612724426639135,1.9115899582044463e-4,0,validation,platt
0.0037,0.002586265277453443,9.0806808627412125e-05,0,validation,platt
0.0038,0.002572175030814564,-9.565525561643692e-6,0,validation,platt
0.0039,0.0025441854961597344,-1.0995801281448586e-4,0,validation,platt
0.004,0.002530043065812517,-2.1037065920131472e-4,0,validation,platt
0.0041,0.0025070337929985562,-3.1080347079476874e-4,0,validation,platt
0.0042,0.0024917662092698344,-4.112564536699224e-4,0,validation,platt
0.0043,0.002474065469671852,-5.117296139042979e-4,0,validation,platt
0.0044,0.0024542143050392535,-6.12222957577852e-4,0,validation,platt
0.0045,0.002437463642004957,-7.127364907729868e-4,0,validation,platt
0.0046,0.002427038735817359,-8.132702195745517e-4,0,validation,platt
0.0047,0.0024055180311563333,-9.138241500698373e-4,0,validation,platt
0.0048,0.002383007444666043,-0.0010143982883485817,0,validation,platt
0.0049,0.0023673997911497924,-0.001114992640502974,0,validation,platt
0.005,0.0023465172562306584,-0.0012156072126276478,0,validation,platt
0.0051,0.0023265084864958507,-0.0013162420108196902,0,validation,platt
0.0052,0.0023133834292518793,-0.001416897041178638,0,validation,platt
0.0053,0.002299110284620301,-0.0015175723098064834,0,validation,platt
0.0054,0.0022752565041364112,-0.0016182678228076706,0,validation,platt
0.0055,0.0022563777501650086,-0.0017189835862890983,0,validation,platt
0.0056,0.002241596669292867,-0.0018197196063601262,0,validation,platt
0.0057,0.0022290567530302147,-0.0019204758891325658,0,validation,platt
0.0058,0.00221504731287847,-0.0020212524407206885,0,validation,platt
0.0059,0.002198765270117015,-0.0021220492672412326,0,validation,platt
0.006,0.002188633957267738,-0.00222286637481339,0,validation,platt
0.0061,0.002179159853058547,-0.0023237037695588185,0,validation,platt
0.0062,0.0021658715240239373,-0.0024245614576016393,0,validation,platt
0.0063,0.0021459657911059985,-0.0025254394450684404,0,validation,platt
0.0064,0.0021328323694234756,-0.002626337738088274,0,validation,platt
0.0065,0.0021176437110779567,-0.0027272563427926605,0,validation,platt
0.0066,0.0021055923119432393,-0.002828195265315592,0,validation,platt
0.0067,0.002092672166784101,-0.0029291545117935266,0,validation,platt
0.0068,0.0020772803409015365,-0.0030301340883653934,0,validation,platt
0.0069,0.0020646100973989783,-0.0031311340011726,0,validation,platt
0.007,0.0020550631198794716,-0.0032321542563590227,0,validation,platt
0.0071,0.002040500019557924,-0.003333194860071014,0,validation,platt
0.0072,0.0020293275776712564,-0.0034342558184574023,0,validation,platt
0.0073,0.0020157273911880344,-0.003535337137669496,0,validation,platt
0.0074,0.0019977082558869097,-0.0036364388238610814,0,validation,platt
0.0075,0.0019837650695457877,-0.003737560883188421,0,validation,platt
0.0076,0.0019703044537943614,-0.0038387033218102674,0,validation,platt
0.0077,0.001952288814977673,-0.003939866145887846,0,validation,platt
0.0078,0.001939017496630615,-0.004041049361584871,0,validation,platt
0.0079,0.0019209572039566357,-0.004142252975067543,0,validation,platt
0.008,0.0019048477485202051,-0.004243476992504545,0,validation,platt
0.0081,0.0018936165481423834,-0.004344721420067052,0,validation,platt
0.0082,0.001882796605013287,-0.004445986263928725,0,validation,platt
0.0083,0.0018661151337086878,-0.004547271530265715,0,validation,platt
0.0084,0.001853619124408037,-0.004648577225256663,0,validation,platt
0.0085,0.0018451156503724207,-0.004749903355082713,0,validation,platt
0.0086,0.0018396028256653814,-0.004851249925927486,0,validation,platt
0.0087,0.0018324493062405209,-0.00495261694397711,0,validation,platt
0.0088,0.0018313411957701486,-0.005054004415420208,0,validation,platt
0.0089,0.0018170639153429946,-0.005155412346447896,0,validation,platt
0.009,0.001807162411946125,-0.005256840743253792,0,validation,platt
0.0091,0.0018000665985237673,-0.005358289612034019,0,validation,platt
0.0092,0.001791086537789169,-0.005459758958987192,0,validation,platt
0.0093,0.0017849291717141845,-0.005561248790314433,0,validation,platt
0.0094,0.0017757748781015842,-0.005662759112219371,0,validation,platt
0.0095,0.0017621267877826062,-0.005764289930908136,0,validation,platt
0.0096,0.0017554182105301425,-0.005865841252589366,0,validation,platt
0.0097,0.0017462879715743481,-0.00596741308347421,0,validation,platt
0.0098,0.001742051644280298,-0.0060690054297763175,0,validation,platt
0.0099,0.001735470007073164,-0.006170618297711858,0,validation,platt
0.01,0.0017317056389095462,-0.006272251693499506,0,validation,platt
0.011,0.0016456656419322673,-0.007289716053149148,0,validation,platt
0.012,0.0015784235208535606,-0.008309240057251527,0,validation,platt
0.013,0.0014904134948224598,-0.009330829966124122,0,validation,platt
0.014,0.001454094526336686,-0.010354492065481245,0,validation,platt
0.015,0.0013886757625252632,-0.011380232666562951,0,validation,platt
0.016,0.0013301964521476718,-0.012408058106264747,0,validation,platt
0.017,0.001262728169595463,-0.013437974747268069,0,validation,platt
0.018,0.001211213572172369,-0.014469988978171595,0,validation,platt
0.019,0.001137500280559057,-0.015504107213623351,0,validation,platt
0.02,0.0011147557682655237,-0.01654033589445358,0,validation,platt
0.021,0.001056038344592487,-0.017578681487808487,0,validation,platt
0.022,0.001022755556565305,-0.018619150487284776,0,validation,platt
0.023,9.914074329699647e-4,-0.019661749413065,0,validation,platt
0.024,9.623275701459812e-4,-0.0207064848120538,0,validation,platt
0.025,9.240939080330457e-4,-0.02175336325801488,0,validation,platt
0.026,9.057382300155954e-4,-0.02280239135170894,0,validation,platt
0.027,8.820448945585884e-4,-0.02385357572103238,0,validation,platt
0.028,8.308786403120052e-4,-0.024906923021156904,0,validation,platt
0.029,7.949729772705971e-4,-0.02596243993466994,0,validation,platt
0.03,7.620133937115925e-4,-0.02702013317171599,0,validation,platt
0.031,7.385401073240582e-4,-0.028080009470138813,0,validation,platt
0.032,7.388364031720675e-4,-0.02914207559562449,0,validation,platt
0.033,7.00409140469597e-4,-0.030206338341845412,0,validation,platt
0.034,6.727410317608939e-4,-0.03127280453060508,0,validation,platt
0.035,6.539977216968618e-4,-0.03234148101198395,0,validation,platt
0.036,6.376698502000586e-4,-0.033412374664486,0,validation,platt
0.037,6.168982353752931e-4,-0.034485492395186404,0,validation,platt
0.038,5.974038095762525e-4,-0.03556084113987995,0,validation,platt
0.039,5.753835555667438e-4,-0.0366384278632305,0,validation,platt
0.04,5.622345365935108e-4,-0.037718259558921365,0,validation,platt
0.041,5.532134925161086e-4,-0.03880034324980658,0,validation,platt
0.042,5.421894545297239e-4,-0.03988468598806316,0,validation,platt
0.043,5.303362004132499e-4,-0.04097129485534431,0,validation,platt
0.044,5.209657607469002e-4,-0.042060176962933585,0,validation,platt
0.045,5.048575326464977e-4,-0.04315133945190001,0,validation,platt
0.046,4.7891722045660353e-4,-0.0442447894932542,0,validation,platt
0.047,4.653474724851407e-4,-0.045340534288105465,0,validation,platt
0.048,4.6091508830450564e-4,-0.04643858106781986,0,validation,platt
0.049,4.5586669845691576e-4,-0.0475389370941793,0,validation,platt
0.05,4.428983607699628e-4,-0.04864160965954159,0,validation,platt
0.051,4.231090626254998e-4,-0.049746606087001585,0,validation,platt
0.052,4.103029094914847e-4,-0.05085393373055328,0,validation,platt
0.053,3.9139377361872927e-4,-0.05196359997525291,0,validation,platt
0.054,3.8297827717710155e-4,-0.0530756122373832,0,validation,platt
0.055,3.773610087930687e-4,-0.05418997796461853,0,validation,platt
0.056,3.723003816131029e-4,-0.055306704636191216,0,validation,platt
0.057,3.6983048881013064e-4,-0.056425799763058865,0,validation,platt
0.058,3.580446990540081e-4,-0.05754727088807273,0,validation,platt
0.059,3.4598432958839827e-4,-0.058671125586147184,0,validation,platt
0.06,3.3310846965277656e-4,-0.059797371464430316,0,validation,platt
0.061,3.263995703930636e-4,-0.060926016162475505,0,validation,platt
0.062,3.1731136021302155e-4,-0.06205706735241419,0,validation,platt
0.063,3.0805100761824923e-4,-0.06319053273912968,0,validation,platt
0.064,2.97576281421496e-4,-0.06432642006043217,0,validation,platt
0.065,2.7240589619387294e-4,-0.06546473708723477,0,validation,platt
0.066,2.650525863929163e-4,-0.06660549162373074,0,validation,platt
0.067,2.564083868631411e-4,-0.06774869150757182,0,validation,platt
0.068,2.467282804970868e-4,-0.06889434461004776,0,validation,platt
0.069,2.3894898247183978e-4,-0.07004245883626693,0,validation,platt
0.07,2.2920523924895887e-4,-0.0711930421253382,0,validation,platt
0.071,2.320565256015167e-4,-0.07234610245055383,0,validation,platt
0.072,2.3066312380446536e-4,-0.07350164781957381,0,validation,platt
0.073,2.29090612816919e-4,-0.07465968627461111,0,validation,platt
0.074,2.2490170355264226e-4,-0.07582022589261826,0,validation,platt
0.075,2.0591778833537085e-4,-0.07698327478547513,0,validation,platt
0.076,1.9289972194210816e-4,-0.07814884110017803,0,validation,platt
0.077,1.9503243581440582e-4,-0.0793169330190298,0,validation,platt
0.078,1.9338122124706484e-4,-0.08048755875983135,0,validation,platt
0.079,1.80331419667545e-4,-0.08166072657607439,0,validation,platt
0.08,1.7977633840032315e-4,-0.08283644475713534,0,validation,platt
0.081,1.7006084877277888e-4,-0.08401472162847064,0,validation,platt
0.082,1.6535213690999084e-4,-0.0851955655518132,0,validation,platt
0.083,1.6495448925614182e-4,-0.08637898492537023,0,validation,platt
0.084,1.603373406243025e-4,-0.08756498818402239,0,validation,platt
0.085,1.5243268711112346e-4,-0.08875358379952406,0,validation,platt
0.086,1.4069880855174344e-4,-0.08994478028070514,0,validation,platt
0.087,1.4057368750868026e-4,-0.09113858617367414,0,validation,platt
0.088,1.4139478184205392e-4,-0.09233501006202248,0,validation,platt
0.089,1.4038153505711198e-4,-0.09353406056703018,0,validation,platt
0.09,1.35527547675839e-4,-0.09473574634787307,0,validation,platt
0.091,1.2998142206667457e-4,-0.09594007610183114,0,validation,platt
0.092,1.304422808029334e-4,-0.09714705856449835,0,validation,platt
0.093,1.1879084295091666e-4,-0.09835670250999394,0,validation,platt
0.094,1.1557496456703211e-4,-0.09956901675117495,0,validation,platt
0.095,1.1429666581144938e-4,-0.10078401013985028,0,validation,platt
0.096,1.0941871293908636e-4,-0.10200169156699614,0,validation,platt
0.097,1.0041156159710916e-4,-0.10322206996297287,0,validation,platt
0.098,1.01117897955207e-4,-0.10444515429774336,0,validation,platt
0.099,9.061717054057675e-5,-0.10567095358109269,0,validation,platt
0.1,9.29292748584568e-5,-0.10689947686284945,0,validation,platt
0.11,8.063120793087462e-5,-0.11933654963658932,0,validation,platt
0.12,5.651654003302356e-5,-0.13205628315518692,0,validation,platt
0.13,2.999680907979504e-5,-0.14506842434087874,0,validation,platt
0.14,2.3298771062635066e-5,-0.15838317346112152,0,validation,platt
0.15,3.459635004560667e-5,-0.17201121079595827,0,validation,platt
0.16,2.033937146443687e-5,-0.18596372521019583,0,validation,platt
0.17,1.2717078783542414e-5,-0.2002524447910416,0,validation,platt
0.18,9.76320997762972e-6,-0.21488966972751766,0,validation,platt
0.19,4.831438829539501e-6,-0.22988830762538826,0,validation,platt
0.2,1.1181329862648549e-5,-0.24526191147070564,0,validation,platt
0.21,1.0275500607952972e-5,-0.2610247204766639,0,validation,platt
0.22,8.773043430693468e-6,-0.2771917040725186,0,validation,platt
0.23,-1.4230783461552704e-6,-0.29377860932021366,0,validation,platt
0.24,2.0008695543686864e-6,-0.310802012074427,0,validation,platt
0.25,-2.9816879633729446e-6,-0.3282793722354193,0,validation,platt
0.26,-5.076928153851232e-6,-0.34622909348184394,0,validation,platt
0.27,9.190134133683732e-7,-0.3646705879131021,0,validation,platt
0.28,2.3605029710035817e-6,-0.3836243460785619,0,validation,platt
0.29,-5.039472614151459e-7,-0.40311201292473875,0,validation,platt
0.3,3.194665675042438e-7,-0.423156470252235,0,validation,platt
0.31,2.2686756243054999e-7,-0.4437819263428472,0,validation,platt
0.32,1.3154505720762959e-7,-0.46501401349494786,0,validation,platt
0.33,3.337710406760713e-8,-0.48687989429337997,0,validation,platt
0.34,1.0842501684992527e-6,-0.5094083775402493,0,validation,platt
0.35,1.0321227565521734e-6,-0.5326300448870223,0,validation,platt
0.36,9.783663629817476e-7,-0.556577389338382,0,validation,platt
0.37,9.22903417234483e-7,-0.5812849669469278,0,validation,platt
0.38,2.236265972529709e-6,-0.6067895631880073,0,validation,platt
0.39,2.236265972529709e-6,-0.6331303756992861,0,validation,platt
0.4,2.236265972529709e-6,-0.66034921529427415,0,validation,platt
0.41,0,-0.6884907274179057,0,validation,platt
0.42,0,-0.717602636511318,0,validation,platt
0.43,0,-0.7477360160992358,0,validation,platt
0.44,0,-0.7789455878152937,0,validation,platt
0.45,0,-0.8112900530482989,0,validation,platt
0.46,0,-0.8448324614380823,0,validation,platt
0.47,0,-0.8796406210878575,0,validation,platt
0.48,0,-0.9157875561087777,0,validation,platt
0.49,0,-0.9533520179932636,0,validation,platt
0.5,0,-0.9924190583531289,0,validation,platt
0.51,0,-1.0330806717889072,0,validation,platt
0.52,0,-1.0754365191178428,0,validation,platt
0.53,0,-1.1195947429288609,0,validation,platt
0.54,0,-1.1656728895142707,0,validation,platt
0.55,0,-1.2137989537256992,0,validation,platt
0.56,0,-1.264112566310374,0,validation,platt
0.57,0,-1.3167663469222426,0,validation,platt
0.58,0,-1.3719274504203913,0,validation,platt
0.59,0,-1.429779339455035,0,validation,platt
0.6,0,-1.490523822941411,0,validation,platt
0.61,0,-1.5543834081450372,0,validation,platt
0.62,0,-1.6216040241488539,0,validation,platt
0.63,0,-1.6924581869636877,0,validation,platt
0.64,0,-1.7672486921571235,0,validation,platt
0.65,0,-1.8463129405044703,0,validation,platt
0.66,0,-1.9300280269898957,0,validation,platt
0.67,0,-2.018816755080499,0,validation,platt
0.68,0,-2.1131547786767646,0,validation,platt
0.69,0,-2.213579126376014,0,validation,platt
0.7,0,-2.320698430588548,0,validation,platt
0.71,0,-2.435205273022636,0,validation,platt
0.72,0,-2.5578911756305875,0,validation,platt
0.73,0,-2.6896649228761644,0,validation,platt
0.74,0,-2.8315751122175556,0,validation,platt
0.75,0,-2.9848381167062583,0,validation,platt
0.76,0,-3.150873038235686,0,validation,platt
0.77,0,-3.3313457790285415,0,validation,platt
0.78,0,-3.528225132620748,0,validation,platt
0.79,0,-3.7438549008407844,0,validation,platt
0.8,0,-3.9810476458828234,0,validation,platt
0.81,0,-4.243208048297709,0,validation,platt
0.82,0,-4.534497384314245,0,validation,platt
0.83,0,-4.86005605397979,0,validation,platt
0.84,0,-5.2263095573535265,0,validation,platt
0.85,0,-5.641396861177095,0,validation,platt
0.86,0,-6.115782351261174,0,validation,platt
0.87,0,-6.66315022443511,0,validation,platt
0.88,0,-7.301746076471371,0,validation,platt
0.89,0,-8.056450265241496,0,validation,platt
0.9,0,-8.962095291765646,0,validation,platt
0.905,0,-9.486416096595418,0,validation,platt
0.91,0,-10.068994768628498,0,validation,platt
0.915,0,-10.720112107959586,0,validation,platt
0.92,0,-11.452619114707062,0,validation,platt
0.925,0,-12.282793722354201,0,validation,platt
0.93,0,-13.231564702522359,0,validation,platt
0.935,0,-14.326300448870235,0,validation,platt
0.94,0,-15.603492152942726,0,validation,platt
0.945,0,-17.112900530482975,0,validation,platt
0.95,0,-18.92419058353127,0,validation,platt
0.955,0,-21.13798953725697,0,validation,platt
0.96,0,-23.905238229414092,0,validation,platt
0.965,0,-27.463129405044672,0,validation,platt
0.97,0,-32.20698430588546,0,validation,platt
0.975,0,-38.84838116706255,0,validation,platt
0.98,0,-48.810476458828184,0,validation,platt
0.985,0,-65.41396861177091,0,validation,platt
0.99,0,-98.62095291765637,0,validation,platt
0.991,0,-109.68994768628485,0,validation,platt
0.992,0,-123.52619114707045,0,validation,platt
0.993,0,-141.31564702522334,0,validation,platt
0.994,0,-165.03492152942724,0,validation,platt
0.995,0,-198.2419058353127,0,validation,platt
0.996,0,-248.05238229414087,0,validation,platt
0.997,0,-331.06984305885453,0,validation,platt
0.998,0,-497.1047645882818,0,validation,platt
0.999,0,-995.2095291765636,0,validation,platt
1e-4,0.003932506332285905,0.003910431885641715,0,test,platt
2e-4,0.0038650384469087807,0.003810803003053762,0,test,platt
3e-4,0.0038159596776721504,0.003711154188709764,0,test,platt
4e-4,0.003768542482739027,0.003611485436627802,0,test,platt
5e-4,0.0037220988635922624,0.003511796740823563,0,test,platt
6e-4,0.00367986659577452,0.003412088095310337,0,test,platt
7e-4,0.003638956566595232,0.0033123594940990203,0,test,platt
8e-4,0.003593417033561414,0.0032126109311981094,0,test,platt
9e-4,0.0035559656107652065,0.0031128424006137034,0,test,platt
0.001,0.0035136012900149043,0.0030130538963495006,0,test,platt
0.0011,0.003477020860415154,0.0029132454124067985,0,test,platt
0.0012,0.0034338997676955346,0.002813416942784493,0,test,platt
0.0013,0.003396733489684897,0.002713568481479074,0,test,platt
0.0014,0.003358670017222193,0.0026137000224846297,0,test,platt
0.0015,0.003329070865919417,0.00251381155979284,0,test,platt
0.0016,0.0032958838473075617,0.0024139030873929794,0,test,platt
0.0017,0.00326164631948553,0.0023139745992719132,0,test,platt
0.0018,0.003234833809795075,0.002214026089414096,0,test,platt
0.0019,0.0032084743928591625,0.002114057551801574,0,test,platt
0.002,0.0031819399578859567,0.002014068980413979,0,test,platt
0.0021,0.003160170102646172,0.001914060369228531,0,test,platt
0.0022,0.003134418016587888,0.001814031712220035,0,test,platt
0.0023,0.0031049298197994343,0.001713983003360881,0,test,platt
0.0024,0.003079252386244785,0.001613914236621042,0,test,platt
0.0025,0.0030539899226348314,0.0015138254059680711,0,test,platt
0.0026,0.0030315735624676992,0.0014137165053671056,0,test,platt
0.0027,0.003005070932489696,0.0013135875287808591,0,test,platt
0.0028,0.002981758680773011,0.0012134384701696262,0,test,platt
0.0029,0.0029594274087466413,0.001113269323491276,0,test,platt
0.003,0.002932214607756888,0.0010130800827012547,0,test,platt
0.0031,0.002909721331118639,9.128707417525844e-4,0,test,platt
0.0032,0.00288915198356534,8.126412945958579e-4,0,test,platt
0.0033,0.0028612552429176756,7.123917351792427e-4,0,test,platt
0.0034,0.0028378513493096443,6.121220574484762e-4,0,test,platt
0.0035,0.0028158658697034723,5.11832255346865e-4,0,test,platt
0.0036,0.002796803427138933,4.115223228152863e-4,0,test,platt
0.0037,0.0027764852156537856,3.111922537921818e-4,0,test,platt
0.0038,0.0027548847488189734,2.1084204221356265e-4,0,test,platt
0.0039,0.0027346602851107253,1.1047168201300164e-4,0,test,platt
0.004,0.002717450993058025,1.0081167121637168e-5,0,test,platt
0.0041,0.002696384347710956,-9.032950853183046e-5,0,test,platt
0.0042,0.0026741332350119456,-1.907603510211374e-4,0,test,platt
0.0043,0.002652316747863141,-2.912113664224657e-4,0,test,platt
0.0044,0.002638029677075142,-3.916825608144322e-4,0,test,platt
0.0045,0.0026166577655644943,-4.921739402780996e-4,0,test,platt
0.0046,0.002602981479293176,-5.926855108969748e-4,0,test,platt
0.0047,0.002584925093089155,-6.932172787570065e-4,0,test,platt
0.0048,0.0025656079110450147,-7.937692499465918e-4,0,test,platt
0.0049,0.002542752158595389,-8.943414305565764e-4,0,test,platt
0.005,0.0025284670055485455,-9.949338266802502e-4,0,test,platt
0.0051,0.0025148500940417244,-0.0010955464444133579,0,test,platt
0.0052,0.0025023366724337003,-0.0011961792898540899,0,test,platt
0.0053,0.00249251371488362,-0.0012968323691030957,0,test,platt
0.0054,0.002476412417904949,-0.0013975056882634725,0,test,platt
0.0055,0.002463211532058885,-0.0014981992534407731,0,test,platt
0.0056,0.002449871711104782,-0.00159891307074301,0,test,platt
0.0057,0.002437220701770625,-0.0016996471462806494,0,test,platt
0.0058,0.002424791511994527,-0.0018004014861666149,0,test,platt
0.0059,0.002412076095611904,-0.001901176096516295,0,test,platt
0.006,0.002393335104148789,-0.002001970983447535,0,test,platt
0.0061,0.0023783846490941724,-0.0021027861530806416,0,test,platt
0.0062,0.002364276661975804,-0.002203621611538387,0,test,platt
0.0063,0.002348295416540647,-0.0023044773649460093,0,test,platt
0.0064,0.002338185672853514,-0.0024053534194312083,0,test,platt
0.0065,0.0023245200089902444,-0.0025062497811241553,0,test,platt
0.0066,0.002309750145280483,-0.0026071664561574887,0,test,platt
0.0067,0.0022955707975358046,-0.002708103450666314,0,test,platt
0.0068,0.002283801734059806,-0.002809060770788209,0,test,platt
0.0069,0.0022728310126829527,-0.002910038422663225,0,test,platt
0.007,0.0022578706478342788,-0.0030110364124338864,0,test,platt
0.0071,0.0022429980085132773,-0.00311205474624519,0,test,platt
0.0072,0.002231647356843428,-0.00321309343024461,0,test,platt
0.0073,0.0022186328504217047,-0.0033141524705820984,0,test,platt
0.0074,0.0022063673763972366,-0.003415231873410084,0,test,platt
0.0075,0.0021917031672518262,-0.003516331644883474,0,test,platt
0.0076,0.002177206847247963,-0.0036174517911596628,0,test,platt
0.0077,0.002168114599025987,-0.0037185923183985182,0,test,platt
0.0078,0.002158337455793896,-0.0038197532327623957,0,test,platt
0.0079,0.0021501248136417354,-0.003920934540416137,0,test,platt
0.008,0.0021405240171948423,-0.004022136247527065,0,test,platt
0.0081,0.0021286258884469214,-0.004123358360264995,0,test,platt
0.0082,0.002116327389088895,-0.004224600884802227,0,test,platt
0.0083,0.0021001387310444937,-0.004325863827313551,0,test,platt
0.0084,0.002090704462821777,-0.0044271471939762485,0,test,platt
0.0085,0.0020769789401687234,-0.004528450990970095,0,test,platt
0.0086,0.0020681768690704472,-0.004629775224477353,0,test,platt
0.0087,0.0020507472970048386,-0.0047311199006827885,0,test,platt
0.0088,0.0020428464979928536,-0.004832485025773658,0,test,platt
0.0089,0.0020289762176718146,-0.004933870605939712,0,test,platt
0.009,0.0020172724939195924,-0.005035276647373206,0,test,platt
0.0091,0.001999184914171699,-0.005136703156268897,0,test,platt
0.0092,0.0019883053992068712,-0.00523815013882403,0,test,platt
0.0093,0.001978261747708765,-0.005339617601238365,0,test,platt
0.0094,0.001971655661087704,-0.005441105549714162,0,test,platt
0.0095,0.0019619829573133663,-0.0055426139904561815,0,test,platt
0.0096,0.0019518260636680709,-0.005644142929671698,0,test,platt
0.0097,0.0019418754127007983,-0.005745692373570483,0,test,platt
0.0098,0.0019296900270031803,-0.005847262328364825,0,test,platt
0.0099,0.0019201364345175736,-0.005948852800269519,0,test,platt
0.01,0.001912410547565039,-0.006050463795501869,0,test,platt
0.011,0.001821072307286222,-0.007067703900451818,0,test,platt
0.012,0.0017403295040652352,-0.00808700319589762,0,test,platt
0.013,0.0016758894340568444,-0.009108367940776949,0,test,platt
0.014,0.001589613911662182,-0.01013180441941871,0,test,platt
0.015,0.0015302988538725328,-0.011157318941671927,0,test,platt
0.016,0.0014729564655450655,-0.012184917843035416,0,test,platt
0.017,0.0014293208240402627,-0.013214607484788251,0,test,platt
0.018,0.0013762079752860398,-0.014246394254121025,0,test,platt
0.019,0.001318538501065445,-0.01528028456426794,0,test,platt
0.02,0.0012713580947504351,-0.016316284854639644,0,test,platt
0.021,0.0012274255244023695,-0.017354401590956945,0,test,platt
0.022,0.0011834674900954413,-0.018394641265385325,0,test,platt
0.023,0.001153402195039409,-0.019437010396670264,0,test,platt
0.024,0.0011182957625006954,-0.02048151553027341,0,test,platt
0.025,0.0010850076959535333,-0.02152816323850959,0,test,platt
0.026,0.001057292067385056,-0.02257696012068465,0,test,platt
0.027,0.0010328550394682178,-0.02362791280323417,0,test,platt
0.028,9.962563297563941e-4,-0.02468102793986301,0,test,platt
0.029,9.643928806076768e-4,-0.025736312211685736,0,test,platt
0.03,9.307436544436033e-4,-0.026793772327367887,0,test,platt
0.031,9.042248958473273e-4,-0.027853415023268168,0,test,platt
0.032,8.746330527679933e-4,-0.028915247063581454,0,test,platt
0.033,8.568362308071038e-4,-0.029979275240482783,0,test,platt
0.034,8.384485543433036e-4,-0.031045506374272103,0,test,platt
0.035,8.167892594270708e-4,-0.032113947313520054,0,test,platt
0.036,7.979712250590957e-4,-0.03318460493521457,0,test,platt
0.037,7.719370457437692e-4,-0.034257486144908464,0,test,platt
0.038,7.469785058678669e-4,-0.03533259787686783,0,test,platt
0.039,7.219922018618126e-4,-0.03640994709422149,0,test,platt
0.04,7.03131304727376e-4,-0.037489540789111306,0,test,platt
0.041,6.956945853164097e-4,-0.03857138598284344,0,test,platt
0.042,6.759038735570566e-4,-0.039655489726040556,0,test,platt
0.043,6.680793285649238e-4,-0.04074185909879503,0,test,platt
0.044,6.525360247514405e-4,-0.041830501210823066,0,test,platt
0.045,6.408805402181352e-4,-0.04292142320161974,0,test,platt
0.046,6.278508195415199e-4,-0.04401463224061515,0,test,platt
0.047,6.06629820568937e-4,-0.04511013552733143,0,test,platt
0.048,5.867956097771781e-4,-0.04620794029154081,0,test,platt
0.049,5.776670390636885e-4,-0.04730805379342466,0,test,platt
0.05,5.711497424204607e-4,-0.04841048332373353,0,test,platt
0.051,5.568697746370473e-4,-0.0495152362039482,0,test,platt
0.052,5.459911203125568e-4,-0.05062231978644183,0,test,platt
0.053,5.318269722096093e-4,-0.051731741454642925,0,test,platt
0.054,5.236513866433777e-4,-0.052843508623199635,0,test,platt
0.055,5.139824193289655e-4,-0.05395762873814482,0,test,platt
0.056,5.001022106244194e-4,-0.05507410927706234,0,test,platt
0.057,4.8773615561169086e-4,-0.056192957749254355,0,test,platt
0.058,4.813274374139739e-4,-0.05731418169590961,0,test,platt
0.059,4.751257385988277e-4,-0.05843778869027295,0,test,platt
0.06,4.6516154819121005e-4,-0.05956378633781579,0,test,platt
0.061,4.5711264691528563e-4,-0.06069218227640772,0,test,platt
0.062,4.460899747686022e-4,-0.061822984176489175,0,test,platt
0.063,4.409009088730231e-4,-0.0629561997412453,0,test,platt
0.064,4.278530037608282e-4,-0.06409183670678083,0,test,platt
0.065,4.1820342979480664e-4,-0.06522990284229609,0,test,platt
0.066,4.171649444757445e-4,-0.06637040595026429,0,test,platt
0.067,4.129477244382134e-4,-0.06751335386660968,0,test,platt
0.068,4.0363230081770377e-4,-0.06865875446088718,0,test,platt
0.069,3.960326431856479e-4,-0.06980661563646279,0,test,platt
0.07,3.861583496823798e-4,-0.07095694533069555,0,test,platt
0.071,3.831611512894185e-4,-0.07210975151512039,0,test,platt
0.072,3.730449370888821e-4,-0.07326504219563236,0,test,platt
0.073,3.6406314604267966e-4,-0.07442282541267188,0,test,platt
0.074,3.5150204396333217e-4,-0.07558310924141128,0,test,platt
0.075,3.456393879966624e-4,-0.07674590179194253,0,test,platt
0.076,3.3699463674031766e-4,-0.07791121120946627,0,test,platt
0.077,3.2465572611106535e-4,-0.07907904567448194,0,test,platt
0.078,3.2120811673629437e-4,-0.08024941340297922,0,test,platt
0.079,3.19737145950946e-4,-0.08142232264663066,0,test,platt
0.08,3.154913075643319e-4,-0.08259778169298569,0,test,platt
0.081,3.1030073092768346e-4,-0.08377579886566577,0,test,platt
0.082,3.062174409125303e-4,-0.08495638252456084,0,test,platt
0.083,0.00030129968816252663,-0.08613954106602709,0,test,platt
0.084,3.001467210495173e-4,-0.08732528292308608,0,test,platt
0.085,2.9481920212429716e-4,-0.08851361656562497,0,test,platt
0.086,2.891766011801797e-4,-0.08970455050059829,0,test,platt
0.087,2.868391561284681e-4,-0.09089809327223092,0,test,platt
0.088,2.854170732429916e-4,-0.09209425346222241,0,test,platt
0.089,2.8167331213990325e-4,-0.09329303968995262,0,test,platt
0.09,2.7901021566656116e-4,-0.09449446061268883,0,test,platt
0.091,2.789032200260617e-4,-0.0956985249257941,0,test,platt
0.092,2.763096280104904e-4,-0.09690524136293704,0,test,platt
0.093,2.6808091360244556e-4,-0.09811461869630302,0,test,platt
0.094,2.646175246275255e-4,-0.09932666573680668,0,test,platt
0.095,2.5983375087492783e-4,-0.1005413913343059,0,test,platt
0.096,2.609660687530275e-4,-0.1017588043778173,0,test,platt
0.097,2.52282165038702e-4,-0.10297891379573294,0,test,platt
0.098,2.4800478467998567e-4,-0.10420172855603863,0,test,platt
0.099,2.438069226965542e-4,-0.10542725766653369,0,test,platt
0.1,2.4110214411012442e-4,-0.10665551017505205,0,test,platt
0.11,2.0859960438250006e-4,-0.11908984175005263,0,test,platt
0.12,1.8500018500018504e-4,-0.13180677176993957,0,test,platt
0.13,1.5326807731710256e-4,-0.14481604500867454,0,test,platt
0.14,1.3953652225098535e-4,-0.1581278594855196,0,test,platt
0.15,1.1869191806360043e-4,-0.17175289312652572,0,test,platt
0.16,9.911778744542052e-5,-0.18570233233041292,0,test,platt
0.17,8.437295707925183e-5,-0.19998790259945404,0,test,platt
0.18,7.067617003384872e-5,-0.21462190141164247,0,test,platt
0.19,6.397928322308198e-5,-0.22961723352783558,0,test,platt
0.2,5.752722143145716e-5,-0.24498744894693356,0,test,platt
0.21,4.8928855139079654e-5,-0.26074678374373017,0,test,platt
0.22,4.435741320096988e-5,-0.276910204048137,0,test,platt
0.23,3.772037447386039e-5,-0.2934934534513595,0,test,platt
0.24,3.47944517761325e-5,-0.3105131041546669,0,test,platt
0.25,3.5228396186038914e-5,-0.3279866122100624,0,test,platt
0.26,3.265564959855936e-5,-0.3459323772399282,0,test,platt
0.27,3.386279528462732e-5,-0.3643698070651327,0,test,platt
0.28,2.1611746596399755e-5,-0.38331938771881513,0,test,platt
0.29,1.7556135108595355e-5,-0.4028027593768266,0,test,platt
0.3,1.4669575311511638e-5,-0.4228427987964955,0,test,platt
0.31,1.1579855175552719e-5,-0.44346370892398096,0,test,platt
0.32,1.0229021170414302e-5,-0.4646911164081572,0,test,platt
0.33,7.036729501752451e-6,-0.48655217784708493,0,test,platt
0.34,8.154090413145046e-6,-0.5090756956932528,0,test,platt
0.35,9.628710577853514e-6,-0.5322922448577644,0,test,platt
0.36,7.120633271646163e-6,-0.556234311183667,0,test,platt
0.37,8.566175364386362e-6,-0.5809364431072173,0,test,platt
0.38,8.269122509008446e-6,-0.6064354179960433,0,test,platt
0.39,9.387685624741448e-6,-0.6327704248484375,0,test,platt
0.4,6.995709880915528e-6,-0.6599832652625781,0,test,platt
0.41,4.66239502353995e-6,-0.6881185748432995,0,test,platt
0.42,5.45355216086149e-6,-0.7172240675130117,0,test,platt
0.43,3.1822590059803723e-6,-0.7473508055395558,0,test,platt
0.44,3.747701721919033e-6,-0.7785534984956194,0,test,platt
0.45,2.9981613775352265e-6,-0.8108908348319033,0,test,platt
0.46,2.2486210331514198e-6,-0.8444258502917534,0,test,platt
0.47,7.495403443838066e-7,-0.8792263380331071,0,test,platt
0.48,0,-0.9153653060722055,0,test,platt
0.49,0,-0.9529214885442094,0,test,platt
0.5,0,-0.9919799183150937,0,test,platt
0.51,0,-1.0326325697092795,0,test,platt
0.52,0,-1.0749790815782228,0,test,platt
0.53,0,-1.1191275726756318,0,test,platt
0.54,0,-1.1651955633859716,0,test,platt
0.55,0,-1.2133110203501045,0,test,platt
0.56,0,-1.2636135435398794,0,test,platt
0.57,0,-1.3162557189710389,0,test,platt
0.58,0,-1.3714046646608258,0,test,platt
0.59,0,-1.4292438028232848,0,test,platt
0.6,0,-1.489974897893867,0,test,platt
0.61,0,-1.553820408096274,0,test,platt
0.62,0,-1.6210262083093339,0,test,platt
0.63,0,-1.6918647544798564,0,test,platt
0.64,0,-1.7666387754376303,0,test,platt
0.65,0,-1.8456855975929913,0,test,platt
0.66,0,-1.9293822328163146,0,test,platt
0.67,0,-2.018151391386506,0,test,platt
0.68,0,-2.1124686223673343,0,test,platt
0.69,0,-2.212870835992086,0,test,platt
0.7,0,-2.319966530525156,0,test,platt
0.71,0,-2.4344481350260234,0,test,platt
0.72,0,-2.5571069969912386,0,test,platt
0.73,0,-2.6888517005835064,0,test,platt
0.74,0,-2.8307306121444107,0,test,platt
0.75,0,-2.9839598366301874,0,test,platt
0.76,0,-3.1499581631564455,0,test,platt
0.77,0,-3.3303911267719433,0,test,platt
0.78,0,-3.527227087079759,0,test,platt
0.79,0,-3.7428093293216524,0,test,platt
0.8,0,-3.9799497957877352,0,test,platt
0.81,0,-4.242052416618669,0,test,platt
0.82,0,-4.533277550875259,0,test,platt
0.83,0,-4.858764465632627,0,test,platt
0.84,0,-5.224937244734667,0,test,platt
0.85,0,-5.639933061050312,0,test,platt
0.86,0,-6.114213993982477,0,test,platt
0.87,0,-6.661461224288821,0,test,platt
0.88,0,-7.299916326312891,0,test,platt
0.89,0,-8.054454174159517,0,test,platt
0.9,0,-8.95989959157547,0,test,platt
0.905,0,-9.484104833237337,0,test,platt
0.91,0,-10.066555101750524,0,test,platt
0.915,0,-10.71752893126526,0,test,platt
0.92,0,-11.449874489469343,0,test,platt
0.925,0,-12.279866122100632,0,test,platt
0.93,0,-13.228427987964963,0,test,platt
0.935,0,-14.322922448577655,0,test,platt
0.94,0,-15.599832652625766,0,test,platt
0.945,0,-17.10890834831902,0,test,platt
0.95,0,-18.91979918315092,0,test,platt
0.955,0,-21.133110203501023,0,test,platt
0.96,0,-23.89974897893865,0,test,platt
0.965,0,-27.456855975929884,0,test,platt
0.97,0,-32.199665305251536,0,test,platt
0.975,0,-38.83959836630184,0,test,platt
0.98,0,-48.7994979578773,0,test,platt
0.985,0,-65.39933061050307,0,test,platt
0.99,0,-98.5989959157546,0,test,platt
0.991,0,-109.66555101750511,0,test,platt
0.992,0,-123.49874489469323,0,test,platt
0.993,0,-141.28427987964943,0,test,platt
0.994,0,-164.99832652625767,0,test,platt
0.995,0,-198.1979918315092,0,test,platt
0.996,0,-247.9974897893865,0,test,platt
0.997,0,-330.99665305251534,0,test,platt
0.998,0,-496.994979578773,0,test,platt
0.999,0,-994.989959157546,0,test,platt
1e-4,0.0037116213689915014,0.003690839907426233,0,validation,beta
2e-4,0.0036539731566649037,0.0035911890612477402,0,validation,beta
3e-4,0.0035977886712227894,0.0034915182789191663,0,validation,beta
4e-4,0.003541026495263135,0.0033918275544572735,0,validation,beta
5e-4,0.0034901690537200596,0.003292116881876429,0,validation,beta
6e-4,0.0034505185661813705,0.003192386255188604,0,validation,beta
7e-4,0.0034188592751015017,0.003092635668403373,0,validation,beta
8e-4,0.0033840075499776885,0.0029928651155279127,0,validation,beta
9e-4,0.003352442254047105,0.002893074590567001,0,validation,beta
0.001,0.0033264064603095943,0.0027932640875230137,0,validation,beta
0.0011,0.0032898763386915737,0.002693433600395926,0,validation,beta
0.0012,0.003249637465641726,0.0025935831231833108,0,validation,beta
0.0013,0.003218962791682052,0.0024937126498803352,0,validation,beta
0.0014,0.0031844096017455206,0.0023938221744797625,0,validation,beta
0.0015,0.0031547565100641965,0.0022939116909719485,0,validation,beta
0.0016,0.003123429238179872,0.002193981193344842,0,validation,beta
0.0017,0.0030817749967777543,0.002094030675583983,0,validation,beta
0.0018,0.003047014769213628,0.001994060131672501,0,validation,beta
0.0019,0.003017839697641211,0.0018940695555911137,0,validation,beta
0.002,0.0029912454982375042,0.001794058941318127,0,validation,beta
0.0021,0.0029625654503832744,0.0016940282828294328,0,validation,beta
0.0022,0.0029389129332080747,0.0015939775740985073,0,validation,beta
0.0023,0.0029045497502068495,0.0014939068090964124,0,validation,beta
0.0024,0.0028797994773478797,0.0013938159817917916,0,validation,beta
0.0025,0.0028554033897061795,0.0012937050861508682,0,validation,beta
0.0026,0.002833291589552373,0.0011935741161374484,0,validation,beta
0.0027,0.002809181259678922,0.0010934230657129152,0,validation,beta
0.0028,0.002783838076503694,9.93251928836232e-4,0,validation,beta
0.0029,0.0027629235419739974,8.930606994639366e-4,0,validation,beta
0.003,0.0027466482601117273,7.928493715501409e-4,0,validation,beta
0.0031,0.0027201509488908116,6.926179390465354e-4,0,validation,beta
0.0032,0.002700529864377253,5.923663959023781e-4,0,validation,beta
0.0033,0.002678937592724518,4.920947360645038e-4,0,validation,beta
0.0034,0.002650956208436256,3.9180295347731415e-4,0,validation,beta
0.0035,0.002637162372058685,2.9149104208278046e-4,0,validation,beta
0.0036,0.002616666395280395,1.9115899582044463e-4,0,validation,beta
0.0037,0.0025893576227614366,9.0806808627412125e-05,0,validation,beta
0.0038,0.0025631244615031356,-9.565525561643692e-6,0,validation,beta
0.0039,0.0025510837738967,-1.0995801281448586e-4,0,validation,beta
0.004,0.002525184351390274,-2.1037065920131472e-4,0,validation,beta
0.0041,0.0025061555887392365,-3.1080347079476874e-4,0,validation,beta
0.0042,0.002487741469486778,-4.112564536699224e-4,0,validation,beta
0.0043,0.002472078276609188,-5.117296139042979e-4,0,validation,beta
0.0044,0.0024542277819334228,-6.12222957577852e-4,0,validation,beta
0.0045,0.002434207521937472,-7.127364907729868e-4,0,validation,beta
0.0046,0.002416946108476599,-8.132702195745517e-4,0,validation,beta
0.0047,0.0024066014506800484,-9.138241500698373e-4,0,validation,beta
0.0048,0.0023848877776300836,-0.0010143982883485817,0,validation,beta
0.0049,0.0023641558458866565,-0.001114992640502974,0,validation,beta
0.005,0.0023505627625126217,-0.0012156072126276478,0,validation,beta
0.0051,0.0023253102219567452,-0.0013162420108196902,0,validation,beta
0.0052,0.002309310134175257,-0.001416897041178638,0,validation,beta
0.0053,0.002296263412597566,-0.0015175723098064834,0,validation,beta
0.0054,0.002281434677914128,-0.0016182678228076706,0,validation,beta
0.0055,0.0022598204079869724,-0.0017189835862890983,0,validation,beta
0.0056,0.0022382899461573,-0.0018197196063601262,0,validation,beta
0.0057,0.002223739014656033,-0.0019204758891325658,0,validation,beta
0.0058,0.002210891933922876,-0.0020212524407206885,0,validation,beta
0.0059,0.002196315747918556,-0.0021220492672412326,0,validation,beta
0.006,0.002182348115087408,-0.00222286637481339,0,validation,beta
0.0061,0.0021702213141420877,-0.0023237037695588185,0,validation,beta
0.0062,0.0021580092647081606,-0.0024245614576016393,0,validation,beta
0.0063,0.002150659091584725,-0.0025254394450684404,0,validation,beta
0.0064,0.0021352738965239185,-0.002626337738088274,0,validation,beta
0.0065,0.0021172576822764584,-0.0027272563427926605,0,validation,beta
0.0066,0.0021017906147674705,-0.002828195265315592,0,validation,beta
0.0067,0.002084610082370904,-0.0029291545117935266,0,validation,beta
0.0068,0.002077058785754842,-0.0030301340883653934,0,validation,beta
0.0069,0.002061509138914666,-0.0031311340011726,0,validation,beta
0.007,0.0020462216493778084,-0.0032321542563590227,0,validation,beta
0.0071,0.002035938748687175,-0.003333194860071014,0,validation,beta
0.0072,0.0020262623976396105,-0.0034342558184574023,0,validation,beta
0.0073,0.0020116963905521474,-0.003535337137669496,0,validation,beta
0.0074,0.002000319410694649,-0.0036364388238610814,0,validation,beta
0.0075,0.0019890262091385906,-0.003737560883188421,0,validation,beta
0.0076,0.0019734375696833233,-0.0038387033218102674,0,validation,beta
0.0077,0.001961851145067405,-0.003939866145887846,0,validation,beta
0.0078,0.0019411000503079155,-0.004041049361584871,0,validation,beta
0.0079,0.0019276197933746411,-0.004142252975067543,0,validation,beta
0.008,0.0019120074065129009,-0.004243476992504545,0,validation,beta
0.0081,0.001896510685282152,-0.004344721420067052,0,validation,beta
0.0082,0.0018809941538956824,-0.004445986263928725,0,validation,beta
0.0083,0.001871313544464433,-0.004547271530265715,0,validation,beta
0.0084,0.0018557904403402193,-0.004648577225256663,0,validation,beta
0.0085,0.0018435075236569254,-0.004749903355082713,0,validation,beta
0.0086,0.001828622249960041,-0.004851249925927486,0,validation,beta
0.0087,0.0018205478955764683,-0.00495261694397711,0,validation,beta
0.0088,0.0018126496942273578,-0.005054004415420208,0,validation,beta
0.0089,0.0018046036877372024,-0.005155412346447896,0,validation,beta
0.009,0.0018022092294943564,-0.005256840743253792,0,validation,beta
0.0091,0.0017948071194148962,-0.005358289612034019,0,validation,beta
0.0092,0.0017825576703517495,-0.005459758958987192,0,validation,beta
0.0093,0.0017731149065747644,-0.005561248790314433,0,validation,beta
0.0094,0.0017682168138213202,-0.005662759112219371,0,validation,beta
0.0095,0.0017595349318144445,-0.005764289930908136,0,validation,beta
0.0096,0.0017536190821709828,-0.005865841252589366,0,validation,beta
0.0097,0.0017353959133173558,-0.00596741308347421,0,validation,beta
0.0098,0.0017281588814479273,-0.0060690054297763175,0,validation,beta
0.0099,0.00172368788259513,-0.006170618297711858,0,validation,beta
0.01,0.0017174522669028162,-0.006272251693499506,0,validation,beta
0.011,0.0016493128583262918,-0.007289716053149148,0,validation,beta
0.012,0.0015751370247076972,-0.008309240057251527,0,validation,beta
0.013,0.0014911203995675755,-0.009330829966124122,0,validation,beta
0.014,0.0014395701376063812,-0.010354492065481245,0,validation,beta
0.015,0.0013947034642075645,-0.011380232666562951,0,validation,beta
0.016,0.001318215157221679,-0.012408058106264747,0,validation,beta
0.017,0.0012697941330854702,-0.013437974747268069,0,validation,beta
0.018,0.0012206323054334515,-0.014469988978171595,0,validation,beta
0.019,0.001151223339840024,-0.015504107213623351,0,validation,beta
0.02,0.0011168551199948373,-0.01654033589445358,0,validation,beta
0.021,0.0010577332468924023,-0.017578681487808487,0,validation,beta
0.022,0.0010326929920628654,-0.018619150487284776,0,validation,beta
0.023,9.923756422907221e-4,-0.019661749413065,0,validation,beta
0.024,9.583866096206215e-4,-0.0207064848120538,0,validation,beta
0.025,9.209975397633893e-4,-0.02175336325801488,0,validation,beta
0.026,9.032585921815788e-4,-0.02280239135170894,0,validation,beta
0.027,8.796868175926937e-4,-0.02385357572103238,0,validation,beta
0.028,8.327283911781719e-4,-0.024906923021156904,0,validation,beta
0.029,7.917694283851298e-4,-0.02596243993466994,0,validation,beta
0.03,7.603073763717243e-4,-0.02702013317171599,0,validation,beta
0.031,7.431903404867488e-4,-0.028080009470138813,0,validation,beta
0.032,7.435491950976467e-4,-0.02914207559562449,0,validation,beta
0.033,7.028812897194772e-4,-0.030206338341845412,0,validation,beta
0.034,6.737133213141676e-4,-0.03127280453060508,0,validation,beta
0.035,6.559211421706439e-4,-0.03234148101198395,0,validation,beta
0.036,6.456406073386604e-4,-0.033412374664486,0,validation,beta
0.037,6.157673303611478e-4,-0.034485492395186404,0,validation,beta
0.038,6.007698315390623e-4,-0.03556084113987995,0,validation,beta
0.039,5.80505326019957e-4,-0.0366384278632305,0,validation,beta
0.04,5.697819342507986e-4,-0.037718259558921365,0,validation,beta
0.041,5.567765940865207e-4,-0.03880034324980658,0,validation,beta
0.042,5.459476885754158e-4,-0.03988468598806316,0,validation,beta
0.043,5.325163844805124e-4,-0.04097129485534431,0,validation,beta
0.044,5.24483903030043e-4,-0.042060176962933585,0,validation,beta
0.045,4.928097960719789e-4,-0.04315133945190001,0,validation,beta
0.046,4.790109842290367e-4,-0.0442447894932542,0,validation,beta
0.047,4.745084193442761e-4,-0.045340534288105465,0,validation,beta
0.048,4.7140110857905664e-4,-0.04643858106781986,0,validation,beta
0.049,4.5668501660459224e-4,-0.0475389370941793,0,validation,beta
0.05,4.3524797717972954e-4,-0.04864160965954159,0,validation,beta
0.051,4.1436900941990164e-4,-0.049746606087001585,0,validation,beta
0.052,4.0760429317020404e-4,-0.05085393373055328,0,validation,beta
0.053,3.9658181621814604e-4,-0.05196359997525291,0,validation,beta
0.054,3.917625946759603e-4,-0.0530756122373832,0,validation,beta
0.055,3.891221113152621e-4,-0.05418997796461853,0,validation,beta
0.056,3.7821322045572374e-4,-0.055306704636191216,0,validation,beta
0.057,3.626948320642749e-4,-0.056425799763058865,0,validation,beta
0.058,3.52214264628814e-4,-0.05754727088807273,0,validation,beta
0.059,3.42452883004786e-4,-0.058671125586147184,0,validation,beta
0.06,3.3401249206720335e-4,-0.059797371464430316,0,validation,beta
0.061,3.1845475326382075e-4,-0.060926016162475505,0,validation,beta
0.062,3.070455166333702e-4,-0.06205706735241419,0,validation,beta
0.063,2.88774251737649e-4,-0.06319053273912968,0,validation,beta
0.064,2.7804240258452707e-4,-0.06432642006043217,0,validation,beta
0.065,2.6688100379115246e-4,-0.06546473708723477,0,validation,beta
0.066,2.60196968199886e-4,-0.06660549162373074,0,validation,beta
0.067,2.5037310527811454e-4,-0.06774869150757182,0,validation,beta
0.068,2.5010667372597285e-4,-0.06889434461004776,0,validation,beta
0.069,2.532168878175181e-4,-0.07004245883626693,0,validation,beta
0.07,2.494759082257604e-4,-0.0711930421253382,0,validation,beta
0.071,2.3626908260036171e-4,-0.07234610245055383,0,validation,beta
0.072,2.1739975320877184e-4,-0.07350164781957381,0,validation,beta
0.073,2.172796546707426e-4,-0.07465968627461111,0,validation,beta
0.074,2.186855603417443e-4,-0.07582022589261826,0,validation,beta
0.075,2.0289580729141175e-4,-0.07698327478547513,0,validation,beta
0.076,2.0163180812055758e-4,-0.07814884110017803,0,validation,beta
0.077,1.9265806890966135e-4,-0.0793169330190298,0,validation,beta
0.078,1.8659480889225114e-4,-0.08048755875983135,0,validation,beta
0.079,1.8975481623582712e-4,-0.08166072657607439,0,validation,beta
0.08,1.7822067511508502e-4,-0.08283644475713534,0,validation,beta
0.081,1.7021415101028627e-4,-0.08401472162847064,0,validation,beta
0.082,1.6441183335291407e-4,-0.0851955655518132,0,validation,beta
0.083,1.63149868951156e-4,-0.08637898492537023,0,validation,beta
0.084,1.6270055619352607e-4,-0.08756498818402239,0,validation,beta
0.085,1.5596427654315114e-4,-0.08875358379952406,0,validation,beta
0.086,1.5210523301994197e-4,-0.08994478028070514,0,validation,beta
0.087,1.500747561915311e-4,-0.09113858617367414,0,validation,beta
0.088,1.3758920641511734e-4,-0.09233501006202248,0,validation,beta
0.089,1.4044290349763148e-4,-0.09353406056703018,0,validation,beta
0.09,1.352572298110277e-4,-0.09473574634787307,0,validation,beta
0.091,1.2376957214298091e-4,-0.09594007610183114,0,validation,beta
0.092,1.2234443662046898e-4,-0.09714705856449835,0,validation,beta
0.093,1.1258501995989426e-4,-0.09835670250999394,0,validation,beta
0.094,1.1510105389735695e-4,-0.09956901675117495,0,validation,beta
0.095,1.1509974475186057e-4,-0.10078401013985028,0,validation,beta
0.096,1.1399019470593915e-4,-0.10200169156699614,0,validation,beta
0.097,1.1539181947953681e-4,-0.10322206996297287,0,validation,beta
0.098,1.1368759693605583e-4,-0.10444515429774336,0,validation,beta
0.099,1.0968127590683724e-4,-0.10567095358109269,0,validation,beta
0.1,1.0112891675773236e-4,-0.10689947686284945,0,validation,beta
0.11,8.482734745236291e-5,-0.11933654963658932,0,validation,beta
0.12,5.3365437980822605e-05,-0.13205628315518692,0,validation,beta
0.13,4.344010912155408e-5,-0.14506842434087874,0,validation,beta
0.14,4.9353869951876595e-5,-0.15838317346112152,0,validation,beta
0.15,2.6045921327110726e-5,-0.17201121079595827,0,validation,beta
0.16,1.810310549190716e-5,-0.18596372521019583,0,validation,beta
0.17,1.3121223236409242e-5,-0.2002524447910416,0,validation,beta
0.18,1.729015398272971e-5,-0.21488966972751766,0,validation,beta
0.19,1.5377779588877135e-5,-0.22988830762538826,0,validation,beta
0.2,1.2299462848913397e-5,-0.24526191147070564,0,validation,beta
0.21,6.793719410216878e-7,-0.2610247204766639,0,validation,beta
0.22,-7.454219908432366e-7,-0.2771917040725186,0,validation,beta
0.23,4.93721058870195e-7,-0.29377860932021366,0,validation,beta
0.24,1.059283881724599e-6,-0.310802012074427,0,validation,beta
0.25,2.9816879633729455e-6,-0.3282793722354193,0,validation,beta
0.26,-1.2087924175836295e-7,-0.34622909348184394,0,validation,beta
0.27,5.820418284666364e-7,-0.3646705879131021,0,validation,beta
0.28,4.969479938954906e-7,-0.3836243460785619,0,validation,beta
0.29,4.094571498998058e-7,-0.40311201292473875,0,validation,beta
0.3,1.2778662700169764e-6,-0.423156470252235,0,validation,beta
0.31,1.2315667674801294e-6,-0.4437819263428472,0,validation,beta
0.32,1.1839055148686692e-6,-0.46501401349494786,0,validation,beta
0.33,1.134821538298658e-6,-0.48687989429337997,0,validation,beta
0.34,2.236265972529709e-6,-0.5094083775402493,0,validation,beta
0.35,2.236265972529709e-6,-0.5326300448870223,0,validation,beta
0.36,2.236265972529709e-6,-0.556577389338382,0,validation,beta
0.37,0,-0.5812849669469278,0,validation,beta
0.38,0,-0.6067895631880073,0,validation,beta
0.39,0,-0.6331303756992861,0,validation,beta
0.4,0,-0.66034921529427415,0,validation,beta
0.41,0,-0.6884907274179057,0,validation,beta
0.42,0,-0.717602636511318,0,validation,beta
0.43,0,-0.7477360160992358,0,validation,beta
0.44,0,-0.7789455878152937,0,validation,beta
0.45,0,-0.8112900530482989,0,validation,beta
0.46,0,-0.8448324614380823,0,validation,beta
0.47,0,-0.8796406210878575,0,validation,beta
0.48,0,-0.9157875561087777,0,validation,beta
0.49,0,-0.9533520179932636,0,validation,beta
0.5,0,-0.9924190583531289,0,validation,beta
0.51,0,-1.0330806717889072,0,validation,beta
0.52,0,-1.0754365191178428,0,validation,beta
0.53,0,-1.1195947429288609,0,validation,beta
0.54,0,-1.1656728895142707,0,validation,beta
0.55,0,-1.2137989537256992,0,validation,beta
0.56,0,-1.264112566310374,0,validation,beta
0.57,0,-1.3167663469222426,0,validation,beta
0.58,0,-1.3719274504203913,0,validation,beta
0.59,0,-1.429779339455035,0,validation,beta
0.6,0,-1.490523822941411,0,validation,beta
0.61,0,-1.5543834081450372,0,validation,beta
0.62,0,-1.6216040241488539,0,validation,beta
0.63,0,-1.6924581869636877,0,validation,beta
0.64,0,-1.7672486921571235,0,validation,beta
0.65,0,-1.8463129405044703,0,validation,beta
0.66,0,-1.9300280269898957,0,validation,beta
0.67,0,-2.018816755080499,0,validation,beta
0.68,0,-2.1131547786767646,0,validation,beta
0.69,0,-2.213579126376014,0,validation,beta
0.7,0,-2.320698430588548,0,validation,beta
0.71,0,-2.435205273022636,0,validation,beta
0.72,0,-2.5578911756305875,0,validation,beta
0.73,0,-2.6896649228761644,0,validation,beta
0.74,0,-2.8315751122175556,0,validation,beta
0.75,0,-2.9848381167062583,0,validation,beta
0.76,0,-3.150873038235686,0,validation,beta
0.77,0,-3.3313457790285415,0,validation,beta
0.78,0,-3.528225132620748,0,validation,beta
0.79,0,-3.7438549008407844,0,validation,beta
0.8,0,-3.9810476458828234,0,validation,beta
0.81,0,-4.243208048297709,0,validation,beta
0.82,0,-4.534497384314245,0,validation,beta
0.83,0,-4.86005605397979,0,validation,beta
0.84,0,-5.2263095573535265,0,validation,beta
0.85,0,-5.641396861177095,0,validation,beta
0.86,0,-6.115782351261174,0,validation,beta
0.87,0,-6.66315022443511,0,validation,beta
0.88,0,-7.301746076471371,0,validation,beta
0.89,0,-8.056450265241496,0,validation,beta
0.9,0,-8.962095291765646,0,validation,beta
0.905,0,-9.486416096595418,0,validation,beta
0.91,0,-10.068994768628498,0,validation,beta
0.915,0,-10.720112107959586,0,validation,beta
0.92,0,-11.452619114707062,0,validation,beta
0.925,0,-12.282793722354201,0,validation,beta
0.93,0,-13.231564702522359,0,validation,beta
0.935,0,-14.326300448870235,0,validation,beta
0.94,0,-15.603492152942726,0,validation,beta
0.945,0,-17.112900530482975,0,validation,beta
0.95,0,-18.92419058353127,0,validation,beta
0.955,0,-21.13798953725697,0,validation,beta
0.96,0,-23.905238229414092,0,validation,beta
0.965,0,-27.463129405044672,0,validation,beta
0.97,0,-32.20698430588546,0,validation,beta
0.975,0,-38.84838116706255,0,validation,beta
0.98,0,-48.810476458828184,0,validation,beta
0.985,0,-65.41396861177091,0,validation,beta
0.99,0,-98.62095291765637,0,validation,beta
0.991,0,-109.68994768628485,0,validation,beta
0.992,0,-123.52619114707045,0,validation,beta
0.993,0,-141.31564702522334,0,validation,beta
0.994,0,-165.03492152942724,0,validation,beta
0.995,0,-198.2419058353127,0,validation,beta
0.996,0,-248.05238229414087,0,validation,beta
0.997,0,-331.06984305885453,0,validation,beta
0.998,0,-497.1047645882818,0,validation,beta
0.999,0,-995.2095291765636,0,validation,beta
1e-4,0.003932489990672236,0.003910431885641715,0,test,beta
2e-4,0.003867215097674818,0.003810803003053762,0,test,beta
3e-4,0.0038144466513492874,0.003711154188709764,0,test,beta
4e-4,0.003769603056831761,0.003611485436627802,0,test,beta
5e-4,0.0037217576521298363,0.003511796740823563,0,test,beta
6e-4,0.0036823627136194047,0.003412088095310337,0,test,beta
7e-4,0.0036344580494177665,0.0033123594940990203,0,test,beta
8e-4,0.0035901572231925648,0.0032126109311981094,0,test,beta
9e-4,0.003553872584434713,0.0031128424006137034,0,test,beta
0.001,0.0035150801128565265,0.0030130538963495006,0,test,beta
0.0011,0.0034720791767170775,0.0029132454124067985,0,test,beta
0.0012,0.0034316490454279376,0.002813416942784493,0,test,beta
0.0013,0.0033918528840380284,0.002713568481479074,0,test,beta
0.0014,0.003360061012782189,0.0026137000224846297,0,test,beta
0.0015,0.0033278911937599785,0.00251381155979284,0,test,beta
0.0016,0.0032972688152836426,0.0024139030873929794,0,test,beta
0.0017,0.0032626061635967793,0.0023139745992719132,0,test,beta
0.0018,0.0032353825616320575,0.002214026089414096,0,test,beta
0.0019,0.0032086042350849353,0.002114057551801574,0,test,beta
0.002,0.0031816110013019486,0.002014068980413979,0,test,beta
0.0021,0.003160257157186621,0.001914060369228531,0,test,beta
0.0022,0.003136282477536736,0.001814031712220035,0,test,beta
0.0023,0.0031039998248186657,0.001713983003360881,0,test,beta
0.0024,0.003080270607049425,0.001613914236621042,0,test,beta
0.0025,0.0030536987478143314,0.0015138254059680711,0,test,beta
0.0026,0.0030300734296870107,0.0014137165053671056,0,test,beta
0.0027,0.0030053811052562934,0.0013135875287808591,0,test,beta
0.0028,0.002982391866479097,0.0012134384701696262,0,test,beta
0.0029,0.0029565250917116077,0.001113269323491276,0,test,beta
0.003,0.002933488149726182,0.0010130800827012547,0,test,beta
0.0031,0.0029076080468915756,9.128707417525844e-4,0,test,beta
0.0032,0.002888045118209268,8.126412945958579e-4,0,test,beta
0.0033,0.0028680165976706804,7.123917351792427e-4,0,test,beta
0.0034,0.002838767253615676,6.121220574484762e-4,0,test,beta
0.0035,0.00281431526516765,5.11832255346865e-4,0,test,beta
0.0036,0.0027951818804043353,4.115223228152863e-4,0,test,beta
0.0037,0.0027765602975832948,3.111922537921818e-4,0,test,beta
0.0038,0.0027561057426664596,2.1084204221356265e-4,0,test,beta
0.0039,0.0027357412154437313,1.1047168201300164e-4,0,test,beta
0.004,0.002714681607046647,1.0081167121637168e-5,0,test,beta
0.0041,0.002698018374261505,-9.032950853183046e-5,0,test,beta
0.0042,0.002676768594174184,-1.907603510211374e-4,0,test,beta
0.0043,0.0026558437352845942,-2.912113664224657e-4,0,test,beta
0.0044,0.0026338275533445143,-3.916825608144322e-4,0,test,beta
0.0045,0.0026193216266779348,-4.921739402780996e-4,0,test,beta
0.0046,0.0025984886046510215,-5.926855108969748e-4,0,test,beta
0.0047,0.0025838295878756763,-6.932172787570065e-4,0,test,beta
0.0048,0.0025663056342916358,-7.937692499465918e-4,0,test,beta
0.0049,0.002549163587052188,-8.943414305565764e-4,0,test,beta
0.005,0.002523717405677853,-9.949338266802502e-4,0,test,beta
0.0051,0.0025093474629015646,-0.0010955464444133579,0,test,beta
0.0052,0.0024978192376842153,-0.0011961792898540899,0,test,beta
0.0053,0.0024850326285872065,-0.0012968323691030957,0,test,beta
0.0054,0.002473328345005938,-0.0013975056882634725,0,test,beta
0.0055,0.0024607978538759897,-0.0014981992534407731,0,test,beta
0.0056,0.002445896071933002,-0.00159891307074301,0,test,beta
0.0057,0.002430984658780702,-0.0016996471462806494,0,test,beta
0.0058,0.0024199168610603925,-0.0018004014861666149,0,test,beta
0.0059,0.0024078738139949748,-0.001901176096516295,0,test,beta
0.006,0.002393810164930441,-0.002001970983447535,0,test,beta
0.0061,0.0023781154963132987,-0.0021027861530806416,0,test,beta
0.0062,0.00236384962460109,-0.002203621611538387,0,test,beta
0.0063,0.0023496971935115666,-0.0023044773649460093,0,test,beta
0.0064,0.0023331959791599833,-0.0024053534194312083,0,test,beta
0.0065,0.002320106887455797,-0.0025062497811241553,0,test,beta
0.0066,0.0023116296550427743,-0.0026071664561574887,0,test,beta
0.0067,0.002295741939940019,-0.002708103450666314,0,test,beta
0.0068,0.0022825263381858543,-0.002809060770788209,0,test,beta
0.0069,0.0022688387725745864,-0.002910038422663225,0,test,beta
0.007,0.0022563715671455116,-0.0030110364124338864,0,test,beta
0.0071,0.0022454699290064637,-0.00311205474624519,0,test,beta
0.0072,0.0022311363889696576,-0.00321309343024461,0,test,beta
0.0073,0.0022162388063298967,-0.0033141524705820984,0,test,beta
0.0074,0.002204789611340259,-0.003415231873410084,0,test,beta
0.0075,0.002191663519022023,-0.003516331644883474,0,test,beta
0.0076,0.0021817923060738625,-0.0036174517911596628,0,test,beta
0.0077,0.0021654485679411303,-0.0037185923183985182,0,test,beta
0.0078,0.0021501759117779178,-0.0038197532327623957,0,test,beta
0.0079,0.002143373284225798,-0.003920934540416137,0,test,beta
0.008,0.0021314569968998768,-0.004022136247527065,0,test,beta
0.0081,0.002124392825536175,-0.004123358360264995,0,test,beta
0.0082,0.0021148994988623585,-0.004224600884802227,0,test,beta
0.0083,0.002104817519536854,-0.004325863827313551,0,test,beta
0.0084,0.0020930196021589883,-0.0044271471939762485,0,test,beta
0.0085,0.002076927912459953,-0.004528450990970095,0,test,beta
0.0086,0.0020690364891749096,-0.004629775224477353,0,test,beta
0.0087,0.0020552192847107034,-0.0047311199006827885,0,test,beta
0.0088,0.002044844667288657,-0.004832485025773658,0,test,beta
0.0089,0.002028508463960785,-0.004933870605939712,0,test,beta
0.009,0.0020192669822022766,-0.005035276647373206,0,test,beta
0.0091,0.0020096879342905846,-0.005136703156268897,0,test,beta
0.0092,0.001994071745917642,-0.00523815013882403,0,test,beta
0.0093,0.0019841800674260785,-0.005339617601238365,0,test,beta
0.0094,0.0019644689720195053,-0.005441105549714162,0,test,beta
0.0095,0.0019553680083780494,-0.0055426139904561815,0,test,beta
0.0096,0.001948453737562887,-0.005644142929671698,0,test,beta
0.0097,0.0019387675791068628,-0.005745692373570483,0,test,beta
0.0098,0.0019311174994142478,-0.005847262328364825,0,test,beta
0.0099,0.0019219528642744816,-0.005948852800269519,0,test,beta
0.01,0.0019076710298318647,-0.006050463795501869,0,test,beta
0.011,0.0018210791281791437,-0.007067703900451818,0,test,beta
0.012,0.0017355348735222133,-0.00808700319589762,0,test,beta
0.013,0.0016689597930816648,-0.009108367940776949,0,test,beta
0.014,0.0015863724917550297,-0.01013180441941871,0,test,beta
0.015,0.0015266158332970833,-0.011157318941671927,0,test,beta
0.016,0.0014713781651451026,-0.012184917843035416,0,test,beta
0.017,0.0014286521090025974,-0.013214607484788251,0,test,beta
0.018,0.0013772780929671251,-0.014246394254121025,0,test,beta
0.019,0.0013206694572535044,-0.01528028456426794,0,test,beta
0.02,0.001270853302273605,-0.016316284854639644,0,test,beta
0.021,0.0012286336701260035,-0.017354401590956945,0,test,beta
0.022,0.0011831532656156893,-0.018394641265385325,0,test,beta
0.023,0.0011547378651925021,-0.019437010396670264,0,test,beta
0.024,0.0011194692232037885,-0.02048151553027341,0,test,beta
0.025,0.0010822978193238378,-0.02152816323850959,0,test,beta
0.026,0.0010561685264170884,-0.02257696012068465,0,test,beta
0.027,0.0010339604766667694,-0.02362791280323417,0,test,beta
0.028,9.973883515933854e-4,-0.02468102793986301,0,test,beta
0.029,9.656912604833241e-4,-0.025736312211685736,0,test,beta
0.03,9.31300014286857e-4,-0.026793772327367887,0,test,beta
0.031,9.070180745713418e-4,-0.027853415023268168,0,test,beta
0.032,8.74979947472832e-4,-0.028915247063581454,0,test,beta
0.033,8.598258658725518e-4,-0.029979275240482783,0,test,beta
0.034,8.402393815843364e-4,-0.031045506374272103,0,test,beta
0.035,8.178494900696447e-4,-0.032113947313520054,0,test,beta
0.036,7.958998812028316e-4,-0.03318460493521457,0,test,beta
0.037,7.706543432644914e-4,-0.034257486144908464,0,test,beta
0.038,7.424516561788129e-4,-0.03533259787686783,0,test,beta
0.039,7.205617575417296e-4,-0.03640994709422149,0,test,beta
0.04,7.119696346215683e-4,-0.037489540789111306,0,test,beta
0.041,6.956578508052669e-4,-0.03857138598284344,0,test,beta
0.042,6.85829415111183e-4,-0.039655489726040556,0,test,beta
0.043,6.684356930964752e-4,-0.04074185909879503,0,test,beta
0.044,6.566788816339969e-4,-0.041830501210823066,0,test,beta
0.045,6.4349019639099e-4,-0.04292142320161974,0,test,beta
0.046,6.236112810737055e-4,-0.04401463224061515,0,test,beta
0.047,6.044197383362837e-4,-0.04511013552733143,0,test,beta
0.048,5.921998586467688e-4,-0.04620794029154081,0,test,beta
0.049,5.844704378572962e-4,-0.04730805379342466,0,test,beta
0.05,5.702818536006478e-4,-0.04841048332373353,0,test,beta
0.051,5.585086536829866e-4,-0.0495152362039482,0,test,beta
0.052,5.439417441810772e-4,-0.05062231978644183,0,test,beta
0.053,5.344088102279618e-4,-0.051731741454642925,0,test,beta
0.054,5.266543019765855e-4,-0.052843508623199635,0,test,beta
0.055,5.109882237733581e-4,-0.05395762873814482,0,test,beta
0.056,5.037609838309029e-4,-0.05507410927706234,0,test,beta
0.057,4.952887880107735e-4,-0.056192957749254355,0,test,beta
0.058,4.877247881240013e-4,-0.05731418169590961,0,test,beta
0.059,4.7548497631967493e-4,-0.05843778869027295,0,test,beta
0.06,4.6600677453700467e-4,-0.05956378633781579,0,test,beta
0.061,4.6003976559777287e-4,-0.06069218227640772,0,test,beta
0.062,4.4799339171990526e-4,-0.061822984176489175,0,test,beta
0.063,4.381475280135043e-4,-0.0629561997412453,0,test,beta
0.064,4.3730233716224797e-4,-0.06409183670678083,0,test,beta
0.065,4.309255744636527e-4,-0.06522990284229609,0,test,beta
0.066,4.191391085519589e-4,-0.06637040595026429,0,test,beta
0.067,4.103777570623465e-4,-0.06751335386660968,0,test,beta
0.068,4.0482899183963845e-4,-0.06865875446088718,0,test,beta
0.069,3.952774671995771e-4,-0.06980661563646279,0,test,beta
0.07,3.84764043450354e-4,-0.07095694533069555,0,test,beta
0.071,3.747693653669901e-4,-0.07210975151512039,0,test,beta
0.072,3.644058384643894e-4,-0.07326504219563236,0,test,beta
0.073,0.00035430618451551743,-0.07442282541267188,0,test,beta
0.074,3.4701451516283127e-4,-0.07558310924141128,0,test,beta
0.075,3.460850606338636e-4,-0.07674590179194253,0,test,beta
0.076,3.405606317120832e-4,-0.07791121120946627,0,test,beta
0.077,3.358265570724344e-4,-0.07907904567448194,0,test,beta
0.078,3.307928029188161e-4,-0.08024941340297922,0,test,beta
0.079,3.2688097346777654e-4,-0.08142232264663066,0,test,beta
0.08,3.2301929971879527e-4,-0.08259778169298569,0,test,beta
0.081,3.1582645000624744e-4,-0.08377579886566577,0,test,beta
0.082,3.120471991466265e-4,-0.08495638252456084,0,test,beta
0.083,3.108344625542791e-4,-0.08613954106602709,0,test,beta
0.084,3.073049949934796e-4,-0.08732528292308608,0,test,beta
0.085,3.0472296470746685e-4,-0.08851361656562497,0,test,beta
0.086,3.0413624555900823e-4,-0.08970455050059829,0,test,beta
0.087,3.006436697000056e-4,-0.09089809327223092,0,test,beta
0.088,2.94332658391978e-4,-0.09209425346222241,0,test,beta
0.089,2.8587435824135627e-4,-0.09329303968995262,0,test,beta
0.09,2.86900981050294e-4,-0.09449446061268883,0,test,beta
0.091,2.788116919972094e-4,-0.0956985249257941,0,test,beta
0.092,2.735492063016584e-4,-0.09690524136293704,0,test,beta
0.093,2.6893127414750724e-4,-0.09811461869630302,0,test,beta
0.094,2.6621257295420534e-4,-0.09932666573680668,0,test,beta
0.095,2.6651749737125645e-4,-0.1005413913343059,0,test,beta
0.096,2.627437396582917e-4,-0.1017588043778173,0,test,beta
0.097,2.6378922793371054e-4,-0.10297891379573294,0,test,beta
0.098,2.5609682888576117e-4,-0.10420172855603863,0,test,beta
0.099,2.5222739702047525e-4,-0.10542725766653369,0,test,beta
0.1,2.4401702322717265e-4,-0.10665551017505205,0,test,beta
0.11,2.157581357614465e-4,-0.11908984175005263,0,test,beta
0.12,1.7518802049188792e-4,-0.13180677176993957,0,test,beta
0.13,1.5887670679059511e-4,-0.14481604500867454,0,test,beta
0.14,1.3653836087345014e-4,-0.1581278594855196,0,test,beta
0.15,1.0916834662907677e-4,-0.17175289312652572,0,test,beta
0.16,8.862422262404722e-5,-0.18570233233041292,0,test,beta
0.17,8.097744901312762e-5,-0.19998790259945404,0,test,beta
0.18,7.029225912574968e-5,-0.21462190141164247,0,test,beta
0.19,6.0361131684142865e-5,-0.22961723352783558,0,test,beta
0.2,5.5091215312209785e-5,-0.24498744894693356,0,test,beta
0.21,4.811289982747196e-5,-0.26074678374373017,0,test,beta
0.22,4.370396777253272e-5,-0.276910204048137,0,test,beta
0.23,3.95309524486057e-5,-0.2934934534513595,0,test,beta
0.24,3.9331143334245006e-5,-0.3105131041546669,0,test,beta
0.25,2.698345239781704e-5,-0.3279866122100624,0,test,beta
0.26,2.2020279847167506e-5,-0.3459323772399282,0,test,beta
0.27,1.8379139951328953e-5,-0.3643698070651327,0,test,beta
0.28,1.3116956026716618e-5,-0.38331938771881513,0,test,beta
0.29,1.0894727259212512e-5,-0.4028027593768266,0,test,beta
0.3,9.636947284934654e-6,-0.4228427987964955,0,test,beta
0.31,1.0960669673670445e-5,-0.44346370892398096,0,test,beta
0.32,1.177219246767508e-5,-0.4646911164081572,0,test,beta
0.33,9.844709000861936e-6,-0.48655217784708493,0,test,beta
0.34,9.22161757029774e-6,-0.5090756956932528,0,test,beta
0.35,9.225111930877621e-6,-0.5322922448577644,0,test,beta
0.36,6.558478013358308e-6,-0.556234311183667,0,test,beta
0.37,5.115910287064077e-6,-0.5809364431072173,0,test,beta
0.38,3.2883060269741196e-6,-0.6064354179960433,0,test,beta
0.39,3.747701721919033e-6,-0.6327704248484375,0,test,beta
0.4,2.9981613775352265e-6,-0.6599832652625781,0,test,beta
0.41,2.2486210331514198e-6,-0.6881185748432995,0,test,beta
0.42,7.495403443838066e-7,-0.7172240675130117,0,test,beta
0.43,0,-0.7473508055395558,0,test,beta
0.44,0,-0.7785534984956194,0,test,beta
0.45,0,-0.8108908348319033,0,test,beta
0.46,0,-0.8444258502917534,0,test,beta
0.47,0,-0.8792263380331071,0,test,beta
0.48,0,-0.9153653060722055,0,test,beta
0.49,0,-0.9529214885442094,0,test,beta
0.5,0,-0.9919799183150937,0,test,beta
0.51,0,-1.0326325697092795,0,test,beta
0.52,0,-1.0749790815782228,0,test,beta
0.53,0,-1.1191275726756318,0,test,beta
0.54,0,-1.1651955633859716,0,test,beta
0.55,0,-1.2133110203501045,0,test,beta
0.56,0,-1.2636135435398794,0,test,beta
0.57,0,-1.3162557189710389,0,test,beta
0.58,0,-1.3714046646608258,0,test,beta
0.59,0,-1.4292438028232848,0,test,beta
0.6,0,-1.489974897893867,0,test,beta
0.61,0,-1.553820408096274,0,test,beta
0.62,0,-1.6210262083093339,0,test,beta
0.63,0,-1.6918647544798564,0,test,beta
0.64,0,-1.7666387754376303,0,test,beta
0.65,0,-1.8456855975929913,0,test,beta
0.66,0,-1.9293822328163146,0,test,beta
0.67,0,-2.018151391386506,0,test,beta
0.68,0,-2.1124686223673343,0,test,beta
0.69,0,-2.212870835992086,0,test,beta
0.7,0,-2.319966530525156,0,test,beta
0.71,0,-2.4344481350260234,0,test,beta
0.72,0,-2.5571069969912386,0,test,beta
0.73,0,-2.6888517005835064,0,test,beta
0.74,0,-2.8307306121444107,0,test,beta
0.75,0,-2.9839598366301874,0,test,beta
0.76,0,-3.1499581631564455,0,test,beta
0.77,0,-3.3303911267719433,0,test,beta
0.78,0,-3.527227087079759,0,test,beta
0.79,0,-3.7428093293216524,0,test,beta
0.8,0,-3.9799497957877352,0,test,beta
0.81,0,-4.242052416618669,0,test,beta
0.82,0,-4.533277550875259,0,test,beta
0.83,0,-4.858764465632627,0,test,beta
0.84,0,-5.224937244734667,0,test,beta
0.85,0,-5.639933061050312,0,test,beta
0.86,0,-6.114213993982477,0,test,beta
0.87,0,-6.661461224288821,0,test,beta
0.88,0,-7.299916326312891,0,test,beta
0.89,0,-8.054454174159517,0,test,beta
0.9,0,-8.95989959157547,0,test,beta
0.905,0,-9.484104833237337,0,test,beta
0.91,0,-10.066555101750524,0,test,beta
0.915,0,-10.71752893126526,0,test,beta
0.92,0,-11.449874489469343,0,test,beta
0.925,0,-12.279866122100632,0,test,beta
0.93,0,-13.228427987964963,0,test,beta
0.935,0,-14.322922448577655,0,test,beta
0.94,0,-15.599832652625766,0,test,beta
0.945,0,-17.10890834831902,0,test,beta
0.95,0,-18.91979918315092,0,test,beta
0.955,0,-21.133110203501023,0,test,beta
0.96,0,-23.89974897893865,0,test,beta
0.965,0,-27.456855975929884,0,test,beta
0.97,0,-32.199665305251536,0,test,beta
0.975,0,-38.83959836630184,0,test,beta
0.98,0,-48.7994979578773,0,test,beta
0.985,0,-65.39933061050307,0,test,beta
0.99,0,-98.5989959157546,0,test,beta
0.991,0,-109.66555101750511,0,test,beta
0.992,0,-123.49874489469323,0,test,beta
0.993,0,-141.28427987964943,0,test,beta
0.994,0,-164.99832652625767,0,test,beta
0.995,0,-198.1979918315092,0,test,beta
0.996,0,-247.9974897893865,0,test,beta
0.997,0,-330.99665305251534,0,test,beta
0.998,0,-496.994979578773,0,test,beta
0.999,0,-994.989959157546,0,test,beta
1e-4,0.00273906126854059,0.003690839907426233,0,validation,isotonic
2e-4,0.0024609326414742443,0.0035911890612477402,0,validation,isotonic
3e-4,0.002349795449263751,0.0034915182789191663,0,validation,isotonic
4e-4,0.0022404145635855906,0.0033918275544572735,0,validation,isotonic
5e-4,0.0021433843042449547,0.003292116881876429,0,validation,isotonic
6e-4,0.0020367285737496878,0.003192386255188604,0,validation,isotonic
7e-4,0.0019674671606848305,0.003092635668403373,0,validation,isotonic
8e-4,0.0019086556932218076,0.0029928651155279127,0,validation,isotonic
9e-4,0.0018352357309066698,0.002893074590567001,0,validation,isotonic
0.001,0.0017631289507561384,0.0027932640875230137,0,validation,isotonic
0.0011,0.0016924362660716607,0.002693433600395926,0,validation,isotonic
0.0012,0.0016319484538490203,0.0025935831231833108,0,validation,isotonic
0.0013,0.001577764574605523,0.0024937126498803352,0,validation,isotonic
0.0014,0.0015245968327535272,0.0023938221744797625,0,validation,isotonic
0.0015,0.0014477464966385157,0.0022939116909719485,0,validation,isotonic
0.0016,0.0014022677801206964,0.002193981193344842,0,validation,isotonic
0.0017,0.0013301992331177111,0.002094030675583983,0,validation,isotonic
0.0018,0.0012863242930110544,0.001994060131672501,0,validation,isotonic
0.0019,0.0012300901264657676,0.0018940695555911137,0,validation,isotonic
0.002,0.001186085893963187,0.001794058941318127,0,validation,isotonic
0.0021,0.0011476674287257832,0.0016940282828294328,0,validation,isotonic
0.0022,0.0011015956447554313,0.0015939775740985073,0,validation,isotonic
0.0023,0.0010429245620735498,0.0014939068090964124,0,validation,isotonic
0.0024,0.0010036010194632646,0.0013938159817917916,0,validation,isotonic
0.0025,9.520664179288763e-4,0.0012937050861508682,0,validation,isotonic
0.0026,3.352188252709828e-4,0.0011935741161374484,0,validation,isotonic
0.0027,2.656120256057669e-4,0.0010934230657129152,0,validation,isotonic
0.0028,2.1627732845516266e-4,9.93251928836232e-4,0,validation,isotonic
0.0029,1.8934563344120286e-4,8.930606994639366e-4,0,validation,isotonic
0.003,1.7253117212335525e-4,7.928493715501409e-4,0,validation,isotonic
0.0031,1.422966389086637e-4,6.926179390465354e-4,0,validation,isotonic
0.0032,1.1918615626304414e-4,5.923663959023781e-4,0,validation,isotonic
0.0033,7.510236871524731e-5,4.920947360645038e-4,0,validation,isotonic
0.0034,7.553938611843194e-5,3.9180295347731415e-4,0,validation,isotonic
0.0035,4.433596456225098e-5,2.9149104208278046e-4,0,validation,isotonic
0.0036,2.0525887272548914e-5,1.9115899582044463e-4,0,validation,isotonic
0.0037,-1.0623553997775575e-6,9.0806808627412125e-05,0,validation,isotonic
0.0038,-2.171166882785323e-5,-9.565525561643692e-6,0,validation,isotonic
0.0039,-5.526232812649845e-5,-1.0995801281448586e-4,0,validation,isotonic
0.004,-7.334772770140627e-5,-2.1037065920131472e-4,0,validation,isotonic
0.0041,-9.791988718775373e-5,-3.1080347079476874e-4,0,validation,isotonic
0.0042,-1.127192131608483e-4,-4.112564536699224e-4,0,validation,isotonic
0.0043,-1.2499731842355668e-4,-5.117296139042979e-4,0,validation,isotonic
0.0044,-1.4308328693822677e-4,-6.12222957577852e-4,0,validation,isotonic
0.0045,-1.6133575116029106e-4,-7.127364907729868e-4,0,validation,isotonic
0.0046,-1.797338678861817e-4,-8.132702195745517e-4,0,validation,isotonic
0.0047,-2.0198988702604048e-4,-9.138241500698373e-4,0,validation,isotonic
0.0048,-2.2837596598241088e-4,-0.0010143982883485817,0,validation,isotonic
0.0049,-2.2986751196738377e-4,-0.001114992640502974,0,validation,isotonic
0.005,-2.4484303019837837e-4,-0.0012156072126276478,0,validation,isotonic
0.0051,-2.6117401766177556e-4,-0.0013162420108196902,0,validation,isotonic
0.0052,-2.7920054917584923e-4,-0.001416897041178638,0,validation,isotonic
0.0053,-0.00029124020122465723,-0.0015175723098064834,0,validation,isotonic
0.0054,-3.074539693159361e-4,-0.0016182678228076706,0,validation,isotonic
0.0055,-3.158194446544106e-4,-0.0017189835862890983,0,validation,isotonic
0.0056,-3.37915440511959e-4,-0.0018197196063601262,0,validation,isotonic
0.0057,-3.5660986542549914e-4,-0.0019204758891325658,0,validation,isotonic
0.0058,-3.7334440167575647e-4,-0.0020212524407206885,0,validation,isotonic
0.0059,-3.5916127670666256e-4,-0.0021220492672412326,0,validation,isotonic
0.006,-3.634809613539134e-4,-0.00222286637481339,0,validation,isotonic
0.0061,-3.751598855358162e-4,-0.0023237037695588185,0,validation,isotonic
0.0062,-3.843776221529279e-4,-0.0024245614576016393,0,validation,isotonic
0.0063,-3.917970840351067e-4,-0.0025254394450684404,0,validation,isotonic
0.0064,-0.00039907804767743543,-0.002626337738088274,0,validation,isotonic
0.0065,-4.081055973300618e-4,-0.0027272563427926605,0,validation,isotonic
0.0066,-4.170728334826769e-4,-0.002828195265315592,0,validation,isotonic
0.0067,-4.2781278710355184e-4,-0.0029291545117935266,0,validation,isotonic
0.0068,-4.321775375932657e-4,-0.0030301340883653934,0,validation,isotonic
0.0069,-4.358099799060007e-4,-0.0031311340011726,0,validation,isotonic
0.007,-4.440080190110622e-4,-0.0032321542563590227,0,validation,isotonic
0.0071,-4.5451424583924685e-4,-0.003333194860071014,0,validation,isotonic
0.0072,-4.6730570678822257e-4,-0.0034342558184574023,0,validation,isotonic
0.0073,-4.794635793233246e-4,-0.003535337137669496,0,validation,isotonic
0.0074,-4.898481360564512e-4,-0.0036364388238610814,0,validation,isotonic
0.0075,-4.972002231669515e-4,-0.003737560883188421,0,validation,isotonic
0.0076,-5.045001612319825e-4,-0.0038387033218102674,0,validation,isotonic
0.0077,-5.11873461054684e-4,-0.003939866145887846,0,validation,isotonic
0.0078,-5.145575428950591e-4,-0.004041049361584871,0,validation,isotonic
0.0079,-5.211207494963453e-4,-0.004142252975067543,0,validation,isotonic
0.008,-5.255585723504901e-4,-0.004243476992504545,0,validation,isotonic
0.0081,-5.363331890620509e-4,-0.004344721420067052,0,validation,isotonic
0.0082,-5.475225986716917e-4,-0.004445986263928725,0,validation,isotonic
0.0083,-5.519711912441901e-4,-0.004547271530265715,0,validation,isotonic
0.0084,-5.627217370697771e-4,-0.004648577225256663,0,validation,isotonic
0.0085,-5.667112974832991e-4,-0.004749903355082713,0,validation,isotonic
0.0086,-5.723063425901238e-4,-0.004851249925927486,0,validation,isotonic
0.0087,-5.855716477688069e-4,-0.00495261694397711,0,validation,isotonic
0.0088,-4.709171841474568e-4,-0.005054004415420208,0,validation,isotonic
0.0089,-4.7452250742855816e-4,-0.005155412346447896,0,validation,isotonic
0.009,-4.7753643300377084e-4,-0.005256840743253792,0,validation,isotonic
0.0091,-4.806387565318009e-4,-0.005358289612034019,0,validation,isotonic
0.0092,-4.837511858145645e-4,-0.005459758958987192,0,validation,isotonic
0.0093,-4.8695972546019736e-4,-0.005561248790314433,0,validation,isotonic
0.0094,-4.894203304313284e-4,-0.005662759112219371,0,validation,isotonic
0.0095,-4.922686302386865e-4,-0.005764289930908136,0,validation,isotonic
0.0096,-4.948903562406377e-4,-0.005865841252589366,0,validation,isotonic
0.0097,-4.976523924606036e-4,-0.00596741308347421,0,validation,isotonic
0.0098,-5.000297038091601e-4,-0.0060690054297763175,0,validation,isotonic
0.0099,-5.029735071433603e-4,-0.006170618297711858,0,validation,isotonic
0.01,-5.079034383063687e-4,-0.006272251693499506,0,validation,isotonic
0.011,-5.355890921286093e-4,-0.007289716053149148,0,validation,isotonic
0.012,-5.564137565739203e-4,-0.008309240057251527,0,validation,isotonic
0.013,-4.976994578072325e-4,-0.009330829966124122,0,validation,isotonic
0.014,-5.157927053475724e-4,-0.010354492065481245,0,validation,isotonic
0.015,-5.326286075993221e-4,-0.011380232666562951,0,validation,isotonic
0.016,-5.465579485055944e-4,-0.012408058106264747,0,validation,isotonic
0.017,-5.592917121876465e-4,-0.013437974747268069,0,validation,isotonic
0.018,-5.595538260429378e-4,-0.014469988978171595,0,validation,isotonic
0.019,-4.7259754219461175e-4,-0.015504107213623351,0,validation,isotonic
0.02,-4.8161866955318406e-4,-0.01654033589445358,0,validation,isotonic
0.021,-4.8772526856240896e-4,-0.017578681487808487,0,validation,isotonic
0.022,-4.913840056202807e-4,-0.018619150487284776,0,validation,isotonic
0.023,-4.050800107353585e-4,-0.019661749413065,0,validation,isotonic
0.024,-4.096765941478606e-4,-0.0207064848120538,0,validation,isotonic
0.025,-4.153147292059662e-4,-0.02175336325801488,0,validation,isotonic
0.026,-4.193297173417669e-4,-0.02280239135170894,0,validation,isotonic
0.027,-4.185563631256684e-4,-0.02385357572103238,0,validation,isotonic
0.028,-4.1932287670088964e-4,-0.024906923021156904,0,validation,isotonic
0.029,-2.802126476598246e-4,-0.02596243993466994,0,validation,isotonic
0.03,-2.831297155529624e-4,-0.02702013317171599,0,validation,isotonic
0.031,-2.87222862892807e-4,-0.028080009470138813,0,validation,isotonic
0.032,-2.8955023960018964e-4,-0.02914207559562449,0,validation,isotonic
0.033,-2.8463248800305745e-4,-0.030206338341845412,0,validation,isotonic
0.034,-2.7615801283127747e-4,-0.03127280453060508,0,validation,isotonic
0.035,-2.7880327373580236e-4,-0.03234148101198395,0,validation,isotonic
0.036,-2.8036836663894254e-4,-0.033412374664486,0,validation,isotonic
0.037,-2.822478830375399e-4,-0.034485492395186404,0,validation,isotonic
0.038,-2.8432192422048723e-4,-0.03556084113987995,0,validation,isotonic
0.039,-2.8509016971127183e-4,-0.0366384278632305,0,validation,isotonic
0.04,-2.853102669952487e-4,-0.037718259558921365,0,validation,isotonic
0.041,-2.768399335336048e-4,-0.03880034324980658,0,validation,isotonic
0.042,-2.772783061387985e-4,-0.03988468598806316,0,validation,isotonic
0.043,-2.762945165370326e-4,-0.04097129485534431,0,validation,isotonic
0.044,-2.7483615234776205e-4,-0.042060176962933585,0,validation,isotonic
0.045,-2.7447530468070134e-4,-0.04315133945190001,0,validation,isotonic
0.046,-2.0360803183850157e-4,-0.0442447894932542,0,validation,isotonic
0.047,-2.0656949614665561e-4,-0.045340534288105465,0,validation,isotonic
0.048,-1.8029189697857164e-4,-0.04643858106781986,0,validation,isotonic
0.049,-1.7986303677478962e-4,-0.0475389370941793,0,validation,isotonic
0.05,-1.8090214735674541e-4,-0.04864160965954159,0,validation,isotonic
0.051,-1.8014783702204816e-4,-0.049746606087001585,0,validation,isotonic
0.052,-1.7970331412163842e-4,-0.05085393373055328,0,validation,isotonic
0.053,-1.441789389849777e-4,-0.05196359997525291,0,validation,isotonic
0.054,-1.4475685316472437e-4,-0.0530756122373832,0,validation,isotonic
0.055,-1.4590156458869758e-4,-0.05418997796461853,0,validation,isotonic
0.056,-1.4672178948580512e-4,-0.055306704636191216,0,validation,isotonic
0.057,-1.4652640711629444e-4,-0.056425799763058865,0,validation,isotonic
0.058,-1.465015347099293e-4,-0.05754727088807273,0,validation,isotonic
0.059,-1.4554027703471244e-4,-0.058671125586147184,0,validation,isotonic
0.06,-1.4559518884980655e-4,-0.059797371464430316,0,validation,isotonic
0.061,-1.4469283858042063e-4,-0.060926016162475505,0,validation,isotonic
0.062,-1.4323068986955208e-4,-0.06205706735241419,0,validation,isotonic
0.063,-1.4268904343610854e-4,-0.06319053273912968,0,validation,isotonic
0.064,-1.4082741611622988e-4,-0.06432642006043217,0,validation,isotonic
0.065,-1.403824933236698e-4,-0.06546473708723477,0,validation,isotonic
0.066,-1.3921833109069857e-4,-0.06660549162373074,0,validation,isotonic
0.067,-1.3746444379048644e-4,-0.06774869150757182,0,validation,isotonic
0.068,-1.3607630454303096e-4,-0.06889434461004776,0,validation,isotonic
0.069,-1.248009356978798e-4,-0.07004245883626693,0,validation,isotonic
0.07,-1.2388432570401142e-4,-0.0711930421253382,0,validation,isotonic
0.071,-1.777458335969792e-5,-0.07234610245055383,0,validation,isotonic
0.072,-1.8044353019722475e-5,-0.07350164781957381,0,validation,isotonic
0.073,-1.8314704707061e-5,-0.07465968627461111,0,validation,isotonic
0.074,-1.8585640307331143e-5,-0.07582022589261826,0,validation,isotonic
0.075,-1.8675842851667027e-5,-0.07698327478547513,0,validation,isotonic
0.076,-1.8945335533509264e-5,-0.07814884110017803,0,validation,isotonic
0.077,-1.9215412164824614e-5,-0.0793169330190298,0,validation,isotonic
0.078,-1.9486074645665598e-5,-0.08048755875983135,0,validation,isotonic
0.079,-1.975732488433685e-5,-0.08166072657607439,0,validation,isotonic
0.08,-2.002916479744e-5,-0.08283644475713534,0,validation,isotonic
0.081,-2.0301596309918782e-5,-0.08401472162847064,0,validation,isotonic
0.082,-2.0374867749715126e-5,-0.0851955655518132,0,validation,isotonic
0.083,-2.0038601413605908e-5,-0.08637898492537023,0,validation,isotonic
0.084,-2.0097097691991884e-5,-0.08756498818402239,0,validation,isotonic
0.085,-2.0358574372866093e-5,-0.08875358379952406,0,validation,isotonic
0.086,-2.0410208690200032e-5,-0.08994478028070514,0,validation,isotonic
0.087,-2.067015174389727e-5,-0.09113858617367414,0,validation,isotonic
0.088,-2.0714884798169934e-5,-0.09233501006202248,0,validation,isotonic
0.089,-2.097327823193615e-5,-0.09353406056703018,0,validation,isotonic
0.09,-2.1232239563358994e-5,-0.09473574634787307,0,validation,isotonic
0.091,-2.1491770666688158e-5,-0.09594007610183114,0,validation,isotonic
0.092,-2.129870939475432e-5,-0.09714705856449835,0,validation,isotonic
0.093,-2.132465754841174e-5,-0.09835670250999394,0,validation,isotonic
0.094,-2.157774517864759e-5,-0.09956901675117495,0,validation,isotonic
0.095,-2.183139211856351e-5,-0.10078401013985028,0,validation,isotonic
0.096,-2.2085600224275707e-5,-0.10200169156699614,0,validation,isotonic
0.097,-2.2340371360122374e-5,-0.10322206996297287,0,validation,isotonic
0.098,-2.2595707398709274e-5,-0.10444515429774336,0,validation,isotonic
0.099,-2.260589398202063e-5,-0.10567095358109269,0,validation,isotonic
0.1,-2.285960771919258e-5,-0.10689947686284945,0,validation,isotonic
0.11,-2.4046140850684618e-5,-0.11933654963658932,0,validation,isotonic
0.12,-1.768683087364406e-5,-0.13205628315518692,0,validation,isotonic
0.13,-1.904681707637373e-5,-0.14506842434087874,0,validation,isotonic
0.14,-2.0022381381952046e-5,-0.15838317346112152,0,validation,isotonic
0.15,-2.131029926763605e-5,-0.17201121079595827,0,validation,isotonic
0.16,-2.129777116694961e-5,-0.18596372521019583,0,validation,isotonic
0.17,-2.2443488615870453e-5,-0.2002524447910416,0,validation,isotonic
0.18,-2.3071719667806505e-5,-0.21488966972751766,0,validation,isotonic
0.19,-2.3605029710035815e-5,-0.22988830762538826,0,validation,isotonic
0.2,-2.2921726218429515e-5,-0.24526191147070564,0,validation,isotonic
0.21,-2.3183567487364952e-5,-0.2610247204766639,0,validation,isotonic
0.22,-2.270670064414781e-5,-0.2771917040725186,0,validation,isotonic
0.23,-2.2711168708028992e-5,-0.29377860932021366,0,validation,isotonic
0.24,-2.259805614345811e-5,-0.310802012074427,0,validation,isotonic
0.25,-2.0126393752767377e-5,-0.3282793722354193,0,validation,isotonic
0.26,-2.1214306928592643e-5,-0.34622909348184394,0,validation,isotonic
0.27,-3.308448288126145e-6,-0.3646705879131021,0,validation,isotonic
0.28,-3.4786359572684365e-6,-0.3836243460785619,0,validation,isotonic
0.29,-3.653617645259806e-6,-0.40311201292473875,0,validation,isotonic
0.3,-3.83359881005093e-6,-0.423156470252235,0,validation,isotonic
0.31,-3.0140976151487386e-6,-0.4437819263428472,0,validation,isotonic
0.32,-3.157081372983119e-6,-0.46501401349494786,0,validation,isotonic
0.33,-3.3043333026931526e-6,-0.48687989429337997,0,validation,isotonic
0.34,0,-0.5094083775402493,0,validation,isotonic
0.35,0,-0.5326300448870223,0,validation,isotonic
0.36,0,-0.556577389338382,0,validation,isotonic
0.37,0,-0.5812849669469278,0,validation,isotonic
0.38,0,-0.6067895631880073,0,validation,isotonic
0.39,0,-0.6331303756992861,0,validation,isotonic
0.4,0,-0.66034921529427415,0,validation,isotonic
0.41,0,-0.6884907274179057,0,validation,isotonic
0.42,0,-0.717602636511318,0,validation,isotonic
0.43,0,-0.7477360160992358,0,validation,isotonic
0.44,0,-0.7789455878152937,0,validation,isotonic
0.45,0,-0.8112900530482989,0,validation,isotonic
0.46,0,-0.8448324614380823,0,validation,isotonic
0.47,0,-0.8796406210878575,0,validation,isotonic
0.48,0,-0.9157875561087777,0,validation,isotonic
0.49,0,-0.9533520179932636,0,validation,isotonic
0.5,0,-0.9924190583531289,0,validation,isotonic
0.51,0,-1.0330806717889072,0,validation,isotonic
0.52,0,-1.0754365191178428,0,validation,isotonic
0.53,0,-1.1195947429288609,0,validation,isotonic
0.54,0,-1.1656728895142707,0,validation,isotonic
0.55,0,-1.2137989537256992,0,validation,isotonic
0.56,0,-1.264112566310374,0,validation,isotonic
0.57,0,-1.3167663469222426,0,validation,isotonic
0.58,0,-1.3719274504203913,0,validation,isotonic
0.59,0,-1.429779339455035,0,validation,isotonic
0.6,0,-1.490523822941411,0,validation,isotonic
0.61,0,-1.5543834081450372,0,validation,isotonic
0.62,0,-1.6216040241488539,0,validation,isotonic
0.63,0,-1.6924581869636877,0,validation,isotonic
0.64,0,-1.7672486921571235,0,validation,isotonic
0.65,0,-1.8463129405044703,0,validation,isotonic
0.66,0,-1.9300280269898957,0,validation,isotonic
0.67,0,-2.018816755080499,0,validation,isotonic
0.68,0,-2.1131547786767646,0,validation,isotonic
0.69,0,-2.213579126376014,0,validation,isotonic
0.7,0,-2.320698430588548,0,validation,isotonic
0.71,0,-2.435205273022636,0,validation,isotonic
0.72,0,-2.5578911756305875,0,validation,isotonic
0.73,0,-2.6896649228761644,0,validation,isotonic
0.74,0,-2.8315751122175556,0,validation,isotonic
0.75,0,-2.9848381167062583,0,validation,isotonic
0.76,0,-3.150873038235686,0,validation,isotonic
0.77,0,-3.3313457790285415,0,validation,isotonic
0.78,0,-3.528225132620748,0,validation,isotonic
0.79,0,-3.7438549008407844,0,validation,isotonic
0.8,0,-3.9810476458828234,0,validation,isotonic
0.81,0,-4.243208048297709,0,validation,isotonic
0.82,0,-4.534497384314245,0,validation,isotonic
0.83,0,-4.86005605397979,0,validation,isotonic
0.84,0,-5.2263095573535265,0,validation,isotonic
0.85,0,-5.641396861177095,0,validation,isotonic
0.86,0,-6.115782351261174,0,validation,isotonic
0.87,0,-6.66315022443511,0,validation,isotonic
0.88,0,-7.301746076471371,0,validation,isotonic
0.89,0,-8.056450265241496,0,validation,isotonic
0.9,0,-8.962095291765646,0,validation,isotonic
0.905,0,-9.486416096595418,0,validation,isotonic
0.91,0,-10.068994768628498,0,validation,isotonic
0.915,0,-10.720112107959586,0,validation,isotonic
0.92,0,-11.452619114707062,0,validation,isotonic
0.925,0,-12.282793722354201,0,validation,isotonic
0.93,0,-13.231564702522359,0,validation,isotonic
0.935,0,-14.326300448870235,0,validation,isotonic
0.94,0,-15.603492152942726,0,validation,isotonic
0.945,0,-17.112900530482975,0,validation,isotonic
0.95,0,-18.92419058353127,0,validation,isotonic
0.955,0,-21.13798953725697,0,validation,isotonic
0.96,0,-23.905238229414092,0,validation,isotonic
0.965,0,-27.463129405044672,0,validation,isotonic
0.97,0,-32.20698430588546,0,validation,isotonic
0.975,0,-38.84838116706255,0,validation,isotonic
0.98,0,-48.810476458828184,0,validation,isotonic
0.985,0,-65.41396861177091,0,validation,isotonic
0.99,0,-98.62095291765637,0,validation,isotonic
0.991,0,-109.68994768628485,0,validation,isotonic
0.992,0,-123.52619114707045,0,validation,isotonic
0.993,0,-141.31564702522334,0,validation,isotonic
0.994,0,-165.03492152942724,0,validation,isotonic
0.995,0,-198.2419058353127,0,validation,isotonic
0.996,0,-248.05238229414087,0,validation,isotonic
0.997,0,-331.06984305885453,0,validation,isotonic
0.998,0,-497.1047645882818,0,validation,isotonic
0.999,0,-995.2095291765636,0,validation,isotonic
1e-4,0.0031109631139615724,0.003910431885641715,0,test,isotonic
2e-4,0.002881254375015374,0.003810803003053762,0,test,isotonic
3e-4,0.0027326619963711275,0.003711154188709764,0,test,isotonic
4e-4,0.00259347227821542,0.003611485436627802,0,test,isotonic
5e-4,0.0024749162246087506,0.003511796740823563,0,test,isotonic
6e-4,0.002376415036902674,0.003412088095310337,0,test,isotonic
7e-4,0.0022730296610779066,0.0033123594940990203,0,test,isotonic
8e-4,0.0021679185223648784,0.0032126109311981094,0,test,isotonic
9e-4,0.002069625757464149,0.0031128424006137034,0,test,isotonic
0.001,0.0019912788482463126,0.0030130538963495006,0,test,isotonic
0.0011,0.0019007591267095137,0.0029132454124067985,0,test,isotonic
0.0012,0.0018203504302108076,0.002813416942784493,0,test,isotonic
0.0013,0.0017426846029628177,0.002713568481479074,0,test,isotonic
0.0014,0.0016691589438554894,0.0026137000224846297,0,test,isotonic
0.0015,0.0015960911770556254,0.00251381155979284,0,test,isotonic
0.0016,0.001526788456594378,0.0024139030873929794,0,test,isotonic
0.0017,0.0014495482577594173,0.0023139745992719132,0,test,isotonic
0.0018,0.0013834970923476092,0.002214026089414096,0,test,isotonic
0.0019,0.0013150452917871048,0.002114057551801574,0,test,isotonic
0.002,0.001251799968939589,0.002014068980413979,0,test,isotonic
0.0021,0.0011806052102091835,0.001914060369228531,0,test,isotonic
0.0022,0.0011129445162402383,0.001814031712220035,0,test,isotonic
0.0023,0.0010471353575225444,0.001713983003360881,0,test,isotonic
0.0024,9.946214036768014e-4,0.001613914236621042,0,test,isotonic
0.0025,9.347763724497455e-4,0.0015138254059680711,0,test,isotonic
0.0026,3.405387082505601e-4,0.0014137165053671056,0,test,isotonic
0.0027,2.585847298431311e-4,0.0013135875287808591,0,test,isotonic
0.0028,2.1524225058393287e-4,0.0012134384701696262,0,test,isotonic
0.0029,1.8585849244298343e-4,0.001113269323491276,0,test,isotonic
0.003,1.5485112581189021e-4,0.0010130800827012547,0,test,isotonic
0.0031,1.2628886391694754e-4,9.128707417525844e-4,0,test,isotonic
0.0032,9.735121429560207e-5,8.126412945958579e-4,0,test,isotonic
0.0033,6.758444427799339e-5,7.123917351792427e-4,0,test,isotonic
0.0034,4.81602610239608e-5,6.121220574484762e-4,0,test,isotonic
0.0035,2.0704312613656502e-5,5.11832255346865e-4,0,test,isotonic
0.0036,-1.445821499303137e-6,4.115223228152863e-4,0,test,isotonic
0.0037,-2.267865479612676e-5,3.111922537921818e-4,0,test,isotonic
0.0038,-4.5013953113349635e-5,2.1084204221356265e-4,0,test,isotonic
0.0039,-6.487643779527796e-5,1.1047168201300164e-4,0,test,isotonic
0.004,-9.08027489491468e-5,1.0081167121637168e-5,0,test,isotonic
0.0041,-1.1515525713054183e-4,-9.032950853183046e-5,0,test,isotonic
0.0042,-1.3285696691914413e-4,-1.907603510211374e-4,0,test,isotonic
0.0043,-1.5088314129624552e-4,-2.912113664224657e-4,0,test,isotonic
0.0044,-1.6952199483514054e-4,-3.916825608144322e-4,0,test,isotonic
0.0045,-1.8637842066105336e-4,-4.921739402780996e-4,0,test,isotonic
0.0046,-2.0235465826621603e-4,-5.926855108969748e-4,0,test,isotonic
0.0047,-2.167545212860034e-4,-6.932172787570065e-4,0,test,isotonic
0.0048,-2.3034628033650974e-4,-7.937692499465918e-4,0,test,isotonic
0.0049,-2.4434751596000097e-4,-8.943414305565764e-4,0,test,isotonic
0.005,-2.5946148825740163e-4,-9.949338266802502e-4,0,test,isotonic
0.0051,-2.702593564238414e-4,-0.0010955464444133579,0,test,isotonic
0.0052,-2.8864204937058177e-4,-0.0011961792898540899,0,test,isotonic
0.0053,-3.038213220688627e-4,-0.0012968323691030957,0,test,isotonic
0.0054,-3.2120252988818013e-4,-0.0013975056882634725,0,test,isotonic
0.0055,-3.371149083247021e-4,-0.0014981992534407731,0,test,isotonic
0.0056,-3.4631778956164947e-4,-0.00159891307074301,0,test,isotonic
0.0057,-3.529182404943674e-4,-0.0016996471462806494,0,test,isotonic
0.0058,-3.641452757189592e-4,-0.0018004014861666149,0,test,isotonic
0.0059,-3.8629836055272286e-4,-0.001901176096516295,0,test,isotonic
0.006,-3.971613703670873e-4,-0.002001970983447535,0,test,isotonic
0.0061,-4.0618012826755046e-4,-0.0021027861530806416,0,test,isotonic
0.0062,-4.11529778689039e-4,-0.002203621611538387,0,test,isotonic
0.0063,-4.1820700441466143e-4,-0.0023044773649460093,0,test,isotonic
0.0064,-4.2596100163796774e-4,-0.0024053534194312083,0,test,isotonic
0.0065,-4.318363338921459e-4,-0.0025062497811241553,0,test,isotonic
0.0066,-4.3862974193950533e-4,-0.0026071664561574887,0,test,isotonic
0.0067,-4.44893961288056e-4,-0.002708103450666314,0,test,isotonic
0.0068,-4.5083297090129564e-4,-0.002809060770788209,0,test,isotonic
0.0069,-4.557584932151022e-4,-0.002910038422663225,0,test,isotonic
0.007,-4.592440483456602e-4,-0.0030110364124338864,0,test,isotonic
0.0071,-4.670286314527648e-4,-0.00311205474624519,0,test,isotonic
0.0072,-4.7062798690355025e-4,-0.00321309343024461,0,test,isotonic
0.0073,-4.732589579875318e-4,-0.0033141524705820984,0,test,isotonic
0.0074,-4.7652023618559053e-4,-0.003415231873410084,0,test,isotonic
0.0075,-4.7934709832646007e-4,-0.003516331644883474,0,test,isotonic
0.0076,-4.7973240627839154e-4,-0.0036174517911596628,0,test,isotonic
0.0077,-4.811142583035885e-4,-0.0037185923183985182,0,test,isotonic
0.0078,-4.848707139095187e-4,-0.0038197532327623957,0,test,isotonic
0.0079,-4.826756502007561e-4,-0.003920934540416137,0,test,isotonic
0.008,-4.886277683758822e-4,-0.004022136247527065,0,test,isotonic
0.0081,-4.900172708777842e-4,-0.004123358360264995,0,test,isotonic
0.0082,-4.914493748717068e-4,-0.004224600884802227,0,test,isotonic
0.0083,-4.904212165177998e-4,-0.004325863827313551,0,test,isotonic
0.0084,-4.954259097905506e-4,-0.0044271471939762485,0,test,isotonic
0.0085,-4.988238239752724e-4,-0.004528450990970095,0,test,isotonic
0.0086,-5.014839215112579e-4,-0.004629775224477353,0,test,isotonic
0.0087,-5.014846818093071e-4,-0.0047311199006827885,0,test,isotonic
0.0088,-5.037727804707057e-4,-0.004832485025773658,0,test,isotonic
0.0089,-5.053310098042471e-4,-0.004933870605939712,0,test,isotonic
0.009,-5.068072630090273e-4,-0.005035276647373206,0,test,isotonic
0.0091,-5.080232261764686e-4,-0.005136703156268897,0,test,isotonic
0.0092,-5.092867917038128e-4,-0.00523815013882403,0,test,isotonic
0.0093,-5.103918825656213e-4,-0.005339617601238365,0,test,isotonic
0.0094,-5.114575479318985e-4,-0.005441105549714162,0,test,isotonic
0.0095,-5.138051765171464e-4,-0.0055426139904561815,0,test,isotonic
0.0096,-5.14723521890669e-4,-0.005644142929671698,0,test,isotonic
0.0097,-5.160555374239529e-4,-0.005745692373570483,0,test,isotonic
0.0098,-5.167547018757017e-4,-0.005847262328364825,0,test,isotonic
0.0099,-5.172626291128562e-4,-0.005948852800269519,0,test,isotonic
0.01,-5.193103208245422e-4,-0.006050463795501869,0,test,isotonic
0.011,-5.176489319744686e-4,-0.007067703900451818,0,test,isotonic
0.012,-5.126158003037834e-4,-0.00808700319589762,0,test,isotonic
0.013,-5.077448564698093e-4,-0.009108367940776949,0,test,isotonic
0.014,-5.112093203569078e-4,-0.01013180441941871,0,test,isotonic
0.015,-5.060614852053653e-4,-0.011157318941671927,0,test,isotonic
0.016,-4.972011889318632e-4,-0.012184917843035416,0,test,isotonic
0.017,-4.7792918866360756e-4,-0.013214607484788251,0,test,isotonic
0.018,-4.563235200901031e-4,-0.014246394254121025,0,test,isotonic
0.019,-4.307771103407532e-4,-0.01528028456426794,0,test,isotonic
0.02,-4.1654557383500896e-4,-0.016316284854639644,0,test,isotonic
0.021,-3.9975612636857904e-4,-0.017354401590956945,0,test,isotonic
0.022,-3.8014417719683095e-4,-0.018394641265385325,0,test,isotonic
0.023,-3.581145725229448e-4,-0.019437010396670264,0,test,isotonic
0.024,-3.4478241464323643e-4,-0.02048151553027341,0,test,isotonic
0.025,-3.303166640749868e-4,-0.02152816323850959,0,test,isotonic
0.026,-3.1568730824897603e-4,-0.02257696012068465,0,test,isotonic
0.027,-2.971507630448197e-4,-0.02362791280323417,0,test,isotonic
0.028,-2.73967791720863e-4,-0.02468102793986301,0,test,isotonic
0.029,-2.600264296262233e-4,-0.025736312211685736,0,test,isotonic
0.03,-2.5687597596238024e-4,-0.026793772327367887,0,test,isotonic
0.031,-2.525161970737235e-4,-0.027853415023268168,0,test,isotonic
0.032,-2.4794918483182337e-4,-0.028915247063581454,0,test,isotonic
0.033,-2.4269992332062756e-4,-0.029979275240482783,0,test,isotonic
0.034,-2.3717598040144737e-4,-0.031045506374272103,0,test,isotonic
0.035,-2.3307209444481752e-4,-0.032113947313520054,0,test,isotonic
0.036,-2.2725379014016747e-4,-0.03318460493521457,0,test,isotonic
0.037,-2.206193780635988e-4,-0.034257486144908464,0,test,isotonic
0.038,-2.1450099364818162e-4,-0.03533259787686783,0,test,isotonic
0.039,-2.0530931778615382e-4,-0.03640994709422149,0,test,isotonic
0.04,-1.97784958374277e-4,-0.037489540789111306,0,test,isotonic
0.041,-1.900924977257176e-4,-0.03857138598284344,0,test,isotonic
0.042,-1.8079883284018668e-4,-0.039655489726040556,0,test,isotonic
0.043,-1.72365300114501e-4,-0.04074185909879503,0,test,isotonic
0.044,-1.6138324929559125e-4,-0.041830501210823066,0,test,isotonic
0.045,-1.500022519566839e-4,-0.04292142320161974,0,test,isotonic
0.046,-1.3986862807955348e-4,-0.04401463224061515,0,test,isotonic
0.047,-1.3347952877866169e-4,-0.04511013552733143,0,test,isotonic
0.048,-1.279887377973021e-4,-0.04620794029154081,0,test,isotonic
0.049,-1.2417700302702617e-4,-0.04730805379342466,0,test,isotonic
0.05,-1.1909801577340591e-4,-0.04841048332373353,0,test,isotonic
0.051,-1.1462201574115441e-4,-0.0495152362039482,0,test,isotonic
0.052,-1.0879087893020491e-4,-0.05062231978644183,0,test,isotonic
0.053,-1.0300678884809055e-4,-0.051731741454642925,0,test,isotonic
0.054,-9.981563795431628e-5,-0.052843508623199635,0,test,isotonic
0.055,-9.647258421947345e-5,-0.05395762873814482,0,test,isotonic
0.056,-9.330506880215031e-5,-0.05507410927706234,0,test,isotonic
0.057,-8.922471030589591e-5,-0.056192957749254355,0,test,isotonic
0.058,-8.47903590002412e-5,-0.05731418169590961,0,test,isotonic
0.059,-8.07902534642044e-5,-0.05843778869027295,0,test,isotonic
0.06,-7.586305145178229e-5,-0.05956378633781579,0,test,isotonic
0.061,-7.222088626035067e-5,-0.06069218227640772,0,test,isotonic
0.062,-6.69695918785907e-5,-0.061822984176489175,0,test,isotonic
0.063,-6.350534563494305e-5,-0.0629561997412453,0,test,isotonic
0.064,-5.803492290404192e-5,-0.06409183670678083,0,test,isotonic
0.065,-5.250389824108814e-5,-0.06522990284229609,0,test,isotonic
0.066,-4.628371501283904e-5,-0.06637040595026429,0,test,isotonic
0.067,-3.9135164347602094e-5,-0.06751335386660968,0,test,isotonic
0.068,-3.292187074860033e-5,-0.06865875446088718,0,test,isotonic
0.069,-2.6775738747064065e-5,-0.06980661563646279,0,test,isotonic
0.07,-2.222830397645741e-5,-0.07095694533069555,0,test,isotonic
0.071,-1.901847685448341e-5,-0.07210975151512039,0,test,isotonic
0.072,-1.901635546139261e-5,-0.07326504219563236,0,test,isotonic
0.073,-1.9065169126457147e-5,-0.07442282541267188,0,test,isotonic
0.074,-1.922740965495998e-5,-0.07558310924141128,0,test,isotonic
0.075,-1.9325986176814905e-5,-0.07674590179194253,0,test,isotonic
0.076,-1.9481559427187766e-5,-0.07791121120946627,0,test,isotonic
0.077,-1.944663339865549e-5,-0.07907904567448194,0,test,isotonic
0.078,-1.9340091966258957e-5,-0.08024941340297922,0,test,isotonic
0.079,-1.9223553175559062e-5,-0.08142232264663066,0,test,isotonic
0.08,-1.935769411147744e-5,-0.08259778169298569,0,test,isotonic
0.081,-1.9554928505926167e-5,-0.08377579886566577,0,test,isotonic
0.082,-1.9684007213948595e-5,-0.08495638252456084,0,test,isotonic
0.083,-1.9674412311143105e-5,-0.08613954106602709,0,test,isotonic
0.084,-1.9795720536389793e-5,-0.08732528292308608,0,test,isotonic
0.085,-1.9635499513529888e-5,-0.08851361656562497,0,test,isotonic
0.086,-1.9676664139108376e-5,-0.08970455050059829,0,test,isotonic
0.087,-1.957014537724116e-5,-0.09089809327223092,0,test,isotonic
0.088,-1.9455174377470907e-5,-0.09209425346222241,0,test,isotonic
0.089,-1.940494953050722e-5,-0.09329303968995262,0,test,isotonic
0.09,-1.9422155297329847e-5,-0.09449446061268883,0,test,isotonic
0.091,-1.9434451459606092e-5,-0.0956985249257941,0,test,isotonic
0.092,-1.9593711028958188e-5,-0.09690524136293704,0,test,isotonic
0.093,-1.952110475747991e-5,-0.09811461869630302,0,test,isotonic
0.094,-1.9519486628467476e-5,-0.09932666573680668,0,test,isotonic
0.095,-1.9355533533977415e-5,-0.1005413913343059,0,test,isotonic
0.096,-1.9262523540624552e-5,-0.1017588043778173,0,test,isotonic
0.097,-1.9082151691073454e-5,-0.10297891379573294,0,test,isotonic
0.098,-1.8811634496852123e-5,-0.10420172855603863,0,test,isotonic
0.099,-1.8942323686591876e-5,-0.10542725766653369,0,test,isotonic
0.1,-1.8905073130569345e-5,-0.10665551017505205,0,test,isotonic
0.11,-1.6953086665669695e-5,-0.11908984175005263,0,test,isotonic
0.12,-1.7580128077365643e-5,-0.13180677176993957,0,test,isotonic
0.13,-1.7808044733808373e-5,-0.14481604500867454,0,test,isotonic
0.14,-1.818071114400722e-5,-0.1581278594855196,0,test,isotonic
0.15,-1.8650327392608838e-5,-0.17175289312652572,0,test,isotonic
0.16,-1.856004662283712e-5,-0.18570233233041292,0,test,isotonic
0.17,-1.7501315511033946e-5,-0.19998790259945404,0,test,isotonic
0.18,-1.5795191647502654e-5,-0.21462190141164247,0,test,isotonic
0.19,-1.5120357070656049e-5,-0.22961723352783558,0,test,isotonic
0.2,-1.4241266543292325e-5,-0.24498744894693356,0,test,isotonic
0.21,-1.255242880531362e-5,-0.26074678374373017,0,test,isotonic
0.22,-9.93621430888277e-6,-0.276910204048137,0,test,isotonic
0.23,-9.627212994747852e-6,-0.2934934534513595,0,test,isotonic
0.24,-7.33760547659937e-6,-0.3105131041546669,0,test,isotonic
0.25,-4.4972420663028395e-6,-0.3279866122100624,0,test,isotonic
0.26,-1.5801120773496463e-6,-0.3459323772399282,0,test,isotonic
0.27,-8.316817519875114e-7,-0.3643698070651327,0,test,isotonic
0.28,-8.744637351144411e-7,-0.38331938771881513,0,test,isotonic
0.29,-6.123005630177575e-7,-0.4028027593768266,0,test,isotonic
0.3,-3.212315761644886e-7,-0.4228427987964955,0,test,isotonic
0.31,0,-0.44346370892398096,0,test,isotonic
0.32,0,-0.4646911164081572,0,test,isotonic
0.33,0,-0.48655217784708493,0,test,isotonic
0.34,0,-0.5090756956932528,0,test,isotonic
0.35,0,-0.5322922448577644,0,test,isotonic
0.36,0,-0.556234311183667,0,test,isotonic
0.37,0,-0.5809364431072173,0,test,isotonic
0.38,0,-0.6064354179960433,0,test,isotonic
0.39,0,-0.6327704248484375,0,test,isotonic
0.4,0,-0.6599832652625781,0,test,isotonic
0.41,0,-0.6881185748432995,0,test,isotonic
0.42,0,-0.7172240675130117,0,test,isotonic
0.43,0,-0.7473508055395558,0,test,isotonic
0.44,0,-0.7785534984956194,0,test,isotonic
0.45,0,-0.8108908348319033,0,test,isotonic
0.46,0,-0.8444258502917534,0,test,isotonic
0.47,0,-0.8792263380331071,0,test,isotonic
0.48,0,-0.9153653060722055,0,test,isotonic
0.49,0,-0.9529214885442094,0,test,isotonic
0.5,0,-0.9919799183150937,0,test,isotonic
0.51,0,-1.0326325697092795,0,test,isotonic
0.52,0,-1.0749790815782228,0,test,isotonic
0.53,0,-1.1191275726756318,0,test,isotonic
0.54,0,-1.1651955633859716,0,test,isotonic
0.55,0,-1.2133110203501045,0,test,isotonic
0.56,0,-1.2636135435398794,0,test,isotonic
0.57,0,-1.3162557189710389,0,test,isotonic
0.58,0,-1.3714046646608258,0,test,isotonic
0.59,0,-1.4292438028232848,0,test,isotonic
0.6,0,-1.489974897893867,0,test,isotonic
0.61,0,-1.553820408096274,0,test,isotonic
0.62,0,-1.6210262083093339,0,test,isotonic
0.63,0,-1.6918647544798564,0,test,isotonic
0.64,0,-1.7666387754376303,0,test,isotonic
0.65,0,-1.8456855975929913,0,test,isotonic
0.66,0,-1.9293822328163146,0,test,isotonic
0.67,0,-2.018151391386506,0,test,isotonic
0.68,0,-2.1124686223673343,0,test,isotonic
0.69,0,-2.212870835992086,0,test,isotonic
0.7,0,-2.319966530525156,0,test,isotonic
0.71,0,-2.4344481350260234,0,test,isotonic
0.72,0,-2.5571069969912386,0,test,isotonic
0.73,0,-2.6888517005835064,0,test,isotonic
0.74,0,-2.8307306121444107,0,test,isotonic
0.75,0,-2.9839598366301874,0,test,isotonic
0.76,0,-3.1499581631564455,0,test,isotonic
0.77,0,-3.3303911267719433,0,test,isotonic
0.78,0,-3.527227087079759,0,test,isotonic
0.79,0,-3.7428093293216524,0,test,isotonic
0.8,0,-3.9799497957877352,0,test,isotonic
0.81,0,-4.242052416618669,0,test,isotonic
0.82,0,-4.533277550875259,0,test,isotonic
0.83,0,-4.858764465632627,0,test,isotonic
0.84,0,-5.224937244734667,0,test,isotonic
0.85,0,-5.639933061050312,0,test,isotonic
0.86,0,-6.114213993982477,0,test,isotonic
0.87,0,-6.661461224288821,0,test,isotonic
0.88,0,-7.299916326312891,0,test,isotonic
0.89,0,-8.054454174159517,0,test,isotonic
0.9,0,-8.95989959157547,0,test,isotonic
0.905,0,-9.484104833237337,0,test,isotonic
0.91,0,-10.066555101750524,0,test,isotonic
0.915,0,-10.71752893126526,0,test,isotonic
0.92,0,-11.449874489469343,0,test,isotonic
0.925,0,-12.279866122100632,0,test,isotonic
0.93,0,-13.228427987964963,0,test,isotonic
0.935,0,-14.322922448577655,0,test,isotonic
0.94,0,-15.599832652625766,0,test,isotonic
0.945,0,-17.10890834831902,0,test,isotonic
0.95,0,-18.91979918315092,0,test,isotonic
0.955,0,-21.133110203501023,0,test,isotonic
0.96,0,-23.89974897893865,0,test,isotonic
0.965,0,-27.456855975929884,0,test,isotonic
0.97,0,-32.199665305251536,0,test,isotonic
0.975,0,-38.83959836630184,0,test,isotonic
0.98,0,-48.7994979578773,0,test,isotonic
0.985,0,-65.39933061050307,0,test,isotonic
0.99,0,-98.5989959157546,0,test,isotonic
0.991,0,-109.66555101750511,0,test,isotonic
0.992,0,-123.49874489469323,0,test,isotonic
0.993,0,-141.28427987964943,0,test,isotonic
0.994,0,-164.99832652625767,0,test,isotonic
0.995,0,-198.1979918315092,0,test,isotonic
0.996,0,-247.9974897893865,0,test,isotonic
0.997,0,-330.99665305251534,0,test,isotonic
0.998,0,-496.994979578773,0,test,isotonic
0.999,0,-994.989959157546,0,test,isotonic
