threshold,tp,fp,tn,fn,n_alerts,alerts_per_day,precision,recall,specificity,f1,accuracy,kappa,split
1e-4,1695,445241,238,0,446936,2455.6923076923076,0.0037924893049564143,1,5.342563847005134e-4,0.007556321342038335,0.0043227021248999275,4.052315039517738e-6,validation
2e-4,1695,443562,1917,0,445257,2446.467032967033,0.0038067902357514873,1,0.0043032331490373285,0.007584707082639747,0.008077392692777309,3.2762475169153186e-5,validation
3e-4,1695,440685,4794,0,442380,2430.6593406593406,0.0038315475383154753,1,0.01076145003468177,0.007633845634183414,0.014511129895745281,8.246261459658437e-5,validation
4e-4,1695,437289,8190,0,438984,2412,0.0038611885626811,1,0.018384705002929432,0.007692674259495006,0.022105489138456173,1.4196354783137631e-4,validation
5e-4,1695,433784,11695,0,435479,2392.7417582417584,0.0038922657579355145,1,0.026252640416271025,0.007754349526733063,0.0299436013721728,2.043436264030856e-4,validation
6e-4,1695,430231,15248,0,431926,2373.21978021978,0.003924283326310525,1,0.034228325016442976,0.007817887048828355,0.037889054372570855,2.6860721053670566e-4,validation
7e-4,1695,426975,18504,0,428670,2355.3296703296705,0.003954090559171391,1,0.0415373115231021,0.007877034610156496,0.04517033637912759,3.284306404927772e-4,validation
8e-4,1695,423875,21604,0,425570,2338.296703296703,0.003982893531028973,1,0.04849611317256257,0.007934186043790155,0.05210276089396969,3.8623510768371336e-4,validation
9e-4,1695,420926,24553,0,422621,2322.0934065934066,0.004010685697113963,1,0.05511595383845254,0.00798932870784981,0.058697509246959795,4.420078284315114e-4,validation
0.001,1695,418072,27407,0,419767,2306.412087912088,0.004037954388982459,1,0.06152254090540744,0.008043429775400866,0.06507981233255959,4.967270286222654e-4,validation
0.0011,1695,415342,30137,0,417037,2291.412087912088,0.004064387572325717,1,0.06765077590638391,0.008095870389652572,0.07118481843756569,5.49766782394402e-4,validation
0.0012,1695,412600,32879,0,414295,2276.346153846154,0.004091287609070831,1,0.07380594820406798,0.00814923435659511,0.07731665973424215,6.037404164479969e-4,validation
0.0013,1695,410081,35398,0,411776,2262.5054945054944,0.004116315666770283,1,0.07946053573793602,0.00819888214651088,0.08294981371904449,6.539553975249546e-4,validation
0.0014,1695,407559,37920,0,409254,2248.6483516483518,0.004141682182703162,1,0.08512185759598095,0.008249198805691218,0.08858967650176441,7.048468697983534e-4,validation
0.0015,1695,405197,40282,0,406892,2235.6703296703295,0.0041657245657324305,1,0.09042401549792471,0.008296886587189509,0.09387173672887959,7.530794142682169e-4,validation
0.0016,1695,402825,42654,0,404520,2222.6373626373625,0.004190151290418273,1,0.09574862114712478,0.008345334367268564,0.09917615961572006,8.02080621196292e-4,validation
0.0017,1695,400559,44920,0,402254,2210.186813186813,0.0042137554878261,1,0.10083528067540783,0.008392148513797534,0.10424353830947237,8.494295160861366e-4,validation
0.0018,1695,398324,47155,0,400019,2197.9065934065934,0.0042372987283104055,1,0.10585235218719626,0.00843883957243213,0.10924159275807628,8.966539002089388e-4,validation
0.0019,1695,396234,49245,0,397929,2186.423076923077,0.004259553840006635,1,0.11054393136376799,0.008482973995555825,0.11391538864066336,9.41292430338369e-4,validation
0.002,1695,394073,51406,0,395768,2174.5494505494507,0.004282812152574236,1,0.11539488954585962,0.008529095790048383,0.11874795940730007,9.87941015675195e-4,validation
0.0021,1695,392028,53451,0,393723,2163.313186813187,0.004305057108677929,1,0.11998545385977791,0.008573206075595951,0.12332112332112333,0.0010325551017728895,validation
0.0022,1695,390056,55423,0,391751,2152.478021978022,0.0043267279470888395,1,0.12441214961872502,0.00861617604448895,0.1277310398189519,0.0010760158327661241,validation
0.0023,1694,388092,57387,1,389786,2141.6813186813188,0.004345974457779397,0.9994100294985251,0.12882088717986706,0.008654315279668744,0.13212082992302773,0.0011146101363590675,validation
0.0024,1694,386137,59342,1,387831,2130.9395604395604,0.004367881886698072,0.9994100294985251,0.13320942176847841,0.008697750599446507,0.13649272989932332,0.0011585416026914507,validation
0.0025,1694,384308,61171,1,386002,2120.8901098901097,0.004388578297521774,0.9994100294985251,0.1373151147416601,0.008738783121870946,0.14058286036308015,0.0012000428119553026,validation
0.0026,1694,382475,63004,1,384169,2110.8186813186812,0.0044095176862266345,0.9994100294985251,0.1414297868137443,0.008780295648207658,0.1446819358907271,0.0012420294946477771,validation
0.0027,1694,380656,64823,1,382350,2100.8241758241757,0.004430495619197071,0.9994100294985251,0.14551303203966967,0.008821882852269916,0.14874970369475865,0.001284091694677605,validation
0.0028,1694,378816,66663,1,380510,2090.714285714286,0.0044519197918582954,0.9994100294985251,0.1496434175348333,0.008864352899621931,0.1528644330842133,0.0013270468077572041,validation
0.0029,1694,377006,68473,1,378700,2080.769230769231,0.0044731977818853975,0.9994100294985251,0.15370645978822794,0.008906531368708842,0.15691207449449207,0.0013697069985510791,validation
0.003,1694,375301,70178,1,376995,2071.401098901099,0.004493428294804971,0.9994100294985251,0.15753380069543121,0.008946631809659617,0.16072490797765523,0.001410265415227021,validation
0.0031,1694,373603,71876,1,375297,2062.0714285714284,0.004513758436651505,0.9994100294985251,0.16134542817955505,0.008986928104575164,0.16452208759901069,0.0014510219101381123,validation
0.0032,1694,371929,73550,1,373623,2052.8736263736264,0.004533982115662044,0.9994100294985251,0.1651031810702637,0.009027011760693598,0.1682655968370254,0.0014915633253776179,validation
0.0033,1694,370323,75156,1,372017,2044.0494505494505,0.004553555348277095,0.9994100294985251,0.16870828927962933,0.009065804683820695,0.1718570399889081,0.0015307992555067683,validation
0.0034,1694,368749,76730,1,370443,2035.401098901099,0.004572903253671955,0.9994100294985251,0.17224156469777477,0.009104149535924845,0.1753769226296699,0.001569581986303818,validation
0.0035,1694,367199,78280,1,368893,2026.8846153846155,0.004592117497485721,0.9994100294985251,0.175720965522505,0.009142228026811446,0.17884313488709094,0.0016080953029257309,validation
0.0036,1694,365677,79802,1,367371,2018.521978021978,0.004611142414616287,0.9994100294985251,0.1791375126549175,0.009179929877040962,0.18224673169728114,0.0016462276669141672,validation
0.0037,1694,364175,81304,1,365869,2010.2692307692307,0.004630072512292651,0.9994100294985251,0.18250916429281738,0.009217442404588043,0.18560560318802077,0.0016841685354573525,validation
0.0038,1694,362712,82767,1,364406,2002.2307692307693,0.004648661108763302,0.9994100294985251,0.1857932697164176,0.009254276825247678,0.18887726030583174,0.0017214235434887487,validation
0.0039,1694,361279,84200,1,362973,1994.357142857143,0.004667013799924512,0.9994100294985251,0.18901003189824886,0.009290642447376792,0.1920818294444668,0.001758204389806844,validation
0.004,1694,359818,85661,1,361512,1986.3296703296703,0.004685874881055124,0.9994100294985251,0.1922896477723978,0.0093280140525926,0.19534901403033272,0.0017960026949172822,validation
0.0041,1693,358351,87128,2,360044,1978.2637362637363,0.004702203064069947,0.9988200589970502,0.19558273229490056,0.009360339913584103,0.19862737994606128,0.0018287187261112308,validation
0.0042,1693,356979,88500,2,358672,1970.7252747252746,0.004720190034348932,0.9988200589970502,0.1986625632184682,0.009395976879126001,0.20169553686037203,0.001864762646419785,validation
0.0043,1693,355585,89894,2,357278,1963.065934065934,0.004738606911144823,0.9988200589970502,0.20179177918599978,0.009432464280043346,0.20481289162607844,0.001901666703435515,validation
0.0044,1693,354258,91221,2,355951,1955.7747252747254,0.004756272633030951,0.9988200589970502,0.204770595246914,0.009467462239197418,0.20778041657162535,0.0019370643008127166,validation
0.0045,1693,352918,92561,2,354611,1948.4120879120878,0.004774245581778343,0.9988200589970502,0.2077785933792614,0.009503067587972137,0.21077701297481516,0.001973076213810164,validation
0.0046,1693,351599,93880,2,353292,1941.1648351648353,0.0047920700157376905,0.9988200589970502,0.21073945124237056,0.009538377461709865,0.21372664779258185,0.0020087892681670146,validation
0.0047,1693,350346,95133,2,352039,1934.2802197802198,0.004809126261578972,0.9988200589970502,0.21355215397358798,0.009572164394714672,0.21652868905616157,0.0020429619832864746,validation
0.0048,1693,349071,96408,2,350764,1927.2747252747254,0.004826607063438665,0.9988200589970502,0.2164142417487693,0.009606791144501912,0.21937992817113697,0.002077984095127055,validation
0.0049,1693,347808,97671,2,349501,1920.3351648351647,0.004844049087127075,0.9988200589970502,0.21924939222724305,0.009641339878586317,0.222204332094442,0.0021129272912524446,validation
0.005,1693,346579,98900,2,348272,1913.5824175824175,0.004861143014655212,0.9988200589970502,0.22200822036504528,0.009675197947235025,0.224952702974681,0.0021471719272746896,validation
0.0051,1693,345365,100114,2,347058,1906.9120879120878,0.004878147168484806,0.9988200589970502,0.22473337688196302,0.00970887705625471,0.22766752986533206,0.0021812355516371276,validation
0.0052,1693,344150,101329,2,345843,1900.2362637362637,0.004895284854688399,0.9988200589970502,0.22746077817360638,0.009742819490242792,0.23038459302195566,0.0022155654984798495,validation
0.0053,1693,342978,102501,2,344671,1893.7967032967033,0.004911930507643521,0.9988200589970502,0.23009165415204758,0.009775786306970085,0.23300549674176046,0.002248908681136226,validation
0.0054,1693,341756,103723,2,343449,1887.0824175824175,0.004929407277354134,0.9988200589970502,0.23283476886677038,0.00981039797881464,0.23573821376019177,0.002283915488365599,validation
0.0055,1693,340571,104908,2,342264,1880.5714285714287,0.004946474066802235,0.9988200589970502,0.23549482691664478,0.009844196546681437,0.2383881889376395,0.0023180999000794473,validation
0.0056,1693,339457,106022,2,341150,1874.4505494505495,0.004962626410669794,0.9988200589970502,0.23799550596099928,0.009876183114818651,0.24087938923103758,0.002350451618169091,validation
0.0057,1693,338364,107115,2,340057,1868.4450549450548,0.004978577120894438,0.9988200589970502,0.2404490447361155,0.009907769376623986,0.24332362793901255,0.00238239845237286,validation
0.0058,1693,337267,108212,2,338960,1862.4175824175825,0.004994689638895445,0.9988200589970502,0.24291156261013425,0.009939675037794837,0.24577681171087765,0.0024146683242053167,validation
0.0059,1693,336171,109308,2,337864,1856.3956043956043,0.005010891956526886,0.9988200589970502,0.2453718357094274,0.009971757485444356,0.2482277592167702,0.00244711699263643,validation
0.006,1693,335116,110363,2,336809,1850.598901098901,0.005026587769329204,0.9988200589970502,0.24774007304496956,0.010002836007846289,0.250587019817789,0.0024785502684328137,validation
0.0061,1693,334063,111416,2,335756,1844.8131868131868,0.005042352184324331,0.9988200589970502,0.2501038208310605,0.010034049387911134,0.2529418078868628,0.0025101199337383257,validation
0.0062,1693,333040,112439,2,334733,1839.1923076923076,0.005057762455449567,0.9988200589970502,0.2524002253753825,0.010064560619211243,0.25522950797676075,0.0025409794283160056,validation
0.0063,1693,331982,113497,2,333675,1833.3791208791208,0.005073799355660448,0.9988200589970502,0.25477519703510154,0.010096311536511911,0.25759547737569716,0.0025730927513531107,validation
0.0064,1693,330982,114497,2,332675,1827.8846153846155,0.0050890508754790715,0.9988200589970502,0.25701997176073393,0.010126506564584145,0.25983174334822684,0.0026036324189707134,validation
0.0065,1693,330006,115473,2,331699,1822.521978021978,0.005104025034745357,0.9988200589970502,0.25921087189295117,0.010156151580412364,0.2620143389374159,0.0026336157897624423,validation
0.0066,1693,329035,116444,2,330728,1817.1868131868132,0.005119010183594978,0.9988200589970502,0.2613905481515402,0.010185817467503753,0.2641857531967422,0.002663620263227807,validation
0.0067,1693,328076,117403,2,329769,1811.9175824175825,0.005133896758033654,0.9988200589970502,0.26354328711342173,0.010215287331354234,0.2663303322643982,0.0026934264694356154,validation
0.0068,1693,327122,118357,2,328815,1806.6758241758241,0.005148791873850037,0.9988200589970502,0.26568480220167506,0.010244773229251762,0.26846373000219154,0.0027232488859656352,validation
0.0069,1693,326161,119318,2,327854,1801.3956043956043,0.005163883923941755,0.9988200589970502,0.2678420307130078,0.010274648079648247,0.2706127816017926,0.002753464687199289,validation
0.007,1693,325245,120234,2,326938,1796.3626373626373,0.005178351858762212,0.9988200589970502,0.2698982443616871,0.010303286644980874,0.2726612012326298,0.0027824300876151315,validation
0.0071,1693,324299,121180,2,325992,1791.1648351648353,0.005193378978625243,0.9988200589970502,0.2720218012521353,0.010333031215763825,0.27477670884264294,0.0028125141089540198,validation
0.0072,1693,323354,122125,2,325047,1785.9725274725274,0.005208477543247592,0.9988200589970502,0.27414311336785796,0.010362916307055723,0.2768899801866835,0.002842740247556071,validation
0.0073,1693,322408,123071,2,324101,1780.7747252747254,0.0052236802725076446,0.9988200589970502,0.2762666702583062,0.010393006666748517,0.2790054877966966,0.002873173990093323,validation
0.0074,1693,321496,123983,2,323189,1775.7637362637363,0.005238420862096173,0.9988200589970502,0.278313904808083,0.010422181455534899,0.2810449623636437,0.002902681706795754,validation
0.0075,1693,320565,124914,2,322258,1770.6483516483515,0.005253554605316237,0.9988200589970502,0.28040379007764676,0.010452133488499873,0.28312692598406886,0.0029329755303447577,validation
0.0076,1693,319678,125801,2,321371,1765.7747252747254,0.0052680546782379245,0.9988200589970502,0.2823949052592827,0.010480830542365956,0.2851104939017027,0.002962000047386632,validation
0.0077,1693,318809,126670,2,320502,1761,0.005282338331742079,0.9988200589970502,0.28434561449585727,0.010509098470811334,0.28705380903183103,0.002990590536013781,validation
0.0078,1693,317924,127555,2,319617,1756.1373626373627,0.005296964804750686,0.9988200589970502,0.2863322401280419,0.010538044019519967,0.2890329044175198,0.0030198663707007045,validation
0.0079,1693,317043,128436,2,318736,1751.2967032967033,0.005311605843080167,0.9988200589970502,0.2883098866613241,0.010567017548239716,0.2910030547393185,0.0030491704981775018,validation
0.008,1693,316161,129318,2,317854,1746.4505494505495,0.005326344799813751,0.9988200589970502,0.29028977796933186,0.010596183996820519,0.2929754413270897,0.00307866974024464,validation
0.0081,1693,315311,130168,2,317004,1741.7802197802198,0.005340626616698843,0.9988200589970502,0.2921978364861194,0.010624445009240695,0.29487626740373996,0.003107253208714261,validation
0.0082,1693,314442,131037,2,316135,1737.0054945054944,0.005355307068182897,0.9988200589970502,0.294148545722694,0.010653494006229747,0.29681958253386825,0.003136633646159527,validation
0.0083,1693,313574,131905,2,315267,1732.2362637362637,0.005370051416735656,0.9988200589970502,0.29609701018454293,0.010682668584877684,0.29876066139802404,0.003166141091543876,validation
0.0084,1693,312760,132719,2,314453,1727.7637362637363,0.005383952450763707,0.9988200589970502,0.2979242568112077,0.010710173716107645,0.3005809818996632,0.003193960035956091,validation
0.0085,1693,311908,133571,2,313601,1723.0824175824175,0.005398579723916697,0.9988200589970502,0.2998368048774465,0.010739114990358269,0.30248628050825854,0.0032232315023996484,validation
0.0086,1693,311070,134409,2,312763,1718.478021978022,0.005413044381848237,0.9988200589970502,0.30171792609752646,0.010767733687805684,0.3043602713932384,0.0032521767053770535,validation
0.0087,1693,310252,135227,2,311945,1713.9835164835165,0.005427238776066294,0.9988200589970502,0.3035541518230938,0.010795816860094376,0.3061895369587677,0.0032805802673280607,validation
0.0088,1693,309470,136009,2,311163,1709.6868131868132,0.005440878253519859,0.9988200589970502,0.30530956565853834,0.01082280139871763,0.307938296949286,0.0033078726559954545,validation
0.0089,1693,308663,136816,2,310356,1705.2527472527472,0.005455025841291936,0.9988200589970502,0.3071210988621237,0.010850790415669234,0.30974296358911746,0.0033361809765174405,validation
0.009,1693,307871,137608,2,309564,1700.901098901099,0.005468982181390601,0.9988200589970502,0.30889896044482457,0.010878400303284403,0.31151408623936094,0.0033641058365928072,validation
0.0091,1693,307105,138374,2,308798,1696.6923076923076,0.005482548462101438,0.9988200589970502,0.31061845788465897,0.01090523779924185,0.3132270659743187,0.003391249487947177,validation
0.0092,1693,306359,139120,2,308052,1692.5934065934066,0.005495825380130628,0.9988200589970502,0.31229305982998073,0.010931502161441434,0.3148953203898259,0.0034178134619842026,validation
0.0093,1692,305575,139904,3,307267,1688.2802197802198,0.005506611513764902,0.9982300884955753,0.3140529632148766,0.01095280325735851,0.31664631664631665,0.0034393822144277043,validation
0.0094,1692,304789,140690,3,306481,1683.9615384615386,0.005520733748584741,0.9982300884955753,0.3158173561492236,0.010980738279424744,0.318404021700725,0.003467635958207314,validation
0.0095,1692,303997,141482,3,305689,1679.60989010989,0.005535037243734645,0.9982300884955753,0.3175952177319245,0.011009031049111209,0.3201751443509685,0.003496251525135085,validation
0.0096,1692,303237,142242,3,304929,1675.434065934066,0.005548832679082672,0.9982300884955753,0.31930124652340514,0.011036318096430808,0.3218747064900911,0.003523849889361924,validation
0.0097,1692,302461,143018,3,304153,1671.1703296703297,0.005562989679536286,0.9982300884955753,0.3210431917104959,0.011064319531270433,0.3236100488847742,0.0035521707855384874,validation
0.0098,1692,301746,143733,3,303438,1667.2417582417581,0.005576097917861309,0.9982300884955753,0.32264820563932306,0.011090245892774624,0.3252089790551329,0.0035783929289787894,validation
0.0099,1692,300997,144482,3,302689,1663.1263736263736,0.00558989589975189,0.9982300884955753,0.32432954190882174,0.011117535744322962,0.32688394226855766,0.0036059941122742233,validation
0.01,1692,300303,145176,3,301995,1659.3131868131868,0.005602741767247802,0.9982300884955753,0.3258874155684106,0.011142941815667294,0.3284359108534933,0.0036316900193908513,validation
0.011,1691,293441,152038,4,295132,1621.6043956043957,0.005729639618882398,0.9976401179941002,0.34129105973570023,0.011393842204381676,0.3437789316910196,0.003885478123533289,validation
0.012,1690,287029,158450,5,288719,1586.368131868132,0.0058534422743220915,0.9970501474926253,0.3556845552764552,0.01163855736982377,0.3581156328409076,0.004133011100875957,validation
0.013,1690,281169,164310,5,282859,1554.1703296703297,0.005974708246865046,0.9970501474926253,0.3688389351686612,0.011878237522579195,0.37122015143993164,0.004375425458493507,validation
0.014,1689,275609,169870,6,277298,1523.6153846153845,0.006090920237434096,0.9964601769911504,0.38131988264317734,0.012107830662418054,0.3836515539812243,0.004607664649212932,validation
0.015,1688,270323,175156,7,272011,1494.565934065934,0.006205631389907026,0.9958702064896755,0.39318576184287024,0.012334402607177046,0.39547021964604384,0.004836848828049628,validation
0.016,1687,265493,179986,8,267180,1468.021978021978,0.0063140953664196425,0.9952802359882006,0.40402802376767477,0.012548582054858206,0.4062691480273898,0.005053499779648178,validation
0.017,1686,260935,184544,9,262621,1442.9725274725274,0.0064198978756458925,0.9946902654867257,0.4142597069671073,0.012757456983307857,0.4164598120642077,0.005264786327996071,validation
0.018,1685,256475,189004,10,258160,1418.4615384615386,0.006526960024790827,0.9941002949852508,0.42427140224342785,0.012968771045390697,0.42643132203571765,0.005478540468752265,validation
0.019,1685,252357,193122,10,254042,1395.8351648351647,0.006632761511875989,0.9941002949852508,0.43351538456358213,0.013177600425437069,0.43564026531059497,0.005689752318034767,validation
0.02,1684,248402,197077,11,250086,1374.098901098901,0.006733683612837184,0.9935103244837759,0.4423934686034583,0.013376704358152521,0.44448246096597743,0.0058911577877593085,validation
0.021,1683,244752,200727,12,246435,1354.0384615384614,0.006829387059468014,0.9929203539823008,0.4505868963520166,0.013565469713456655,0.45264259549973834,0.006082107343277621,validation
0.022,1682,241225,204254,13,242907,1334.6538461538462,0.006924460801870674,0.9923303834808259,0.4585042168093221,0.013752953777974013,0.4605276693188781,0.0062717615934153315,validation
0.023,1681,237761,207718,14,239442,1315.6153846153845,0.007020489304299162,0.991740412979351,0.46628011645891276,0.013942281773431698,0.4682718583817485,0.006463281419560121,validation
0.024,1681,234394,211085,14,236075,1297.1153846153845,0.007120618447527269,0.991740412979351,0.4738382729601171,0.014139714850485765,0.47580136591125605,0.006662967231376669,validation
0.025,1677,231241,214238,18,232918,1279.7692307692307,0.007199958783777982,0.9893805309734514,0.4809160476700361,0.014295883007335485,0.48284336745875206,0.0068210474894926576,validation
0.026,1676,228345,217134,19,230021,1263.8516483516485,0.007286291251668326,0.9887905604719764,0.48741691527546754,0.01446598422206494,0.48931735744922555,0.006993123743045599,validation
0.027,1674,225601,219878,21,227275,1248.7637362637363,0.0073655263447365525,0.9876106194690265,0.4935765771226029,0.014622002882473686,0.49544919874590204,0.007150990730490111,validation
0.028,1672,222824,222655,23,224496,1233.4945054945056,0.007447794170052028,0.9864306784660767,0.4998103165356841,0.014783965763447706,0.5016548368196719,0.0073148712287800675,validation
0.029,1671,220233,225246,24,221904,1219.2527472527472,0.007530283365779797,0.9858407079646018,0.5056265278497977,0.014946399581393476,0.507446765688524,0.007479195056422175,validation
0.03,1671,217645,227834,24,219316,1205.032967032967,0.007619143154170238,0.9858407079646018,0.5114360048397343,0.01512141929587215,0.5132342220254308,0.00765621435426774,validation
0.031,1669,215239,230240,26,216908,1191.8021978021977,0.007694506426687812,0.984660766961652,0.5168369328296059,0.015269689802976171,0.5186102054233922,0.007806248983909113,validation
0.032,1668,212970,232509,27,214638,1179.3296703296703,0.007771224107567159,0.984070796460177,0.5219303266820658,0.015420670910124668,0.5236820566490896,0.007958990924975479,validation
0.033,1668,210685,234794,27,212353,1166.7747252747254,0.007854845469571893,0.984070796460177,0.5270596369301359,0.015585289280908956,0.52879192439632,0.008125490559388434,validation
0.034,1666,208528,236951,29,210194,1154.9120879120878,0.007926011208692922,0.9828908554572271,0.531901616013325,0.01572521461708725,0.5336110775671216,0.00826708745854187,validation
0.035,1664,206491,238988,31,208155,1143.7087912087911,0.007994042900723019,0.9817109144542773,0.5364742221294382,0.015858946866809626,0.5381618788212195,0.00840242175209551,validation
0.036,1662,204487,240992,33,206149,1132.6868131868132,0.00806212981872335,0.9805309734513274,0.5409727506796056,0.015992763803621947,0.542638883298224,0.008537842957372851,validation
0.037,1660,202613,242866,35,204273,1122.3791208791208,0.008126379893573796,0.9793510324483776,0.5451794585154407,0.01611900877806261,0.5468251731987995,0.008665606827565136,validation
0.038,1659,200765,244714,36,202424,1112.2197802197802,0.008195668497806584,0.9787610619469026,0.5493278022084094,0.016255223668546287,0.5509555564500619,0.008803418011616587,validation
0.039,1659,198940,246539,36,200599,1102.1923076923076,0.008270230659175768,0.9787610619469026,0.5534245160826885,0.016401870544850563,0.5550367418499287,0.008951742831265829,validation
0.04,1659,197166,248313,36,198825,1092.4450549450548,0.008344021124104112,0.9787610619469026,0.5574067464459604,0.016546977857570318,0.5590038776851963,0.009098510304454915,validation
0.041,1659,195478,250001,36,197137,1083.1703296703297,0.008415467416060913,0.9787610619469026,0.5611959261828279,0.016687454735656235,0.5627786946468265,0.009240594208266423,validation
0.042,1659,193872,251607,36,195531,1074.3461538461538,0.00848458812157663,0.9787610619469026,0.5648010343921935,0.016823339721943355,0.5663701377987093,0.009378033541798196,validation
0.043,1659,192321,253158,36,193980,1065.8241758241759,0.008552428085369625,0.9787610619469026,0.5682826799916494,0.016956688386354925,0.5698385863221028,0.009512907399542265,validation
0.044,1659,190833,254646,36,192492,1057.6483516483515,0.008618539991272364,0.9787610619469026,0.5716229047833905,0.017086622688439492,0.573166150089227,0.009644327707715871,validation
0.045,1659,189359,256120,36,191018,1049.5494505494505,0.008685045388392716,0.9787610619469026,0.5749317027289726,0.017217312791560503,0.5764624061327358,0.009776512326289228,validation
0.046,1659,187965,257514,36,189624,1041.89010989011,0.008748892545247437,0.9787610619469026,0.5780609186965042,0.017342762611136372,0.5795797608984422,0.009903396608885827,validation
0.047,1658,186597,258882,37,188255,1034.368131868132,0.008807202995936363,0.9781710914454277,0.5811317705211694,0.01745722558568044,0.5826367364828904,0.01001920898165933,validation
0.048,1658,185220,260259,37,186878,1026.8021978021977,0.008872098374340479,0.9781710914454277,0.5842228253183652,0.017584701945665603,0.5857160747270638,0.010148143026482063,validation
0.049,1658,183942,261537,37,185600,1019.7802197802198,0.008933189655172414,0.9781710914454277,0.5870916474177234,0.017704690461571318,0.5885740226399567,0.010269503486900726,validation
0.05,1657,182733,262746,38,184390,1013.1318681318681,0.008986387548131677,0.9775811209439528,0.589805580061013,0.01780906574952307,0.5912754319347726,0.010375113633902571,validation
0.051,1656,181511,263968,39,183167,1006.4120879120879,0.009040929861820087,0.9769911504424779,0.5925486947757358,0.017916067120338414,0.5940059126872314,0.010483380338961106,validation
0.052,1655,180313,265166,40,181968,999.8241758241758,0.0090950057152906,0.976401179941003,0.5952379348970434,0.018022138372998372,0.5966827230563494,0.010590706737994547,validation
0.053,1655,179142,266337,40,180797,993.3901098901099,0.009153912952095444,0.976401179941003,0.597866566100759,0.018137781382197578,0.5993013905101817,0.010707672402500387,validation
0.054,1655,177971,267508,40,179626,986.9560439560439,0.00921358823332925,0.976401179941003,0.6004951973044745,0.018254918073471908,0.601920057964014,0.01082614872504663,validation
0.055,1655,176852,268627,40,178507,980.8076923076923,0.009271345101312554,0.976401179941003,0.6030071002224572,0.01836827560182462,0.6044224395872747,0.010940802560986248,validation
0.056,1654,175795,269684,41,177449,974.9945054945055,0.009320988002186543,0.975811209439528,0.6053798271074506,0.018465591926048318,0.6067839364542661,0.011039274857643874,validation
0.057,1653,174758,270721,42,176411,969.2912087912088,0.009370163992041313,0.9752212389380531,0.6077076584979314,0.018561979944527417,0.6091007080018069,0.011136808654540501,validation
0.058,1653,173734,271745,42,175387,963.6648351648352,0.0094248718548125,0.9752212389380531,0.6100063078169791,0.01866931703956359,0.6113906443576773,0.011245373444560666,validation
0.059,1653,172721,272758,42,174374,958.0989010989011,0.00947962425590971,0.9752212389380531,0.6122802646140446,0.018776729577608776,0.61365598178785,0.011354014449121557,validation
0.06,1653,171690,273789,42,173343,952.434065934066,0.009536006645783216,0.9752212389380531,0.6145946273561717,0.01888732732320982,0.615961572005528,0.011465876994635218,validation
0.061,1653,170729,274750,42,172382,947.1538461538462,0.00958916824262394,0.9752212389380531,0.6167518558675044,0.018991595673179113,0.6181106236051291,0.011571337672574164,validation
0.062,1652,169826,275653,43,171478,942.1868131868132,0.009633888895368502,0.9746312684365782,0.6187788874447505,0.019079186709244512,0.6201277355123509,0.011659974963005458,validation
0.063,1651,168849,276630,44,170500,936.8131868131868,0.009683284457478005,0.9740412979351032,0.6209720323516933,0.01917593426057667,0.6223103311015399,0.011757873896388422,validation
0.064,1651,167965,277514,44,169616,931.9560439560439,0.009733751532874257,0.9740412979351032,0.6229564132091524,0.019274886025999496,0.6242871902212561,0.011857957424218088,validation
0.065,1650,167107,278372,45,168757,927.2362637362637,0.009777372197894013,0.9734513274336283,0.624882429923745,0.019360289113650765,0.6262036701597141,0.011944382705224155,validation
0.066,1650,166252,279227,45,167902,922.5384615384615,0.009827161082059773,0.9734513274336283,0.6268017123141607,0.019457891354210277,0.628115677566227,0.012043101355366289,validation
0.067,1650,165343,280136,45,166993,917.5439560439561,0.009880653680094375,0.9734513274336283,0.6288422125397606,0.019562743052262164,0.6301484433352565,0.012149152300672447,validation
0.068,1649,164493,280986,46,166142,912.8681318681319,0.009925244670221859,0.9728613569321534,0.6307502710565481,0.019650017576577274,0.6320470331459342,0.012237471144849865,validation
0.069,1649,163674,281805,46,165323,908.3681318681319,0.00997441372343836,0.9728613569321534,0.6325887415568411,0.01974637464225413,0.6338785349774361,0.012334930378115857,validation
0.07,1649,162885,282594,46,164534,904.032967032967,0.010022244642444722,0.9728613569321534,0.634359868815365,0.019840100102870135,0.635642948829762,0.012429727834315427,validation
0.071,1649,162055,283424,46,163704,899.4725274725274,0.010073058691296486,0.9728613569321534,0.63622303183764,0.019939661062037862,0.6374990495869617,0.012530427456834489,validation
0.072,1648,161271,284208,47,162919,895.1593406593406,0.010115456146919635,0.9722713864306785,0.6379829352225358,0.020022598320920456,0.6392500458434525,0.0126143602899924,validation
0.073,1648,160535,284944,47,162183,891.1153846153846,0.010161360931786932,0.9722713864306785,0.6396350894206012,0.020112522730323778,0.6408959375992344,0.012705313231261204,validation
0.074,1648,159766,285713,47,161414,886.8901098901099,0.01020977114748411,0.9722713864306785,0.6413613211846125,0.0202073460078843,0.6426156261321097,0.01280122100305933,validation
0.075,1647,159039,286440,48,160686,882.8901098901099,0.010249803965497928,0.9716814159292035,0.6429932724101473,0.02028562454967022,0.6442391552281662,0.012880442520413652,validation
0.076,1647,158324,287155,48,159971,878.9615384615385,0.010295616080414575,0.9716814159292035,0.6445982863389744,0.020375341753986614,0.6458380853985249,0.01297118590599393,validation
0.077,1645,157561,287918,50,159206,874.7582417582418,0.010332525156087083,0.9705014749262537,0.646311049454632,0.020447355827496416,0.64753988380362,0.013044120062660414,validation
0.078,1643,156894,288585,52,158537,871.0824175824176,0.010363511356970298,0.9693215339233038,0.6478083141966288,0.02050776374257327,0.6490270006753524,0.013105316079070398,validation
0.079,1643,156202,289277,52,157845,867.2802197802198,0.010408945484494283,0.9693215339233038,0.6493616983067664,0.020596715557227026,0.6505744967283429,0.013195285985878023,validation
0.08,1642,155482,289997,53,157124,863.3186813186813,0.010450344950484967,0.9687315634218289,0.6509779361092217,0.020677626732317923,0.6521823719625918,0.013277172127048587,validation
0.081,1641,154786,290693,54,156427,859.489010989011,0.010490516343086552,0.968141592920354,0.652540299318262,0.020756125017391634,0.6537365768134998,0.013356618137052034,validation
0.082,1638,154106,291373,57,155744,855.7362637362637,0.010517259091843024,0.9663716814159292,0.6540667461316919,0.02080805899427715,0.6552505288769025,0.0134092949864224,validation
0.083,1637,153518,291961,58,155155,852.5,0.010550739582997648,0.9657817109144543,0.6553866736703639,0.02087344596748486,0.6565632170027774,0.013475480663930296,validation
0.084,1636,152886,292593,59,154522,849.021978021978,0.010587489160119595,0.9651917404129794,0.6568053712969635,0.020945223631230917,0.6579743008314437,0.01354813059185647,validation
0.085,1635,152244,293235,60,153879,845.489010989011,0.010625231513071959,0.9646017699115044,0.6582465166708195,0.021018936326121333,0.6594077473198352,0.013622738081978543,validation
0.086,1635,151614,293865,60,153249,842.0274725274726,0.010668911379519605,0.9646017699115044,0.6596607247479679,0.0211043990086741,0.660816594882529,0.01370918016487374,validation
0.087,1634,151016,294463,61,152650,838.7362637362637,0.010704225352112675,0.9640117994100295,0.6610031000338961,0.021173345427451487,0.6621516456681292,0.013778967262425026,validation
0.088,1633,150406,295073,62,152039,835.3791208791209,0.010740665224054355,0.9634218289085545,0.6623724126165319,0.021244487231191538,0.6635135316453997,0.013850975257469587,validation
0.089,1633,149821,295658,62,151454,832.1648351648352,0.010782151676416602,0.9634218289085545,0.6636856058310269,0.021325637124630262,0.6648217472393296,0.013933055361122696,validation
0.09,1633,149232,296247,62,150865,828.9285714285714,0.01082424684320419,0.9634218289085545,0.6650077781444244,0.021407970634504458,0.6661389078971497,0.014016332594876977,validation
0.091,1633,148684,296795,62,150317,825.9175824175824,0.0108637080303625,0.9634218289085545,0.6662379146940709,0.02148514590953346,0.6673643816500959,0.014094392419663,validation
0.092,1632,148108,297371,63,149740,822.7472527472528,0.01089889141178042,0.9628318584070796,0.6675309049360352,0.021553801961237493,0.6686502345843005,0.014163886949577972,validation
0.093,1631,147556,297923,64,149187,819.7087912087912,0.01093258796007695,0.9622418879056047,0.6687700205845842,0.02161954374942008,0.6698824171351644,0.014230434151525632,validation
0.094,1631,146961,298518,64,148592,816.4395604395604,0.010976364811026165,0.9622418879056047,0.6701056615463356,0.021705137503576492,0.6712129953888195,0.014317009197287067,validation
0.095,1630,146424,299055,65,148054,813.4835164835165,0.011009496535048024,0.9616519174041298,0.6713111055740001,0.021769761400743912,0.6724116339500955,0.014382426183398482,validation
0.096,1630,145922,299557,65,147552,810.7252747252747,0.011046952938625027,0.9616519174041298,0.6724379824862676,0.02184298511862885,0.6735342394683054,0.014456489463416067,validation
0.097,1629,145385,300094,66,147014,807.7692307692307,0.011080577359979322,0.9610619469026549,0.6736434265139322,0.021908559670228433,0.6747328780295814,0.014522868473295989,validation
0.098,1628,144876,300603,67,146504,804.967032967033,0.011112324578168515,0.96047197640118,0.6747860168492791,0.0219704586400718,0.6758689011436264,0.0145855300841383,validation
0.099,1626,144316,301163,69,145942,801.8791208791209,0.011141412341889244,0.95929203539823,0.6760430906956333,0.022026998652099408,0.677116737556298,0.014642824699369617,validation
0.1,1625,143795,301684,70,145420,799.010989010989,0.011174528950625774,0.9587020648967551,0.6772126183276878,0.022091561023688953,0.6782795958620135,0.014708181127747803,validation
0.11,1620,139036,306443,75,140656,772.8351648351648,0.011517461039699693,0.9557522123893806,0.6878955012469724,0.022760640950889,0.6889108042954197,0.015385212606458924,validation
0.12,1610,134653,310826,85,136263,748.6978021978022,0.01181538642184599,0.9498525073746312,0.6977343488694192,0.023340436944577336,0.6986899953932921,0.015972234273846468,validation
0.13,1599,130661,314818,96,132260,726.7032967032967,0.012089823075759867,0.9433628318584071,0.7066954895741437,0.023873688925385387,0.7075925702299328,0.016512267334848115,validation
0.14,1591,126825,318654,104,128416,705.5824175824176,0.012389421878893596,0.9386430678466077,0.7153064454216697,0.024456041380052418,0.7161529963727766,0.017101818142397238,validation
0.15,1585,123394,322085,110,124979,686.6978021978022,0.012682130597940454,0.9351032448377581,0.7230082675053146,0.02502486698138529,0.7238122073286909,0.017677583965217968,validation
0.16,1575,120196,325283,120,121771,669.0714285714286,0.01293411403371903,0.9292035398230089,0.730187057077887,0.025513096722984463,0.7309414232491156,0.01817210022464506,validation
0.17,1568,117062,328417,127,118630,651.8131868131868,0.013217567225828205,0.9250737463126844,0.737222181068019,0.026062746727612714,0.7379342269452159,0.01872857684834423,validation
0.18,1565,114107,331372,130,115672,635.5604395604396,0.01352963552112871,0.9233038348082596,0.7438554903822627,0.02666848432694028,0.7445356840961237,0.019341535200845594,validation
0.19,1558,111364,334115,137,112922,620.4505494505495,0.013797134305095552,0.9191740412979351,0.7500129074546724,0.027186194020084282,0.750654107796965,0.019865736076577597,validation
0.2,1551,108652,336827,144,110203,605.510989010989,0.014074027022857817,0.9150442477876106,0.7561007365105875,0.027721675096963303,0.7567032072526578,0.020407935302053506,validation
0.21,1546,106112,339367,149,107658,591.5274725274726,0.01436028906351595,0.912094395280236,0.7618024643136938,0.028275401680795224,0.7623721414930206,0.020968463370218498,validation
0.22,1539,103604,341875,156,105143,577.7087912087912,0.014637208373358189,0.9079646017699115,0.7674323593255798,0.028809973979295758,0.7679650426903174,0.021509782410642025,validation
0.23,1532,101207,344272,163,102739,564.5,0.014911572041775761,0.9038348082595871,0.7728130843429207,0.029339104123178278,0.7733097183646634,0.022045617806043267,validation
0.24,1527,98775,346704,168,100302,551.1098901098901,0.015224023449183466,0.9008849557522124,0.7782723764756588,0.02994205711932704,0.778737135879993,0.02265599614746165,validation
0.25,1516,96532,348947,179,98048,538.7252747252747,0.01546181462140992,0.8943952802359882,0.7833074061852523,0.030398123176563766,0.7837284815306793,0.023118289699719453,validation
0.26,1509,94132,351347,186,95641,525.5,0.01577775221923652,0.8902654867256637,0.78869486552677,0.031005999835620943,0.7890798660029429,0.023733863836563306,validation
0.27,1499,91932,353547,196,93431,513.3571428571429,0.016043925463711188,0.8843657817109144,0.7936333699231614,0.0315160944431596,0.793977288482783,0.02425080169017815,validation
0.28,1493,89707,355772,202,91200,501.0989010989011,0.01637061403508772,0.8808259587020649,0.7986279936876934,0.0321438182894666,0.7989395626758264,0.02488642168872018,validation
0.29,1484,87538,357941,211,89022,489.13186813186815,0.016670036620161307,0.8755162241887906,0.8034969100675902,0.03271713129843359,0.8037698971764906,0.025467294339532678,validation
0.3,1479,85458,360021,216,86937,477.6758241758242,0.017012319265675143,0.8725663716814159,0.8081660414969056,0.033373950717573785,0.8084101490694897,0.02613230601410458,validation
0.31,1470,83380,362099,225,84850,466.2087912087912,0.017324690630524456,0.8672566371681416,0.8128306833767697,0.033970766653186206,0.8130369833666536,0.026737021206156383,validation
0.32,1457,81293,364186,238,82750,454.6703296703297,0.017607250755287008,0.8595870206489675,0.8175155282291645,0.034507667712712416,0.8176749989936803,0.02728156110283766,validation
0.33,1448,79276,366203,247,80724,443.53846153846155,0.01793766413953719,0.8542772861356932,0.8220432388507651,0.035137528967835084,0.82216542106652,0.02791979976686902,validation
0.34,1438,77195,368284,257,78633,432.04945054945057,0.018287487441659353,0.848377581120944,0.8267146150548061,0.03580320685190718,0.826796727895629,0.028594429129251704,validation
0.35,1426,75237,370242,269,76663,421.22527472527474,0.01860088960776385,0.8412979351032448,0.8311098839675944,0.03639704943975089,0.8311485014781718,0.02919664501883469,validation
0.36,1418,73358,372121,277,74776,410.85714285714283,0.018963303733818337,0.8365781710914454,0.8353278156770577,0.037085954152554564,0.8353325551127749,0.029894652398074404,validation
0.37,1410,71503,373976,285,72913,400.6208791208791,0.019338115288083057,0.831858407079646,0.8394918727931059,0.03779755522196011,0.8394629383640373,0.030615665697661443,validation
0.38,1403,69640,375839,292,71043,390.34615384615387,0.019748602958771448,0.8277286135693215,0.843673888106959,0.03857680992053672,0.8436134480090524,0.031405057514862715,validation
0.39,1390,67768,377711,305,69158,379.989010989011,0.020098903959050292,0.8200589970501475,0.8478761063933429,0.039236165017712724,0.8477706664519852,0.032073914130484,validation
0.4,1380,65931,379548,315,67311,369.84065934065933,0.020501849623389936,0.8141592920353983,0.8519997575643297,0.03999652204156161,0.8518563243837969,0.03284466915413031,validation
0.41,1371,64156,381323,324,65527,360.03846153846155,0.02092267309658614,0.8088495575221238,0.8559842327023272,0.040790217488322275,0.8558055700912843,0.033649088625733674,validation
0.42,1359,62366,383113,336,63725,350.1373626373626,0.021326010200078464,0.8017699115044248,0.8600023794612092,0.04154692754509324,0.8597816509904422,0.03441655420724221,validation
0.43,1346,60539,384940,349,61885,340.0274725274725,0.021750020198755757,0.7941002949852507,0.8641035828849396,0.042340358603334384,0.8638382374646111,0.03522141288713536,validation
0.44,1329,58792,386687,366,60121,330.33516483516485,0.022105420734851382,0.784070796460177,0.8680252043306194,0.04299857642034425,0.8677069775970875,0.03589012530380881,validation
0.45,1312,57101,388378,383,58413,320.95054945054943,0.022460753599370005,0.7740412979351032,0.8718211183916638,0.043654754774738805,0.8714504868351022,0.03655691071857719,validation
0.46,1298,55408,390071,397,56706,311.57142857142856,0.022889994004161817,0.7657817109144542,0.8756215220021595,0.04445129364223215,0.8752051774029797,0.03736542100971136,validation
0.47,1287,53708,391771,408,54995,302.1703296703297,0.023402127466133286,0.7592920353982301,0.8794376390357346,0.04540483330393368,0.8789822306305822,0.03833246518158225,validation
0.48,1280,51978,393501,415,53258,292.6263736263736,0.024033947951481466,0.7551622418879056,0.8833210993110786,0.04658526377085873,0.8828353169012509,0.03952857359843541,validation
0.49,1269,50282,395197,426,51551,283.24725274725273,0.024616399293903125,0.7486725663716814,0.8871282372457512,0.04766555234195996,0.8866034250649635,0.040624102931643084,validation
0.5,1253,48556,396923,442,49809,273.6758241758242,0.02515609628781947,0.7392330383480826,0.8910027184221927,0.04865641503572538,0.8904274398779893,0.041630172298066356,validation
0.51,1244,46869,398610,451,48113,264.35714285714283,0.025855797809323882,0.7339233038348083,0.8947896533843346,0.04995181496948281,0.8941798941798942,0.0429433300675134,validation
0.52,1233,45179,400300,462,46412,255.01098901098902,0.02656640524002413,0.727433628318584,0.8985833226706534,0.05126073128650716,0.8979345847477715,0.04427068470281338,validation
0.53,1222,43547,401932,473,44769,245.9835164835165,0.02729567334539525,0.7209439528023599,0.9022467950228855,0.05259986225895316,0.9015595718892422,0.04562876254340778,validation
0.54,1202,41955,403524,493,43157,237.12637362637363,0.02785179692749728,0.7091445427728613,0.9058204763860923,0.05359850173905289,0.9050749819980589,0.04664429564209521,validation
0.55,1191,40422,405057,504,41613,228.64285714285714,0.028620863672410065,0.7026548672566372,0.9092617160404868,0.05500138542532558,0.9084785788082491,0.048067282147595335,validation
0.56,1177,38879,406600,518,40056,220.0879120879121,0.02938386259237068,0.6943952802359882,0.9127254034421376,0.05638188306866901,0.9118978294802471,0.04946850413451305,validation
0.57,1162,37349,408130,533,38511,211.5989010989011,0.03017319726831295,0.6855457227138643,0.9161599087723552,0.0578023180619808,0.9152857724286295,0.050910652717548424,validation
0.58,1142,35853,409626,553,36995,203.26923076923077,0.03086903635626436,0.6737463126843658,0.9195180917619012,0.05903334194882398,0.9185865010040835,0.05216263730206994,validation
0.59,1120,34449,411030,575,35569,195.43406593406593,0.03148809356462088,0.6607669616519174,0.9226697554766892,0.06011163589523401,0.9216770205781195,0.053260925002460144,validation
0.6,1109,33025,412454,586,34134,187.54945054945054,0.03248959981250366,0.6542772861356932,0.9258663146859897,0.06190516062407547,0.924836864397304,0.05508066774020516,validation
0.61,1099,31636,413843,596,32735,179.86263736263737,0.03357262868489384,0.6483775811209439,0.9289843067798931,0.0638396747022945,0.9279206751734225,0.057043096462779344,validation
0.62,1087,30284,415195,608,31371,172.36813186813185,0.034649835835644384,0.6412979351032448,0.9320192422089482,0.06574729329220347,0.9309172715766122,0.05897915696404268,validation
0.63,1061,28898,416581,634,29959,164.6098901098901,0.03541506725858674,0.6259587020648968,0.9351304999786746,0.06703734125229038,0.9339585932992527,0.06029495814701846,validation
0.64,1039,27671,417808,656,28710,157.74725274725276,0.036189481017067225,0.6129793510324484,0.9378848385670256,0.06834402236474264,0.9366532937961509,0.061626843479248274,validation
0.65,1026,26406,419073,669,27432,150.72527472527472,0.03740157480314961,0.6053097345132743,0.9407244785949506,0.07045009784735812,0.9394530987937582,0.06376558951098074,validation
0.66,999,25114,420365,696,26113,143.47802197802199,0.038256806954390536,0.5893805309734513,0.9436247275404677,0.07184982738780207,0.9422819752490083,0.06519508643939137,validation
0.67,984,23917,421562,711,24901,136.8186813186813,0.03951648528171559,0.5805309734513274,0.9463117228870497,0.07399608963753948,0.9449252416285383,0.06737651681239458,validation
0.68,959,22707,422772,736,23666,130.03296703296704,0.04052226823290797,0.5657817109144543,0.9490279003050649,0.07562793265249793,0.947575216805986,0.0690420848721168,validation
0.69,926,21471,424008,769,22397,123.06043956043956,0.0413448229673617,0.5463126843657817,0.9518024418659465,0.07687199070230782,0.9502654447709393,0.07031999445500736,validation
0.7,915,20370,425109,780,21285,116.95054945054945,0.04298801973220578,0.5398230088495575,0.9542739388388678,0.07963446475195822,0.9527029746809966,0.0731261671214902,validation
0.71,887,19294,426185,808,20181,110.88461538461539,0.043952232297705764,0.5233038348082596,0.9566893164436483,0.08109343572865241,0.9550465814202078,0.07462175315509308,validation
0.72,868,18176,427303,827,19044,104.63736263736264,0.04557865994538962,0.512094395280236,0.9591989745869053,0.08370702541106127,0.9575042377240179,0.07728367344053745,validation
0.73,847,17097,428382,848,17944,98.5934065934066,0.04720240748996879,0.49970501474926254,0.9616210865158628,0.08625693772595344,0.9598702071229543,0.07988361650354237,validation
0.74,822,16055,429424,873,16877,92.73076923076923,0.04870533862653315,0.4849557522123894,0.9639601417799717,0.08852035321990094,0.962144489617017,0.08219756061332148,validation
0.75,800,15039,430440,895,15839,87.02747252747253,0.050508239156512404,0.471976401179941,0.9662408329012142,0.09125128322117029,0.9643673379937117,0.08498517282665363,validation
0.76,778,14099,431380,917,14877,81.74175824175825,0.052295489682059555,0.45899705014749265,0.9683509211433087,0.09389331402365435,0.9664202301564939,0.0876845000828972,validation
0.77,757,13142,432337,938,13899,76.36813186813187,0.05446434995323404,0.44660766961651915,0.9704991705557389,0.09708862382967806,0.9685133751067817,0.09094621444295316,validation
0.78,724,12251,433228,971,12975,71.29120879120879,0.05579961464354528,0.4271386430678466,0.9724992648362774,0.09870483980913428,0.9704320913112122,0.09262083978625744,validation
0.79,692,11369,434110,1003,12061,66.26923076923077,0.057375010363983084,0.40825958702064896,0.9744791561442852,0.10061064262867112,0.9723329173878624,0.09459255697827477,validation
0.8,669,10539,434940,1026,11208,61.582417582417584,0.05968950749464668,0.39469026548672564,0.97634231916656,0.10369681469425715,0.9741375840276939,0.09775546879807807,validation
0.81,645,9687,435792,1050,10332,56.76923076923077,0.0624274099883856,0.3805309734513274,0.9782548672327989,0.10725866799700673,0.9759892122529485,0.10140654437644513,validation
0.82,615,8897,436582,1080,9512,52.26373626373626,0.06465517241379311,0.36283185840707965,0.9800282392660484,0.10975283305077184,0.9776887743920711,0.10398756291425118,validation
0.83,587,8096,437383,1108,8683,47.70879120879121,0.06760336289300933,0.3463126843657817,0.98182630382128,0.1131239159761033,0.9794174079888366,0.1074627532671595,validation
0.84,554,7309,438170,1141,7863,43.2032967032967,0.0704565687396668,0.32684365781710917,0.9835929415303527,0.11592383343795773,0.981103552532124,0.11037564674567296,validation
0.85,530,6584,438895,1165,7114,39.08791208791209,0.07450098397526005,0.31268436578171094,0.9852204032064362,0.12033147916903165,0.9826711749788672,0.11491276200228952,validation
0.86,503,5866,439613,1192,6369,34.994505494505496,0.07897629141152457,0.2967551622418879,0.9868321514594403,0.12475198412698411,0.9842164347658853,0.11947988991176961,validation
0.87,469,5202,440277,1226,5671,31.15934065934066,0.08270146358666902,0.2766961651917404,0.9883226818772602,0.12734184089057834,0.985625282328579,0.12221868681084704,validation
0.88,433,4565,440914,1262,4998,27.46153846153846,0.08663465386154462,0.25545722713864305,0.989752603377488,0.12938891379052742,0.9869692781780693,0.12443226290780389,validation
0.89,403,3951,441528,1292,4354,23.923076923076923,0.09255856683509417,0.2377581120943953,0.9911308950590264,0.13324516448999835,0.9882752575060267,0.1284896165979966,validation
0.9,364,3378,442101,1331,3742,20.560439560439562,0.09727418492784608,0.21474926253687315,0.9924171509768137,0.1338973698730918,0.9894694235353576,0.12935472431957565,validation
0.905,346,3129,442350,1349,3475,19.093406593406595,0.09956834532374101,0.20412979351032448,0.9929760998834962,0.13384912959381046,0.989986000975012,0.12941304750936064,validation
0.91,323,2894,442585,1372,3217,17.675824175824175,0.10040410320174076,0.1905604719764012,0.9935036219440198,0.13151465798045603,0.9904600893611882,0.12718114626124957,validation
0.915,304,2627,442852,1391,2931,16.104395604395606,0.10371886728079154,0.17935103244837758,0.9941029767957636,0.1314310419368785,0.9910146833223756,0.12723897035624773,validation
0.92,284,2367,443112,1411,2651,14.565934065934066,0.1071293851376839,0.16755162241887905,0.994686618224428,0.13069489185457892,0.9915513871557827,0.12665631507658193,validation
0.925,261,2113,443366,1434,2374,13.043956043956044,0.10994102780117944,0.15398230088495576,0.9952567910047387,0.12828704841484392,0.9920679645954371,0.12441433982471947,validation
0.93,242,1865,443614,1453,2107,11.576923076923077,0.11485524442335074,0.14277286135693215,0.9958134951366956,0.12730142030510258,0.9925800695031465,0.12361955194600527,validation
0.935,224,1653,443826,1471,1877,10.313186813186814,0.11933937133724028,0.13215339233038348,0.9962893873785297,0.12541993281075028,0.9930139051018172,0.12192201933372182,validation
0.94,200,1430,444049,1495,1630,8.956043956043956,0.12269938650306748,0.11799410029498525,0.9967899721423457,0.12030075187969924,0.9934589220303506,0.1170192675443129,validation
0.945,179,1195,444284,1516,1374,7.549450549450549,0.13027656477438138,0.1056047197640118,0.9973174942028693,0.11665037471489084,0.993937482948472,0.11364206785769713,validation
0.95,162,972,444507,1533,1134,6.230769230769231,0.14285714285714285,0.09557522123893805,0.9978180789666853,0.11452810180275716,0.9943981537388131,0.11182912103178794,validation
0.955,131,782,444697,1564,913,5.016483516483516,0.14348302300109528,0.07728613569321534,0.9982445861645555,0.10046012269938649,0.9947537200284453,0.09806647144353825,validation
0.96,102,577,444902,1593,679,3.730769230769231,0.15022091310751104,0.06017699115044248,0.9987047649833101,0.08593091828138164,0.9951473028396105,0.08394466823569462,validation
0.965,85,390,445089,1610,475,2.60989010989011,0.17894736842105263,0.05014749262536873,0.9991245378570034,0.07834101382488479,0.9955274680549406,0.07680904979579552,validation
0.97,57,254,445225,1638,311,1.7087912087912087,0.1832797427652733,0.033628318584070796,0.9994298272196893,0.056829511465603194,0.9957689847799738,0.05571968890612414,validation
0.975,35,135,445344,1660,170,0.9340659340659341,0.20588235294117646,0.02064896755162242,0.9996969554120396,0.03753351206434316,0.9959859025793092,0.03686796454742817,validation
0.98,18,53,445426,1677,71,0.3901098901098901,0.2535211267605634,0.010619469026548672,0.9998810269395415,0.020385050962627407,0.9961312598675236,0.02008638990900832,validation
0.985,3,7,445472,1692,10,0.054945054945054944,0.3,0.0017699115044247787,0.9999842865769206,0.003519061583577712,0.996200584112672,0.003474753080658876,validation
0.99,1,1,445478,1694,2,0.01098901098901099,0.5,5.899705014749262e-4,0.9999977552252743,0.0011785503830288745,0.9962095291765621,0.0011696263113935151,validation
0.991,1,1,445478,1694,2,0.01098901098901099,0.5,5.899705014749262e-4,0.9999977552252743,0.0011785503830288745,0.9962095291765621,0.0011696263113935151,validation
0.992,1,0,445479,1694,1,0.005494505494505495,1,5.899705014749262e-4,1,0.0011792452830188679,0.9962117654425346,0.001174780639332723,validation
0.993,0,0,445479,1695,0,0,NA,0,1,NA,0.9962095291765621,0,validation
0.994,0,0,445479,1695,0,0,NA,0,1,NA,0.9962095291765621,0,validation
0.995,0,0,445479,1695,0,0,NA,0,1,NA,0.9962095291765621,0,validation
0.996,0,0,445479,1695,0,0,NA,0,1,NA,0.9962095291765621,0,validation
0.997,0,0,445479,1695,0,0,NA,0,1,NA,0.9962095291765621,0,validation
0.998,0,0,445479,1695,0,0,NA,0,1,NA,0.9962095291765621,0,validation
0.999,0,0,445479,1695,0,0,NA,0,1,NA,0.9962095291765621,0,validation
1e-4,5350,1328088,713,0,1333438,2455.686924493554,0.004012185043474087,1,5.365739489961251e-4,0.007992303486436985,0.00454446310799902,4.305658676391865e-6,test
2e-4,5350,1323147,5654,0,1328497,2446.587476979742,0.004027107325044768,1,0.004254963685307281,0.008021909559342262,0.008247941949599408,3.426980363001839e-5,test
3e-4,5350,1314293,14508,0,1319643,2430.281767955801,0.004054126760040405,1,0.010918113396964631,0.008075514361207944,0.014884372158773631,8.852291305708096e-5,test
4e-4,5350,1303534,25267,0,1308884,2410.4677716390424,0.004087451599988998,1,0.01901488635243351,0.008141624703058969,0.022948676723999008,1.5543277467714426e-4,test
5e-4,5350,1292461,36340,0,1297811,2390.075506445672,0.004122325978127786,1,0.02734796256173799,0.008210804344206126,0.031248336957360897,2.2544901653964592e-4,test
6e-4,5350,1281635,47166,0,1286985,2370.1381215469614,0.00415700260686799,1,0.03549515691213357,0.008279586949204347,0.03936286072565999,2.9506338200697773e-4,test
7e-4,5350,1271297,57504,0,1276647,2351.0994475138123,0.004190665078130446,1,0.04327510289351077,0.008346353384602304,0.047111608805899784,3.626371601173503e-4,test
8e-4,5350,1261511,67290,0,1266861,2333.0773480662983,0.004223036307850664,1,0.05063963678534258,0.008410554538516017,0.05444661061603971,4.276146028454887e-4,test
9e-4,5350,1252322,76479,0,1257672,2316.1546961325967,0.004253891316654899,1,0.05755489347163345,0.008471744751872888,0.06133413684058251,4.895446668120381e-4,test
0.001,5350,1243618,85183,0,1248968,2300.125230202578,0.004283536487724265,1,0.06410515946330564,0.00853053212981078,0.06785813599809916,5.490428138308634e-4,test
0.0011,5350,1235326,93475,0,1240676,2284.854511970534,0.004312165303431355,1,0.07034537150408526,0.00858730074653338,0.0740733245337297,6.064977649539887e-4,test
0.0012,5350,1227213,101588,0,1232563,2269.913443830571,0.004340548921231612,1,0.07645087563901592,0.008643579960788843,0.08015434534771551,6.634573706892386e-4,test
0.0013,5350,1219573,109228,0,1224923,2255.843462246777,0.004367621474982509,1,0.08220041977692671,0.008697256625155554,0.0858808335788078,7.177829386811824e-4,test
0.0014,5350,1212122,116679,0,1217472,2242.1215469613257,0.0043943515744099245,1,0.08780773042765622,0.008750251467507127,0.09146565868481155,7.714184189023329e-4,test
0.0015,5350,1204905,123896,0,1210255,2228.830570902394,0.0044205559985292355,1,0.09323894247520885,0.008802201372978886,0.09687509135022947,8.239963080279545e-4,test
0.0016,5350,1198134,130667,0,1203484,2216.3609576427257,0.004445426777589067,1,0.09833451359533896,0.008851504838546898,0.10195022902205222,8.738957459882832e-4,test
0.0017,5350,1191309,137492,0,1196659,2203.7918968692447,0.004470780732021403,1,0.10347072285466372,0.008901763630721567,0.1070658418724717,9.247620379184507e-4,test
0.0018,5350,1184750,144051,0,1190100,2191.7127071823206,0.004495420552894714,1,0.10840675165054812,0.008950604374921577,0.1119820769912851,9.741931215131682e-4,test
0.0019,5350,1178318,150483,0,1183668,2179.8674033149173,0.00451984847102397,1,0.11324720556351177,0.008999022722952891,0.11680312048636174,0.0010231966841594425,test
0.002,5350,1172063,156738,0,1177413,2168.3480662983425,0.004543860140834185,1,0.11795445668689292,0.009046613734112413,0.12149149534048245,0.0010713628915266936,test
0.0021,5350,1165846,162955,0,1171196,2156.8987108655615,0.004567980081899187,1,0.12263311060121117,0.009094417047867233,0.12615138766151657,0.0011197439487721475,test
0.0022,5349,1159855,168946,1,1165204,2145.863720073665,0.004590612459277517,0.9998130841121495,0.12714168637741843,0.009139262263851132,0.13064113432437557,0.0011651380387524357,test
0.0023,5349,1153798,175003,1,1159147,2134.709023941068,0.00461460021895411,0.9998130841121495,0.13169993099041918,0.009186799107254031,0.1351811001903083,0.001213249404688423,test
0.0024,5349,1147911,180890,1,1153260,2123.8674033149173,0.0046381561833411375,0.9998130841121495,0.13613024072077007,0.009233478046970077,0.13959364419769577,0.0012604924804576906,test
0.0025,5349,1142271,186530,1,1147620,2113.480662983425,0.0046609504888377685,0.9998130841121495,0.14037466859221207,0.009278645584880786,0.14382105174002044,0.0013062058714734196,test
0.0026,5349,1136806,191995,1,1142155,2103.41620626151,0.004683252273115295,0.9998130841121495,0.14448739879033806,0.009322835194617888,0.14791728972207793,0.0013509294998221288,test
0.0027,5349,1131210,197591,1,1136559,2093.1104972375692,0.004706310891031614,0.9998130841121495,0.14869871410391775,0.009368522360363216,0.15211171748924973,0.0013971687649066095,test
0.0028,5349,1125777,203024,1,1131126,2083.1049723756905,0.004728916141968268,0.9998130841121495,0.15278736244178023,0.009413309211985117,0.15618397018028693,0.0014424968195831168,test
0.0029,5349,1120485,208316,1,1125834,2073.3591160220994,0.004751144484888536,0.9998130841121495,0.15676990008285666,0.0094573473457899,0.16015053768276605,0.0014870670929512078,test
0.003,5349,1115212,213589,1,1120561,2063.648250460405,0.004773501844165556,0.9998130841121495,0.16073813911940163,0.009501639117123824,0.16410286391870185,0.0015318940526962254,test
0.0031,5349,1110112,218689,1,1115461,2054.255985267035,0.004795326775207739,0.9998130841121495,0.16457618559889706,0.009544874202697867,0.16792551967505928,0.0015756515430016482,test
0.0032,5349,1105146,223655,1,1110495,2045.110497237569,0.004816770899463752,0.9998130841121495,0.16831338928853906,0.009587353082193315,0.17164773702526925,0.0016186436751757251,test
0.0033,5349,1100206,228595,1,1105555,2036.012891344383,0.004838293888589894,0.9998130841121495,0.17203102646671697,0.00962998636247024,0.17535046632652526,0.0016617920588366203,test
0.0034,5349,1095233,233568,1,1100582,2026.854511970534,0.0048601558084722446,0.9998130841121495,0.17577349806329165,0.009673289135317542,0.17907793045914594,0.0017056180087771573,test
0.0035,5349,1090486,238315,1,1095835,2018.1123388581952,0.004881209306145542,0.9998130841121495,0.17934589152175534,0.00971498885291754,0.18263599847393586,0.001747821521112186,test
0.0036,5349,1085788,243013,1,1091137,2009.4604051565377,0.004902225843317567,0.9998130841121495,0.18288140963169053,0.009756613621502125,0.18615733901185097,0.001789949164743799,test
0.0037,5349,1081227,247574,1,1086576,2001.0607734806629,0.004922803375005522,0.9998130841121495,0.1863138272773726,0.009797367220855627,0.18957599252258553,0.0018311951006813928,test
0.0038,5349,1076674,252127,1,1082023,1992.6758747697975,0.004943517836497006,0.9998130841121495,0.18974022445798883,0.009838390322364082,0.192988649710565,0.0018727137808515978,test
0.0039,5349,1072231,256570,1,1077580,1984.4935543278084,0.00496390059206741,0.9998130841121495,0.19308384024394926,0.009878754859501538,0.19631885746066224,0.0019135659274360215,test
0.004,5349,1067833,260968,1,1073182,1976.3941068139964,0.004984243119992695,0.9998130841121495,0.19639359091391412,0.009919038099935839,0.19961533589526223,0.001954335781947797,test
0.0041,5349,1063429,265372,1,1068778,1968.2836095764274,0.0050047811612888736,0.9998130841121495,0.1997078569326784,0.009959706850580194,0.20291631157192852,0.0019954957900901278,test
0.0042,5349,1059102,269699,1,1064451,1960.3149171270718,0.005025125628140704,0.9998130841121495,0.20296417597518365,0.009999990652467143,0.20615957264207724,0.0020362661861489076,test
0.0043,5349,1054968,273833,1,1060317,1952.7016574585634,0.005044717758934356,0.9998130841121495,0.20607525129797463,0.010038783222151008,0.2092581724257599,0.002075527324631788,test
0.0044,5349,1050813,277988,1,1056162,1945.0497237569061,0.0050645639589381175,0.9998130841121495,0.20920213034156357,0.010078077308593779,0.2123725125566746,0.002115296025053207,test
0.0045,5349,1046769,282032,1,1052118,1937.6022099447514,0.005084030498480208,0.9998130841121495,0.21224547543236347,0.010116618186082225,0.21540365370936274,0.0021543024066042154,test
0.0046,5349,1042854,285947,1,1048203,1930.3922651933701,0.005103019167088818,0.9998130841121495,0.21519174052397613,0.010154211510953887,0.21833810415762533,0.00219234977910579,test
0.0047,5349,1038929,289872,1,1044278,1923.1639042357274,0.005122199261116293,0.9998130841121495,0.21814553119692112,0.010192182373183641,0.22128005000933176,0.002230779237075436,test
0.0048,5348,1035020,293781,2,1040368,1915.963167587477,0.005140488750134568,0.9996261682242991,0.2210872809397344,0.01022837897023863,0.22420925367518368,0.0022674207051229475,test
0.0049,5348,1031119,297682,2,1036467,1908.779005524862,0.005159836251419486,0.9996261682242991,0.22402301021748178,0.010266678312985871,0.22713321055862493,0.0023061826161448556,test
0.005,5348,1027317,301484,2,1032665,1901.7771639042357,0.005178833406767926,0.9996261682242991,0.22688423624003895,0.010304282693410018,0.22998296294797216,0.0023442411596099875,test
0.0051,5348,1023570,305231,2,1028918,1894.8766114180478,0.005197693110626892,0.9996261682242991,0.22970407156526823,0.010341613585647048,0.23279149061837828,0.0023820229004137745,test
0.0052,5348,1019900,308901,2,1025248,1888.1178637200737,0.005216298885733013,0.9996261682242991,0.23246595991423846,0.010378440478246612,0.23554230368226686,0.0024192945435537994,test
0.0053,5348,1016308,312493,2,1021656,1881.5027624309391,0.00523463866506926,0.9996261682242991,0.23516914872881642,0.01041473954387803,0.2382346525992935,0.002456031974408276,test
0.0054,5347,1012801,316000,3,1018148,1875.0423572744014,0.005251692288351006,0.9994392523364486,0.23780837010206946,0.01044848157983699,0.2408625410467031,0.002490189368228883,test
0.0055,5346,1009343,319458,4,1014689,1868.6721915285452,0.005268609396573728,0.9992523364485981,0.24041071612679402,0.010481952160652681,0.24345370201723793,0.002524072072471051,test
0.0056,5346,1005946,322855,4,1011292,1862.41620626151,0.0052863070211175405,0.9992523364485981,0.24296715610539124,0.010516976477462074,0.24599989056710972,0.0025595193828084986,test
0.0057,5346,1002517,326284,4,1007863,1856.1012891344383,0.005304292349257786,0.9992523364485981,0.245547677944252,0.010552568907031394,0.2485700644080018,0.0025955416567920507,test
0.0058,5345,999098,329703,5,1004443,1849.802946593002,0.005321357209916342,0.9990654205607477,0.2481206742017804,0.010586328089024186,0.25113199330510566,0.002629716524851998,test
0.0059,5345,995759,333042,5,1001104,1843.6537753222835,0.0053391056273873645,0.9990654205607477,0.25063346580865004,0.010621449167075695,0.2536347085150032,0.002665261761224117,test
0.006,5345,992351,336450,5,997696,1837.377532228361,0.005357343319006992,0.9990654205607477,0.2531981839267129,0.010657537141865877,0.25618914200866316,0.0027017855610528344,test
0.0061,5345,989077,339724,5,994422,1831.3480662983425,0.005374981647630483,0.9990654205607477,0.2556620592549223,0.010692437875835691,0.25864313709617576,0.0027371077719187706,test
0.0062,5345,985933,342868,5,991278,1825.5580110497237,0.005392029279374706,0.9990654205607477,0.2580281020258112,0.010726168640656291,0.2609996919389185,0.00277124587508426,test
0.0063,5345,982815,345986,5,988160,1819.815837937385,0.005409043069948187,0.9990654205607477,0.2603745782852361,0.010759831305170556,0.2633367587327072,0.0028053150462627884,test
0.0064,5345,979629,349172,5,984974,1813.9484346224679,0.005426539177683878,0.9990654205607477,0.26277222849772086,0.010794447069847848,0.26572479426991397,0.0028403488174595704,test
0.0065,5345,976391,352410,5,981736,1807.9852670349908,0.005444437201039791,0.9990654205607477,0.2652090117331339,0.010829856770332068,0.26815180590502874,0.002876186101569783,test
0.0066,5345,973318,355483,5,978663,1802.3259668508288,0.005461532723726145,0.9990654205607477,0.26752162287656317,0.010863677614015261,0.27045514338332016,0.002910415333329395,test
0.0067,5345,970179,358622,5,975524,1796.5451197053408,0.005479106613471324,0.9990654205607477,0.26988390285678593,0.010898443632923291,0.2728079505243409,0.0029456011435791546,test
0.0068,5345,967248,361553,5,972593,1791.1473296500922,0.005495618413868905,0.9990654205607477,0.27208965074529595,0.010931107436731998,0.27500485327372987,0.002978659345967289,test
0.0069,5345,964246,364555,5,969591,1785.6187845303868,0.005512633677499069,0.9990654205607477,0.2743488302612656,0.010964766073023907,0.27725497338757005,0.003012724383786468,test
0.007,5344,961372,367429,6,966716,1780.3241252302025,0.00552799374376756,0.9988785046728972,0.2765116823361813,0.010995138190205193,0.27940840279698476,0.003043471511733179,test
0.0071,5344,958433,370368,6,963777,1774.9116022099447,0.005544851142951119,0.9988785046728972,0.2787234506897572,0.011028482335132548,0.28161130186912875,0.0030772182683952965,test
0.0072,5344,955661,373140,6,961005,1769.8066298342542,0.005560845156893045,0.9988785046728972,0.2808095418350829,0.011060117658624418,0.28368902770376064,0.0031092355621480466,test
0.0073,5344,952817,375984,6,958161,1764.5690607734807,0.005577350779253173,0.9988785046728972,0.28294981716600154,0.011092763860506004,0.28582072044318824,0.0031422759312127483,test
0.0074,5344,950062,378739,6,955406,1759.4953959484346,0.005593433576929599,0.9988785046728972,0.2850231148230623,0.011124572732306642,0.2878857040919656,0.003174468851954337,test
0.0075,5344,947269,381532,6,952613,1754.351749539595,0.005609833164149555,0.9988785046728972,0.287125009689186,0.011157007107790174,0.2899791702738296,0.003207294819952453,test
0.0076,5344,944518,384283,6,949862,1749.2854511970534,0.0056260804201031306,0.9988785046728972,0.2891952971137138,0.011189139164918363,0.2920411557612294,0.003239814811093892,test
0.0077,5344,941786,387015,6,947130,1744.254143646409,0.005642308869954494,0.9988785046728972,0.2912512859337102,0.011221232991768857,0.294088899982086,0.0032722961019569907,test
0.0078,5344,939158,389643,6,944502,1739.414364640884,0.005658008135504213,0.9988785046728972,0.2932290087078502,0.01125227930245975,0.29605869200712664,0.0033037172221246362,test
0.0079,5344,936537,392264,6,941881,1734.5874769797422,0.005673752841388668,0.9988785046728972,0.2952014635750575,0.011283414499736601,0.2980232372497566,0.0033352282940403988,test
0.008,5344,933961,394840,6,939305,1729.843462246777,0.005689312843006266,0.9988785046728972,0.2971400533262693,0.011314183484975999,0.2999540531768893,0.0033663687250818325,test
0.0081,5343,931372,397429,7,936715,1725.073664825046,0.005703976129345639,0.9986915887850467,0.2990884263332132,0.011343166342025233,0.30189386358815457,0.0033957100207457455,test
0.0082,5342,928750,400051,8,934092,1720.243093922652,0.005718922761355412,0.9985046728971962,0.30106163375855377,0.011372708480140338,0.3038584088307845,0.003425617389241323,test
0.0083,5342,926201,402600,8,931543,1715.548802946593,0.00573457156567115,0.9985046728971962,0.30297990444016826,0.01140365015001713,0.30576898716861883,0.0034569326131057634,test
0.0084,5341,923720,405081,9,929061,1710.9779005524863,0.005748815201585256,0.9983177570093458,0.30484700116872276,0.011431800353377689,0.3076278472226907,0.0034854312974786136,test
0.0085,5340,921283,407518,10,926623,1706.48802946593,0.005762861487357857,0.9981308411214953,0.306680985339415,0.011459559450756619,0.30945372750160965,0.0035135341925297842,test
0.0086,5340,918843,409958,10,924183,1701.9944751381215,0.005778076419929819,0.9981308411214953,0.3085172271845069,0.011489640496894677,0.3112826059419061,0.003543978426092971,test
0.0087,5339,916401,412400,11,921740,1697.4953959484346,0.00579230585631523,0.9979439252336448,0.3103549741458653,0.011517759872288558,0.313112233922547,0.003572446003182961,test
0.0088,5339,914038,414763,11,919377,1693.1436464088397,0.005807193349409437,0.9979439252336448,0.31213326901469823,0.01154719176578601,0.31488339775632596,0.003602233254496803,test
0.0089,5338,911602,417199,12,916940,1688.6556169429098,0.005821536850829935,0.9977570093457944,0.31396650062725723,0.011575534810092273,0.3167085284949005,0.003630927255143204,test
0.009,5338,909249,419552,12,914587,1684.3222836095765,0.0058365141861845835,0.9977570093457944,0.31573726991475776,0.011605142526064283,0.3184721969252356,0.003660892459869069,test
0.0091,5337,906897,421904,13,912234,1679.988950276243,0.005850472576115339,0.9975700934579439,0.31750728664412503,0.011632722453748105,0.32023436627488194,0.0036888141838847346,test
0.0092,5336,904519,424282,14,909855,1675.6077348066299,0.005864670744239467,0.9973831775700934,0.3192968698849564,0.011660775454679551,0.32201602367348225,0.003717214731841323,test
0.0093,5336,902304,426497,14,907640,1671.5285451197053,0.005878982856639196,0.9973831775700934,0.32096378615007065,0.011689065597651671,0.32367625553629237,0.003745846477625926,test
0.0094,5335,900022,428779,15,905357,1667.3241252302025,0.005892703099440331,0.997196261682243,0.32268112381011155,0.011716172160749836,0.3253859570618318,0.0037732892125974097,test
0.0095,5335,897756,431045,15,903091,1663.1510128913444,0.005907488835565851,0.997196261682243,0.32438642054002065,0.011745396784160997,0.3270844154822055,0.003802866731109765,test
0.0096,5335,895491,433310,15,900826,1658.9797421731123,0.005922342383545768,0.997196261682243,0.32609096471179655,0.01177475457306307,0.32878212436223486,0.0038325790160659294,test
0.0097,5334,893334,435467,16,898668,1655.0055248618785,0.005935451134345498,0.9970093457943925,0.3277142326051832,0.01180064998705778,0.33039813334472634,0.003858796045410583,test
0.0098,5334,891092,437709,16,896426,1650.8766114180478,0.005950295953040184,0.9970093457943925,0.32940146793989467,0.011829988822057805,0.3320786027968348,0.0038884891562394014,test
0.0099,5334,888921,439880,16,894255,1646.878453038674,0.005964741600550179,0.9970093457943925,0.3310352716471466,0.011858537913862197,0.33370585488449206,0.003917382980689144,test
0.01,5334,886787,442014,16,892121,1642.9484346224679,0.005979009573813417,0.9970093457943925,0.3326412307034688,0.011886735058848697,0.33530537397940713,0.0039459206019683505,test
0.011,5330,866565,462236,20,871895,1605.6998158379374,0.006113121419436974,0.9962616822429906,0.34785946127373474,0.012151679405411259,0.35045958066215893,0.004214100611063684,test
0.012,5326,847789,481012,24,853115,1571.1141804788213,0.006243003580994356,0.9955140186915887,0.3619894927833438,0.012408193694559476,0.3645299520069317,0.004473749823520393,test
0.013,5325,830672,498129,25,835997,1539.5893186003684,0.006369640082440487,0.9953271028037384,0.374871030349917,0.01265827298367974,0.377359084541405,0.004726858530008995,test
0.014,5325,814644,514157,25,819969,1510.0718232044198,0.006494147949495652,0.9953271028037384,0.3869330321093979,0.01290410132324592,0.38937271718118865,0.0049756550314179835,test
0.015,5321,799626,529175,29,804947,1482.4069981583793,0.0066103731053100395,0.9945794392523365,0.39823495015431204,0.013133456004403323,0.4006263159117671,0.005207818408802903,test
0.016,5320,785515,543286,30,790835,1456.4180478821363,0.006727066960870472,0.994392523364486,0.4088542979723826,0.013363728279231586,0.41120233017102265,0.005440880978472216,test
0.017,5320,772501,556300,30,777821,1432.451197053407,0.006839619912550574,0.994392523364486,0.4186480895182951,0.013585794162449835,0.42095684821283347,0.00566562767787464,test
0.018,5317,759939,568862,33,765256,1409.3112338858195,0.006948001714458953,0.9938317757009346,0.4281017247879856,0.013799529201693214,0.4303703253979497,0.005881974043236709,test
0.019,5316,748060,580741,34,753376,1387.4327808471455,0.007056237522830565,0.9936448598130841,0.437041362852677,0.014012963836747388,0.4392733656085406,0.006097995674598687,test
0.02,5310,736857,591944,40,742167,1366.7900552486187,0.007154723936795896,0.9925233644859813,0.4454722716193019,0.014207034756400188,0.447665968844606,0.006294473912069661,test
0.021,5309,726139,602662,41,731448,1347.0497237569061,0.00725820564141265,0.9923364485981309,0.45353818969130816,0.014411005458755316,0.4556987927153673,0.006500918094422423,test
0.022,5304,716219,612582,46,721523,1328.7716390423573,0.007351117012208897,0.9914018691588785,0.4610035663729934,0.014594021238923442,0.4631304852299327,0.006686198898234032,test
0.023,5304,706506,622295,46,711810,1310.8839779005525,0.007451426644750706,0.9914018691588785,0.4683131635210991,0.014791678286574822,0.47041077059493264,0.006886242484648272,test
0.024,5302,697139,631662,48,702441,1293.6298342541436,0.007547964882459879,0.9910280373831776,0.4753623755551057,0.014981823730451503,0.477430215920087,0.007078706345978701,test
0.025,5301,688302,640499,49,693603,1277.353591160221,0.007642700507350747,0.9908411214953271,0.48201273177849807,0.015168401881099303,0.48405315440306235,0.007267548545496342,test
0.026,5301,679894,648907,49,685195,1261.8692449355433,0.007736483774691876,0.9908411214953271,0.4883402405627329,0.015353090674756896,0.4903552896186414,0.007454466848217375,test
0.027,5299,671837,656964,51,677136,1247.0276243093922,0.007825606672810188,0.9904672897196262,0.4944036014422024,0.015528523662023834,0.4963928370926529,0.0076320410778898855,test
0.028,5296,663970,664831,54,669266,1232.5340699815838,0.007913146641245783,0.9899065420560748,0.5003239762763574,0.01570078385333286,0.5022872223608872,0.007806416513177257,test
0.029,5290,656510,672291,60,661800,1218.7845303867402,0.007993351465699607,0.9887850467289719,0.505938059950286,0.01585850258562542,0.5078742960879241,0.007966111960112387,test
0.03,5288,649255,679546,62,654543,1205.4198895027625,0.008078919184835833,0.988411214953271,0.5113978692069016,0.01602684071508563,0.5133107122057399,0.008136507242083587,test
0.031,5284,642264,686537,66,647548,1192.537753222836,0.008160012848468377,0.9876635514018691,0.5166590031163433,0.016186295562247092,0.5185477505919495,0.008297937121834178,test
0.032,5283,635724,693077,67,641007,1180.4917127071824,0.00824171966920798,0.9874766355140187,0.5215807333076962,0.01634700328146829,0.5234489949038752,0.008460598136158851,test
0.033,5280,629198,699603,70,634478,1168.4677716390424,0.008321801543946362,0.9869158878504672,0.5264919276851838,0.016504435567058648,0.5283382465702907,0.008619969572336414,test
0.034,5275,623083,705718,75,628358,1157.197053406998,0.0083948959032908,0.985981308411215,0.5310938206699122,0.0166480461032526,0.5329179380744758,0.008765378508912895,test
0.035,5274,616996,711805,76,622270,1145.9852670349908,0.008475420637343918,0.9857943925233645,0.53567464202691,0.01680634779006405,0.5374796406103957,0.008925605298786873,test
0.036,5271,611143,717658,79,616414,1135.2007366482505,0.008551071195657465,0.9852336448598131,0.5400793647807309,0.01695498613621889,0.5418644516250409,0.009076078208276682,test
0.037,5271,605500,723301,79,610771,1124.8084714548802,0.008630075756707507,0.9852336448598131,0.5443260503265726,0.01711027541667952,0.5460941077883987,0.009233243333597794,test
0.038,5267,600105,728696,83,605372,1114.865561694291,0.008700435434740953,0.9844859813084113,0.5483861014553721,0.01724843709576534,0.5501348797849719,0.00937312703256204,test
0.039,5265,595012,733789,85,600277,1105.4825046040517,0.008770950744406333,0.9841121495327103,0.552218880027935,0.017386939485855155,0.5539507896782299,0.009513329439417491,test
0.04,5263,589905,738896,87,595168,1096.073664825046,0.008842881337706329,0.9837383177570094,0.556062194414363,0.01752820065343587,0.5577771931363091,0.009656324235704904,test
0.041,5262,584856,743945,88,590118,1086.7734806629835,0.008916860695657478,0.9835514018691589,0.5598618604290635,0.017673493789758642,0.5615608727947586,0.00980338632770213,test
0.042,5260,580093,748708,90,585353,1077.9981583793738,0.008986030651589724,0.983177570093458,0.563446294817659,0.01780928825484211,0.5651294343743699,0.009940848826551725,test
0.043,5254,575421,753380,96,580675,1069.3830570902394,0.009048090584233866,0.9820560747663551,0.56696224641613,0.01793097564097095,0.5686267896212648,0.010064089665832672,test
0.044,5253,570906,757895,97,576159,1061.0662983425414,0.009117274918902595,0.9818691588785047,0.5703600463876833,0.01806678830422229,0.5720102147358133,0.010201557576416517,test
0.045,5250,566508,762293,100,571758,1052.9613259668508,0.009182206457976976,0.9813084112149533,0.5736697970576482,0.018194168162631603,0.5753044445493801,0.010330519079686873,test
0.046,5247,562102,766699,103,567349,1044.841620626151,0.00924827575266723,0.9807476635514019,0.576985568192679,0.018323761696807574,0.578604670685702,0.010461721511357672,test
0.047,5246,557905,770896,104,563151,1037.110497237569,0.009315441151662699,0.9805607476635514,0.5801440546778637,0.01845555240887879,0.5817497419707365,0.010595119474740873,test
0.048,5240,553834,774967,110,559074,1029.6022099447514,0.009372641188822946,0.9794392523364486,0.583207718838261,0.01856760166116253,0.5847966234706566,0.010708609699999934,test
0.049,5233,549990,778811,117,555223,1022.5101289134439,0.009425041830039461,0.9781308411214953,0.586100552302414,0.01867018211722648,0.5876726097720573,0.01081253231499598,test
0.05,5232,546075,782726,118,551307,1015.2983425414365,0.009490175165561112,0.9779439252336448,0.5890468173940266,0.01879793122156013,0.5906063106799755,0.010941841159916095,test
0.051,5227,542325,786476,123,547552,1008.3830570902394,0.009546125299514933,0.9770093457943925,0.5918689103936556,0.018907509829951784,0.5934133392696929,0.011052818967074636,test
0.052,5226,538711,790090,124,543937,1001.7255985267035,0.009607730307002465,0.9768224299065421,0.5945886554871648,0.01902830396495821,0.5961214285339516,0.011175089256017252,test
0.053,5224,535131,793670,126,540355,995.1289134438306,0.009667718444356025,0.9764485981308412,0.5972828136041439,0.01914587551882427,0.5988032838861568,0.01129411304626381,test
0.054,5221,531751,797050,129,536972,988.8987108655617,0.009723039562584268,0.9758878504672898,0.5998264600944762,0.01925424378874543,0.6013344816291409,0.011403837573022534,test
0.055,5217,528247,800554,133,533464,982.4383057090239,0.00977947902763823,0.9751401869158879,0.6024634237933295,0.0193647529574213,0.6039578728344842,0.011515744564586004,test
0.056,5210,524865,803936,140,530075,976.1970534069982,0.00982879781163043,0.9738317757009346,0.60500857539992825,0.019461175701545503,0.6064875714967796,0.01161344125245831,test
0.057,5207,521641,807160,143,526848,970.2541436464088,0.009883306000971818,0.9732710280373832,0.6074348228214759,0.019567905178147982,0.6089018409460398,0.01172150899960245,test
0.058,5205,518458,810343,145,523663,964.3885819521179,0.009939598558614987,0.9728971962616823,0.609830215359561,0.019678155357240747,0.6112861287815248,0.011833125008513036,test
0.059,5203,515378,813423,147,520581,958.7127071823204,0.009994602184866525,0.9725233644859813,0.6121480944099229,0.019785865446227742,0.6135932139615381,0.011942170432550893,test
0.06,5202,512327,816474,148,517529,953.0920810313075,0.010051610634379909,0.9723364485981308,0.614444149274421,0.01989752887379298,0.6158793120119087,0.01205520161478636,test
0.061,5200,509325,819476,150,514525,947.5598526703499,0.010106408823672319,0.9719626168224299,0.6167033287903907,0.020004808848280837,0.6181279330450601,0.012163812142447597,test
0.062,5199,506307,822494,151,511506,942,0.010164103646878043,0.9717757009345794,0.6189745492364922,0.020117789094061016,0.620389296264066,0.012278176329189209,test
0.063,5197,503392,825409,153,508589,936.6279926335175,0.010218467170937634,0.9714018691588785,0.6211682561948704,0.020224190030334342,0.6225727072872561,0.012385897601353854,test
0.064,5191,500614,828187,159,505805,931.5009208103131,0.010262848330878501,0.9702803738317757,0.6232588626889956,0.02031086461053888,0.624650433121888,0.012473718219465009,test
0.065,5191,497834,830967,159,503025,926.3812154696133,0.01031956662193728,0.9702803738317757,0.6253509742993872,0.020421932628473076,0.626734155279275,0.012586131617884818,test
0.066,5188,495220,833581,162,500408,921.5616942909761,0.010367540087288773,0.9697196261682243,0.6273181612596619,0.02051574072975613,0.6286912051184611,0.012681124742378928,test
0.067,5185,492492,836309,165,497677,916.5322283609577,0.010418403904540494,0.9691588785046729,0.6293711398471253,0.020615195605802467,0.630733702556907,0.012781833475571889,test
0.068,5181,489876,838925,169,495057,911.707182320442,0.010465461552912088,0.968411214953271,0.6313398319236665,0.02070714438447104,0.6326915019364375,0.012874962059890133,test
0.069,5178,487324,841477,172,492502,907.0018416206261,0.010513662888678625,0.9678504672897196,0.6332603602796807,0.02080136265396142,0.6346020802742718,0.0129703716816431,test
0.07,5173,484677,844124,177,489850,902.1178637200736,0.010560375625191385,0.9669158878504673,0.6352523816583522,0.020892568659127624,0.6365823658641339,0.013062766263505849,test
0.071,5172,482105,846696,178,487277,897.3793738489871,0.010614086033200828,0.9667289719626169,0.637187961177031,0.02099763106772467,0.6385094340895446,0.013169119012177278,test
0.072,5170,479562,849239,180,484732,892.6924493554328,0.010665687431405396,0.9663551401869159,0.639101716509846,0.021098510045257736,0.6404140161046238,0.013271254533416689,test
0.073,5163,477149,851652,187,482312,888.2357274401473,0.01070468908092687,0.9650467289719626,0.6409176392853407,0.021174502011639208,0.6422174101732113,0.013348286227072128,test
0.074,5157,474731,854070,193,479888,883.7716390423573,0.010746257460074017,0.9639252336448598,0.6427373248515015,0.02125554882346395,0.644025301483865,0.013430418147013498,test
0.075,5155,472349,856452,195,477504,879.3812154696133,0.01079572108296475,0.9635514018691589,0.6445299183248658,0.02135220998479872,0.6458092075034985,0.013528286242563792,test
0.076,5155,470064,858737,195,475219,875.1731123388582,0.010847630250473993,0.9635514018691589,0.6462495136593064,0.02145373505157428,0.6475219071904155,0.013631043056728966,test
0.077,5153,467741,861060,197,472894,870.8913443830571,0.010896733728911765,0.963177570093458,0.6479977062028099,0.02154966920651383,0.6492615903297303,0.013728175652191553,test
0.078,5149,465489,863312,201,470638,866.7366482504605,0.010940468045504187,0.9624299065420561,0.6496924671188538,0.021634999201660544,0.6509465570239051,0.013814610464548209,test
0.079,5142,463260,865541,208,468402,862.6187845303867,0.010977749881512034,0.9611214953271028,0.6513699191978333,0.02170756007362502,0.652612035669126,0.013888174242453798,test
0.08,5139,461077,867724,211,466216,858.5930018416207,0.011022787720713146,0.9605607476635514,0.653012753602684,0.021795464473689793,0.6542460336198826,0.013977198538706725,test
0.081,5135,458914,869887,215,464049,854.6022099447514,0.011065641774898771,0.9598130841121495,0.6546405368448699,0.02187904107166824,0.6558642912234073,0.01406186057872139,test
0.082,5130,456803,871998,220,461933,850.7053406998158,0.011105506642738232,0.9588785046728971,0.6562291870641277,0.021956715737572303,0.6574428231886795,0.014140567360951314,test
0.083,5126,454611,874190,224,459737,846.6611418047883,0.011149853068167235,0.9581308411214954,0.6578787944921776,0.022043187618660597,0.6590828174621913,0.014228161100580172,test
0.084,5124,452499,876302,226,457623,842.767955801105,0.011196989661795845,0.9577570093457944,0.6594681972695686,0.02213520010886164,0.6606643475888412,0.014321327421637473,test
0.085,5122,450471,878330,228,455593,839.0294659300184,0.011242490556264034,0.9573831775700935,0.660994385163768,0.022224006005080888,0.6621829163265628,0.01441124843153148,test
0.086,5118,448406,880395,232,453524,835.219152854512,0.011284959561125761,0.9566355140186916,0.6625484177088969,0.022306777023758155,0.6637277189763378,0.014495097752585914,test
0.087,5114,446400,882401,236,451514,831.5174953959485,0.011326337610793907,0.9558878504672897,0.6640580493241651,0.022387406317853895,0.6652282987457941,0.014576779894503155,test
0.088,5110,444428,884373,240,449538,827.878453038674,0.011367225907487243,0.9551401869158879,0.6655420939629034,0.022467068816939554,0.6667033941435415,0.014657484058119077,test
0.089,5108,442599,886202,242,447707,824.5064456721915,0.011409247565930397,0.9547663551401869,0.6669185227885891,0.022549039083382447,0.6680728043527306,0.014740487782038694,test
0.09,5104,440689,888112,246,445793,820.9815837937385,0.011449260082594387,0.954018691588785,0.6683559088230668,0.022626971935727692,0.6695014282491262,0.014819442221213407,test
0.091,5103,438797,890004,247,443900,817.4953959484346,0.011495832394683487,0.9538317757009346,0.6697797488111463,0.022717863105175293,0.6709188090403561,0.014911457389333522,test
0.092,5100,436926,891875,250,442026,814.0441988950276,0.011537782845352989,0.9532710280373832,0.6711877850784278,0.02279961374772004,0.672318950403665,0.014994258269621454,test
0.093,5094,435069,893732,256,440163,810.6132596685082,0.011572985462203774,0.9521495327102804,0.6725852855318442,0.02286801956396334,0.6737063495811194,0.01506360865159108,test
0.094,5090,433234,895567,260,438324,807.2265193370166,0.011612414560918407,0.9514018691588785,0.6739662297063292,0.022944774767058695,0.6750787579516861,0.015141373198214899,test
0.095,5089,431538,897263,261,436627,804.1012891344383,0.011655257233290658,0.951214953271028,0.6752425683002948,0.02302834762894902,0.6763492288354167,0.015225982116394778,test
0.096,5084,429848,898953,266,434932,800.9797421731123,0.011689183596516236,0.9502803738317757,0.6765143915454609,0.023094289568958072,0.6776122043157033,0.015292821652348337,test
0.097,5080,428118,900683,270,433198,797.7863720073665,0.011726739273957867,0.9495327102803738,0.6778163171159565,0.02316736138347456,0.6789059109501099,0.01536685945010721,test
0.098,5079,426400,902401,271,431479,794.6206261510129,0.011771140658062154,0.9493457943925233,0.6791092119888531,0.02325395063056711,0.6801928717214168,0.015454522249805883,test
0.099,5078,424712,904089,272,429790,791.5101289134439,0.011815072477256335,0.9491588785046728,0.6803795301177528,0.02333961483660431,0.6814573462823923,0.01554124882655722,test
0.1,5075,423001,905800,275,428076,788.353591160221,0.01185537147609303,0.9485981308411215,0.6816671570837168,0.023418069059078134,0.6827375611905999,0.015620716399780615,test
0.11,5049,406900,921901,301,411949,758.65377532228365,0.012256371541137373,0.9437383177570093,0.6937840955869239,0.024198476392227157,0.6947864222265696,0.016411147836103514,test
0.12,5018,392070,936731,332,397088,731.2854511970534,0.012636997340639859,0.9379439252336449,0.70494453270279,0.024938002872492163,0.7058788697831055,0.017160337634633212,test
0.13,5000,378706,950095,350,383706,706.6408839779006,0.013030810047275779,0.9345794392523364,0.7150017195953344,0.025703240664582988,0.7158822352192518,0.017935309632076638,test
0.14,4981,366445,962356,369,371426,684.0257826887661,0.013410477457151626,0.9310280373831775,0.7242288348669214,0.026440112958362526,0.7250581081151983,0.01868161235330965,test
0.15,4963,355057,973744,387,360020,663.0202578268877,0.013785345258596744,0.9276635514018692,0.7327989668881947,0.027166981416098746,0.7335803818308423,0.019417787209366117,test
0.16,4934,344332,984469,416,349266,643.2154696132596,0.01412676870923594,0.9222429906542056,0.7408701528671336,0.027827283596904822,0.7415974653543714,0.020086866675828388,test
0.17,4914,334346,994455,436,339260,624.7882136279926,0.014484466191121854,0.9185046728971963,0.7483851983856122,0.028519195612431446,0.7490673844265004,0.020787755269892332,test
0.18,4888,324950,1003851,462,329838,607.4364640883978,0.014819396188431897,0.9136448598130841,0.7554562346054827,0.02916572192321921,0.7560905774533767,0.021442879038514922,test
0.19,4865,315932,1012869,485,320797,590.7863720073665,0.015165353790715,0.9093457943925234,0.7622428038509905,0.02983317338500737,0.7628326928511091,0.02211913761067079,test
0.2,4840,307491,1021310,510,312331,575.195211786372,0.015496380442543327,0.9046728971962616,0.768595147053622,0.03047081821072082,0.7691408243894432,0.022765305889625578,test
0.21,4813,299387,1029414,537,304200,560.2209944751381,0.01582182774490467,0.8996261682242991,0.7746938781653536,0.031096753351639476,0.7751948617510311,0.023399708047905775,test
0.22,4790,291647,1037154,560,296437,545.9244935543278,0.01615857669589154,0.8953271028037383,0.7805186781165878,0.03174424345647759,0.780979064588641,0.024055849322171505,test
0.23,4759,284273,1044528,591,289032,532.2872928176796,0.0164653048797365,0.8895327102803738,0.7860680417910583,0.03233213987268243,0.7864829393374513,0.02465192983632251,test
0.24,4729,277060,1051741,621,281789,518.9484346224677,0.01678206033592511,0.8839252336448599,0.791496243606078,0.03293875091854468,0.7918668876311602,0.02526696760464465,test
0.25,4709,269949,1058852,641,274658,505.8158379373849,0.017144958457427056,0.8801869158878505,0.7968476844915078,0.03363475329276307,0.7971818782131858,0.025972227570377694,test
0.26,4680,263155,1065646,670,267835,493.25046040515656,0.017473444471409638,0.874766355140187,0.8019605644487022,0.03426249611069422,0.8022525186429422,0.02660870279928427,test
0.27,4656,256524,1072277,694,261180,480.9944751381216,0.017826786124511832,0.8702803738317757,0.8069507774301795,0.03493790567665929,0.807204731698286,0.027293310138047373,test
0.28,4621,250126,1078675,729,254747,469.1473296500921,0.018139565922267977,0.8637383177570094,0.8117656443666132,0.03553289734214544,0.8119740569096002,0.02789691619013417,test
0.29,4596,243876,1084925,754,248472,457.5911602209945,0.018497053994011397,0.8590654205607476,0.8164691326993282,0.036214354941652024,0.8166399455533894,0.028587762197825124,test
0.3,4569,237697,1091104,781,242266,446.16206261510126,0.018859435496520353,0.8540186915887851,0.8211191894045835,0.03690391574050142,0.8212511177520385,0.029286924850195618,test
0.31,4542,231684,1097117,808,236226,435.03867403314916,0.01922735008000813,0.8489719626168224,0.825644321459722,0.03760307315296222,0.8257378662535201,0.029995847565077605,test
0.32,4508,225844,1102957,842,230352,424.2209944751381,0.019570049315829688,0.8426168224299065,0.8300392609578109,0.03825169069418164,0.8300896974930124,0.030653916693438466,test
0.33,4488,220145,1108656,862,224633,413.68876611418045,0.01997925505157301,0.8388785046728972,0.8343280897591137,0.0390289717066044,0.834346337108768,0.031441757326045365,test
0.34,4470,214364,1114437,880,218834,403.00920810313073,0.020426441960572854,0.8355140186915888,0.8386786283273417,0.03987795739214217,0.8386659381134519,0.032302153021633556,test
0.35,4440,208744,1120057,910,213184,392.6040515653775,0.02082707895526869,0.8299065420560747,0.8429080050361191,0.040634409291002774,0.8428558686385574,0.03306939610490413,test
0.36,4423,203441,1125360,927,207864,382.8066298342541,0.02127833583496902,0.8267289719626169,0.846898820816661,0.04148883281585637,0.8468179388989702,0.03393532722226163,test
0.37,4388,198119,1130682,962,202507,372.9410681399632,0.021668386771815297,0.8201869158878504,0.8509039352017345,0.04222133486002396,0.8507807586997274,0.03467864780453323,test
0.38,4357,192994,1135807,993,197351,363.44567219152856,0.022077415366529685,0.814392523364486,0.8547607956345608,0.042989427777859995,0.8545989172140185,0.035457894094658056,test
0.39,4333,187890,1140911,1017,192223,354.0018416206261,0.022541527288617906,0.8099065420560748,0.8586018523465891,0.04386226862982289,0.8584065821634882,0.03634294017819988,test
0.4,4295,182736,1146065,1055,187031,344.4401473296501,0.022964107554362647,0.802803738317757,0.8624805369652793,0.04465097904678737,0.8622412305653558,0.03714354098711386,test
0.41,4266,177701,1151100,1084,181967,335.11418047882137,0.02344381124049965,0.7973831775700935,0.8662696671661144,0.04554845529236535,0.8659934295293411,0.03805391559594403,test
0.42,4229,172811,1155990,1121,177040,326.04051565377534,0.0238872571170357,0.7904672897196262,0.8699496764376307,0.04637315642304952,0.8696309488206357,0.03889108629766368,test
0.43,4193,167856,1160945,1157,172049,316.8489871086556,0.02437096408581276,0.7837383177570093,0.873678601987807,0.04727196883860676,0.8733179377746597,0.039803355760603704,test
0.44,4156,163094,1165707,1194,167250,308.0110497237569,0.024849028400597908,0.776822429906542,0.8772622838182692,0.04815758980301275,0.8768595159018732,0.04070242110839743,test
0.45,4132,158275,1170526,1218,162407,299.09208103130754,0.025442253104853856,0.7723364485981309,0.8808888614623258,0.04926172976388467,0.8804535618531936,0.041822139514185154,test
0.46,4088,153694,1175107,1262,157782,290.57458563535914,0.025909165811055762,0.7641121495327102,0.8843363302706726,0.05011892209989457,0.8838542263956629,0.04269303561565115,test
0.47,4054,149166,1179635,1296,153220,282.1731123388582,0.026458686855501894,0.7577570093457944,0.8877439134979579,0.051131992180109734,0.8872226607033237,0.04372131837207514,test
0.48,4009,144630,1184171,1341,148639,273.7366482504604,0.026971387051850457,0.7493457943925234,0.8911575171903091,0.05206865425452468,0.8905888463899514,0.044673045990553197,test
0.49,3952,140147,1188654,1398,144099,265.3756906077348,0.027425589351765107,0.7386915887850467,0.894531235301599,0.052887607143574066,0.8939063119541941,0.04550653064468255,test
0.5,3918,135599,1193202,1432,139517,256.9373848987109,0.02808259925313761,0.7323364485981309,0.897953869691549,0.05409099380811365,0.8972897370687426,0.0467280195488895,test
0.51,3873,131408,1197393,1477,135281,249.13627992633516,0.028629297536239384,0.7239252336448598,0.9011078408279344,0.05508031657315954,0.9003973313365579,0.04773360499889408,test
0.52,3836,127227,1201574,1514,131063,241.3683241252302,0.029268367121155475,0.7170093457943926,0.9042542863829873,0.05624097410070888,0.9035034265236843,0.048912329047578716,test
0.53,3793,123056,1205745,1557,126849,233.60773480662982,0.029901694140277022,0.7089719626168224,0.9073932063567081,0.05738318746737873,0.9065975290653007,0.0500730103993623,test
0.54,3748,118860,1209941,1602,122608,225.7974217311234,0.030568967767193006,0.7005607476635514,0.9105509402837596,0.058581722127573115,0.9097088710348379,0.05129112466761999,test
0.55,3707,114820,1213981,1643,118527,218.28176795580112,0.031275574341711174,0.6928971962616822,0.9135912751420265,0.05984968961146945,0.9127062828720287,0.05257945876134742,test
0.56,3658,110615,1218186,1692,114273,210.44751381215468,0.0320110612305619,0.6837383177570093,0.9167557820922771,0.06115880725278584,0.9158213725432879,0.05391044350912849,test
0.57,3621,106748,1222053,1729,110369,203.25782688766114,0.03280812547001422,0.6768224299065421,0.9196659243934946,0.0625826355222565,0.9186921120622779,0.05535678393464373,test
0.58,3577,102801,1226000,1773,106378,195.90791896869246,0.03362537366748764,0.6685981308411215,0.9226362713453707,0.06403050264929114,0.9216175680264078,0.05682840006533856,test
0.59,3539,98945,1229856,1811,102484,188.7366482504604,0.03453221966355724,0.6614953271028038,0.9255381355071226,0.06563792495873287,0.9244793130612652,0.05846134881428461,test
0.6,3486,95141,1233660,1864,98627,181.63351749539595,0.03534529084327821,0.651588785046729,0.9284008666459462,0.067053290631582,0.9272908388930489,0.059901568040024354,test
0.61,3419,91445,1237356,1931,94864,174.7034990791897,0.0360410693202901,0.6390654205607477,0.9311823215063806,0.06823397928433153,0.9300109208028177,0.06110596754668354,test
0.62,3375,87815,1240986,1975,91190,167.93738489871086,0.037010637131264394,0.6308411214953271,0.9339141075300215,0.06991920447482909,0.932698772477778,0.06281947224603714,test
0.63,3321,84209,1244592,2029,87530,161.19705340699815,0.03794127727636239,0.6207476635514019,0.9366278321584647,0.07151162790697674,0.9353611397810293,0.06444056179480034,test
0.64,3273,80674,1248127,2077,83947,154.5985267034991,0.03898888584464007,0.6117757009345794,0.9392881251594483,0.07330593412992596,0.9379747869618956,0.0662659725474295,test
0.65,3226,77252,1251549,2124,80478,148.20994475138122,0.040085489202017946,0.6029906542056075,0.9418633790913764,0.07517360301999348,0.940504485624191,0.0681660644536303,test
0.66,3182,73866,1254935,2168,77048,141.89318600368324,0.04129893053680822,0.5947663551401869,0.944411540930508,0.07723488434185295,0.9430094494551217,0.07026245923275048,test
0.67,3125,70703,1258098,2225,73828,135.963167587477,0.04232811399469036,0.5841121495327103,0.9467918823059285,0.07893606809972467,0.9453375217647777,0.07199629811286598,test
0.68,3072,67573,1261228,2278,70645,130.1012891344383,0.043485030787741526,0.5742056074766355,0.9491473892629521,0.08084742417264293,0.9476438574044467,0.07394323294948794,test
0.69,3007,64439,1264362,2343,67446,124.20994475138122,0.044583815200308394,0.5620560747663551,0.9515059064525087,0.08261442936425077,0.9499441967213607,0.07574661538943157,test
0.7,2948,61363,1267438,2402,64311,118.43646408839778,0.04583974747710345,0.5510280373831775,0.9538207752703377,0.08463846341568453,0.9522055599403666,0.07781044713972239,test
0.71,2884,58294,1270507,2466,61178,112.66666666666667,0.04714112916407859,0.5390654205607477,0.9561303761812341,0.08670033670033668,0.9544579286752399,0.07991458844196424,test
0.72,2821,55435,1273366,2529,58256,107.2854511970534,0.04842419664927218,0.5272897196261682,0.9582819398841512,0.08870232368015596,0.956553643478137,0.08195885234873738,test
0.73,2769,52565,1276236,2581,55334,101.90423572744015,0.0500415657642679,0.5175700934579439,0.9604417817265339,0.09125964010282776,0.9586658481686106,0.08456504758202257,test
0.74,2710,49652,1279149,2640,52362,96.43093922651934,0.05175508956877125,0.5065420560747663,0.9626339835686457,0.09391461047962296,0.960805036311482,0.08727305561822317,test
0.75,2652,46919,1281882,2698,49571,91.29097605893186,0.05349902160537411,0.49570093457943926,0.9646907249467753,0.09657508057027368,0.9628100567327087,0.08998766114139072,test
0.76,2589,44232,1284569,2761,46821,86.22651933701657,0.055295700647145514,0.4839252336448598,0.9667128486507761,0.09925054148856645,0.9647768505963717,0.09272026565762714,test
0.77,2533,41593,1287208,2817,44126,81.2633517495396,0.05740379821420478,0.47345794392523366,0.9686988495643817,0.10239307947287572,0.9667129133059151,0.09592638164796274,test
0.78,2452,39114,1289687,2898,41566,76.548802946593,0.058990521098975124,0.4583177570093458,0.9705644411766698,0.10452724017392787,0.9685103110517476,0.0981189033319912,test
0.79,2371,36546,1292255,2979,38917,71.67034990791898,0.06092453169565999,0.44317757009345793,0.9724970104628158,0.10712268732916166,0.9703744178882301,0.10078248947603438,test
0.8,2304,34136,1294665,3046,36440,67.10865561694291,0.06322722283205269,0.43065420560747664,0.9743106755639106,0.11026561378320174,0.9721305909151213,0.10399957607743658,test
0.81,2224,31612,1297189,3126,33836,62.31307550644567,0.0657288095519565,0.41570093457943924,0.9762101322921942,0.11350992701475017,0.9739624675167953,0.10732807291397302,test
0.82,2148,29232,1299569,3202,31380,57.790055248618785,0.06845124282982791,0.4014953271028037,0.9780012206492921,0.11696161176150284,0.9756894084702556,0.11086938066599056,test
0.83,2064,26916,1301885,3286,28980,53.370165745856355,0.07122153209109731,0.3857943925233645,0.979744145285863,0.12024468394989805,0.9773623825189203,0.1142479395172112,test
0.84,1961,24648,1304153,3389,26609,49.003683241252304,0.07369686948025105,0.36654205607476636,0.9814509471320386,0.12271973466003316,0.9789851373645112,0.11682231202696111,test
0.85,1881,22359,1306442,3469,24240,44.64088397790055,0.0775990099009901,0.35158878504672897,0.9831735526990121,0.12713754646840147,0.9806408719852551,0.1213648996046032,test
0.86,1798,20073,1308728,3552,21871,40.278084714548804,0.08220931827534178,0.33607476635514016,0.984893900591586,0.1321038903787517,0.9822921093639325,0.12647505342516627,test
0.87,1686,17850,1310951,3664,19536,35.97790055248619,0.0863022113022113,0.31514018691588785,0.986566837321766,0.13549787028851565,0.9838743890309268,0.13002054748224773,test
0.88,1591,15760,1313041,3759,17351,31.953959484346225,0.09169500316984612,0.29738317757009347,0.9881396838202259,0.14017003656226598,0.9853697220179725,0.13486679642251062,test
0.89,1472,13623,1315178,3878,15095,27.79926335174954,0.09751573368665122,0.2751401869158879,0.9897479005509479,0.14399608706285155,0.986882294432939,0.1388971480006206,test
0.9,1359,11581,1317220,3991,12940,23.830570902394108,0.10502318392581143,0.25401869158878504,0.9912846242590124,0.14860579551667577,0.9883281577572554,0.14374730551163636,test
0.905,1301,10647,1318154,4049,11948,22.0036832412523,0.10888851690659525,0.24317757009345795,0.9919875135554533,0.15042201410567696,0.9889847550989356,0.14568947874387925,test
0.91,1250,9740,1319061,4100,10990,20.239410681399633,0.11373976342129208,0.2336448598130841,0.9926700837822969,0.15299877600979192,0.9896263616337281,0.14840513060213428,test
0.915,1190,8886,1319915,4160,10076,18.556169429097604,0.11810242159587138,0.22242990654205608,0.9933127684280791,0.1542849734214962,0.9902214966671689,0.14983129621357413,test
0.92,1116,8089,1320712,4234,9205,16.952117863720073,0.12123845736013036,0.2085981308411215,0.993912557260267,0.1533493644795603,0.9907634143361583,0.14903315000474962,test
0.925,1044,7216,1321585,4306,8260,15.211786372007367,0.12639225181598063,0.19514018691588786,0.9945695405105806,0.15341660543717855,0.9913637961520098,0.14927575519910838,test
0.93,988,6391,1322410,4362,7379,13.589318600368324,0.13389348150155847,0.18467289719626168,0.9951904009704989,0.155236075104093,0.991940192676841,0.15129021918984278,test
0.935,928,5616,1323185,4422,6544,12.051565377532228,0.14180929095354522,0.17345794392523364,0.9957736335237556,0.15604506473852364,0.9924761140230753,0.15230452724859836,test
0.94,863,4845,1323956,4487,5708,10.511970534069981,0.15119131044148562,0.16130841121495326,0.9963538558444793,0.1560860915174534,0.9930052895062104,0.15257787840597475,test
0.945,794,4134,1324667,4556,4928,9.075506445672191,0.16112012987012986,0.14841121495327103,0.996888924677209,0.15450476746448724,0.9934864944073047,0.15124095427394096,test
0.95,706,3451,1325350,4644,4157,7.65561694290976,0.16983401491460187,0.1319626168224299,0.9974029218822081,0.14852214157988852,0.993932470912213,0.14552564106153199,test
0.955,634,2840,1325961,4716,3474,6.397790055248619,0.1824985607369027,0.11850467289719627,0.9978627349016144,0.14369900271985495,0.9943364731578359,0.14098666970911752,test
0.96,541,2236,1326565,4809,2777,5.114180478821363,0.19481454807346058,0.10112149532710281,0.9983172800140879,0.13313645871785407,0.9947194882738161,0.13075432052428237,test
0.965,453,1674,1327127,4897,2127,3.9171270718232045,0.21297602256699577,0.08467289719626168,0.9987402176849656,0.12117159288484686,0.995074770397054,0.11916196819055673,test
0.97,347,1148,1327653,5003,1495,2.7532228360957642,0.23210702341137124,0.06485981308411215,0.9991360632630469,0.10138787436084733,0.9953895773416952,0.09981106131686575,test
0.975,255,724,1328077,5095,979,1.8029465930018416,0.2604698672114402,0.04766355140186916,0.9994551479115383,0.08058145046610839,0.9956384247360306,0.07943941717844114,test
0.98,166,379,1328422,5184,545,1.003683241252302,0.30458715596330277,0.03102803738317757,0.9997147804675042,0.05631891433418152,0.9958303070641928,0.0556186873075548,test
0.985,89,129,1328672,5261,218,0.4014732965009208,0.40825688073394495,0.01663551401869159,0.9999029200008127,0.03196839080459771,0.9959599775437713,0.03166432891571463,test
0.99,29,32,1328769,5321,61,0.11233885819521179,0.47540983606557374,0.005420560747663551,0.9999759181397365,0.010718905932360008,0.9959877105365135,0.010629453929333737,test
0.991,22,18,1328783,5328,40,0.07366482504604052,0.55,0.00411214953271028,0.9999864539536018,0.008163265306122448,0.9959929573189241,0.008104229424092434,test
0.992,15,5,1328796,5335,20,0.03683241252302026,0.75,0.002803738317757009,0.9999962372093338,0.00558659217877095,0.9959974545609904,0.00555688821231662,test
0.993,8,1,1328800,5342,9,0.016574585635359115,0.8888888888888888,0.0014953271028037382,0.9999992474418667,0.0029856316476954653,0.9959952059399573,0.0029722026125209976,test
0.994,4,0,1328801,5346,4,0.007366482504604052,1,7.476635514018691e-4,1,0.0014942099364960775,0.9959929573189241,0.001488227010829013,test
0.995,0,0,1328801,5350,0,0,NA,0,1,NA,0.9959899591575466,0,test
0.996,0,0,1328801,5350,0,0,NA,0,1,NA,0.9959899591575466,0,test
0.997,0,0,1328801,5350,0,0,NA,0,1,NA,0.9959899591575466,0,test
0.998,0,0,1328801,5350,0,0,NA,0,1,NA,0.9959899591575466,0,test
0.999,0,0,1328801,5350,0,0,NA,0,1,NA,0.9959899591575466,0,test
