threshold,tp,fp,tn,fn,n_alerts,alerts_per_day,precision,recall,specificity,f1,accuracy,kappa,split,method
1e-4,1695,445241,238,0,446936,2455.6923076923076,0.0037924893049564143,1,5.342563847005134e-4,0.007556321342038335,0.0043227021248999275,4.052315039517738e-6,validation,raw
2e-4,1695,443562,1917,0,445257,2446.467032967033,0.0038067902357514873,1,0.0043032331490373285,0.007584707082639747,0.008077392692777309,3.2762475169153186e-5,validation,raw
3e-4,1695,440685,4794,0,442380,2430.6593406593406,0.0038315475383154753,1,0.01076145003468177,0.007633845634183414,0.014511129895745281,8.246261459658437e-5,validation,raw
4e-4,1695,437289,8190,0,438984,2412,0.0038611885626811,1,0.018384705002929432,0.007692674259495006,0.022105489138456173,1.4196354783137631e-4,validation,raw
5e-4,1695,433784,11695,0,435479,2392.7417582417584,0.0038922657579355145,1,0.026252640416271025,0.007754349526733063,0.0299436013721728,2.043436264030856e-4,validation,raw
6e-4,1695,430231,15248,0,431926,2373.21978021978,0.003924283326310525,1,0.034228325016442976,0.007817887048828355,0.037889054372570855,2.6860721053670566e-4,validation,raw
7e-4,1695,426975,18504,0,428670,2355.3296703296705,0.003954090559171391,1,0.0415373115231021,0.007877034610156496,0.04517033637912759,3.284306404927772e-4,validation,raw
8e-4,1695,423875,21604,0,425570,2338.296703296703,0.003982893531028973,1,0.04849611317256257,0.007934186043790155,0.05210276089396969,3.8623510768371336e-4,validation,raw
9e-4,1695,420926,24553,0,422621,2322.0934065934066,0.004010685697113963,1,0.05511595383845254,0.00798932870784981,0.058697509246959795,4.420078284315114e-4,validation,raw
0.001,1695,418072,27407,0,419767,2306.412087912088,0.004037954388982459,1,0.06152254090540744,0.008043429775400866,0.06507981233255959,4.967270286222654e-4,validation,raw
0.0011,1695,415342,30137,0,417037,2291.412087912088,0.004064387572325717,1,0.06765077590638391,0.008095870389652572,0.07118481843756569,5.49766782394402e-4,validation,raw
0.0012,1695,412600,32879,0,414295,2276.346153846154,0.004091287609070831,1,0.07380594820406798,0.00814923435659511,0.07731665973424215,6.037404164479969e-4,validation,raw
0.0013,1695,410081,35398,0,411776,2262.5054945054944,0.004116315666770283,1,0.07946053573793602,0.00819888214651088,0.08294981371904449,6.539553975249546e-4,validation,raw
0.0014,1695,407559,37920,0,409254,2248.6483516483518,0.004141682182703162,1,0.08512185759598095,0.008249198805691218,0.08858967650176441,7.048468697983534e-4,validation,raw
0.0015,1695,405197,40282,0,406892,2235.6703296703295,0.0041657245657324305,1,0.09042401549792471,0.008296886587189509,0.09387173672887959,7.530794142682169e-4,validation,raw
0.0016,1695,402825,42654,0,404520,2222.6373626373625,0.004190151290418273,1,0.09574862114712478,0.008345334367268564,0.09917615961572006,8.02080621196292e-4,validation,raw
0.0017,1695,400559,44920,0,402254,2210.186813186813,0.0042137554878261,1,0.10083528067540783,0.008392148513797534,0.10424353830947237,8.494295160861366e-4,validation,raw
0.0018,1695,398324,47155,0,400019,2197.9065934065934,0.0042372987283104055,1,0.10585235218719626,0.00843883957243213,0.10924159275807628,8.966539002089388e-4,validation,raw
0.0019,1695,396234,49245,0,397929,2186.423076923077,0.004259553840006635,1,0.11054393136376799,0.008482973995555825,0.11391538864066336,9.41292430338369e-4,validation,raw
0.002,1695,394073,51406,0,395768,2174.5494505494507,0.004282812152574236,1,0.11539488954585962,0.008529095790048383,0.11874795940730007,9.87941015675195e-4,validation,raw
0.0021,1695,392028,53451,0,393723,2163.313186813187,0.004305057108677929,1,0.11998545385977791,0.008573206075595951,0.12332112332112333,0.0010325551017728895,validation,raw
0.0022,1695,390056,55423,0,391751,2152.478021978022,0.0043267279470888395,1,0.12441214961872502,0.00861617604448895,0.1277310398189519,0.0010760158327661241,validation,raw
0.0023,1694,388092,57387,1,389786,2141.6813186813188,0.004345974457779397,0.9994100294985251,0.12882088717986706,0.008654315279668744,0.13212082992302773,0.0011146101363590675,validation,raw
0.0024,1694,386137,59342,1,387831,2130.9395604395604,0.004367881886698072,0.9994100294985251,0.13320942176847841,0.008697750599446507,0.13649272989932332,0.0011585416026914507,validation,raw
0.0025,1694,384308,61171,1,386002,2120.8901098901097,0.004388578297521774,0.9994100294985251,0.1373151147416601,0.008738783121870946,0.14058286036308015,0.0012000428119553026,validation,raw
0.0026,1694,382475,63004,1,384169,2110.8186813186812,0.0044095176862266345,0.9994100294985251,0.1414297868137443,0.008780295648207658,0.1446819358907271,0.0012420294946477771,validation,raw
0.0027,1694,380656,64823,1,382350,2100.8241758241757,0.004430495619197071,0.9994100294985251,0.14551303203966967,0.008821882852269916,0.14874970369475865,0.001284091694677605,validation,raw
0.0028,1694,378816,66663,1,380510,2090.714285714286,0.0044519197918582954,0.9994100294985251,0.1496434175348333,0.008864352899621931,0.1528644330842133,0.0013270468077572041,validation,raw
0.0029,1694,377006,68473,1,378700,2080.769230769231,0.0044731977818853975,0.9994100294985251,0.15370645978822794,0.008906531368708842,0.15691207449449207,0.0013697069985510791,validation,raw
0.003,1694,375301,70178,1,376995,2071.401098901099,0.004493428294804971,0.9994100294985251,0.15753380069543121,0.008946631809659617,0.16072490797765523,0.001410265415227021,validation,raw
0.0031,1694,373603,71876,1,375297,2062.0714285714284,0.004513758436651505,0.9994100294985251,0.16134542817955505,0.008986928104575164,0.16452208759901069,0.0014510219101381123,validation,raw
0.0032,1694,371929,73550,1,373623,2052.8736263736264,0.004533982115662044,0.9994100294985251,0.1651031810702637,0.009027011760693598,0.1682655968370254,0.0014915633253776179,validation,raw
0.0033,1694,370323,75156,1,372017,2044.0494505494505,0.004553555348277095,0.9994100294985251,0.16870828927962933,0.009065804683820695,0.1718570399889081,0.0015307992555067683,validation,raw
0.0034,1694,368749,76730,1,370443,2035.401098901099,0.004572903253671955,0.9994100294985251,0.17224156469777477,0.009104149535924845,0.1753769226296699,0.001569581986303818,validation,raw
0.0035,1694,367199,78280,1,368893,2026.8846153846155,0.004592117497485721,0.9994100294985251,0.175720965522505,0.009142228026811446,0.17884313488709094,0.0016080953029257309,validation,raw
0.0036,1694,365677,79802,1,367371,2018.521978021978,0.004611142414616287,0.9994100294985251,0.1791375126549175,0.009179929877040962,0.18224673169728114,0.0016462276669141672,validation,raw
0.0037,1694,364175,81304,1,365869,2010.2692307692307,0.004630072512292651,0.9994100294985251,0.18250916429281738,0.009217442404588043,0.18560560318802077,0.0016841685354573525,validation,raw
0.0038,1694,362712,82767,1,364406,2002.2307692307693,0.004648661108763302,0.9994100294985251,0.1857932697164176,0.009254276825247678,0.18887726030583174,0.0017214235434887487,validation,raw
0.0039,1694,361279,84200,1,362973,1994.357142857143,0.004667013799924512,0.9994100294985251,0.18901003189824886,0.009290642447376792,0.1920818294444668,0.001758204389806844,validation,raw
0.004,1694,359818,85661,1,361512,1986.3296703296703,0.004685874881055124,0.9994100294985251,0.1922896477723978,0.0093280140525926,0.19534901403033272,0.0017960026949172822,validation,raw
0.0041,1693,358351,87128,2,360044,1978.2637362637363,0.004702203064069947,0.9988200589970502,0.19558273229490056,0.009360339913584103,0.19862737994606128,0.0018287187261112308,validation,raw
0.0042,1693,356979,88500,2,358672,1970.7252747252746,0.004720190034348932,0.9988200589970502,0.1986625632184682,0.009395976879126001,0.20169553686037203,0.001864762646419785,validation,raw
0.0043,1693,355585,89894,2,357278,1963.065934065934,0.004738606911144823,0.9988200589970502,0.20179177918599978,0.009432464280043346,0.20481289162607844,0.001901666703435515,validation,raw
0.0044,1693,354258,91221,2,355951,1955.7747252747254,0.004756272633030951,0.9988200589970502,0.204770595246914,0.009467462239197418,0.20778041657162535,0.0019370643008127166,validation,raw
0.0045,1693,352918,92561,2,354611,1948.4120879120878,0.004774245581778343,0.9988200589970502,0.2077785933792614,0.009503067587972137,0.21077701297481516,0.001973076213810164,validation,raw
0.0046,1693,351599,93880,2,353292,1941.1648351648353,0.0047920700157376905,0.9988200589970502,0.21073945124237056,0.009538377461709865,0.21372664779258185,0.0020087892681670146,validation,raw
0.0047,1693,350346,95133,2,352039,1934.2802197802198,0.004809126261578972,0.9988200589970502,0.21355215397358798,0.009572164394714672,0.21652868905616157,0.0020429619832864746,validation,raw
0.0048,1693,349071,96408,2,350764,1927.2747252747254,0.004826607063438665,0.9988200589970502,0.2164142417487693,0.009606791144501912,0.21937992817113697,0.002077984095127055,validation,raw
0.0049,1693,347808,97671,2,349501,1920.3351648351647,0.004844049087127075,0.9988200589970502,0.21924939222724305,0.009641339878586317,0.222204332094442,0.0021129272912524446,validation,raw
0.005,1693,346579,98900,2,348272,1913.5824175824175,0.004861143014655212,0.9988200589970502,0.22200822036504528,0.009675197947235025,0.224952702974681,0.0021471719272746896,validation,raw
0.0051,1693,345365,100114,2,347058,1906.9120879120878,0.004878147168484806,0.9988200589970502,0.22473337688196302,0.00970887705625471,0.22766752986533206,0.0021812355516371276,validation,raw
0.0052,1693,344150,101329,2,345843,1900.2362637362637,0.004895284854688399,0.9988200589970502,0.22746077817360638,0.009742819490242792,0.23038459302195566,0.0022155654984798495,validation,raw
0.0053,1693,342978,102501,2,344671,1893.7967032967033,0.004911930507643521,0.9988200589970502,0.23009165415204758,0.009775786306970085,0.23300549674176046,0.002248908681136226,validation,raw
0.0054,1693,341756,103723,2,343449,1887.0824175824175,0.004929407277354134,0.9988200589970502,0.23283476886677038,0.00981039797881464,0.23573821376019177,0.002283915488365599,validation,raw
0.0055,1693,340571,104908,2,342264,1880.5714285714287,0.004946474066802235,0.9988200589970502,0.23549482691664478,0.009844196546681437,0.2383881889376395,0.0023180999000794473,validation,raw
0.0056,1693,339457,106022,2,341150,1874.4505494505495,0.004962626410669794,0.9988200589970502,0.23799550596099928,0.009876183114818651,0.24087938923103758,0.002350451618169091,validation,raw
0.0057,1693,338364,107115,2,340057,1868.4450549450548,0.004978577120894438,0.9988200589970502,0.2404490447361155,0.009907769376623986,0.24332362793901255,0.00238239845237286,validation,raw
0.0058,1693,337267,108212,2,338960,1862.4175824175825,0.004994689638895445,0.9988200589970502,0.24291156261013425,0.009939675037794837,0.24577681171087765,0.0024146683242053167,validation,raw
0.0059,1693,336171,109308,2,337864,1856.3956043956043,0.005010891956526886,0.9988200589970502,0.2453718357094274,0.009971757485444356,0.2482277592167702,0.00244711699263643,validation,raw
0.006,1693,335116,110363,2,336809,1850.598901098901,0.005026587769329204,0.9988200589970502,0.24774007304496956,0.010002836007846289,0.250587019817789,0.0024785502684328137,validation,raw
0.0061,1693,334063,111416,2,335756,1844.8131868131868,0.005042352184324331,0.9988200589970502,0.2501038208310605,0.010034049387911134,0.2529418078868628,0.0025101199337383257,validation,raw
0.0062,1693,333040,112439,2,334733,1839.1923076923076,0.005057762455449567,0.9988200589970502,0.2524002253753825,0.010064560619211243,0.25522950797676075,0.0025409794283160056,validation,raw
0.0063,1693,331982,113497,2,333675,1833.3791208791208,0.005073799355660448,0.9988200589970502,0.25477519703510154,0.010096311536511911,0.25759547737569716,0.0025730927513531107,validation,raw
0.0064,1693,330982,114497,2,332675,1827.8846153846155,0.0050890508754790715,0.9988200589970502,0.25701997176073393,0.010126506564584145,0.25983174334822684,0.0026036324189707134,validation,raw
0.0065,1693,330006,115473,2,331699,1822.521978021978,0.005104025034745357,0.9988200589970502,0.25921087189295117,0.010156151580412364,0.2620143389374159,0.0026336157897624423,validation,raw
0.0066,1693,329035,116444,2,330728,1817.1868131868132,0.005119010183594978,0.9988200589970502,0.2613905481515402,0.010185817467503753,0.2641857531967422,0.002663620263227807,validation,raw
0.0067,1693,328076,117403,2,329769,1811.9175824175825,0.005133896758033654,0.9988200589970502,0.26354328711342173,0.010215287331354234,0.2663303322643982,0.0026934264694356154,validation,raw
0.0068,1693,327122,118357,2,328815,1806.6758241758241,0.005148791873850037,0.9988200589970502,0.26568480220167506,0.010244773229251762,0.26846373000219154,0.0027232488859656352,validation,raw
0.0069,1693,326161,119318,2,327854,1801.3956043956043,0.005163883923941755,0.9988200589970502,0.2678420307130078,0.010274648079648247,0.2706127816017926,0.002753464687199289,validation,raw
0.007,1693,325245,120234,2,326938,1796.3626373626373,0.005178351858762212,0.9988200589970502,0.2698982443616871,0.010303286644980874,0.2726612012326298,0.0027824300876151315,validation,raw
0.0071,1693,324299,121180,2,325992,1791.1648351648353,0.005193378978625243,0.9988200589970502,0.2720218012521353,0.010333031215763825,0.27477670884264294,0.0028125141089540198,validation,raw
0.0072,1693,323354,122125,2,325047,1785.9725274725274,0.005208477543247592,0.9988200589970502,0.27414311336785796,0.010362916307055723,0.2768899801866835,0.002842740247556071,validation,raw
0.0073,1693,322408,123071,2,324101,1780.7747252747254,0.0052236802725076446,0.9988200589970502,0.2762666702583062,0.010393006666748517,0.2790054877966966,0.002873173990093323,validation,raw
0.0074,1693,321496,123983,2,323189,1775.7637362637363,0.005238420862096173,0.9988200589970502,0.278313904808083,0.010422181455534899,0.2810449623636437,0.002902681706795754,validation,raw
0.0075,1693,320565,124914,2,322258,1770.6483516483515,0.005253554605316237,0.9988200589970502,0.28040379007764676,0.010452133488499873,0.28312692598406886,0.0029329755303447577,validation,raw
0.0076,1693,319678,125801,2,321371,1765.7747252747254,0.0052680546782379245,0.9988200589970502,0.2823949052592827,0.010480830542365956,0.2851104939017027,0.002962000047386632,validation,raw
0.0077,1693,318809,126670,2,320502,1761,0.005282338331742079,0.9988200589970502,0.28434561449585727,0.010509098470811334,0.28705380903183103,0.002990590536013781,validation,raw
0.0078,1693,317924,127555,2,319617,1756.1373626373627,0.005296964804750686,0.9988200589970502,0.2863322401280419,0.010538044019519967,0.2890329044175198,0.0030198663707007045,validation,raw
0.0079,1693,317043,128436,2,318736,1751.2967032967033,0.005311605843080167,0.9988200589970502,0.2883098866613241,0.010567017548239716,0.2910030547393185,0.0030491704981775018,validation,raw
0.008,1693,316161,129318,2,317854,1746.4505494505495,0.005326344799813751,0.9988200589970502,0.29028977796933186,0.010596183996820519,0.2929754413270897,0.00307866974024464,validation,raw
0.0081,1693,315311,130168,2,317004,1741.7802197802198,0.005340626616698843,0.9988200589970502,0.2921978364861194,0.010624445009240695,0.29487626740373996,0.003107253208714261,validation,raw
0.0082,1693,314442,131037,2,316135,1737.0054945054944,0.005355307068182897,0.9988200589970502,0.294148545722694,0.010653494006229747,0.29681958253386825,0.003136633646159527,validation,raw
0.0083,1693,313574,131905,2,315267,1732.2362637362637,0.005370051416735656,0.9988200589970502,0.29609701018454293,0.010682668584877684,0.29876066139802404,0.003166141091543876,validation,raw
0.0084,1693,312760,132719,2,314453,1727.7637362637363,0.005383952450763707,0.9988200589970502,0.2979242568112077,0.010710173716107645,0.3005809818996632,0.003193960035956091,validation,raw
0.0085,1693,311908,133571,2,313601,1723.0824175824175,0.005398579723916697,0.9988200589970502,0.2998368048774465,0.010739114990358269,0.30248628050825854,0.0032232315023996484,validation,raw
0.0086,1693,311070,134409,2,312763,1718.478021978022,0.005413044381848237,0.9988200589970502,0.30171792609752646,0.010767733687805684,0.3043602713932384,0.0032521767053770535,validation,raw
0.0087,1693,310252,135227,2,311945,1713.9835164835165,0.005427238776066294,0.9988200589970502,0.3035541518230938,0.010795816860094376,0.3061895369587677,0.0032805802673280607,validation,raw
0.0088,1693,309470,136009,2,311163,1709.6868131868132,0.005440878253519859,0.9988200589970502,0.30530956565853834,0.01082280139871763,0.307938296949286,0.0033078726559954545,validation,raw
0.0089,1693,308663,136816,2,310356,1705.2527472527472,0.005455025841291936,0.9988200589970502,0.3071210988621237,0.010850790415669234,0.30974296358911746,0.0033361809765174405,validation,raw
0.009,1693,307871,137608,2,309564,1700.901098901099,0.005468982181390601,0.9988200589970502,0.30889896044482457,0.010878400303284403,0.31151408623936094,0.0033641058365928072,validation,raw
0.0091,1693,307105,138374,2,308798,1696.6923076923076,0.005482548462101438,0.9988200589970502,0.31061845788465897,0.01090523779924185,0.3132270659743187,0.003391249487947177,validation,raw
0.0092,1693,306359,139120,2,308052,1692.5934065934066,0.005495825380130628,0.9988200589970502,0.31229305982998073,0.010931502161441434,0.3148953203898259,0.0034178134619842026,validation,raw
0.0093,1692,305575,139904,3,307267,1688.2802197802198,0.005506611513764902,0.9982300884955753,0.3140529632148766,0.01095280325735851,0.31664631664631665,0.0034393822144277043,validation,raw
0.0094,1692,304789,140690,3,306481,1683.9615384615386,0.005520733748584741,0.9982300884955753,0.3158173561492236,0.010980738279424744,0.318404021700725,0.003467635958207314,validation,raw
0.0095,1692,303997,141482,3,305689,1679.60989010989,0.005535037243734645,0.9982300884955753,0.3175952177319245,0.011009031049111209,0.3201751443509685,0.003496251525135085,validation,raw
0.0096,1692,303237,142242,3,304929,1675.434065934066,0.005548832679082672,0.9982300884955753,0.31930124652340514,0.011036318096430808,0.3218747064900911,0.003523849889361924,validation,raw
0.0097,1692,302461,143018,3,304153,1671.1703296703297,0.005562989679536286,0.9982300884955753,0.3210431917104959,0.011064319531270433,0.3236100488847742,0.0035521707855384874,validation,raw
0.0098,1692,301746,143733,3,303438,1667.2417582417581,0.005576097917861309,0.9982300884955753,0.32264820563932306,0.011090245892774624,0.3252089790551329,0.0035783929289787894,validation,raw
0.0099,1692,300997,144482,3,302689,1663.1263736263736,0.00558989589975189,0.9982300884955753,0.32432954190882174,0.011117535744322962,0.32688394226855766,0.0036059941122742233,validation,raw
0.01,1692,300303,145176,3,301995,1659.3131868131868,0.005602741767247802,0.9982300884955753,0.3258874155684106,0.011142941815667294,0.3284359108534933,0.0036316900193908513,validation,raw
0.011,1691,293441,152038,4,295132,1621.6043956043957,0.005729639618882398,0.9976401179941002,0.34129105973570023,0.011393842204381676,0.3437789316910196,0.003885478123533289,validation,raw
0.012,1690,287029,158450,5,288719,1586.368131868132,0.0058534422743220915,0.9970501474926253,0.3556845552764552,0.01163855736982377,0.3581156328409076,0.004133011100875957,validation,raw
0.013,1690,281169,164310,5,282859,1554.1703296703297,0.005974708246865046,0.9970501474926253,0.3688389351686612,0.011878237522579195,0.37122015143993164,0.004375425458493507,validation,raw
0.014,1689,275609,169870,6,277298,1523.6153846153845,0.006090920237434096,0.9964601769911504,0.38131988264317734,0.012107830662418054,0.3836515539812243,0.004607664649212932,validation,raw
0.015,1688,270323,175156,7,272011,1494.565934065934,0.006205631389907026,0.9958702064896755,0.39318576184287024,0.012334402607177046,0.39547021964604384,0.004836848828049628,validation,raw
0.016,1687,265493,179986,8,267180,1468.021978021978,0.0063140953664196425,0.9952802359882006,0.40402802376767477,0.012548582054858206,0.4062691480273898,0.005053499779648178,validation,raw
0.017,1686,260935,184544,9,262621,1442.9725274725274,0.0064198978756458925,0.9946902654867257,0.4142597069671073,0.012757456983307857,0.4164598120642077,0.005264786327996071,validation,raw
0.018,1685,256475,189004,10,258160,1418.4615384615386,0.006526960024790827,0.9941002949852508,0.42427140224342785,0.012968771045390697,0.42643132203571765,0.005478540468752265,validation,raw
0.019,1685,252357,193122,10,254042,1395.8351648351647,0.006632761511875989,0.9941002949852508,0.43351538456358213,0.013177600425437069,0.43564026531059497,0.005689752318034767,validation,raw
0.02,1684,248402,197077,11,250086,1374.098901098901,0.006733683612837184,0.9935103244837759,0.4423934686034583,0.013376704358152521,0.44448246096597743,0.0058911577877593085,validation,raw
0.021,1683,244752,200727,12,246435,1354.0384615384614,0.006829387059468014,0.9929203539823008,0.4505868963520166,0.013565469713456655,0.45264259549973834,0.006082107343277621,validation,raw
0.022,1682,241225,204254,13,242907,1334.6538461538462,0.006924460801870674,0.9923303834808259,0.4585042168093221,0.013752953777974013,0.4605276693188781,0.0062717615934153315,validation,raw
0.023,1681,237761,207718,14,239442,1315.6153846153845,0.007020489304299162,0.991740412979351,0.46628011645891276,0.013942281773431698,0.4682718583817485,0.006463281419560121,validation,raw
0.024,1681,234394,211085,14,236075,1297.1153846153845,0.007120618447527269,0.991740412979351,0.4738382729601171,0.014139714850485765,0.47580136591125605,0.006662967231376669,validation,raw
0.025,1677,231241,214238,18,232918,1279.7692307692307,0.007199958783777982,0.9893805309734514,0.4809160476700361,0.014295883007335485,0.48284336745875206,0.0068210474894926576,validation,raw
0.026,1676,228345,217134,19,230021,1263.8516483516485,0.007286291251668326,0.9887905604719764,0.48741691527546754,0.01446598422206494,0.48931735744922555,0.006993123743045599,validation,raw
0.027,1674,225601,219878,21,227275,1248.7637362637363,0.0073655263447365525,0.9876106194690265,0.4935765771226029,0.014622002882473686,0.49544919874590204,0.007150990730490111,validation,raw
0.028,1672,222824,222655,23,224496,1233.4945054945056,0.007447794170052028,0.9864306784660767,0.4998103165356841,0.014783965763447706,0.5016548368196719,0.0073148712287800675,validation,raw
0.029,1671,220233,225246,24,221904,1219.2527472527472,0.007530283365779797,0.9858407079646018,0.5056265278497977,0.014946399581393476,0.507446765688524,0.007479195056422175,validation,raw
0.03,1671,217645,227834,24,219316,1205.032967032967,0.007619143154170238,0.9858407079646018,0.5114360048397343,0.01512141929587215,0.5132342220254308,0.00765621435426774,validation,raw
0.031,1669,215239,230240,26,216908,1191.8021978021977,0.007694506426687812,0.984660766961652,0.5168369328296059,0.015269689802976171,0.5186102054233922,0.007806248983909113,validation,raw
0.032,1668,212970,232509,27,214638,1179.3296703296703,0.007771224107567159,0.984070796460177,0.5219303266820658,0.015420670910124668,0.5236820566490896,0.007958990924975479,validation,raw
0.033,1668,210685,234794,27,212353,1166.7747252747254,0.007854845469571893,0.984070796460177,0.5270596369301359,0.015585289280908956,0.52879192439632,0.008125490559388434,validation,raw
0.034,1666,208528,236951,29,210194,1154.9120879120878,0.007926011208692922,0.9828908554572271,0.531901616013325,0.01572521461708725,0.5336110775671216,0.00826708745854187,validation,raw
0.035,1664,206491,238988,31,208155,1143.7087912087911,0.007994042900723019,0.9817109144542773,0.5364742221294382,0.015858946866809626,0.5381618788212195,0.00840242175209551,validation,raw
0.036,1662,204487,240992,33,206149,1132.6868131868132,0.00806212981872335,0.9805309734513274,0.5409727506796056,0.015992763803621947,0.542638883298224,0.008537842957372851,validation,raw
0.037,1660,202613,242866,35,204273,1122.3791208791208,0.008126379893573796,0.9793510324483776,0.5451794585154407,0.01611900877806261,0.5468251731987995,0.008665606827565136,validation,raw
0.038,1659,200765,244714,36,202424,1112.2197802197802,0.008195668497806584,0.9787610619469026,0.5493278022084094,0.016255223668546287,0.5509555564500619,0.008803418011616587,validation,raw
0.039,1659,198940,246539,36,200599,1102.1923076923076,0.008270230659175768,0.9787610619469026,0.5534245160826885,0.016401870544850563,0.5550367418499287,0.008951742831265829,validation,raw
0.04,1659,197166,248313,36,198825,1092.4450549450548,0.008344021124104112,0.9787610619469026,0.5574067464459604,0.016546977857570318,0.5590038776851963,0.009098510304454915,validation,raw
0.041,1659,195478,250001,36,197137,1083.1703296703297,0.008415467416060913,0.9787610619469026,0.5611959261828279,0.016687454735656235,0.5627786946468265,0.009240594208266423,validation,raw
0.042,1659,193872,251607,36,195531,1074.3461538461538,0.00848458812157663,0.9787610619469026,0.5648010343921935,0.016823339721943355,0.5663701377987093,0.009378033541798196,validation,raw
0.043,1659,192321,253158,36,193980,1065.8241758241759,0.008552428085369625,0.9787610619469026,0.5682826799916494,0.016956688386354925,0.5698385863221028,0.009512907399542265,validation,raw
0.044,1659,190833,254646,36,192492,1057.6483516483515,0.008618539991272364,0.9787610619469026,0.5716229047833905,0.017086622688439492,0.573166150089227,0.009644327707715871,validation,raw
0.045,1659,189359,256120,36,191018,1049.5494505494505,0.008685045388392716,0.9787610619469026,0.5749317027289726,0.017217312791560503,0.5764624061327358,0.009776512326289228,validation,raw
0.046,1659,187965,257514,36,189624,1041.89010989011,0.008748892545247437,0.9787610619469026,0.5780609186965042,0.017342762611136372,0.5795797608984422,0.009903396608885827,validation,raw
0.047,1658,186597,258882,37,188255,1034.368131868132,0.008807202995936363,0.9781710914454277,0.5811317705211694,0.01745722558568044,0.5826367364828904,0.01001920898165933,validation,raw
0.048,1658,185220,260259,37,186878,1026.8021978021977,0.008872098374340479,0.9781710914454277,0.5842228253183652,0.017584701945665603,0.5857160747270638,0.010148143026482063,validation,raw
0.049,1658,183942,261537,37,185600,1019.7802197802198,0.008933189655172414,0.9781710914454277,0.5870916474177234,0.017704690461571318,0.5885740226399567,0.010269503486900726,validation,raw
0.05,1657,182733,262746,38,184390,1013.1318681318681,0.008986387548131677,0.9775811209439528,0.589805580061013,0.01780906574952307,0.5912754319347726,0.010375113633902571,validation,raw
0.051,1656,181511,263968,39,183167,1006.4120879120879,0.009040929861820087,0.9769911504424779,0.5925486947757358,0.017916067120338414,0.5940059126872314,0.010483380338961106,validation,raw
0.052,1655,180313,265166,40,181968,999.8241758241758,0.0090950057152906,0.976401179941003,0.5952379348970434,0.018022138372998372,0.5966827230563494,0.010590706737994547,validation,raw
0.053,1655,179142,266337,40,180797,993.3901098901099,0.009153912952095444,0.976401179941003,0.597866566100759,0.018137781382197578,0.5993013905101817,0.010707672402500387,validation,raw
0.054,1655,177971,267508,40,179626,986.9560439560439,0.00921358823332925,0.976401179941003,0.6004951973044745,0.018254918073471908,0.601920057964014,0.01082614872504663,validation,raw
0.055,1655,176852,268627,40,178507,980.8076923076923,0.009271345101312554,0.976401179941003,0.6030071002224572,0.01836827560182462,0.6044224395872747,0.010940802560986248,validation,raw
0.056,1654,175795,269684,41,177449,974.9945054945055,0.009320988002186543,0.975811209439528,0.6053798271074506,0.018465591926048318,0.6067839364542661,0.011039274857643874,validation,raw
0.057,1653,174758,270721,42,176411,969.2912087912088,0.009370163992041313,0.9752212389380531,0.6077076584979314,0.018561979944527417,0.6091007080018069,0.011136808654540501,validation,raw
0.058,1653,173734,271745,42,175387,963.6648351648352,0.0094248718548125,0.9752212389380531,0.6100063078169791,0.01866931703956359,0.6113906443576773,0.011245373444560666,validation,raw
0.059,1653,172721,272758,42,174374,958.0989010989011,0.00947962425590971,0.9752212389380531,0.6122802646140446,0.018776729577608776,0.61365598178785,0.011354014449121557,validation,raw
0.06,1653,171690,273789,42,173343,952.434065934066,0.009536006645783216,0.9752212389380531,0.6145946273561717,0.01888732732320982,0.615961572005528,0.011465876994635218,validation,raw
0.061,1653,170729,274750,42,172382,947.1538461538462,0.00958916824262394,0.9752212389380531,0.6167518558675044,0.018991595673179113,0.6181106236051291,0.011571337672574164,validation,raw
0.062,1652,169826,275653,43,171478,942.1868131868132,0.009633888895368502,0.9746312684365782,0.6187788874447505,0.019079186709244512,0.6201277355123509,0.011659974963005458,validation,raw
0.063,1651,168849,276630,44,170500,936.8131868131868,0.009683284457478005,0.9740412979351032,0.6209720323516933,0.01917593426057667,0.6223103311015399,0.011757873896388422,validation,raw
0.064,1651,167965,277514,44,169616,931.9560439560439,0.009733751532874257,0.9740412979351032,0.6229564132091524,0.019274886025999496,0.6242871902212561,0.011857957424218088,validation,raw
0.065,1650,167107,278372,45,168757,927.2362637362637,0.009777372197894013,0.9734513274336283,0.624882429923745,0.019360289113650765,0.6262036701597141,0.011944382705224155,validation,raw
0.066,1650,166252,279227,45,167902,922.5384615384615,0.009827161082059773,0.9734513274336283,0.6268017123141607,0.019457891354210277,0.628115677566227,0.012043101355366289,validation,raw
0.067,1650,165343,280136,45,166993,917.5439560439561,0.009880653680094375,0.9734513274336283,0.6288422125397606,0.019562743052262164,0.6301484433352565,0.012149152300672447,validation,raw
0.068,1649,164493,280986,46,166142,912.8681318681319,0.009925244670221859,0.9728613569321534,0.6307502710565481,0.019650017576577274,0.6320470331459342,0.012237471144849865,validation,raw
0.069,1649,163674,281805,46,165323,908.3681318681319,0.00997441372343836,0.9728613569321534,0.6325887415568411,0.01974637464225413,0.6338785349774361,0.012334930378115857,validation,raw
0.07,1649,162885,282594,46,164534,904.032967032967,0.010022244642444722,0.9728613569321534,0.634359868815365,0.019840100102870135,0.635642948829762,0.012429727834315427,validation,raw
0.071,1649,162055,283424,46,163704,899.4725274725274,0.010073058691296486,0.9728613569321534,0.63622303183764,0.019939661062037862,0.6374990495869617,0.012530427456834489,validation,raw
0.072,1648,161271,284208,47,162919,895.1593406593406,0.010115456146919635,0.9722713864306785,0.6379829352225358,0.020022598320920456,0.6392500458434525,0.0126143602899924,validation,raw
0.073,1648,160535,284944,47,162183,891.1153846153846,0.010161360931786932,0.9722713864306785,0.6396350894206012,0.020112522730323778,0.6408959375992344,0.012705313231261204,validation,raw
0.074,1648,159766,285713,47,161414,886.8901098901099,0.01020977114748411,0.9722713864306785,0.6413613211846125,0.0202073460078843,0.6426156261321097,0.01280122100305933,validation,raw
0.075,1647,159039,286440,48,160686,882.8901098901099,0.010249803965497928,0.9716814159292035,0.6429932724101473,0.02028562454967022,0.6442391552281662,0.012880442520413652,validation,raw
0.076,1647,158324,287155,48,159971,878.9615384615385,0.010295616080414575,0.9716814159292035,0.6445982863389744,0.020375341753986614,0.6458380853985249,0.01297118590599393,validation,raw
0.077,1645,157561,287918,50,159206,874.7582417582418,0.010332525156087083,0.9705014749262537,0.646311049454632,0.020447355827496416,0.64753988380362,0.013044120062660414,validation,raw
0.078,1643,156894,288585,52,158537,871.0824175824176,0.010363511356970298,0.9693215339233038,0.6478083141966288,0.02050776374257327,0.6490270006753524,0.013105316079070398,validation,raw
0.079,1643,156202,289277,52,157845,867.2802197802198,0.010408945484494283,0.9693215339233038,0.6493616983067664,0.020596715557227026,0.6505744967283429,0.013195285985878023,validation,raw
0.08,1642,155482,289997,53,157124,863.3186813186813,0.010450344950484967,0.9687315634218289,0.6509779361092217,0.020677626732317923,0.6521823719625918,0.013277172127048587,validation,raw
0.081,1641,154786,290693,54,156427,859.489010989011,0.010490516343086552,0.968141592920354,0.652540299318262,0.020756125017391634,0.6537365768134998,0.013356618137052034,validation,raw
0.082,1638,154106,291373,57,155744,855.7362637362637,0.010517259091843024,0.9663716814159292,0.6540667461316919,0.02080805899427715,0.6552505288769025,0.0134092949864224,validation,raw
0.083,1637,153518,291961,58,155155,852.5,0.010550739582997648,0.9657817109144543,0.6553866736703639,0.02087344596748486,0.6565632170027774,0.013475480663930296,validation,raw
0.084,1636,152886,292593,59,154522,849.021978021978,0.010587489160119595,0.9651917404129794,0.6568053712969635,0.020945223631230917,0.6579743008314437,0.01354813059185647,validation,raw
0.085,1635,152244,293235,60,153879,845.489010989011,0.010625231513071959,0.9646017699115044,0.6582465166708195,0.021018936326121333,0.6594077473198352,0.013622738081978543,validation,raw
0.086,1635,151614,293865,60,153249,842.0274725274726,0.010668911379519605,0.9646017699115044,0.6596607247479679,0.0211043990086741,0.660816594882529,0.01370918016487374,validation,raw
0.087,1634,151016,294463,61,152650,838.7362637362637,0.010704225352112675,0.9640117994100295,0.6610031000338961,0.021173345427451487,0.6621516456681292,0.013778967262425026,validation,raw
0.088,1633,150406,295073,62,152039,835.3791208791209,0.010740665224054355,0.9634218289085545,0.6623724126165319,0.021244487231191538,0.6635135316453997,0.013850975257469587,validation,raw
0.089,1633,149821,295658,62,151454,832.1648351648352,0.010782151676416602,0.9634218289085545,0.6636856058310269,0.021325637124630262,0.6648217472393296,0.013933055361122696,validation,raw
0.09,1633,149232,296247,62,150865,828.9285714285714,0.01082424684320419,0.9634218289085545,0.6650077781444244,0.021407970634504458,0.6661389078971497,0.014016332594876977,validation,raw
0.091,1633,148684,296795,62,150317,825.9175824175824,0.0108637080303625,0.9634218289085545,0.6662379146940709,0.02148514590953346,0.6673643816500959,0.014094392419663,validation,raw
0.092,1632,148108,297371,63,149740,822.7472527472528,0.01089889141178042,0.9628318584070796,0.6675309049360352,0.021553801961237493,0.6686502345843005,0.014163886949577972,validation,raw
0.093,1631,147556,297923,64,149187,819.7087912087912,0.01093258796007695,0.9622418879056047,0.6687700205845842,0.02161954374942008,0.6698824171351644,0.014230434151525632,validation,raw
0.094,1631,146961,298518,64,148592,816.4395604395604,0.010976364811026165,0.9622418879056047,0.6701056615463356,0.021705137503576492,0.6712129953888195,0.014317009197287067,validation,raw
0.095,1630,146424,299055,65,148054,813.4835164835165,0.011009496535048024,0.9616519174041298,0.6713111055740001,0.021769761400743912,0.6724116339500955,0.014382426183398482,validation,raw
0.096,1630,145922,299557,65,147552,810.7252747252747,0.011046952938625027,0.9616519174041298,0.6724379824862676,0.02184298511862885,0.6735342394683054,0.014456489463416067,validation,raw
0.097,1629,145385,300094,66,147014,807.7692307692307,0.011080577359979322,0.9610619469026549,0.6736434265139322,0.021908559670228433,0.6747328780295814,0.014522868473295989,validation,raw
0.098,1628,144876,300603,67,146504,804.967032967033,0.011112324578168515,0.96047197640118,0.6747860168492791,0.0219704586400718,0.6758689011436264,0.0145855300841383,validation,raw
0.099,1626,144316,301163,69,145942,801.8791208791209,0.011141412341889244,0.95929203539823,0.6760430906956333,0.022026998652099408,0.677116737556298,0.014642824699369617,validation,raw
0.1,1625,143795,301684,70,145420,799.010989010989,0.011174528950625774,0.9587020648967551,0.6772126183276878,0.022091561023688953,0.6782795958620135,0.014708181127747803,validation,raw
0.11,1620,139036,306443,75,140656,772.8351648351648,0.011517461039699693,0.9557522123893806,0.6878955012469724,0.022760640950889,0.6889108042954197,0.015385212606458924,validation,raw
0.12,1610,134653,310826,85,136263,748.6978021978022,0.01181538642184599,0.9498525073746312,0.6977343488694192,0.023340436944577336,0.6986899953932921,0.015972234273846468,validation,raw
0.13,1599,130661,314818,96,132260,726.7032967032967,0.012089823075759867,0.9433628318584071,0.7066954895741437,0.023873688925385387,0.7075925702299328,0.016512267334848115,validation,raw
0.14,1591,126825,318654,104,128416,705.5824175824176,0.012389421878893596,0.9386430678466077,0.7153064454216697,0.024456041380052418,0.7161529963727766,0.017101818142397238,validation,raw
0.15,1585,123394,322085,110,124979,686.6978021978022,0.012682130597940454,0.9351032448377581,0.7230082675053146,0.02502486698138529,0.7238122073286909,0.017677583965217968,validation,raw
0.16,1575,120196,325283,120,121771,669.0714285714286,0.01293411403371903,0.9292035398230089,0.730187057077887,0.025513096722984463,0.7309414232491156,0.01817210022464506,validation,raw
0.17,1568,117062,328417,127,118630,651.8131868131868,0.013217567225828205,0.9250737463126844,0.737222181068019,0.026062746727612714,0.7379342269452159,0.01872857684834423,validation,raw
0.18,1565,114107,331372,130,115672,635.5604395604396,0.01352963552112871,0.9233038348082596,0.7438554903822627,0.02666848432694028,0.7445356840961237,0.019341535200845594,validation,raw
0.19,1558,111364,334115,137,112922,620.4505494505495,0.013797134305095552,0.9191740412979351,0.7500129074546724,0.027186194020084282,0.750654107796965,0.019865736076577597,validation,raw
0.2,1551,108652,336827,144,110203,605.510989010989,0.014074027022857817,0.9150442477876106,0.7561007365105875,0.027721675096963303,0.7567032072526578,0.020407935302053506,validation,raw
0.21,1546,106112,339367,149,107658,591.5274725274726,0.01436028906351595,0.912094395280236,0.7618024643136938,0.028275401680795224,0.7623721414930206,0.020968463370218498,validation,raw
0.22,1539,103604,341875,156,105143,577.7087912087912,0.014637208373358189,0.9079646017699115,0.7674323593255798,0.028809973979295758,0.7679650426903174,0.021509782410642025,validation,raw
0.23,1532,101207,344272,163,102739,564.5,0.014911572041775761,0.9038348082595871,0.7728130843429207,0.029339104123178278,0.7733097183646634,0.022045617806043267,validation,raw
0.24,1527,98775,346704,168,100302,551.1098901098901,0.015224023449183466,0.9008849557522124,0.7782723764756588,0.02994205711932704,0.778737135879993,0.02265599614746165,validation,raw
0.25,1516,96532,348947,179,98048,538.7252747252747,0.01546181462140992,0.8943952802359882,0.7833074061852523,0.030398123176563766,0.7837284815306793,0.023118289699719453,validation,raw
0.26,1509,94132,351347,186,95641,525.5,0.01577775221923652,0.8902654867256637,0.78869486552677,0.031005999835620943,0.7890798660029429,0.023733863836563306,validation,raw
0.27,1499,91932,353547,196,93431,513.3571428571429,0.016043925463711188,0.8843657817109144,0.7936333699231614,0.0315160944431596,0.793977288482783,0.02425080169017815,validation,raw
0.28,1493,89707,355772,202,91200,501.0989010989011,0.01637061403508772,0.8808259587020649,0.7986279936876934,0.0321438182894666,0.7989395626758264,0.02488642168872018,validation,raw
0.29,1484,87538,357941,211,89022,489.13186813186815,0.016670036620161307,0.8755162241887906,0.8034969100675902,0.03271713129843359,0.8037698971764906,0.025467294339532678,validation,raw
0.3,1479,85458,360021,216,86937,477.6758241758242,0.017012319265675143,0.8725663716814159,0.8081660414969056,0.033373950717573785,0.8084101490694897,0.02613230601410458,validation,raw
0.31,1470,83380,362099,225,84850,466.2087912087912,0.017324690630524456,0.8672566371681416,0.8128306833767697,0.033970766653186206,0.8130369833666536,0.026737021206156383,validation,raw
0.32,1457,81293,364186,238,82750,454.6703296703297,0.017607250755287008,0.8595870206489675,0.8175155282291645,0.034507667712712416,0.8176749989936803,0.02728156110283766,validation,raw
0.33,1448,79276,366203,247,80724,443.53846153846155,0.01793766413953719,0.8542772861356932,0.8220432388507651,0.035137528967835084,0.82216542106652,0.02791979976686902,validation,raw
0.34,1438,77195,368284,257,78633,432.04945054945057,0.018287487441659353,0.848377581120944,0.8267146150548061,0.03580320685190718,0.826796727895629,0.028594429129251704,validation,raw
0.35,1426,75237,370242,269,76663,421.22527472527474,0.01860088960776385,0.8412979351032448,0.8311098839675944,0.03639704943975089,0.8311485014781718,0.02919664501883469,validation,raw
0.36,1418,73358,372121,277,74776,410.85714285714283,0.018963303733818337,0.8365781710914454,0.8353278156770577,0.037085954152554564,0.8353325551127749,0.029894652398074404,validation,raw
0.37,1410,71503,373976,285,72913,400.6208791208791,0.019338115288083057,0.831858407079646,0.8394918727931059,0.03779755522196011,0.8394629383640373,0.030615665697661443,validation,raw
0.38,1403,69640,375839,292,71043,390.34615384615387,0.019748602958771448,0.8277286135693215,0.843673888106959,0.03857680992053672,0.8436134480090524,0.031405057514862715,validation,raw
0.39,1390,67768,377711,305,69158,379.989010989011,0.020098903959050292,0.8200589970501475,0.8478761063933429,0.039236165017712724,0.8477706664519852,0.032073914130484,validation,raw
0.4,1380,65931,379548,315,67311,369.84065934065933,0.020501849623389936,0.8141592920353983,0.8519997575643297,0.03999652204156161,0.8518563243837969,0.03284466915413031,validation,raw
0.41,1371,64156,381323,324,65527,360.03846153846155,0.02092267309658614,0.8088495575221238,0.8559842327023272,0.040790217488322275,0.8558055700912843,0.033649088625733674,validation,raw
0.42,1359,62366,383113,336,63725,350.1373626373626,0.021326010200078464,0.8017699115044248,0.8600023794612092,0.04154692754509324,0.8597816509904422,0.03441655420724221,validation,raw
0.43,1346,60539,384940,349,61885,340.0274725274725,0.021750020198755757,0.7941002949852507,0.8641035828849396,0.042340358603334384,0.8638382374646111,0.03522141288713536,validation,raw
0.44,1329,58792,386687,366,60121,330.33516483516485,0.022105420734851382,0.784070796460177,0.8680252043306194,0.04299857642034425,0.8677069775970875,0.03589012530380881,validation,raw
0.45,1312,57101,388378,383,58413,320.95054945054943,0.022460753599370005,0.7740412979351032,0.8718211183916638,0.043654754774738805,0.8714504868351022,0.03655691071857719,validation,raw
0.46,1298,55408,390071,397,56706,311.57142857142856,0.022889994004161817,0.7657817109144542,0.8756215220021595,0.04445129364223215,0.8752051774029797,0.03736542100971136,validation,raw
0.47,1287,53708,391771,408,54995,302.1703296703297,0.023402127466133286,0.7592920353982301,0.8794376390357346,0.04540483330393368,0.8789822306305822,0.03833246518158225,validation,raw
0.48,1280,51978,393501,415,53258,292.6263736263736,0.024033947951481466,0.7551622418879056,0.8833210993110786,0.04658526377085873,0.8828353169012509,0.03952857359843541,validation,raw
0.49,1269,50282,395197,426,51551,283.24725274725273,0.024616399293903125,0.7486725663716814,0.8871282372457512,0.04766555234195996,0.8866034250649635,0.040624102931643084,validation,raw
0.5,1253,48556,396923,442,49809,273.6758241758242,0.02515609628781947,0.7392330383480826,0.8910027184221927,0.04865641503572538,0.8904274398779893,0.041630172298066356,validation,raw
0.51,1244,46869,398610,451,48113,264.35714285714283,0.025855797809323882,0.7339233038348083,0.8947896533843346,0.04995181496948281,0.8941798941798942,0.0429433300675134,validation,raw
0.52,1233,45179,400300,462,46412,255.01098901098902,0.02656640524002413,0.727433628318584,0.8985833226706534,0.05126073128650716,0.8979345847477715,0.04427068470281338,validation,raw
0.53,1222,43547,401932,473,44769,245.9835164835165,0.02729567334539525,0.7209439528023599,0.9022467950228855,0.05259986225895316,0.9015595718892422,0.04562876254340778,validation,raw
0.54,1202,41955,403524,493,43157,237.12637362637363,0.02785179692749728,0.7091445427728613,0.9058204763860923,0.05359850173905289,0.9050749819980589,0.04664429564209521,validation,raw
0.55,1191,40422,405057,504,41613,228.64285714285714,0.028620863672410065,0.7026548672566372,0.9092617160404868,0.05500138542532558,0.9084785788082491,0.048067282147595335,validation,raw
0.56,1177,38879,406600,518,40056,220.0879120879121,0.02938386259237068,0.6943952802359882,0.9127254034421376,0.05638188306866901,0.9118978294802471,0.04946850413451305,validation,raw
0.57,1162,37349,408130,533,38511,211.5989010989011,0.03017319726831295,0.6855457227138643,0.9161599087723552,0.0578023180619808,0.9152857724286295,0.050910652717548424,validation,raw
0.58,1142,35853,409626,553,36995,203.26923076923077,0.03086903635626436,0.6737463126843658,0.9195180917619012,0.05903334194882398,0.9185865010040835,0.05216263730206994,validation,raw
0.59,1120,34449,411030,575,35569,195.43406593406593,0.03148809356462088,0.6607669616519174,0.9226697554766892,0.06011163589523401,0.9216770205781195,0.053260925002460144,validation,raw
0.6,1109,33025,412454,586,34134,187.54945054945054,0.03248959981250366,0.6542772861356932,0.9258663146859897,0.06190516062407547,0.924836864397304,0.05508066774020516,validation,raw
0.61,1099,31636,413843,596,32735,179.86263736263737,0.03357262868489384,0.6483775811209439,0.9289843067798931,0.0638396747022945,0.9279206751734225,0.057043096462779344,validation,raw
0.62,1087,30284,415195,608,31371,172.36813186813185,0.034649835835644384,0.6412979351032448,0.9320192422089482,0.06574729329220347,0.9309172715766122,0.05897915696404268,validation,raw
0.63,1061,28898,416581,634,29959,164.6098901098901,0.03541506725858674,0.6259587020648968,0.9351304999786746,0.06703734125229038,0.9339585932992527,0.06029495814701846,validation,raw
0.64,1039,27671,417808,656,28710,157.74725274725276,0.036189481017067225,0.6129793510324484,0.9378848385670256,0.06834402236474264,0.9366532937961509,0.061626843479248274,validation,raw
0.65,1026,26406,419073,669,27432,150.72527472527472,0.03740157480314961,0.6053097345132743,0.9407244785949506,0.07045009784735812,0.9394530987937582,0.06376558951098074,validation,raw
0.66,999,25114,420365,696,26113,143.47802197802199,0.038256806954390536,0.5893805309734513,0.9436247275404677,0.07184982738780207,0.9422819752490083,0.06519508643939137,validation,raw
0.67,984,23917,421562,711,24901,136.8186813186813,0.03951648528171559,0.5805309734513274,0.9463117228870497,0.07399608963753948,0.9449252416285383,0.06737651681239458,validation,raw
0.68,959,22707,422772,736,23666,130.03296703296704,0.04052226823290797,0.5657817109144543,0.9490279003050649,0.07562793265249793,0.947575216805986,0.0690420848721168,validation,raw
0.69,926,21471,424008,769,22397,123.06043956043956,0.0413448229673617,0.5463126843657817,0.9518024418659465,0.07687199070230782,0.9502654447709393,0.07031999445500736,validation,raw
0.7,915,20370,425109,780,21285,116.95054945054945,0.04298801973220578,0.5398230088495575,0.9542739388388678,0.07963446475195822,0.9527029746809966,0.0731261671214902,validation,raw
0.71,887,19294,426185,808,20181,110.88461538461539,0.043952232297705764,0.5233038348082596,0.9566893164436483,0.08109343572865241,0.9550465814202078,0.07462175315509308,validation,raw
0.72,868,18176,427303,827,19044,104.63736263736264,0.04557865994538962,0.512094395280236,0.9591989745869053,0.08370702541106127,0.9575042377240179,0.07728367344053745,validation,raw
0.73,847,17097,428382,848,17944,98.5934065934066,0.04720240748996879,0.49970501474926254,0.9616210865158628,0.08625693772595344,0.9598702071229543,0.07988361650354237,validation,raw
0.74,822,16055,429424,873,16877,92.73076923076923,0.04870533862653315,0.4849557522123894,0.9639601417799717,0.08852035321990094,0.962144489617017,0.08219756061332148,validation,raw
0.75,800,15039,430440,895,15839,87.02747252747253,0.050508239156512404,0.471976401179941,0.9662408329012142,0.09125128322117029,0.9643673379937117,0.08498517282665363,validation,raw
0.76,778,14099,431380,917,14877,81.74175824175825,0.052295489682059555,0.45899705014749265,0.9683509211433087,0.09389331402365435,0.9664202301564939,0.0876845000828972,validation,raw
0.77,757,13142,432337,938,13899,76.36813186813187,0.05446434995323404,0.44660766961651915,0.9704991705557389,0.09708862382967806,0.9685133751067817,0.09094621444295316,validation,raw
0.78,724,12251,433228,971,12975,71.29120879120879,0.05579961464354528,0.4271386430678466,0.9724992648362774,0.09870483980913428,0.9704320913112122,0.09262083978625744,validation,raw
0.79,692,11369,434110,1003,12061,66.26923076923077,0.057375010363983084,0.40825958702064896,0.9744791561442852,0.10061064262867112,0.9723329173878624,0.09459255697827477,validation,raw
0.8,669,10539,434940,1026,11208,61.582417582417584,0.05968950749464668,0.39469026548672564,0.97634231916656,0.10369681469425715,0.9741375840276939,0.09775546879807807,validation,raw
0.81,645,9687,435792,1050,10332,56.76923076923077,0.0624274099883856,0.3805309734513274,0.9782548672327989,0.10725866799700673,0.9759892122529485,0.10140654437644513,validation,raw
0.82,615,8897,436582,1080,9512,52.26373626373626,0.06465517241379311,0.36283185840707965,0.9800282392660484,0.10975283305077184,0.9776887743920711,0.10398756291425118,validation,raw
0.83,587,8096,437383,1108,8683,47.70879120879121,0.06760336289300933,0.3463126843657817,0.98182630382128,0.1131239159761033,0.9794174079888366,0.1074627532671595,validation,raw
0.84,554,7309,438170,1141,7863,43.2032967032967,0.0704565687396668,0.32684365781710917,0.9835929415303527,0.11592383343795773,0.981103552532124,0.11037564674567296,validation,raw
0.85,530,6584,438895,1165,7114,39.08791208791209,0.07450098397526005,0.31268436578171094,0.9852204032064362,0.12033147916903165,0.9826711749788672,0.11491276200228952,validation,raw
0.86,503,5866,439613,1192,6369,34.994505494505496,0.07897629141152457,0.2967551622418879,0.9868321514594403,0.12475198412698411,0.9842164347658853,0.11947988991176961,validation,raw
0.87,469,5202,440277,1226,5671,31.15934065934066,0.08270146358666902,0.2766961651917404,0.9883226818772602,0.12734184089057834,0.985625282328579,0.12221868681084704,validation,raw
0.88,433,4565,440914,1262,4998,27.46153846153846,0.08663465386154462,0.25545722713864305,0.989752603377488,0.12938891379052742,0.9869692781780693,0.12443226290780389,validation,raw
0.89,403,3951,441528,1292,4354,23.923076923076923,0.09255856683509417,0.2377581120943953,0.9911308950590264,0.13324516448999835,0.9882752575060267,0.1284896165979966,validation,raw
0.9,364,3378,442101,1331,3742,20.560439560439562,0.09727418492784608,0.21474926253687315,0.9924171509768137,0.1338973698730918,0.9894694235353576,0.12935472431957565,validation,raw
0.905,346,3129,442350,1349,3475,19.093406593406595,0.09956834532374101,0.20412979351032448,0.9929760998834962,0.13384912959381046,0.989986000975012,0.12941304750936064,validation,raw
0.91,323,2894,442585,1372,3217,17.675824175824175,0.10040410320174076,0.1905604719764012,0.9935036219440198,0.13151465798045603,0.9904600893611882,0.12718114626124957,validation,raw
0.915,304,2627,442852,1391,2931,16.104395604395606,0.10371886728079154,0.17935103244837758,0.9941029767957636,0.1314310419368785,0.9910146833223756,0.12723897035624773,validation,raw
0.92,284,2367,443112,1411,2651,14.565934065934066,0.1071293851376839,0.16755162241887905,0.994686618224428,0.13069489185457892,0.9915513871557827,0.12665631507658193,validation,raw
0.925,261,2113,443366,1434,2374,13.043956043956044,0.10994102780117944,0.15398230088495576,0.9952567910047387,0.12828704841484392,0.9920679645954371,0.12441433982471947,validation,raw
0.93,242,1865,443614,1453,2107,11.576923076923077,0.11485524442335074,0.14277286135693215,0.9958134951366956,0.12730142030510258,0.9925800695031465,0.12361955194600527,validation,raw
0.935,224,1653,443826,1471,1877,10.313186813186814,0.11933937133724028,0.13215339233038348,0.9962893873785297,0.12541993281075028,0.9930139051018172,0.12192201933372182,validation,raw
0.94,200,1430,444049,1495,1630,8.956043956043956,0.12269938650306748,0.11799410029498525,0.9967899721423457,0.12030075187969924,0.9934589220303506,0.1170192675443129,validation,raw
0.945,179,1195,444284,1516,1374,7.549450549450549,0.13027656477438138,0.1056047197640118,0.9973174942028693,0.11665037471489084,0.993937482948472,0.11364206785769713,validation,raw
0.95,162,972,444507,1533,1134,6.230769230769231,0.14285714285714285,0.09557522123893805,0.9978180789666853,0.11452810180275716,0.9943981537388131,0.11182912103178794,validation,raw
0.955,131,782,444697,1564,913,5.016483516483516,0.14348302300109528,0.07728613569321534,0.9982445861645555,0.10046012269938649,0.9947537200284453,0.09806647144353825,validation,raw
0.96,102,577,444902,1593,679,3.730769230769231,0.15022091310751104,0.06017699115044248,0.9987047649833101,0.08593091828138164,0.9951473028396105,0.08394466823569462,validation,raw
0.965,85,390,445089,1610,475,2.60989010989011,0.17894736842105263,0.05014749262536873,0.9991245378570034,0.07834101382488479,0.9955274680549406,0.07680904979579552,validation,raw
0.97,57,254,445225,1638,311,1.7087912087912087,0.1832797427652733,0.033628318584070796,0.9994298272196893,0.056829511465603194,0.9957689847799738,0.05571968890612414,validation,raw
0.975,35,135,445344,1660,170,0.9340659340659341,0.20588235294117646,0.02064896755162242,0.9996969554120396,0.03753351206434316,0.9959859025793092,0.03686796454742817,validation,raw
0.98,18,53,445426,1677,71,0.3901098901098901,0.2535211267605634,0.010619469026548672,0.9998810269395415,0.020385050962627407,0.9961312598675236,0.02008638990900832,validation,raw
0.985,3,7,445472,1692,10,0.054945054945054944,0.3,0.0017699115044247787,0.9999842865769206,0.003519061583577712,0.996200584112672,0.003474753080658876,validation,raw
0.99,1,1,445478,1694,2,0.01098901098901099,0.5,5.899705014749262e-4,0.9999977552252743,0.0011785503830288745,0.9962095291765621,0.0011696263113935151,validation,raw
0.991,1,1,445478,1694,2,0.01098901098901099,0.5,5.899705014749262e-4,0.9999977552252743,0.0011785503830288745,0.9962095291765621,0.0011696263113935151,validation,raw
0.992,1,0,445479,1694,1,0.005494505494505495,1,5.899705014749262e-4,1,0.0011792452830188679,0.9962117654425346,0.001174780639332723,validation,raw
0.993,0,0,445479,1695,0,0,NA,0,1,NA,0.9962095291765621,0,validation,raw
0.994,0,0,445479,1695,0,0,NA,0,1,NA,0.9962095291765621,0,validation,raw
0.995,0,0,445479,1695,0,0,NA,0,1,NA,0.9962095291765621,0,validation,raw
0.996,0,0,445479,1695,0,0,NA,0,1,NA,0.9962095291765621,0,validation,raw
0.997,0,0,445479,1695,0,0,NA,0,1,NA,0.9962095291765621,0,validation,raw
0.998,0,0,445479,1695,0,0,NA,0,1,NA,0.9962095291765621,0,validation,raw
0.999,0,0,445479,1695,0,0,NA,0,1,NA,0.9962095291765621,0,validation,raw
1e-4,5350,1328088,713,0,1333438,2455.686924493554,0.004012185043474087,1,5.365739489961251e-4,0.007992303486436985,0.00454446310799902,4.305658676391865e-6,test,raw
2e-4,5350,1323147,5654,0,1328497,2446.587476979742,0.004027107325044768,1,0.004254963685307281,0.008021909559342262,0.008247941949599408,3.426980363001839e-5,test,raw
3e-4,5350,1314293,14508,0,1319643,2430.281767955801,0.004054126760040405,1,0.010918113396964631,0.008075514361207944,0.014884372158773631,8.852291305708096e-5,test,raw
4e-4,5350,1303534,25267,0,1308884,2410.4677716390424,0.004087451599988998,1,0.01901488635243351,0.008141624703058969,0.022948676723999008,1.5543277467714426e-4,test,raw
5e-4,5350,1292461,36340,0,1297811,2390.075506445672,0.004122325978127786,1,0.02734796256173799,0.008210804344206126,0.031248336957360897,2.2544901653964592e-4,test,raw
6e-4,5350,1281635,47166,0,1286985,2370.1381215469614,0.00415700260686799,1,0.03549515691213357,0.008279586949204347,0.03936286072565999,2.9506338200697773e-4,test,raw
7e-4,5350,1271297,57504,0,1276647,2351.0994475138123,0.004190665078130446,1,0.04327510289351077,0.008346353384602304,0.047111608805899784,3.626371601173503e-4,test,raw
8e-4,5350,1261511,67290,0,1266861,2333.0773480662983,0.004223036307850664,1,0.05063963678534258,0.008410554538516017,0.05444661061603971,4.276146028454887e-4,test,raw
9e-4,5350,1252322,76479,0,1257672,2316.1546961325967,0.004253891316654899,1,0.05755489347163345,0.008471744751872888,0.06133413684058251,4.895446668120381e-4,test,raw
0.001,5350,1243618,85183,0,1248968,2300.125230202578,0.004283536487724265,1,0.06410515946330564,0.00853053212981078,0.06785813599809916,5.490428138308634e-4,test,raw
0.0011,5350,1235326,93475,0,1240676,2284.854511970534,0.004312165303431355,1,0.07034537150408526,0.00858730074653338,0.0740733245337297,6.064977649539887e-4,test,raw
0.0012,5350,1227213,101588,0,1232563,2269.913443830571,0.004340548921231612,1,0.07645087563901592,0.008643579960788843,0.08015434534771551,6.634573706892386e-4,test,raw
0.0013,5350,1219573,109228,0,1224923,2255.843462246777,0.004367621474982509,1,0.08220041977692671,0.008697256625155554,0.0858808335788078,7.177829386811824e-4,test,raw
0.0014,5350,1212122,116679,0,1217472,2242.1215469613257,0.0043943515744099245,1,0.08780773042765622,0.008750251467507127,0.09146565868481155,7.714184189023329e-4,test,raw
0.0015,5350,1204905,123896,0,1210255,2228.830570902394,0.0044205559985292355,1,0.09323894247520885,0.008802201372978886,0.09687509135022947,8.239963080279545e-4,test,raw
0.0016,5350,1198134,130667,0,1203484,2216.3609576427257,0.004445426777589067,1,0.09833451359533896,0.008851504838546898,0.10195022902205222,8.738957459882832e-4,test,raw
0.0017,5350,1191309,137492,0,1196659,2203.7918968692447,0.004470780732021403,1,0.10347072285466372,0.008901763630721567,0.1070658418724717,9.247620379184507e-4,test,raw
0.0018,5350,1184750,144051,0,1190100,2191.7127071823206,0.004495420552894714,1,0.10840675165054812,0.008950604374921577,0.1119820769912851,9.741931215131682e-4,test,raw
0.0019,5350,1178318,150483,0,1183668,2179.8674033149173,0.00451984847102397,1,0.11324720556351177,0.008999022722952891,0.11680312048636174,0.0010231966841594425,test,raw
0.002,5350,1172063,156738,0,1177413,2168.3480662983425,0.004543860140834185,1,0.11795445668689292,0.009046613734112413,0.12149149534048245,0.0010713628915266936,test,raw
0.0021,5350,1165846,162955,0,1171196,2156.8987108655615,0.004567980081899187,1,0.12263311060121117,0.009094417047867233,0.12615138766151657,0.0011197439487721475,test,raw
0.0022,5349,1159855,168946,1,1165204,2145.863720073665,0.004590612459277517,0.9998130841121495,0.12714168637741843,0.009139262263851132,0.13064113432437557,0.0011651380387524357,test,raw
0.0023,5349,1153798,175003,1,1159147,2134.709023941068,0.00461460021895411,0.9998130841121495,0.13169993099041918,0.009186799107254031,0.1351811001903083,0.001213249404688423,test,raw
0.0024,5349,1147911,180890,1,1153260,2123.8674033149173,0.0046381561833411375,0.9998130841121495,0.13613024072077007,0.009233478046970077,0.13959364419769577,0.0012604924804576906,test,raw
0.0025,5349,1142271,186530,1,1147620,2113.480662983425,0.0046609504888377685,0.9998130841121495,0.14037466859221207,0.009278645584880786,0.14382105174002044,0.0013062058714734196,test,raw
0.0026,5349,1136806,191995,1,1142155,2103.41620626151,0.004683252273115295,0.9998130841121495,0.14448739879033806,0.009322835194617888,0.14791728972207793,0.0013509294998221288,test,raw
0.0027,5349,1131210,197591,1,1136559,2093.1104972375692,0.004706310891031614,0.9998130841121495,0.14869871410391775,0.009368522360363216,0.15211171748924973,0.0013971687649066095,test,raw
0.0028,5349,1125777,203024,1,1131126,2083.1049723756905,0.004728916141968268,0.9998130841121495,0.15278736244178023,0.009413309211985117,0.15618397018028693,0.0014424968195831168,test,raw
0.0029,5349,1120485,208316,1,1125834,2073.3591160220994,0.004751144484888536,0.9998130841121495,0.15676990008285666,0.0094573473457899,0.16015053768276605,0.0014870670929512078,test,raw
0.003,5349,1115212,213589,1,1120561,2063.648250460405,0.004773501844165556,0.9998130841121495,0.16073813911940163,0.009501639117123824,0.16410286391870185,0.0015318940526962254,test,raw
0.0031,5349,1110112,218689,1,1115461,2054.255985267035,0.004795326775207739,0.9998130841121495,0.16457618559889706,0.009544874202697867,0.16792551967505928,0.0015756515430016482,test,raw
0.0032,5349,1105146,223655,1,1110495,2045.110497237569,0.004816770899463752,0.9998130841121495,0.16831338928853906,0.009587353082193315,0.17164773702526925,0.0016186436751757251,test,raw
0.0033,5349,1100206,228595,1,1105555,2036.012891344383,0.004838293888589894,0.9998130841121495,0.17203102646671697,0.00962998636247024,0.17535046632652526,0.0016617920588366203,test,raw
0.0034,5349,1095233,233568,1,1100582,2026.854511970534,0.0048601558084722446,0.9998130841121495,0.17577349806329165,0.009673289135317542,0.17907793045914594,0.0017056180087771573,test,raw
0.0035,5349,1090486,238315,1,1095835,2018.1123388581952,0.004881209306145542,0.9998130841121495,0.17934589152175534,0.00971498885291754,0.18263599847393586,0.001747821521112186,test,raw
0.0036,5349,1085788,243013,1,1091137,2009.4604051565377,0.004902225843317567,0.9998130841121495,0.18288140963169053,0.009756613621502125,0.18615733901185097,0.001789949164743799,test,raw
0.0037,5349,1081227,247574,1,1086576,2001.0607734806629,0.004922803375005522,0.9998130841121495,0.1863138272773726,0.009797367220855627,0.18957599252258553,0.0018311951006813928,test,raw
0.0038,5349,1076674,252127,1,1082023,1992.6758747697975,0.004943517836497006,0.9998130841121495,0.18974022445798883,0.009838390322364082,0.192988649710565,0.0018727137808515978,test,raw
0.0039,5349,1072231,256570,1,1077580,1984.4935543278084,0.00496390059206741,0.9998130841121495,0.19308384024394926,0.009878754859501538,0.19631885746066224,0.0019135659274360215,test,raw
0.004,5349,1067833,260968,1,1073182,1976.3941068139964,0.004984243119992695,0.9998130841121495,0.19639359091391412,0.009919038099935839,0.19961533589526223,0.001954335781947797,test,raw
0.0041,5349,1063429,265372,1,1068778,1968.2836095764274,0.0050047811612888736,0.9998130841121495,0.1997078569326784,0.009959706850580194,0.20291631157192852,0.0019954957900901278,test,raw
0.0042,5349,1059102,269699,1,1064451,1960.3149171270718,0.005025125628140704,0.9998130841121495,0.20296417597518365,0.009999990652467143,0.20615957264207724,0.0020362661861489076,test,raw
0.0043,5349,1054968,273833,1,1060317,1952.7016574585634,0.005044717758934356,0.9998130841121495,0.20607525129797463,0.010038783222151008,0.2092581724257599,0.002075527324631788,test,raw
0.0044,5349,1050813,277988,1,1056162,1945.0497237569061,0.0050645639589381175,0.9998130841121495,0.20920213034156357,0.010078077308593779,0.2123725125566746,0.002115296025053207,test,raw
0.0045,5349,1046769,282032,1,1052118,1937.6022099447514,0.005084030498480208,0.9998130841121495,0.21224547543236347,0.010116618186082225,0.21540365370936274,0.0021543024066042154,test,raw
0.0046,5349,1042854,285947,1,1048203,1930.3922651933701,0.005103019167088818,0.9998130841121495,0.21519174052397613,0.010154211510953887,0.21833810415762533,0.00219234977910579,test,raw
0.0047,5349,1038929,289872,1,1044278,1923.1639042357274,0.005122199261116293,0.9998130841121495,0.21814553119692112,0.010192182373183641,0.22128005000933176,0.002230779237075436,test,raw
0.0048,5348,1035020,293781,2,1040368,1915.963167587477,0.005140488750134568,0.9996261682242991,0.2210872809397344,0.01022837897023863,0.22420925367518368,0.0022674207051229475,test,raw
0.0049,5348,1031119,297682,2,1036467,1908.779005524862,0.005159836251419486,0.9996261682242991,0.22402301021748178,0.010266678312985871,0.22713321055862493,0.0023061826161448556,test,raw
0.005,5348,1027317,301484,2,1032665,1901.7771639042357,0.005178833406767926,0.9996261682242991,0.22688423624003895,0.010304282693410018,0.22998296294797216,0.0023442411596099875,test,raw
0.0051,5348,1023570,305231,2,1028918,1894.8766114180478,0.005197693110626892,0.9996261682242991,0.22970407156526823,0.010341613585647048,0.23279149061837828,0.0023820229004137745,test,raw
0.0052,5348,1019900,308901,2,1025248,1888.1178637200737,0.005216298885733013,0.9996261682242991,0.23246595991423846,0.010378440478246612,0.23554230368226686,0.0024192945435537994,test,raw
0.0053,5348,1016308,312493,2,1021656,1881.5027624309391,0.00523463866506926,0.9996261682242991,0.23516914872881642,0.01041473954387803,0.2382346525992935,0.002456031974408276,test,raw
0.0054,5347,1012801,316000,3,1018148,1875.0423572744014,0.005251692288351006,0.9994392523364486,0.23780837010206946,0.01044848157983699,0.2408625410467031,0.002490189368228883,test,raw
0.0055,5346,1009343,319458,4,1014689,1868.6721915285452,0.005268609396573728,0.9992523364485981,0.24041071612679402,0.010481952160652681,0.24345370201723793,0.002524072072471051,test,raw
0.0056,5346,1005946,322855,4,1011292,1862.41620626151,0.0052863070211175405,0.9992523364485981,0.24296715610539124,0.010516976477462074,0.24599989056710972,0.0025595193828084986,test,raw
0.0057,5346,1002517,326284,4,1007863,1856.1012891344383,0.005304292349257786,0.9992523364485981,0.245547677944252,0.010552568907031394,0.2485700644080018,0.0025955416567920507,test,raw
0.0058,5345,999098,329703,5,1004443,1849.802946593002,0.005321357209916342,0.9990654205607477,0.2481206742017804,0.010586328089024186,0.25113199330510566,0.002629716524851998,test,raw
0.0059,5345,995759,333042,5,1001104,1843.6537753222835,0.0053391056273873645,0.9990654205607477,0.25063346580865004,0.010621449167075695,0.2536347085150032,0.002665261761224117,test,raw
0.006,5345,992351,336450,5,997696,1837.377532228361,0.005357343319006992,0.9990654205607477,0.2531981839267129,0.010657537141865877,0.25618914200866316,0.0027017855610528344,test,raw
0.0061,5345,989077,339724,5,994422,1831.3480662983425,0.005374981647630483,0.9990654205607477,0.2556620592549223,0.010692437875835691,0.25864313709617576,0.0027371077719187706,test,raw
0.0062,5345,985933,342868,5,991278,1825.5580110497237,0.005392029279374706,0.9990654205607477,0.2580281020258112,0.010726168640656291,0.2609996919389185,0.00277124587508426,test,raw
0.0063,5345,982815,345986,5,988160,1819.815837937385,0.005409043069948187,0.9990654205607477,0.2603745782852361,0.010759831305170556,0.2633367587327072,0.0028053150462627884,test,raw
0.0064,5345,979629,349172,5,984974,1813.9484346224679,0.005426539177683878,0.9990654205607477,0.26277222849772086,0.010794447069847848,0.26572479426991397,0.0028403488174595704,test,raw
0.0065,5345,976391,352410,5,981736,1807.9852670349908,0.005444437201039791,0.9990654205607477,0.2652090117331339,0.010829856770332068,0.26815180590502874,0.002876186101569783,test,raw
0.0066,5345,973318,355483,5,978663,1802.3259668508288,0.005461532723726145,0.9990654205607477,0.26752162287656317,0.010863677614015261,0.27045514338332016,0.002910415333329395,test,raw
0.0067,5345,970179,358622,5,975524,1796.5451197053408,0.005479106613471324,0.9990654205607477,0.26988390285678593,0.010898443632923291,0.2728079505243409,0.0029456011435791546,test,raw
0.0068,5345,967248,361553,5,972593,1791.1473296500922,0.005495618413868905,0.9990654205607477,0.27208965074529595,0.010931107436731998,0.27500485327372987,0.002978659345967289,test,raw
0.0069,5345,964246,364555,5,969591,1785.6187845303868,0.005512633677499069,0.9990654205607477,0.2743488302612656,0.010964766073023907,0.27725497338757005,0.003012724383786468,test,raw
0.007,5344,961372,367429,6,966716,1780.3241252302025,0.00552799374376756,0.9988785046728972,0.2765116823361813,0.010995138190205193,0.27940840279698476,0.003043471511733179,test,raw
0.0071,5344,958433,370368,6,963777,1774.9116022099447,0.005544851142951119,0.9988785046728972,0.2787234506897572,0.011028482335132548,0.28161130186912875,0.0030772182683952965,test,raw
0.0072,5344,955661,373140,6,961005,1769.8066298342542,0.005560845156893045,0.9988785046728972,0.2808095418350829,0.011060117658624418,0.28368902770376064,0.0031092355621480466,test,raw
0.0073,5344,952817,375984,6,958161,1764.5690607734807,0.005577350779253173,0.9988785046728972,0.28294981716600154,0.011092763860506004,0.28582072044318824,0.0031422759312127483,test,raw
0.0074,5344,950062,378739,6,955406,1759.4953959484346,0.005593433576929599,0.9988785046728972,0.2850231148230623,0.011124572732306642,0.2878857040919656,0.003174468851954337,test,raw
0.0075,5344,947269,381532,6,952613,1754.351749539595,0.005609833164149555,0.9988785046728972,0.287125009689186,0.011157007107790174,0.2899791702738296,0.003207294819952453,test,raw
0.0076,5344,944518,384283,6,949862,1749.2854511970534,0.0056260804201031306,0.9988785046728972,0.2891952971137138,0.011189139164918363,0.2920411557612294,0.003239814811093892,test,raw
0.0077,5344,941786,387015,6,947130,1744.254143646409,0.005642308869954494,0.9988785046728972,0.2912512859337102,0.011221232991768857,0.294088899982086,0.0032722961019569907,test,raw
0.0078,5344,939158,389643,6,944502,1739.414364640884,0.005658008135504213,0.9988785046728972,0.2932290087078502,0.01125227930245975,0.29605869200712664,0.0033037172221246362,test,raw
0.0079,5344,936537,392264,6,941881,1734.5874769797422,0.005673752841388668,0.9988785046728972,0.2952014635750575,0.011283414499736601,0.2980232372497566,0.0033352282940403988,test,raw
0.008,5344,933961,394840,6,939305,1729.843462246777,0.005689312843006266,0.9988785046728972,0.2971400533262693,0.011314183484975999,0.2999540531768893,0.0033663687250818325,test,raw
0.0081,5343,931372,397429,7,936715,1725.073664825046,0.005703976129345639,0.9986915887850467,0.2990884263332132,0.011343166342025233,0.30189386358815457,0.0033957100207457455,test,raw
0.0082,5342,928750,400051,8,934092,1720.243093922652,0.005718922761355412,0.9985046728971962,0.30106163375855377,0.011372708480140338,0.3038584088307845,0.003425617389241323,test,raw
0.0083,5342,926201,402600,8,931543,1715.548802946593,0.00573457156567115,0.9985046728971962,0.30297990444016826,0.01140365015001713,0.30576898716861883,0.0034569326131057634,test,raw
0.0084,5341,923720,405081,9,929061,1710.9779005524863,0.005748815201585256,0.9983177570093458,0.30484700116872276,0.011431800353377689,0.3076278472226907,0.0034854312974786136,test,raw
0.0085,5340,921283,407518,10,926623,1706.48802946593,0.005762861487357857,0.9981308411214953,0.306680985339415,0.011459559450756619,0.30945372750160965,0.0035135341925297842,test,raw
0.0086,5340,918843,409958,10,924183,1701.9944751381215,0.005778076419929819,0.9981308411214953,0.3085172271845069,0.011489640496894677,0.3112826059419061,0.003543978426092971,test,raw
0.0087,5339,916401,412400,11,921740,1697.4953959484346,0.00579230585631523,0.9979439252336448,0.3103549741458653,0.011517759872288558,0.313112233922547,0.003572446003182961,test,raw
0.0088,5339,914038,414763,11,919377,1693.1436464088397,0.005807193349409437,0.9979439252336448,0.31213326901469823,0.01154719176578601,0.31488339775632596,0.003602233254496803,test,raw
0.0089,5338,911602,417199,12,916940,1688.6556169429098,0.005821536850829935,0.9977570093457944,0.31396650062725723,0.011575534810092273,0.3167085284949005,0.003630927255143204,test,raw
0.009,5338,909249,419552,12,914587,1684.3222836095765,0.0058365141861845835,0.9977570093457944,0.31573726991475776,0.011605142526064283,0.3184721969252356,0.003660892459869069,test,raw
0.0091,5337,906897,421904,13,912234,1679.988950276243,0.005850472576115339,0.9975700934579439,0.31750728664412503,0.011632722453748105,0.32023436627488194,0.0036888141838847346,test,raw
0.0092,5336,904519,424282,14,909855,1675.6077348066299,0.005864670744239467,0.9973831775700934,0.3192968698849564,0.011660775454679551,0.32201602367348225,0.003717214731841323,test,raw
0.0093,5336,902304,426497,14,907640,1671.5285451197053,0.005878982856639196,0.9973831775700934,0.32096378615007065,0.011689065597651671,0.32367625553629237,0.003745846477625926,test,raw
0.0094,5335,900022,428779,15,905357,1667.3241252302025,0.005892703099440331,0.997196261682243,0.32268112381011155,0.011716172160749836,0.3253859570618318,0.0037732892125974097,test,raw
0.0095,5335,897756,431045,15,903091,1663.1510128913444,0.005907488835565851,0.997196261682243,0.32438642054002065,0.011745396784160997,0.3270844154822055,0.003802866731109765,test,raw
0.0096,5335,895491,433310,15,900826,1658.9797421731123,0.005922342383545768,0.997196261682243,0.32609096471179655,0.01177475457306307,0.32878212436223486,0.0038325790160659294,test,raw
0.0097,5334,893334,435467,16,898668,1655.0055248618785,0.005935451134345498,0.9970093457943925,0.3277142326051832,0.01180064998705778,0.33039813334472634,0.003858796045410583,test,raw
0.0098,5334,891092,437709,16,896426,1650.8766114180478,0.005950295953040184,0.9970093457943925,0.32940146793989467,0.011829988822057805,0.3320786027968348,0.0038884891562394014,test,raw
0.0099,5334,888921,439880,16,894255,1646.878453038674,0.005964741600550179,0.9970093457943925,0.3310352716471466,0.011858537913862197,0.33370585488449206,0.003917382980689144,test,raw
0.01,5334,886787,442014,16,892121,1642.9484346224679,0.005979009573813417,0.9970093457943925,0.3326412307034688,0.011886735058848697,0.33530537397940713,0.0039459206019683505,test,raw
0.011,5330,866565,462236,20,871895,1605.6998158379374,0.006113121419436974,0.9962616822429906,0.34785946127373474,0.012151679405411259,0.35045958066215893,0.004214100611063684,test,raw
0.012,5326,847789,481012,24,853115,1571.1141804788213,0.006243003580994356,0.9955140186915887,0.3619894927833438,0.012408193694559476,0.3645299520069317,0.004473749823520393,test,raw
0.013,5325,830672,498129,25,835997,1539.5893186003684,0.006369640082440487,0.9953271028037384,0.374871030349917,0.01265827298367974,0.377359084541405,0.004726858530008995,test,raw
0.014,5325,814644,514157,25,819969,1510.0718232044198,0.006494147949495652,0.9953271028037384,0.3869330321093979,0.01290410132324592,0.38937271718118865,0.0049756550314179835,test,raw
0.015,5321,799626,529175,29,804947,1482.4069981583793,0.0066103731053100395,0.9945794392523365,0.39823495015431204,0.013133456004403323,0.4006263159117671,0.005207818408802903,test,raw
0.016,5320,785515,543286,30,790835,1456.4180478821363,0.006727066960870472,0.994392523364486,0.4088542979723826,0.013363728279231586,0.41120233017102265,0.005440880978472216,test,raw
0.017,5320,772501,556300,30,777821,1432.451197053407,0.006839619912550574,0.994392523364486,0.4186480895182951,0.013585794162449835,0.42095684821283347,0.00566562767787464,test,raw
0.018,5317,759939,568862,33,765256,1409.3112338858195,0.006948001714458953,0.9938317757009346,0.4281017247879856,0.013799529201693214,0.4303703253979497,0.005881974043236709,test,raw
0.019,5316,748060,580741,34,753376,1387.4327808471455,0.007056237522830565,0.9936448598130841,0.437041362852677,0.014012963836747388,0.4392733656085406,0.006097995674598687,test,raw
0.02,5310,736857,591944,40,742167,1366.7900552486187,0.007154723936795896,0.9925233644859813,0.4454722716193019,0.014207034756400188,0.447665968844606,0.006294473912069661,test,raw
0.021,5309,726139,602662,41,731448,1347.0497237569061,0.00725820564141265,0.9923364485981309,0.45353818969130816,0.014411005458755316,0.4556987927153673,0.006500918094422423,test,raw
0.022,5304,716219,612582,46,721523,1328.7716390423573,0.007351117012208897,0.9914018691588785,0.4610035663729934,0.014594021238923442,0.4631304852299327,0.006686198898234032,test,raw
0.023,5304,706506,622295,46,711810,1310.8839779005525,0.007451426644750706,0.9914018691588785,0.4683131635210991,0.014791678286574822,0.47041077059493264,0.006886242484648272,test,raw
0.024,5302,697139,631662,48,702441,1293.6298342541436,0.007547964882459879,0.9910280373831776,0.4753623755551057,0.014981823730451503,0.477430215920087,0.007078706345978701,test,raw
0.025,5301,688302,640499,49,693603,1277.353591160221,0.007642700507350747,0.9908411214953271,0.48201273177849807,0.015168401881099303,0.48405315440306235,0.007267548545496342,test,raw
0.026,5301,679894,648907,49,685195,1261.8692449355433,0.007736483774691876,0.9908411214953271,0.4883402405627329,0.015353090674756896,0.4903552896186414,0.007454466848217375,test,raw
0.027,5299,671837,656964,51,677136,1247.0276243093922,0.007825606672810188,0.9904672897196262,0.4944036014422024,0.015528523662023834,0.4963928370926529,0.0076320410778898855,test,raw
0.028,5296,663970,664831,54,669266,1232.5340699815838,0.007913146641245783,0.9899065420560748,0.5003239762763574,0.01570078385333286,0.5022872223608872,0.007806416513177257,test,raw
0.029,5290,656510,672291,60,661800,1218.7845303867402,0.007993351465699607,0.9887850467289719,0.505938059950286,0.01585850258562542,0.5078742960879241,0.007966111960112387,test,raw
0.03,5288,649255,679546,62,654543,1205.4198895027625,0.008078919184835833,0.988411214953271,0.5113978692069016,0.01602684071508563,0.5133107122057399,0.008136507242083587,test,raw
0.031,5284,642264,686537,66,647548,1192.537753222836,0.008160012848468377,0.9876635514018691,0.5166590031163433,0.016186295562247092,0.5185477505919495,0.008297937121834178,test,raw
0.032,5283,635724,693077,67,641007,1180.4917127071824,0.00824171966920798,0.9874766355140187,0.5215807333076962,0.01634700328146829,0.5234489949038752,0.008460598136158851,test,raw
0.033,5280,629198,699603,70,634478,1168.4677716390424,0.008321801543946362,0.9869158878504672,0.5264919276851838,0.016504435567058648,0.5283382465702907,0.008619969572336414,test,raw
0.034,5275,623083,705718,75,628358,1157.197053406998,0.0083948959032908,0.985981308411215,0.5310938206699122,0.0166480461032526,0.5329179380744758,0.008765378508912895,test,raw
0.035,5274,616996,711805,76,622270,1145.9852670349908,0.008475420637343918,0.9857943925233645,0.53567464202691,0.01680634779006405,0.5374796406103957,0.008925605298786873,test,raw
0.036,5271,611143,717658,79,616414,1135.2007366482505,0.008551071195657465,0.9852336448598131,0.5400793647807309,0.01695498613621889,0.5418644516250409,0.009076078208276682,test,raw
0.037,5271,605500,723301,79,610771,1124.8084714548802,0.008630075756707507,0.9852336448598131,0.5443260503265726,0.01711027541667952,0.5460941077883987,0.009233243333597794,test,raw
0.038,5267,600105,728696,83,605372,1114.865561694291,0.008700435434740953,0.9844859813084113,0.5483861014553721,0.01724843709576534,0.5501348797849719,0.00937312703256204,test,raw
0.039,5265,595012,733789,85,600277,1105.4825046040517,0.008770950744406333,0.9841121495327103,0.552218880027935,0.017386939485855155,0.5539507896782299,0.009513329439417491,test,raw
0.04,5263,589905,738896,87,595168,1096.073664825046,0.008842881337706329,0.9837383177570094,0.556062194414363,0.01752820065343587,0.5577771931363091,0.009656324235704904,test,raw
0.041,5262,584856,743945,88,590118,1086.7734806629835,0.008916860695657478,0.9835514018691589,0.5598618604290635,0.017673493789758642,0.5615608727947586,0.00980338632770213,test,raw
0.042,5260,580093,748708,90,585353,1077.9981583793738,0.008986030651589724,0.983177570093458,0.563446294817659,0.01780928825484211,0.5651294343743699,0.009940848826551725,test,raw
0.043,5254,575421,753380,96,580675,1069.3830570902394,0.009048090584233866,0.9820560747663551,0.56696224641613,0.01793097564097095,0.5686267896212648,0.010064089665832672,test,raw
0.044,5253,570906,757895,97,576159,1061.0662983425414,0.009117274918902595,0.9818691588785047,0.5703600463876833,0.01806678830422229,0.5720102147358133,0.010201557576416517,test,raw
0.045,5250,566508,762293,100,571758,1052.9613259668508,0.009182206457976976,0.9813084112149533,0.5736697970576482,0.018194168162631603,0.5753044445493801,0.010330519079686873,test,raw
0.046,5247,562102,766699,103,567349,1044.841620626151,0.00924827575266723,0.9807476635514019,0.576985568192679,0.018323761696807574,0.578604670685702,0.010461721511357672,test,raw
0.047,5246,557905,770896,104,563151,1037.110497237569,0.009315441151662699,0.9805607476635514,0.5801440546778637,0.01845555240887879,0.5817497419707365,0.010595119474740873,test,raw
0.048,5240,553834,774967,110,559074,1029.6022099447514,0.009372641188822946,0.9794392523364486,0.583207718838261,0.01856760166116253,0.5847966234706566,0.010708609699999934,test,raw
0.049,5233,549990,778811,117,555223,1022.5101289134439,0.009425041830039461,0.9781308411214953,0.586100552302414,0.01867018211722648,0.5876726097720573,0.01081253231499598,test,raw
0.05,5232,546075,782726,118,551307,1015.2983425414365,0.009490175165561112,0.9779439252336448,0.5890468173940266,0.01879793122156013,0.5906063106799755,0.010941841159916095,test,raw
0.051,5227,542325,786476,123,547552,1008.3830570902394,0.009546125299514933,0.9770093457943925,0.5918689103936556,0.018907509829951784,0.5934133392696929,0.011052818967074636,test,raw
0.052,5226,538711,790090,124,543937,1001.7255985267035,0.009607730307002465,0.9768224299065421,0.5945886554871648,0.01902830396495821,0.5961214285339516,0.011175089256017252,test,raw
0.053,5224,535131,793670,126,540355,995.1289134438306,0.009667718444356025,0.9764485981308412,0.5972828136041439,0.01914587551882427,0.5988032838861568,0.01129411304626381,test,raw
0.054,5221,531751,797050,129,536972,988.8987108655617,0.009723039562584268,0.9758878504672898,0.5998264600944762,0.01925424378874543,0.6013344816291409,0.011403837573022534,test,raw
0.055,5217,528247,800554,133,533464,982.4383057090239,0.00977947902763823,0.9751401869158879,0.6024634237933295,0.0193647529574213,0.6039578728344842,0.011515744564586004,test,raw
0.056,5210,524865,803936,140,530075,976.1970534069982,0.00982879781163043,0.9738317757009346,0.60500857539992825,0.019461175701545503,0.6064875714967796,0.01161344125245831,test,raw
0.057,5207,521641,807160,143,526848,970.2541436464088,0.009883306000971818,0.9732710280373832,0.6074348228214759,0.019567905178147982,0.6089018409460398,0.01172150899960245,test,raw
0.058,5205,518458,810343,145,523663,964.3885819521179,0.009939598558614987,0.9728971962616823,0.609830215359561,0.019678155357240747,0.6112861287815248,0.011833125008513036,test,raw
0.059,5203,515378,813423,147,520581,958.7127071823204,0.009994602184866525,0.9725233644859813,0.6121480944099229,0.019785865446227742,0.6135932139615381,0.011942170432550893,test,raw
0.06,5202,512327,816474,148,517529,953.0920810313075,0.010051610634379909,0.9723364485981308,0.614444149274421,0.01989752887379298,0.6158793120119087,0.01205520161478636,test,raw
0.061,5200,509325,819476,150,514525,947.5598526703499,0.010106408823672319,0.9719626168224299,0.6167033287903907,0.020004808848280837,0.6181279330450601,0.012163812142447597,test,raw
0.062,5199,506307,822494,151,511506,942,0.010164103646878043,0.9717757009345794,0.6189745492364922,0.020117789094061016,0.620389296264066,0.012278176329189209,test,raw
0.063,5197,503392,825409,153,508589,936.6279926335175,0.010218467170937634,0.9714018691588785,0.6211682561948704,0.020224190030334342,0.6225727072872561,0.012385897601353854,test,raw
0.064,5191,500614,828187,159,505805,931.5009208103131,0.010262848330878501,0.9702803738317757,0.6232588626889956,0.02031086461053888,0.624650433121888,0.012473718219465009,test,raw
0.065,5191,497834,830967,159,503025,926.3812154696133,0.01031956662193728,0.9702803738317757,0.6253509742993872,0.020421932628473076,0.626734155279275,0.012586131617884818,test,raw
0.066,5188,495220,833581,162,500408,921.5616942909761,0.010367540087288773,0.9697196261682243,0.6273181612596619,0.02051574072975613,0.6286912051184611,0.012681124742378928,test,raw
0.067,5185,492492,836309,165,497677,916.5322283609577,0.010418403904540494,0.9691588785046729,0.6293711398471253,0.020615195605802467,0.630733702556907,0.012781833475571889,test,raw
0.068,5181,489876,838925,169,495057,911.707182320442,0.010465461552912088,0.968411214953271,0.6313398319236665,0.02070714438447104,0.6326915019364375,0.012874962059890133,test,raw
0.069,5178,487324,841477,172,492502,907.0018416206261,0.010513662888678625,0.9678504672897196,0.6332603602796807,0.02080136265396142,0.6346020802742718,0.0129703716816431,test,raw
0.07,5173,484677,844124,177,489850,902.1178637200736,0.010560375625191385,0.9669158878504673,0.6352523816583522,0.020892568659127624,0.6365823658641339,0.013062766263505849,test,raw
0.071,5172,482105,846696,178,487277,897.3793738489871,0.010614086033200828,0.9667289719626169,0.637187961177031,0.02099763106772467,0.6385094340895446,0.013169119012177278,test,raw
0.072,5170,479562,849239,180,484732,892.6924493554328,0.010665687431405396,0.9663551401869159,0.639101716509846,0.021098510045257736,0.6404140161046238,0.013271254533416689,test,raw
0.073,5163,477149,851652,187,482312,888.2357274401473,0.01070468908092687,0.9650467289719626,0.6409176392853407,0.021174502011639208,0.6422174101732113,0.013348286227072128,test,raw
0.074,5157,474731,854070,193,479888,883.7716390423573,0.010746257460074017,0.9639252336448598,0.6427373248515015,0.02125554882346395,0.644025301483865,0.013430418147013498,test,raw
0.075,5155,472349,856452,195,477504,879.3812154696133,0.01079572108296475,0.9635514018691589,0.6445299183248658,0.02135220998479872,0.6458092075034985,0.013528286242563792,test,raw
0.076,5155,470064,858737,195,475219,875.1731123388582,0.010847630250473993,0.9635514018691589,0.6462495136593064,0.02145373505157428,0.6475219071904155,0.013631043056728966,test,raw
0.077,5153,467741,861060,197,472894,870.8913443830571,0.010896733728911765,0.963177570093458,0.6479977062028099,0.02154966920651383,0.6492615903297303,0.013728175652191553,test,raw
0.078,5149,465489,863312,201,470638,866.7366482504605,0.010940468045504187,0.9624299065420561,0.6496924671188538,0.021634999201660544,0.6509465570239051,0.013814610464548209,test,raw
0.079,5142,463260,865541,208,468402,862.6187845303867,0.010977749881512034,0.9611214953271028,0.6513699191978333,0.02170756007362502,0.652612035669126,0.013888174242453798,test,raw
0.08,5139,461077,867724,211,466216,858.5930018416207,0.011022787720713146,0.9605607476635514,0.653012753602684,0.021795464473689793,0.6542460336198826,0.013977198538706725,test,raw
0.081,5135,458914,869887,215,464049,854.6022099447514,0.011065641774898771,0.9598130841121495,0.6546405368448699,0.02187904107166824,0.6558642912234073,0.01406186057872139,test,raw
0.082,5130,456803,871998,220,461933,850.7053406998158,0.011105506642738232,0.9588785046728971,0.6562291870641277,0.021956715737572303,0.6574428231886795,0.014140567360951314,test,raw
0.083,5126,454611,874190,224,459737,846.6611418047883,0.011149853068167235,0.9581308411214954,0.6578787944921776,0.022043187618660597,0.6590828174621913,0.014228161100580172,test,raw
0.084,5124,452499,876302,226,457623,842.767955801105,0.011196989661795845,0.9577570093457944,0.6594681972695686,0.02213520010886164,0.6606643475888412,0.014321327421637473,test,raw
0.085,5122,450471,878330,228,455593,839.0294659300184,0.011242490556264034,0.9573831775700935,0.660994385163768,0.022224006005080888,0.6621829163265628,0.01441124843153148,test,raw
0.086,5118,448406,880395,232,453524,835.219152854512,0.011284959561125761,0.9566355140186916,0.6625484177088969,0.022306777023758155,0.6637277189763378,0.014495097752585914,test,raw
0.087,5114,446400,882401,236,451514,831.5174953959485,0.011326337610793907,0.9558878504672897,0.6640580493241651,0.022387406317853895,0.6652282987457941,0.014576779894503155,test,raw
0.088,5110,444428,884373,240,449538,827.878453038674,0.011367225907487243,0.9551401869158879,0.6655420939629034,0.022467068816939554,0.6667033941435415,0.014657484058119077,test,raw
0.089,5108,442599,886202,242,447707,824.5064456721915,0.011409247565930397,0.9547663551401869,0.6669185227885891,0.022549039083382447,0.6680728043527306,0.014740487782038694,test,raw
0.09,5104,440689,888112,246,445793,820.9815837937385,0.011449260082594387,0.954018691588785,0.6683559088230668,0.022626971935727692,0.6695014282491262,0.014819442221213407,test,raw
0.091,5103,438797,890004,247,443900,817.4953959484346,0.011495832394683487,0.9538317757009346,0.6697797488111463,0.022717863105175293,0.6709188090403561,0.014911457389333522,test,raw
0.092,5100,436926,891875,250,442026,814.0441988950276,0.011537782845352989,0.9532710280373832,0.6711877850784278,0.02279961374772004,0.672318950403665,0.014994258269621454,test,raw
0.093,5094,435069,893732,256,440163,810.6132596685082,0.011572985462203774,0.9521495327102804,0.6725852855318442,0.02286801956396334,0.6737063495811194,0.01506360865159108,test,raw
0.094,5090,433234,895567,260,438324,807.2265193370166,0.011612414560918407,0.9514018691588785,0.6739662297063292,0.022944774767058695,0.6750787579516861,0.015141373198214899,test,raw
0.095,5089,431538,897263,261,436627,804.1012891344383,0.011655257233290658,0.951214953271028,0.6752425683002948,0.02302834762894902,0.6763492288354167,0.015225982116394778,test,raw
0.096,5084,429848,898953,266,434932,800.9797421731123,0.011689183596516236,0.9502803738317757,0.6765143915454609,0.023094289568958072,0.6776122043157033,0.015292821652348337,test,raw
0.097,5080,428118,900683,270,433198,797.7863720073665,0.011726739273957867,0.9495327102803738,0.6778163171159565,0.02316736138347456,0.6789059109501099,0.01536685945010721,test,raw
0.098,5079,426400,902401,271,431479,794.6206261510129,0.011771140658062154,0.9493457943925233,0.6791092119888531,0.02325395063056711,0.6801928717214168,0.015454522249805883,test,raw
0.099,5078,424712,904089,272,429790,791.5101289134439,0.011815072477256335,0.9491588785046728,0.6803795301177528,0.02333961483660431,0.6814573462823923,0.01554124882655722,test,raw
0.1,5075,423001,905800,275,428076,788.353591160221,0.01185537147609303,0.9485981308411215,0.6816671570837168,0.023418069059078134,0.6827375611905999,0.015620716399780615,test,raw
0.11,5049,406900,921901,301,411949,758.65377532228365,0.012256371541137373,0.9437383177570093,0.6937840955869239,0.024198476392227157,0.6947864222265696,0.016411147836103514,test,raw
0.12,5018,392070,936731,332,397088,731.2854511970534,0.012636997340639859,0.9379439252336449,0.70494453270279,0.024938002872492163,0.7058788697831055,0.017160337634633212,test,raw
0.13,5000,378706,950095,350,383706,706.6408839779006,0.013030810047275779,0.9345794392523364,0.7150017195953344,0.025703240664582988,0.7158822352192518,0.017935309632076638,test,raw
0.14,4981,366445,962356,369,371426,684.0257826887661,0.013410477457151626,0.9310280373831775,0.7242288348669214,0.026440112958362526,0.7250581081151983,0.01868161235330965,test,raw
0.15,4963,355057,973744,387,360020,663.0202578268877,0.013785345258596744,0.9276635514018692,0.7327989668881947,0.027166981416098746,0.7335803818308423,0.019417787209366117,test,raw
0.16,4934,344332,984469,416,349266,643.2154696132596,0.01412676870923594,0.9222429906542056,0.7408701528671336,0.027827283596904822,0.7415974653543714,0.020086866675828388,test,raw
0.17,4914,334346,994455,436,339260,624.7882136279926,0.014484466191121854,0.9185046728971963,0.7483851983856122,0.028519195612431446,0.7490673844265004,0.020787755269892332,test,raw
0.18,4888,324950,1003851,462,329838,607.4364640883978,0.014819396188431897,0.9136448598130841,0.7554562346054827,0.02916572192321921,0.7560905774533767,0.021442879038514922,test,raw
0.19,4865,315932,1012869,485,320797,590.7863720073665,0.015165353790715,0.9093457943925234,0.7622428038509905,0.02983317338500737,0.7628326928511091,0.02211913761067079,test,raw
0.2,4840,307491,1021310,510,312331,575.195211786372,0.015496380442543327,0.9046728971962616,0.768595147053622,0.03047081821072082,0.7691408243894432,0.022765305889625578,test,raw
0.21,4813,299387,1029414,537,304200,560.2209944751381,0.01582182774490467,0.8996261682242991,0.7746938781653536,0.031096753351639476,0.7751948617510311,0.023399708047905775,test,raw
0.22,4790,291647,1037154,560,296437,545.9244935543278,0.01615857669589154,0.8953271028037383,0.7805186781165878,0.03174424345647759,0.780979064588641,0.024055849322171505,test,raw
0.23,4759,284273,1044528,591,289032,532.2872928176796,0.0164653048797365,0.8895327102803738,0.7860680417910583,0.03233213987268243,0.7864829393374513,0.02465192983632251,test,raw
0.24,4729,277060,1051741,621,281789,518.9484346224677,0.01678206033592511,0.8839252336448599,0.791496243606078,0.03293875091854468,0.7918668876311602,0.02526696760464465,test,raw
0.25,4709,269949,1058852,641,274658,505.8158379373849,0.017144958457427056,0.8801869158878505,0.7968476844915078,0.03363475329276307,0.7971818782131858,0.025972227570377694,test,raw
0.26,4680,263155,1065646,670,267835,493.25046040515656,0.017473444471409638,0.874766355140187,0.8019605644487022,0.03426249611069422,0.8022525186429422,0.02660870279928427,test,raw
0.27,4656,256524,1072277,694,261180,480.9944751381216,0.017826786124511832,0.8702803738317757,0.8069507774301795,0.03493790567665929,0.807204731698286,0.027293310138047373,test,raw
0.28,4621,250126,1078675,729,254747,469.1473296500921,0.018139565922267977,0.8637383177570094,0.8117656443666132,0.03553289734214544,0.8119740569096002,0.02789691619013417,test,raw
0.29,4596,243876,1084925,754,248472,457.5911602209945,0.018497053994011397,0.8590654205607476,0.8164691326993282,0.036214354941652024,0.8166399455533894,0.028587762197825124,test,raw
0.3,4569,237697,1091104,781,242266,446.16206261510126,0.018859435496520353,0.8540186915887851,0.8211191894045835,0.03690391574050142,0.8212511177520385,0.029286924850195618,test,raw
0.31,4542,231684,1097117,808,236226,435.03867403314916,0.01922735008000813,0.8489719626168224,0.825644321459722,0.03760307315296222,0.8257378662535201,0.029995847565077605,test,raw
0.32,4508,225844,1102957,842,230352,424.2209944751381,0.019570049315829688,0.8426168224299065,0.8300392609578109,0.03825169069418164,0.8300896974930124,0.030653916693438466,test,raw
0.33,4488,220145,1108656,862,224633,413.68876611418045,0.01997925505157301,0.8388785046728972,0.8343280897591137,0.0390289717066044,0.834346337108768,0.031441757326045365,test,raw
0.34,4470,214364,1114437,880,218834,403.00920810313073,0.020426441960572854,0.8355140186915888,0.8386786283273417,0.03987795739214217,0.8386659381134519,0.032302153021633556,test,raw
0.35,4440,208744,1120057,910,213184,392.6040515653775,0.02082707895526869,0.8299065420560747,0.8429080050361191,0.040634409291002774,0.8428558686385574,0.03306939610490413,test,raw
0.36,4423,203441,1125360,927,207864,382.8066298342541,0.02127833583496902,0.8267289719626169,0.846898820816661,0.04148883281585637,0.8468179388989702,0.03393532722226163,test,raw
0.37,4388,198119,1130682,962,202507,372.9410681399632,0.021668386771815297,0.8201869158878504,0.8509039352017345,0.04222133486002396,0.8507807586997274,0.03467864780453323,test,raw
0.38,4357,192994,1135807,993,197351,363.44567219152856,0.022077415366529685,0.814392523364486,0.8547607956345608,0.042989427777859995,0.8545989172140185,0.035457894094658056,test,raw
0.39,4333,187890,1140911,1017,192223,354.0018416206261,0.022541527288617906,0.8099065420560748,0.8586018523465891,0.04386226862982289,0.8584065821634882,0.03634294017819988,test,raw
0.4,4295,182736,1146065,1055,187031,344.4401473296501,0.022964107554362647,0.802803738317757,0.8624805369652793,0.04465097904678737,0.8622412305653558,0.03714354098711386,test,raw
0.41,4266,177701,1151100,1084,181967,335.11418047882137,0.02344381124049965,0.7973831775700935,0.8662696671661144,0.04554845529236535,0.8659934295293411,0.03805391559594403,test,raw
0.42,4229,172811,1155990,1121,177040,326.04051565377534,0.0238872571170357,0.7904672897196262,0.8699496764376307,0.04637315642304952,0.8696309488206357,0.03889108629766368,test,raw
0.43,4193,167856,1160945,1157,172049,316.8489871086556,0.02437096408581276,0.7837383177570093,0.873678601987807,0.04727196883860676,0.8733179377746597,0.039803355760603704,test,raw
0.44,4156,163094,1165707,1194,167250,308.0110497237569,0.024849028400597908,0.776822429906542,0.8772622838182692,0.04815758980301275,0.8768595159018732,0.04070242110839743,test,raw
0.45,4132,158275,1170526,1218,162407,299.09208103130754,0.025442253104853856,0.7723364485981309,0.8808888614623258,0.04926172976388467,0.8804535618531936,0.041822139514185154,test,raw
0.46,4088,153694,1175107,1262,157782,290.57458563535914,0.025909165811055762,0.7641121495327102,0.8843363302706726,0.05011892209989457,0.8838542263956629,0.04269303561565115,test,raw
0.47,4054,149166,1179635,1296,153220,282.1731123388582,0.026458686855501894,0.7577570093457944,0.8877439134979579,0.051131992180109734,0.8872226607033237,0.04372131837207514,test,raw
0.48,4009,144630,1184171,1341,148639,273.7366482504604,0.026971387051850457,0.7493457943925234,0.8911575171903091,0.05206865425452468,0.8905888463899514,0.044673045990553197,test,raw
0.49,3952,140147,1188654,1398,144099,265.3756906077348,0.027425589351765107,0.7386915887850467,0.894531235301599,0.052887607143574066,0.8939063119541941,0.04550653064468255,test,raw
0.5,3918,135599,1193202,1432,139517,256.9373848987109,0.02808259925313761,0.7323364485981309,0.897953869691549,0.05409099380811365,0.8972897370687426,0.0467280195488895,test,raw
0.51,3873,131408,1197393,1477,135281,249.13627992633516,0.028629297536239384,0.7239252336448598,0.9011078408279344,0.05508031657315954,0.9003973313365579,0.04773360499889408,test,raw
0.52,3836,127227,1201574,1514,131063,241.3683241252302,0.029268367121155475,0.7170093457943926,0.9042542863829873,0.05624097410070888,0.9035034265236843,0.048912329047578716,test,raw
0.53,3793,123056,1205745,1557,126849,233.60773480662982,0.029901694140277022,0.7089719626168224,0.9073932063567081,0.05738318746737873,0.9065975290653007,0.0500730103993623,test,raw
0.54,3748,118860,1209941,1602,122608,225.7974217311234,0.030568967767193006,0.7005607476635514,0.9105509402837596,0.058581722127573115,0.9097088710348379,0.05129112466761999,test,raw
0.55,3707,114820,1213981,1643,118527,218.28176795580112,0.031275574341711174,0.6928971962616822,0.9135912751420265,0.05984968961146945,0.9127062828720287,0.05257945876134742,test,raw
0.56,3658,110615,1218186,1692,114273,210.44751381215468,0.0320110612305619,0.6837383177570093,0.9167557820922771,0.06115880725278584,0.9158213725432879,0.05391044350912849,test,raw
0.57,3621,106748,1222053,1729,110369,203.25782688766114,0.03280812547001422,0.6768224299065421,0.9196659243934946,0.0625826355222565,0.9186921120622779,0.05535678393464373,test,raw
0.58,3577,102801,1226000,1773,106378,195.90791896869246,0.03362537366748764,0.6685981308411215,0.9226362713453707,0.06403050264929114,0.9216175680264078,0.05682840006533856,test,raw
0.59,3539,98945,1229856,1811,102484,188.7366482504604,0.03453221966355724,0.6614953271028038,0.9255381355071226,0.06563792495873287,0.9244793130612652,0.05846134881428461,test,raw
0.6,3486,95141,1233660,1864,98627,181.63351749539595,0.03534529084327821,0.651588785046729,0.9284008666459462,0.067053290631582,0.9272908388930489,0.059901568040024354,test,raw
0.61,3419,91445,1237356,1931,94864,174.7034990791897,0.0360410693202901,0.6390654205607477,0.9311823215063806,0.06823397928433153,0.9300109208028177,0.06110596754668354,test,raw
0.62,3375,87815,1240986,1975,91190,167.93738489871086,0.037010637131264394,0.6308411214953271,0.9339141075300215,0.06991920447482909,0.932698772477778,0.06281947224603714,test,raw
0.63,3321,84209,1244592,2029,87530,161.19705340699815,0.03794127727636239,0.6207476635514019,0.9366278321584647,0.07151162790697674,0.9353611397810293,0.06444056179480034,test,raw
0.64,3273,80674,1248127,2077,83947,154.5985267034991,0.03898888584464007,0.6117757009345794,0.9392881251594483,0.07330593412992596,0.9379747869618956,0.0662659725474295,test,raw
0.65,3226,77252,1251549,2124,80478,148.20994475138122,0.040085489202017946,0.6029906542056075,0.9418633790913764,0.07517360301999348,0.940504485624191,0.0681660644536303,test,raw
0.66,3182,73866,1254935,2168,77048,141.89318600368324,0.04129893053680822,0.5947663551401869,0.944411540930508,0.07723488434185295,0.9430094494551217,0.07026245923275048,test,raw
0.67,3125,70703,1258098,2225,73828,135.963167587477,0.04232811399469036,0.5841121495327103,0.9467918823059285,0.07893606809972467,0.9453375217647777,0.07199629811286598,test,raw
0.68,3072,67573,1261228,2278,70645,130.1012891344383,0.043485030787741526,0.5742056074766355,0.9491473892629521,0.08084742417264293,0.9476438574044467,0.07394323294948794,test,raw
0.69,3007,64439,1264362,2343,67446,124.20994475138122,0.044583815200308394,0.5620560747663551,0.9515059064525087,0.08261442936425077,0.9499441967213607,0.07574661538943157,test,raw
0.7,2948,61363,1267438,2402,64311,118.43646408839778,0.04583974747710345,0.5510280373831775,0.9538207752703377,0.08463846341568453,0.9522055599403666,0.07781044713972239,test,raw
0.71,2884,58294,1270507,2466,61178,112.66666666666667,0.04714112916407859,0.5390654205607477,0.9561303761812341,0.08670033670033668,0.9544579286752399,0.07991458844196424,test,raw
0.72,2821,55435,1273366,2529,58256,107.2854511970534,0.04842419664927218,0.5272897196261682,0.9582819398841512,0.08870232368015596,0.956553643478137,0.08195885234873738,test,raw
0.73,2769,52565,1276236,2581,55334,101.90423572744015,0.0500415657642679,0.5175700934579439,0.9604417817265339,0.09125964010282776,0.9586658481686106,0.08456504758202257,test,raw
0.74,2710,49652,1279149,2640,52362,96.43093922651934,0.05175508956877125,0.5065420560747663,0.9626339835686457,0.09391461047962296,0.960805036311482,0.08727305561822317,test,raw
0.75,2652,46919,1281882,2698,49571,91.29097605893186,0.05349902160537411,0.49570093457943926,0.9646907249467753,0.09657508057027368,0.9628100567327087,0.08998766114139072,test,raw
0.76,2589,44232,1284569,2761,46821,86.22651933701657,0.055295700647145514,0.4839252336448598,0.9667128486507761,0.09925054148856645,0.9647768505963717,0.09272026565762714,test,raw
0.77,2533,41593,1287208,2817,44126,81.2633517495396,0.05740379821420478,0.47345794392523366,0.9686988495643817,0.10239307947287572,0.9667129133059151,0.09592638164796274,test,raw
0.78,2452,39114,1289687,2898,41566,76.548802946593,0.058990521098975124,0.4583177570093458,0.9705644411766698,0.10452724017392787,0.9685103110517476,0.0981189033319912,test,raw
0.79,2371,36546,1292255,2979,38917,71.67034990791898,0.06092453169565999,0.44317757009345793,0.9724970104628158,0.10712268732916166,0.9703744178882301,0.10078248947603438,test,raw
0.8,2304,34136,1294665,3046,36440,67.10865561694291,0.06322722283205269,0.43065420560747664,0.9743106755639106,0.11026561378320174,0.9721305909151213,0.10399957607743658,test,raw
0.81,2224,31612,1297189,3126,33836,62.31307550644567,0.0657288095519565,0.41570093457943924,0.9762101322921942,0.11350992701475017,0.9739624675167953,0.10732807291397302,test,raw
0.82,2148,29232,1299569,3202,31380,57.790055248618785,0.06845124282982791,0.4014953271028037,0.9780012206492921,0.11696161176150284,0.9756894084702556,0.11086938066599056,test,raw
0.83,2064,26916,1301885,3286,28980,53.370165745856355,0.07122153209109731,0.3857943925233645,0.979744145285863,0.12024468394989805,0.9773623825189203,0.1142479395172112,test,raw
0.84,1961,24648,1304153,3389,26609,49.003683241252304,0.07369686948025105,0.36654205607476636,0.9814509471320386,0.12271973466003316,0.9789851373645112,0.11682231202696111,test,raw
0.85,1881,22359,1306442,3469,24240,44.64088397790055,0.0775990099009901,0.35158878504672897,0.9831735526990121,0.12713754646840147,0.9806408719852551,0.1213648996046032,test,raw
0.86,1798,20073,1308728,3552,21871,40.278084714548804,0.08220931827534178,0.33607476635514016,0.984893900591586,0.1321038903787517,0.9822921093639325,0.12647505342516627,test,raw
0.87,1686,17850,1310951,3664,19536,35.97790055248619,0.0863022113022113,0.31514018691588785,0.986566837321766,0.13549787028851565,0.9838743890309268,0.13002054748224773,test,raw
0.88,1591,15760,1313041,3759,17351,31.953959484346225,0.09169500316984612,0.29738317757009347,0.9881396838202259,0.14017003656226598,0.9853697220179725,0.13486679642251062,test,raw
0.89,1472,13623,1315178,3878,15095,27.79926335174954,0.09751573368665122,0.2751401869158879,0.9897479005509479,0.14399608706285155,0.986882294432939,0.1388971480006206,test,raw
0.9,1359,11581,1317220,3991,12940,23.830570902394108,0.10502318392581143,0.25401869158878504,0.9912846242590124,0.14860579551667577,0.9883281577572554,0.14374730551163636,test,raw
0.905,1301,10647,1318154,4049,11948,22.0036832412523,0.10888851690659525,0.24317757009345795,0.9919875135554533,0.15042201410567696,0.9889847550989356,0.14568947874387925,test,raw
0.91,1250,9740,1319061,4100,10990,20.239410681399633,0.11373976342129208,0.2336448598130841,0.9926700837822969,0.15299877600979192,0.9896263616337281,0.14840513060213428,test,raw
0.915,1190,8886,1319915,4160,10076,18.556169429097604,0.11810242159587138,0.22242990654205608,0.9933127684280791,0.1542849734214962,0.9902214966671689,0.14983129621357413,test,raw
0.92,1116,8089,1320712,4234,9205,16.952117863720073,0.12123845736013036,0.2085981308411215,0.993912557260267,0.1533493644795603,0.9907634143361583,0.14903315000474962,test,raw
0.925,1044,7216,1321585,4306,8260,15.211786372007367,0.12639225181598063,0.19514018691588786,0.9945695405105806,0.15341660543717855,0.9913637961520098,0.14927575519910838,test,raw
0.93,988,6391,1322410,4362,7379,13.589318600368324,0.13389348150155847,0.18467289719626168,0.9951904009704989,0.155236075104093,0.991940192676841,0.15129021918984278,test,raw
0.935,928,5616,1323185,4422,6544,12.051565377532228,0.14180929095354522,0.17345794392523364,0.9957736335237556,0.15604506473852364,0.9924761140230753,0.15230452724859836,test,raw
0.94,863,4845,1323956,4487,5708,10.511970534069981,0.15119131044148562,0.16130841121495326,0.9963538558444793,0.1560860915174534,0.9930052895062104,0.15257787840597475,test,raw
0.945,794,4134,1324667,4556,4928,9.075506445672191,0.16112012987012986,0.14841121495327103,0.996888924677209,0.15450476746448724,0.9934864944073047,0.15124095427394096,test,raw
0.95,706,3451,1325350,4644,4157,7.65561694290976,0.16983401491460187,0.1319626168224299,0.9974029218822081,0.14852214157988852,0.993932470912213,0.14552564106153199,test,raw
0.955,634,2840,1325961,4716,3474,6.397790055248619,0.1824985607369027,0.11850467289719627,0.9978627349016144,0.14369900271985495,0.9943364731578359,0.14098666970911752,test,raw
0.96,541,2236,1326565,4809,2777,5.114180478821363,0.19481454807346058,0.10112149532710281,0.9983172800140879,0.13313645871785407,0.9947194882738161,0.13075432052428237,test,raw
0.965,453,1674,1327127,4897,2127,3.9171270718232045,0.21297602256699577,0.08467289719626168,0.9987402176849656,0.12117159288484686,0.995074770397054,0.11916196819055673,test,raw
0.97,347,1148,1327653,5003,1495,2.7532228360957642,0.23210702341137124,0.06485981308411215,0.9991360632630469,0.10138787436084733,0.9953895773416952,0.09981106131686575,test,raw
0.975,255,724,1328077,5095,979,1.8029465930018416,0.2604698672114402,0.04766355140186916,0.9994551479115383,0.08058145046610839,0.9956384247360306,0.07943941717844114,test,raw
0.98,166,379,1328422,5184,545,1.003683241252302,0.30458715596330277,0.03102803738317757,0.9997147804675042,0.05631891433418152,0.9958303070641928,0.0556186873075548,test,raw
0.985,89,129,1328672,5261,218,0.4014732965009208,0.40825688073394495,0.01663551401869159,0.9999029200008127,0.03196839080459771,0.9959599775437713,0.03166432891571463,test,raw
0.99,29,32,1328769,5321,61,0.11233885819521179,0.47540983606557374,0.005420560747663551,0.9999759181397365,0.010718905932360008,0.9959877105365135,0.010629453929333737,test,raw
0.991,22,18,1328783,5328,40,0.07366482504604052,0.55,0.00411214953271028,0.9999864539536018,0.008163265306122448,0.9959929573189241,0.008104229424092434,test,raw
0.992,15,5,1328796,5335,20,0.03683241252302026,0.75,0.002803738317757009,0.9999962372093338,0.00558659217877095,0.9959974545609904,0.00555688821231662,test,raw
0.993,8,1,1328800,5342,9,0.016574585635359115,0.8888888888888888,0.0014953271028037382,0.9999992474418667,0.0029856316476954653,0.9959952059399573,0.0029722026125209976,test,raw
0.994,4,0,1328801,5346,4,0.007366482504604052,1,7.476635514018691e-4,1,0.0014942099364960775,0.9959929573189241,0.001488227010829013,test,raw
0.995,0,0,1328801,5350,0,0,NA,0,1,NA,0.9959899591575466,0,test,raw
0.996,0,0,1328801,5350,0,0,NA,0,1,NA,0.9959899591575466,0,test,raw
0.997,0,0,1328801,5350,0,0,NA,0,1,NA,0.9959899591575466,0,test,raw
0.998,0,0,1328801,5350,0,0,NA,0,1,NA,0.9959899591575466,0,test,raw
0.999,0,0,1328801,5350,0,0,NA,0,1,NA,0.9959899591575466,0,test,raw
1e-4,1693,342289,103190,2,343982,1890.010989010989,0.00492176916233989,0.9988200589970502,0.2316383039380083,0.009795271308186543,0.23454628399683344,0.0022686161290736136,validation,platt
2e-4,1690,288486,156993,5,290176,1594.3736263736264,0.005824051610057344,0.9970501474926253,0.3524139185012088,0.011580458490223421,0.3548573933189318,0.004074249378306306,validation,platt
3e-4,1685,254000,191479,10,255685,1404.8626373626373,0.006590140211588478,0.9941002949852508,0.4298272196893681,0.013093480456911959,0.43196608031772865,0.005604672691799975,validation,platt
4e-4,1677,229320,216159,18,230997,1269.2142857142858,0.007259834543305757,0.9893805309734514,0.4852282599179759,0.01441390335722758,0.48713923439198165,0.006940415237769805,validation,platt
5e-4,1668,210943,234536,27,212611,1168.1923076923076,0.007845313741998297,0.984070796460177,0.5264804850509227,0.015566526368837085,0.5282149677754073,0.008106513234942972,validation,platt
6e-4,1659,196798,248681,36,198457,1090.423076923077,0.00835949349229304,0.9787610619469026,0.5582328235449932,0.016577401175106917,0.5598268235630873,0.009129281671513407,validation,platt
7e-4,1658,185746,259733,37,187404,1029.6923076923076,0.00884719643123946,0.9781710914454277,0.5830420738126826,0.017535788132142422,0.5845397988255131,0.010098669901492465,validation,platt
8e-4,1655,176818,268661,40,178473,980.6208791208791,0.00927311133897004,0.976401179941003,0.6030834225631286,0.01837174192975445,0.6044984726303407,0.010944308526738668,validation,platt
9e-4,1651,169348,276131,44,170999,939.554945054945,0.009655027222381417,0.9740412979351032,0.6198518897636027,0.019120525322246285,0.6211944343812476,0.01170183118351647,validation,platt
0.001,1649,162921,282558,46,164570,904.2307692307693,0.010020052257398068,0.9728613569321534,0.6342790569252422,0.019835804288334886,0.635562443254751,0.01242538288743967,validation,platt
0.0011,1644,157295,288184,51,158939,873.2912087912088,0.010343590937403658,0.9699115044247788,0.6469081595316502,0.02046889201538902,0.6481324942863405,0.013065951013742168,validation,platt
0.0012,1635,152354,293125,60,153989,846.0934065934066,0.01061764151984882,0.9646017699115044,0.657999591451,0.02100408519822204,0.6591617580628569,0.013607716754534984,validation,platt
0.0013,1632,147986,297493,63,149618,822.0769230769231,0.010907778475851835,0.9628318584070796,0.6678047674525623,0.021571180268714518,0.6689230590329491,0.014181464464262208,validation,platt
0.0014,1625,144019,301460,70,145644,800.2417582417582,0.011157342561313888,0.9587020648967551,0.6767097887891461,0.022057975145752313,0.6777786722841668,0.014674209841014184,validation,platt
0.0015,1622,140451,305028,73,142073,780.6208791208791,0.011416666080113744,0.9569321533923304,0.6847191450102025,0.022564131100105727,0.6857509604762352,0.015186336860930582,validation,platt
0.0016,1616,137169,308310,79,138785,762.554945054945,0.011643909644414021,0.9533923303834808,0.692086495659728,0.023006833712984055,0.6930769678022425,0.015634455813006185,validation,platt
0.0017,1608,134055,311424,87,135663,745.4010989010989,0.01185290020123394,0.9486725663716814,0.6990767241553474,0.023413270432009785,0.7000228099129198,0.016046020588327128,validation,platt
0.0018,1599,131264,314215,96,132863,730.0164835164835,0.01203495329775784,0.9433628318584071,0.7053418904145874,0.023766702834465435,0.7062441018484975,0.016404048400605255,validation,platt
0.0019,1594,128468,317011,101,130062,714.6263736263736,0.01225569343851394,0.9404129793510324,0.7116182805474557,0.024196057894457224,0.7124855201778278,0.01683865260720758,validation,platt
0.002,1590,125878,319601,105,127468,700.3736263736264,0.012473718894153827,0.9380530973451328,0.7174322470868436,0.024620053730557513,0.7182685039827897,0.017267784619256193,validation,platt
0.0021,1585,123509,321970,110,125094,687.3296703296703,0.012670471805202487,0.9351032448377581,0.7227501184118668,0.025002168957874892,0.72355503674185,0.017654623828496013,validation,platt
0.0022,1581,121246,324233,114,122827,674.8736263736264,0.012871762723179758,0.9327433628318584,0.7278300436159729,0.025393103226739048,0.7286067615737946,0.01805032959808283,validation,platt
0.0023,1574,119049,326430,121,120623,662.7637362637363,0.013048921018379579,0.9286135693215339,0.7327618136881873,0.02573619581745941,0.7335041840536346,0.01839784600010306,validation,platt
0.0024,1568,116975,328504,127,118543,651.3351648351648,0.013227267742506939,0.9250737463126844,0.7374174764691489,0.026081604817112726,0.738128782084826,0.01874765334040325,validation,platt
0.0025,1566,114979,330500,129,116545,640.3571428571429,0.01343686987858767,0.9238938053097345,0.7418980468215113,0.026488497970230042,0.7425878964340503,0.0191593951347206,validation,platt
0.0026,1562,113120,332359,133,114682,630.1208791208791,0.013620271707853019,0.9215339233038348,0.7460710830364619,0.026843792158244326,0.7467361698130929,0.01951908274633203,validation,platt
0.0027,1558,111303,334176,137,112861,620.1153846153846,0.013804591488645325,0.9191740412979351,0.750149838712936,0.02720067041446978,0.7507905200212892,0.019880380357278085,validation,platt
0.0028,1552,109522,335957,143,111074,610.2967032967033,0.013972666870734826,0.9156342182890855,0.7541477824992873,0.0275252950722273,0.7547598921225295,0.020209202491677007,validation,platt
0.0029,1550,107870,337609,145,109420,601.2087912087912,0.014165600438676658,0.9144542772861357,0.757856150346032,0.0278990235341763,0.7584497309772035,0.020587416311268304,validation,platt
0.003,1546,106238,339241,149,107784,592.2197802197802,0.014343501818451718,0.912094395280236,0.7615196226982641,0.028242859361156024,0.7620903719804819,0.020935542943435647,validation,platt
0.0031,1544,104622,340857,151,106166,583.3296703296703,0.014543262438068685,0.9109144542772861,0.7651471786548861,0.028629439741890025,0.7656997052601449,0.021326766360896785,validation,platt
0.0032,1538,103089,342390,157,104627,574.8736263736264,0.01469983847381651,0.9073746312684365,0.7685884183092806,0.028930983239592933,0.7691144834001977,0.021632276638288952,validation,platt
0.0033,1532,101634,343845,163,103166,566.8461538461538,0.014849853633949169,0.9038348082595871,0.7718545655350757,0.029219633610207796,0.7723548327943932,0.021924755870529753,validation,platt
0.0034,1530,100159,345320,165,101689,558.7307692307693,0.015045875168405628,0.9026548672566371,0.7751656082553835,0.029598390466609916,0.7756488525719295,0.02230808335995233,validation,platt
0.0035,1527,98707,346772,168,100234,550.7362637362637,0.015234351617215714,0.9008849557522124,0.7784250211570017,0.029962032395098547,0.778889201966125,0.02267620421364087,validation,platt
0.0036,1520,97331,348148,175,98851,543.1373626373627,0.015376678030571264,0.8967551622418879,0.7815138311794719,0.030234917351262106,0.7819506500825182,0.022952845710955794,validation,platt
0.0037,1513,95992,349487,182,97505,535.7417582417582,0.015517152966514538,0.8926253687315634,0.7845195845370938,0.030504032258064515,0.7849293563579278,0.023225687924481757,validation,platt
0.0038,1511,94584,350895,184,96095,527.9945054945055,0.01572402310213851,0.8914454277286136,0.7876802273507842,0.030902955312404133,0.7880735463153046,0.023629443085390885,validation,platt
0.0039,1503,93303,352176,192,94806,520.9120879120879,0.01585342699829125,0.8867256637168142,0.7905557837743193,0.031149936270090467,0.7909203128983349,0.023880003863620818,validation,platt
0.004,1501,92038,353441,194,93539,513.9505494505495,0.016046782625428965,0.8855457227138643,0.7933954238022444,0.03152235546128484,0.7937447168216399,0.024256959083060466,validation,platt
0.0041,1495,90826,354653,200,92321,507.25824175824175,0.016193498770593905,0.8820058997050148,0.7961160907697108,0.03180309734513274,0.7964416535845107,0.024541524969224387,validation,platt
0.0042,1492,89562,355917,203,91054,500.2967032967033,0.016385880905836096,0.88023598820059,0.7989534860229102,0.0321728536156724,0.7992615849758707,0.024915888643886185,validation,platt
0.0043,1488,88377,357102,207,89865,493.7637362637363,0.016558170589217158,0.8778761061946903,0.8016135440727846,0.032503276539973786,0.8019026150894283,0.025250555985502614,validation,platt
0.0044,1483,87237,358242,212,88720,487.4725274725275,0.01671550946798918,0.8749262536873156,0.8041725872600055,0.032804291323342366,0.8044407769682494,0.02555557211736567,validation,platt
0.0045,1479,86062,359417,216,87541,480.9945054945055,0.016894940656378154,0.8725663716814159,0.8068101975626236,0.03314805683804742,0.8070594444220818,0.02590375677595213,validation,platt
0.0046,1478,84975,360504,217,86453,475.0164835164835,0.017095994355314448,0.871976401179941,0.809250267689386,0.03353451014203385,0.809488029268249,0.026294849212679057,validation,platt
0.0047,1472,83926,361553,223,85398,469.2197802197802,0.01723693763319984,0.8684365781710914,0.8116050363765744,0.0338029462758201,0.8118204546775976,0.026567027961021363,validation,platt
0.0048,1465,82805,362674,230,84270,463.02197802197804,0.017384597128278154,0.8643067846607669,0.8141214288440084,0.0340836386901646,0.8143116549709957,0.026851720589029918,validation,platt
0.0049,1461,81712,363767,234,83173,456.9945054945055,0.017565796592644248,0.8619469026548673,0.8165749676191246,0.03442993825705802,0.8167469486150805,0.027202506570348388,validation,platt
0.005,1455,80734,364745,240,82189,451.5879120879121,0.017703098954847972,0.8584070796460177,0.8187703573007931,0.03469076343522007,0.8189205991403794,0.027467024297499712,validation,platt
0.0051,1449,79718,365761,246,81167,445.9725274725275,0.01785208274298668,0.8548672566371681,0.8210510484220356,0.034973811879993245,0.8211792277726344,0.027754041536058646,validation,platt
0.0052,1446,78726,366753,249,80172,440.5054945054945,0.01803622212243676,0.8530973451327434,0.823277864949863,0.0353255890651911,0.8233908948194663,0.0281102959800542,validation,platt
0.0053,1442,77680,367799,253,79122,434.7362637362637,0.018225019590000252,0.8507374631268436,0.8256258993128744,0.03568556120618187,0.8257210839628422,0.02847495653781816,validation,platt
0.0054,1434,76725,368754,261,78159,429.44505494505495,0.018347215291904962,0.8460176991150442,0.8277696591758534,0.03591554587121497,0.8278388278388278,0.02870853720992121,validation,platt
0.0055,1428,75764,369715,267,77192,424.13186813186815,0.0184993263550627,0.8424778761061947,0.8299268876871861,0.036203683750174305,0.8299744618425937,0.029000758676886784,validation,platt
0.0056,1424,74867,370612,271,76291,419.18131868131866,0.01866537337300599,0.840117994100295,0.8319404506160785,0.0365193752724848,0.8319714473560628,0.02932064988689832,validation,platt
0.0057,1421,74001,371478,274,75422,414.4065934065934,0.018840656572352895,0.8383480825958702,0.8338844255284761,0.03685309335166046,0.8339013448903558,0.029658676479394158,validation,platt
0.0058,1417,73106,372373,278,74523,409.467032967033,0.01901426405270856,0.8359882005899705,0.8358934989079171,0.037182817707103306,0.8358938578718799,0.029992784442237266,validation,platt
0.0059,1412,72244,373235,283,73656,404.7032967032967,0.01917019658955143,0.8330383480825959,0.8378284947214122,0.03747793659009171,0.8378103378103378,0.030292002308953386,validation,platt
0.006,1410,71452,374027,285,72862,400.34065934065933,0.019351651066399495,0.831858407079646,0.8396063563041131,0.03782341027670105,0.8395769879286363,0.030641828789158203,validation,platt
0.0061,1408,70638,374841,287,72046,395.85714285714283,0.019543069705465953,0.8306784660766962,0.8414336029307778,0.038187711042703514,0.8413928358983304,0.03101071046080214,validation,platt
0.0062,1404,69803,375676,291,71207,391.24725274725273,0.01971716263850464,0.8283185840707965,0.843307989826681,0.038517461798030235,0.8432511729215026,0.03134487886182167,validation,platt
0.0063,1397,68988,376491,298,70385,386.7307692307692,0.019847978972792498,0.824188790560472,0.8451374812280713,0.03876248612652609,0.8450580758273066,0.03159369213462783,validation,platt
0.0064,1393,68194,377285,302,69587,382.34615384615387,0.02001810683029876,0.8218289085545722,0.8469198323602235,0.03908420078000056,0.8468247259456051,0.03191975252988116,validation,platt
0.0065,1388,67412,378067,307,68800,378.02197802197804,0.020174418604651162,0.8188790560471977,0.848675246195668,0.03937867933896021,0.8485623046062607,0.03221838883072419,validation,platt
0.0066,1384,66593,378886,311,67977,373.5,0.020359827588743253,0.8165191740412979,0.850513716695961,0.03972901596050064,0.8503848613738724,0.03257343534516386,validation,platt
0.0067,1380,65856,379623,315,67236,369.42857142857144,0.02052471890058897,0.8141592920353983,0.8521681156687521,0.04004004004004004,0.8520240443317366,0.03288870875631608,validation,platt
0.0068,1375,65156,380323,320,66531,365.55494505494505,0.020667057461935038,0.8112094395280236,0.8537394579766947,0.04030721425849383,0.8535782491826448,0.03315974959049705,validation,platt
0.0069,1371,64445,381034,324,65816,361.6263736263736,0.02083080102102832,0.8088495575221238,0.8553354928066194,0.04061560338315237,0.8551592892252233,0.03347237776940117,validation,platt
0.007,1368,63698,381781,327,65066,357.5054945054945,0.021024805582024405,0.8070796460176991,0.8570123395266668,0.040982010455205886,0.8568230711087854,0.033843594232046234,validation,platt
0.0071,1363,63006,382473,332,64369,353.6758241758242,0.021174789106557505,0.8041297935103244,0.8585657236368044,0.04126301767982563,0.8583593858319133,0.034128669082771255,validation,platt
0.0072,1359,62262,383217,336,63621,349.5659340659341,0.021360871410383363,0.8017699115044248,0.860235836032675,0.0416130810214955,0.8600142226515853,0.03448350404066086,validation,platt
0.0073,1354,61550,383929,341,62904,345.6263736263736,0.021524863283733944,0.7988200589970501,0.8618341156373253,0.041920153562748655,0.8615952626941638,0.034794984207384756,validation,platt
0.0074,1347,60854,384625,348,62201,341.7637362637363,0.021655600392276653,0.7946902654867256,0.8633964788463654,0.04216226367847753,0.8631360499492368,0.03504102240695674,validation,platt
0.0075,1342,60200,385279,353,61542,338.14285714285717,0.0218062461408469,0.791740412979351,0.8648645615169289,0.04244350617518225,0.8645873865654086,0.035326392575534646,validation,platt
0.0076,1337,59535,385944,358,60872,334.46153846153845,0.021964121435142595,0.7887905604719764,0.8663573367094746,0.04273818466603801,0.8660633221072781,0.03562537532555821,validation,platt
0.0077,1330,58892,386587,365,60222,330.8901098901099,0.022084952342997576,0.7846607669616519,0.8678007268580562,0.04296073776184247,0.867485587265807,0.03585167623320251,validation,platt
0.0078,1325,58250,387229,370,59575,327.33516483516485,0.022240872849349558,0.7817109144542773,0.8692418722319122,0.04325118328708993,0.8689100886903085,0.036146407205762426,validation,platt
0.0079,1318,57642,387837,377,58960,323.95604395604397,0.02235413839891452,0.7775811209439528,0.8706066952650967,0.043458906932651885,0.8702540845397988,0.03635773774415074,validation,platt
0.008,1312,57065,388414,383,58377,320.75274725274727,0.0224746047244634,0.7740412979351032,0.8719019302817865,0.04368091623385271,0.8715309924101133,0.03658339068553674,validation,platt
0.0081,1308,56480,388999,387,57788,317.5164835164835,0.02263445698068803,0.7716814159292036,0.8732151234962815,0.04397895196947027,0.8728302629401531,0.03688569345383205,validation,platt
0.0082,1304,55887,389592,391,57191,314.2362637362637,0.022800790334143485,0.7693215339233038,0.8745462749085815,0.04428896511904358,0.874147423597973,0.037200131030430655,validation,platt
0.0083,1297,55263,390216,398,56560,310.7692307692308,0.02293140028288543,0.7651917404129793,0.8759470143373762,0.04452836666380568,0.8755271997030238,0.03744360028712135,validation,platt
0.0084,1292,54669,390810,403,55961,307.47802197802196,0.023087507371204945,0.7622418879056048,0.8772804105244019,0.044817538504231993,0.8768443603608439,0.037737137808394695,validation,platt
0.0085,1289,54114,391365,406,55403,304.4120879120879,0.02326588812880169,0.7604719764011799,0.8785262604971278,0.045150443097831804,0.8780787791776803,0.03807462071767073,validation,platt
0.0086,1287,53533,391946,408,54820,301.2087912087912,0.023476833272528273,0.7592920353982301,0.8798304746127202,0.04554543041670353,0.879373577175775,0.03847478381679975,validation,platt
0.0087,1284,52935,392544,411,54219,297.9065934065934,0.02368173518508272,0.7575221238938054,0.8811728498986484,0.045927674643202056,0.8807041554294301,0.03886222605080085,validation,platt
0.0088,1284,52384,393095,411,53668,294.8791208791209,0.02392487143176567,0.7575221238938054,0.8824097207724719,0.046384769611473364,0.881936337980294,0.039324919596139,validation,platt
0.0089,1278,51833,393646,417,53111,291.81868131868134,0.02406281184688671,0.7539823008849558,0.8836465916462953,0.04663722950041966,0.8831551029353227,0.03958153076330843,validation,platt
0.009,1274,51299,394180,421,52573,288.8626373626374,0.02423297129705362,0.751622418879056,0.884845301349783,0.046952163337510136,0.8843403239007634,0.039901043510288385,validation,platt
0.0091,1271,50749,394730,424,52020,285.8241758241758,0.02443291041906959,0.7498525073746313,0.8860799274488809,0.04732383877873965,0.8855635613877372,0.040277825605070115,validation,platt
0.0092,1267,50194,395285,428,51461,282.75274725274727,0.024620586463535495,0.7474926253687315,0.8873257774216069,0.04767100609526677,0.88679574393860106,0.0406299919042701,validation,platt
0.0093,1264,49623,395856,431,50887,279.5989010989011,0.024839349932202725,0.7457227138643068,0.888607543789943,0.0480772888060553,0.888065943010998,0.041041827713495814,validation,platt
0.0094,1260,49100,396379,435,50360,276.7032967032967,0.025019857029388404,0.7433628318584071,0.8897815609714487,0.04841033522236096,0.8892265650507408,0.04137972478400386,validation,platt
0.0095,1254,48589,396890,441,49843,273.8626373626374,0.025158999257669082,0.7398230088495575,0.8909286408562469,0.048663122356319616,0.8903558793668683,0.041636770254327944,validation,platt
0.0096,1251,48078,397401,444,49329,271.03846153846155,0.02536033570516329,0.7380530973451327,0.892075720741045,0.049035747883349017,0.8914919024809135,0.042014571772621925,validation,platt
0.0097,1247,47586,397893,448,48833,268.3131868131868,0.025536010484713205,0.735693215339233,0.8931801499060562,0.04935877137428752,0.892583200275508,0.04234236513134396,validation,platt
0.0098,1245,47085,398394,450,48330,265.54945054945057,0.025760397268777158,0.7345132743362832,0.894304782043598,0.04977511244377811,0.8936990969958003,0.042764244872262096,validation,platt
0.0099,1242,46599,398880,453,47841,262.8626373626374,0.025960995798582805,0.7327433628318584,0.8953957425602553,0.050145348837209294,0.8947792134605321,0.04313965710082444,validation,platt
0.01,1240,46097,399382,455,47337,260.0934065934066,0.02619515389652914,0.7315634218289085,0.8965226194725229,0.05057921357480829,0.895897346446797,0.043579290820283806,validation,platt
0.011,1199,41637,403842,496,42836,235.36263736263737,0.027990475301148565,0.7073746312684366,0.9065343147488434,0.053850126877905274,0.9057794057794057,0.04689975250255502,validation,platt
0.012,1165,37805,407674,530,38970,214.12087912087912,0.02989479086476777,0.6873156342182891,0.9151362914974668,0.0572974302225501,0.9142727439430736,0.050398621252085114,validation,platt
0.013,1121,34509,410970,574,35630,195.76923076923077,0.03146225091215268,0.6613569321533923,0.9225350689931512,0.060066979236436696,0.9215450808857403,0.05321540539703114,validation,platt
0.014,1099,31606,413873,596,32705,179.6978021978022,0.03360342455282067,0.6483775811209439,0.9290516500216621,0.0638953488372093,0.9279877631525983,0.05709948391444989,validation,platt
0.015,1063,29026,416453,632,30089,165.32417582417582,0.035328525374721656,0.6271386430678466,0.9348431688137937,0.06688900075509689,0.9336768237867139,0.06014397384974301,validation,platt
0.016,1032,26886,418593,663,27918,153.3956043956044,0.03696539866752633,0.6088495575221239,0.939646986726647,0.06969911863033126,0.938393108722779,0.06300237706807776,validation,platt
0.017,994,24826,420653,701,25820,141.86813186813185,0.03849728892331526,0.5864306784660767,0.9442712226614498,0.07225149918226423,0.9429148385192341,0.06560426896596865,validation,platt
0.018,964,23043,422436,731,24007,131.9065934065934,0.04015495480484858,0.568731563421829,0.9482736559972524,0.07501361761730604,0.9468350127690787,0.06841708610390838,validation,platt
0.019,923,21393,424086,772,22316,122.61538461538461,0.04136045886359563,0.5445427728613569,0.9519775342945459,0.0768814293448836,0.950433164718879,0.07033118468079505,validation,platt
0.02,907,20017,425462,788,20924,114.96703296703296,0.04334735232269164,0.5351032448377581,0.9550663443170161,0.08019806357487068,0.9534744864415194,0.0737020764566247,validation,platt
0.021,874,18730,426749,821,19604,107.71428571428571,0.04458273821669047,0.5156342182890855,0.957955369388905,0.08206958073148973,0.9562787639710717,0.07561958586384913,validation,platt
0.022,852,17544,427935,843,18396,101.07692307692308,0.046314416177429873,0.5026548672566372,0.960617672213505,0.0848140958638196,0.9588817775630962,0.07841705047559575,validation,platt
0.023,830,16425,429054,865,17255,94.8076923076923,0.04810199942045784,0.4896755162241888,0.9631295751314877,0.08759894459102902,0.9613349613349613,0.08125699260497828,validation,platt
0.024,810,15440,430039,885,16250,89.28571428571429,0.049846153846153846,0.4778761061946903,0.9653406782362356,0.09027584285316244,0.9634929579984525,0.08398752559826915,validation,platt
0.025,787,14577,430902,908,15364,84.41758241758242,0.05122363967716741,0.46430678466076697,0.9672779188244564,0.09226801102057565,0.9653714214153775,0.0860276901477254,validation,platt
0.026,773,13785,431694,922,14558,79.98901098901099,0.05309795301552411,0.456047197640118,0.9690557804071572,0.09512090075678335,0.9671112363420056,0.08893445863262783,validation,platt
0.027,756,13030,432449,939,13786,75.74725274725274,0.054838241694472656,0.44601769911504424,0.9707505853250097,0.09766810929526516,0.9687616006297325,0.09153514341164337,validation,platt
0.028,728,12374,433105,967,13102,71.98901098901099,0.05556403602503435,0.4294985250737463,0.9722231575450245,0.09839832398459147,0.9701659756604811,0.09230538493065017,validation,platt
0.029,706,11736,433743,989,12442,68.36263736263736,0.056743288860311845,0.41651917404129796,0.973655323819978,0.09987974817853858,0.9715435154995594,0.09383380656867209,validation,platt
0.03,686,11163,434316,1009,11849,65.1043956043956,0.057895181027934846,0.40471976401179943,0.9749415797377654,0.1012994683992912,0.9727801705823684,0.09529930841302965,validation,platt
0.031,671,10651,434828,1024,11322,62.20879120879121,0.059265147500441616,0.3958702064896755,0.9760909043972892,0.10309595144810632,0.9738915947707156,0.09714269603953223,validation,platt
0.032,665,10122,435357,1030,10787,59.26923076923077,0.06164828033744322,0.39233038348082594,0.9772783902271488,0.10655343694920685,0.9750611618743487,0.10066143514477259,validation,platt
0.033,643,9664,435815,1052,10307,56.63186813186813,0.06238478703793538,0.3793510324483776,0.9783064970514884,0.10714880853191135,0.9760361738383716,0.1012979779033657,validation,platt
0.034,627,9267,436212,1068,9894,54.362637362637365,0.06337174044875682,0.36991150442477877,0.9791976726175645,0.10820605746828889,0.9768881911739055,0.1023966268021125,validation,platt
0.035,613,8838,436641,1082,9451,51.92857142857143,0.06486086128452016,0.3616519174041298,0.9801606809748608,0.10999461690292482,0.9778162415525052,0.10423656989056468,validation,platt
0.036,600,8431,437048,1095,9031,49.620879120879124,0.06643782526851955,0.35398230088495575,0.9810743042881932,0.11187768040275965,0.978697330345682,0.10617242683519333,validation,platt
0.037,586,8072,437407,1109,8658,47.57142857142857,0.06768306768306769,0.3457227138643068,0.9818801784146952,0.11320390225055539,0.9794688421062048,0.1075459354734183,validation,platt
0.038,573,7743,437736,1122,8316,45.69230769230769,0.0689033189033189,0.3380530973451327,0.9826187092994283,0.11447407851363499,0.9801755021535241,0.10886224189745353,validation,platt
0.039,557,7385,438094,1138,7942,43.637362637362635,0.07013346764039285,0.3286135693215339,0.9834223386512047,0.11559613987755527,0.9809403051161293,0.11003602706169607,validation,platt
0.04,548,7118,438361,1147,7666,42.120879120879124,0.07148447691103574,0.3233038348082596,0.9840216935029485,0.11708150838585621,0.9815172617370419,0.1115658805810272,validation,platt
0.041,539,6821,438658,1156,7360,40.43956043956044,0.07323369565217391,0.31799410029498526,0.9846883915964614,0.11905024848150193,0.9821613063371305,0.11358829501690815,validation,platt
0.042,529,6536,438943,1166,7065,38.81868131868132,0.07487615003538571,0.31209439528023597,0.9853281523932665,0.12077625570776256,0.9827762794795761,0.11536754087680351,validation,platt
0.043,520,6295,439184,1175,6815,37.44505494505494,0.07630227439471754,0.30678466076696165,0.985869143102144,0.12220916568742657,0.983295093185203,0.116847556822697,validation,platt
0.044,511,6041,439438,1184,6552,36,0.07799145299145299,0.3014749262536873,0.9864393158824546,0.12392385109736874,0.9838429783484729,0.11861541617010431,validation,platt
0.045,500,5820,439659,1195,6320,34.72527472527472,0.07911392405063292,0.2949852507374631,0.9869354110968194,0.12476606363069245,0.9843125942027041,0.11950268343464478,validation,platt
0.046,485,5617,439862,1210,6102,33.527472527472526,0.07948213700426089,0.2861356932153392,0.9873911003661228,0.12440682313710401,0.9847330122055397,0.1191810025466372,validation,platt
0.047,475,5412,440067,1220,5887,32.34615384615385,0.08068625785629353,0.28023598820059,0.9878512791848774,0.12529675547348987,0.985169084070183,0.12011761089407225,validation,platt
0.048,469,5214,440265,1226,5683,31.225274725274726,0.08252683441844097,0.2766961651917404,0.9882957445805526,0.127134724857685,0.9855984471369087,0.1220078491092803,validation,platt
0.049,464,5049,440430,1231,5513,30.291208791208792,0.08416470161436604,0.2737463126843658,0.988666132410282,0.12874583795782463,0.9859562496925134,0.12366463306692063,validation,platt
0.05,454,4863,440616,1241,5317,29.214285714285715,0.08538649614444235,0.26784660766961654,0.9890836605092496,0.12949229891614375,0.9863498325036787,0.12445933019956609,validation,platt
0.051,442,4704,440775,1253,5146,28.274725274725274,0.08589195491643996,0.26076696165191743,0.9894405796906252,0.12922087414120742,0.9866785636016405,0.12422668422324455,validation,platt
0.052,433,4549,440930,1262,4982,27.373626373626372,0.08691288639100762,0.25545722713864305,0.9897885197730981,0.12969896660176725,0.9870050584336298,0.12474813051608313,validation,platt
0.053,422,4413,441066,1273,4835,26.565934065934066,0.08728024819027921,0.24896755162241888,0.9900938091357842,0.12924961715160796,0.9872845916801961,0.1243343768903021,validation,platt
0.054,415,4270,441209,1280,4685,25.74175824175824,0.08858057630736393,0.2448377581120944,0.9904148119215496,0.13009404388714735,0.9875887238524601,0.12522427001091208,validation,platt
0.055,409,4128,441351,1286,4537,24.928571428571427,0.0901476746748953,0.24129793510324485,0.9907335699325894,0.13125802310654686,0.9878928560247242,0.1264367822562013,validation,platt
0.056,403,3987,441492,1292,4390,24.12087912087912,0.09179954441913439,0.2377581120943953,0.9910500831689036,0.1324568611339359,0.9881947519310157,0.1276859651133249,validation,platt
0.057,399,3865,441614,1296,4264,23.428571428571427,0.09357410881801126,0.23539823008849559,0.9913239456854307,0.13391508642389663,0.9884586313157742,0.12919130579660223,validation,platt
0.058,391,3750,441729,1304,4141,22.752747252747252,0.09442163728567979,0.23067846607669618,0.9915820947788785,0.13399588759424266,0.9886979117748349,0.12931233400944897,validation,platt
0.059,382,3625,441854,1313,4007,22.016483516483518,0.0953331669578238,0.22536873156342183,0.9918626916195825,0.13398807435987373,0.9889573186276484,0.12934977258585872,validation,platt
0.06,373,3510,441969,1322,3883,21.335164835164836,0.09605974761782127,0.2200589970501475,0.9921208407130302,0.13373969164575117,0.9891943628207365,0.12914392019941145,validation,platt
0.061,368,3418,442061,1327,3786,20.802197802197803,0.09720021130480719,0.21710914454277286,0.9923273599877884,0.1342820653165481,0.9893889179603466,0.1297248394965595,validation,platt
0.062,362,3330,442149,1333,3692,20.285714285714285,0.09804983748645721,0.2135693215339233,0.992524900163644,0.13439762390941154,0.989572291770094,0.129876789245761,validation,platt
0.063,356,3246,442233,1339,3602,19.791208791208792,0.09883398112159911,0.21002949852507374,0.9927134612405972,0.13441570700396452,0.9897467205159513,0.12993041339499364,validation,platt
0.064,349,3158,442321,1346,3507,19.26923076923077,0.09951525520387795,0.20589970501474927,0.9929110014164528,0.13417916186082277,0.9899278580597262,0.1297313963005301,validation,platt
0.065,336,3081,442398,1359,3417,18.774725274725274,0.09833187006145742,0.19823008849557522,0.9930838490703265,0.13145539906103287,0.9900709790819681,0.12703180047156087,validation,platt
0.066,332,3021,442458,1363,3353,18.423076923076923,0.09901580674023262,0.1958702064896755,0.9932185355538645,0.13153724247226625,0.9901962099764298,0.12714201913435788,validation,platt
0.067,326,2943,442536,1369,3269,17.96153846153846,0.09972468644845518,0.19233038348082596,0.9933936279824638,0.1313456889605157,0.9903572211264519,0.12698729115257756,validation,platt
0.068,319,2860,442619,1376,3179,17.467032967032967,0.10034602076124567,0.1882005899705015,0.9935799442846913,0.13089864587607714,0.9905271773403641,0.12657996307074307,validation,platt
0.069,314,2795,442684,1381,3109,17.082417582417584,0.10099710517851399,0.18525073746312684,0.9937258546418574,0.13072439633638633,0.990661353298716,0.12643857239644163,validation,platt
0.07,307,2717,442762,1388,3024,16.615384615384617,0.10152116402116403,0.18112094395280237,0.9939009470704567,0.13011231193049375,0.9908201281827655,0.12586579285916735,validation,platt
0.071,305,2633,442846,1390,2938,16.142857142857142,0.10381211708645337,0.17994100294985252,0.9940895081474098,0.1316641484998921,0.991003501992513,0.12746952243834522,validation,platt
0.072,302,2563,442916,1393,2865,15.741758241758241,0.10541012216404887,0.17817109144542773,0.9942466423782041,0.1324561403508772,0.9911533318126725,0.12830423088026077,validation,platt
0.073,299,2496,442983,1396,2795,15.357142857142858,0.10697674418604651,0.17640117994100296,0.9943970422848215,0.133184855233853,0.9912964528349144,0.12907487774542248,validation,platt
0.074,295,2433,443046,1400,2728,14.989010989010989,0.10813782991202346,0.17404129793510326,0.9945384630925364,0.13339362423694326,0.9914283925272936,0.1293225607827398,validation,platt
0.075,284,2367,443112,1411,2651,14.565934065934066,0.1071293851376839,0.16755162241887905,0.994686618224428,0.13069489185457892,0.9915513871557827,0.12665631507658193,validation,platt
0.076,277,2319,443160,1418,2596,14.263736263736265,0.10670261941448382,0.16342182890855458,0.9947943674112585,0.1291074341645304,0.9916430740606564,0.12509479295883325,validation,platt
0.077,275,2251,443228,1420,2526,13.87912087912088,0.10886777513855898,0.16224188790560473,0.9949470120926015,0.1303008765695333,0.9917906676148435,0.1263373211801877,validation,platt
0.078,272,2193,443286,1423,2465,13.543956043956044,0.1103448275862069,0.16047197640117994,0.9950772090266882,0.13076923076923078,0.99191366224333255,0.12684696412091057,validation,platt
0.079,263,2126,443353,1432,2389,13.126373626373626,0.11008790288823776,0.15516224188790562,0.9952276089333055,0.1287952987267385,0.9920433656697393,0.12491465313392107,validation,platt
0.08,261,2077,443402,1434,2338,12.846153846153847,0.111633875106929,0.15398230088495576,0.9953376028948615,0.12943218447805607,0.9921484701704482,0.12558932157297595,validation,platt
0.081,254,2019,443460,1441,2273,12.489010989010989,0.1117465904091509,0.14985250737463127,0.9954677998289482,0.1280241935483871,0.9922625197350472,0.12422102616171583,validation,platt
0.082,250,1971,443508,1445,2221,12.203296703296703,0.11256190904997748,0.14749262536873156,0.9955755490157785,0.12768130745658834,0.9923609154378386,0.12391448170605399,validation,platt
0.083,248,1925,443554,1447,2173,11.93956043956044,0.11412793373216751,0.1463126843657817,0.9956788086531576,0.1282316442605998,0.9924593111406298,0.12450299891035486,validation,platt
0.084,243,1868,443611,1452,2111,11.598901098901099,0.11511132164850782,0.1433628318584071,0.9958067608125186,0.12769311613242249,0.9925755969712013,0.12400977567958424,validation,platt
0.085,239,1839,443640,1456,2078,11.417582417582418,0.11501443695861405,0.1410029498525074,0.995871859279562,0.12668963689371854,0.9926315036205146,0.12302806482048499,validation,platt
0.086,232,1797,443682,1463,2029,11.148351648351648,0.11434204041399704,0.1368731563421829,0.9959661398180386,0.12459720730397422,0.9927097729295532,0.12096641843682306,validation,platt
0.087,230,1754,443725,1465,1984,10.901098901098901,0.1159274193548387,0.13569321533923304,0.9960626651312408,0.1250339766240826,0.9928014598344269,0.12144223277772864,validation,platt
0.088,229,1718,443761,1466,1947,10.697802197802197,0.11761684643040575,0.13510324483775812,0.9961434770213635,0.12575507962657884,0.9928797291434655,0.1221975711629683,validation,platt
0.089,227,1681,443798,1468,1908,10.483516483516484,0.1189727463312369,0.13392330383480827,0.996226533686212,0.12600610602275883,0.992957998452504,0.12248326805739543,validation,platt
0.09,223,1642,443837,1472,1865,10.247252747252746,0.1195710455764075,0.13156342182890857,0.9963140799005116,0.1252808988764045,0.9930362677615425,0.12179312093565021,validation,platt
0.091,218,1597,443882,1477,1815,9.972527472527473,0.12011019283746556,0.12861356932153392,0.996415094763165,0.1242165242165242,0.9931257184004437,0.12076988980925593,validation,platt
0.092,217,1566,443913,1478,1783,9.796703296703297,0.12170499158721257,0.128023598820059,0.9964846827796596,0.12478435882691202,0.9931928063796196,0.1213696701846838,validation,platt
0.093,210,1530,443949,1485,1740,9.56043956043956,0.1206896551724138,0.12389380530973451,0.9965654946697824,0.12227074235807861,0.993257658092823,0.1188871565683736,validation,platt
0.094,207,1497,443982,1488,1704,9.362637362637363,0.12147887323943662,0.12212389380530973,0.9966395722357283,0.12180052956751986,0.9933247460719988,0.11845019302503387,validation,platt
0.095,205,1466,444013,1490,1671,9.18131868131868,0.12268102932375823,0.12094395280235988,0.9967091602522229,0.12180629827688651,0.9933895977852022,0.11848877990596146,validation,platt
0.096,201,1432,444047,1494,1633,8.972527472527473,0.12308634415186773,0.11858407079646018,0.9967854825928943,0.12079326923076922,0.9934566857643781,0.11751053631541152,validation,platt
0.097,194,1388,444091,1501,1582,8.692307692307692,0.12262958280657396,0.11445427728613569,0.9968842526808223,0.11840097650289899,0.9935394276053616,0.11516267990743376,validation,platt
0.098,192,1351,444128,1503,1543,8.478021978021978,0.12443292287751134,0.11327433628318584,0.9969673093456706,0.11859172328597899,0.9936176969144002,0.11539605932394673,validation,platt
0.099,186,1324,444155,1509,1510,8.296703296703297,0.12317880794701987,0.10973451327433628,0.9970279182632626,0.11606864274570983,0.9936646584998233,0.11290020962992336,validation,platt
0.1,185,1291,444188,1510,1476,8.10989010989011,0.12533875338753386,0.10914454277286136,0.9971019958292086,0.11668243456322927,0.9937362190109443,0.11355444470734037,validation,platt
0.11,162,1019,444460,1533,1181,6.489010989010989,0.1371718882303133,0.09557522123893805,0.9977125745545806,0.11265646731571627,0.9942930492381041,0.10988550869024433,validation,platt
0.12,136,812,444667,1559,948,5.208791208791209,0.14345991561181434,0.08023598820058997,0.9981772429227865,0.10291335603480892,0.9946978133791321,0.10046738538051635,validation,platt
0.13,108,633,444846,1587,741,4.071428571428571,0.145748987854251,0.06371681415929203,0.9985790575986747,0.08866995073891625,0.9950354895409841,0.08656354311081735,validation,platt
0.14,91,495,444984,1604,586,3.21978021978022,0.1552901023890785,0.05368731563421829,0.998888836510812,0.07978956597983342,0.9953060777236601,0.07799388457183191,validation,platt
0.15,82,377,445102,1613,459,2.521978021978022,0.1786492374727669,0.04837758112094395,0.9991537199284366,0.07613741875580315,0.9955498307146659,0.07464256171742428,validation,platt
0.16,67,304,445175,1628,371,2.0384615384615383,0.18059299191374664,0.03952802359882006,0.9993175884834078,0.06485963213939981,0.9956795341410726,0.06358485232934798,validation,platt
0.17,53,231,445248,1642,284,1.5604395604395604,0.18661971830985916,0.03126843657817109,0.9994814570383789,0.05356240525517938,0.9958114738334518,0.05253163846864587,validation,platt
0.18,43,176,445303,1652,219,1.2032967032967032,0.1963470319634703,0.02536873156342183,0.9996049196482887,0.04493207941483803,0.9959121058022157,0.044102922992928,validation,platt
0.19,35,140,445339,1660,175,0.9615384615384616,0.2,0.02064896755162242,0.9996857315384114,0.0374331550802139,0.9959747212494465,0.03674978066939258,validation,platt
0.2,31,104,445375,1664,135,0.7417582417582418,0.22962962962962963,0.018289085545722714,0.9997665434285342,0.033879781420765025,0.9960462817605674,0.03333917655474285,validation,platt
0.21,24,73,445406,1671,97,0.532967032967033,0.24742268041237114,0.01415929203539823,0.9998361314450288,0.026785714285714284,0.9960999521439082,0.026386189609451174,validation,platt
0.22,20,57,445422,1675,77,0.4230769230769231,0.2597402597402597,0.011799410029498525,0.999872047840639,0.02257336343115124,0.9961267873355786,0.02225127329837724,validation,platt
0.23,14,49,445430,1681,63,0.34615384615384615,0.2222222222222222,0.008259587020648967,0.999890006038444,0.015927189988623434,0.9961312598675236,0.015659772339541852,validation,platt
0.24,11,32,445447,1684,43,0.23626373626373626,0.2558139534883721,0.006489675516224189,0.9999281672087798,0.012658227848101264,0.996162567591139,0.012473006597213102,validation,platt
0.25,6,22,445457,1689,28,0.15384615384615385,0.21428571428571427,0.0035398230088495575,0.9999506149560361,0.006964596633778293,0.9961737489210016,0.006842243767886366,validation,platt
0.26,3,15,445464,1692,18,0.0989010989010989,0.16666666666666666,0.0017699115044247787,0.9999663283791155,0.003502626970227671,0.9961826939848918,0.0034232400322648333,validation,platt
0.27,3,7,445472,1692,10,0.054945054945054944,0.3,0.0017699115044247787,0.9999842865769206,0.003519061583577712,0.996200584112672,0.003474753080658876,validation,platt
0.28,3,5,445474,1692,8,0.04395604395604396,0.375,0.0017699115044247787,0.9999887761263718,0.003523194362889019,0.9962050566446171,0.0034877063932146264,validation,platt
0.29,1,3,445476,1694,4,0.02197802197802198,0.25,5.899705014749262e-4,0.9999932656758231,0.0011771630370806358,0.9962050566446171,0.001159335720327966,validation,platt
0.3,1,2,445477,1694,3,0.016483516483516484,0.3333333333333333,5.899705014749262e-4,0.9999955104505487,0.001177856301531213,0.9962072929105896,0.001164478008597521,validation,platt
0.31,1,2,445477,1694,3,0.016483516483516484,0.3333333333333333,5.899705014749262e-4,0.9999955104505487,0.001177856301531213,0.9962072929105896,0.001164478008597521,validation,platt
0.32,1,2,445477,1694,3,0.016483516483516484,0.3333333333333333,5.899705014749262e-4,0.9999955104505487,0.001177856301531213,0.9962072929105896,0.001164478008597521,validation,platt
0.33,1,2,445477,1694,3,0.016483516483516484,0.3333333333333333,5.899705014749262e-4,0.9999955104505487,0.001177856301531213,0.9962072929105896,0.001164478008597521,validation,platt
0.34,1,1,445478,1694,2,0.01098901098901099,0.5,5.899705014749262e-4,0.9999977552252743,0.0011785503830288745,0.9962095291765621,0.0011696263113935151,validation,platt
0.35,1,1,445478,1694,2,0.01098901098901099,0.5,5.899705014749262e-4,0.9999977552252743,0.0011785503830288745,0.9962095291765621,0.0011696263113935151,validation,platt
0.36,1,1,445478,1694,2,0.01098901098901099,0.5,5.899705014749262e-4,0.9999977552252743,0.0011785503830288745,0.9962095291765621,0.0011696263113935151,validation,platt
0.37,1,1,445478,1694,2,0.01098901098901099,0.5,5.899705014749262e-4,0.9999977552252743,0.0011785503830288745,0.9962095291765621,0.0011696263113935151,validation,platt
0.38,1,0,445479,1694,1,0.005494505494505495,1,5.899705014749262e-4,1,0.0011792452830188679,0.9962117654425346,0.001174780639332723,validation,platt
0.39,1,0,445479,1694,1,0.005494505494505495,1,5.899705014749262e-4,1,0.0011792452830188679,0.9962117654425346,0.001174780639332723,validation,platt
0.4,1,0,445479,1694,1,0.005494505494505495,1,5.899705014749262e-4,1,0.0011792452830188679,0.9962117654425346,0.001174780639332723,validation,platt
0.41,0,0,445479,1695,0,0,NA,0,1,NA,0.9962095291765621,0,validation,platt
0.42,0,0,445479,1695,0,0,NA,0,1,NA,0.9962095291765621,0,validation,platt
0.43,0,0,445479,1695,0,0,NA,0,1,NA,0.9962095291765621,0,validation,platt
0.44,0,0,445479,1695,0,0,NA,0,1,NA,0.9962095291765621,0,validation,platt
0.45,0,0,445479,1695,0,0,NA,0,1,NA,0.9962095291765621,0,validation,platt
0.46,0,0,445479,1695,0,0,NA,0,1,NA,0.9962095291765621,0,validation,platt
0.47,0,0,445479,1695,0,0,NA,0,1,NA,0.9962095291765621,0,validation,platt
0.48,0,0,445479,1695,0,0,NA,0,1,NA,0.9962095291765621,0,validation,platt
0.49,0,0,445479,1695,0,0,NA,0,1,NA,0.9962095291765621,0,validation,platt
0.5,0,0,445479,1695,0,0,NA,0,1,NA,0.9962095291765621,0,validation,platt
0.51,0,0,445479,1695,0,0,NA,0,1,NA,0.9962095291765621,0,validation,platt
0.52,0,0,445479,1695,0,0,NA,0,1,NA,0.9962095291765621,0,validation,platt
0.53,0,0,445479,1695,0,0,NA,0,1,NA,0.9962095291765621,0,validation,platt
0.54,0,0,445479,1695,0,0,NA,0,1,NA,0.9962095291765621,0,validation,platt
0.55,0,0,445479,1695,0,0,NA,0,1,NA,0.9962095291765621,0,validation,platt
0.56,0,0,445479,1695,0,0,NA,0,1,NA,0.9962095291765621,0,validation,platt
0.57,0,0,445479,1695,0,0,NA,0,1,NA,0.9962095291765621,0,validation,platt
0.58,0,0,445479,1695,0,0,NA,0,1,NA,0.9962095291765621,0,validation,platt
0.59,0,0,445479,1695,0,0,NA,0,1,NA,0.9962095291765621,0,validation,platt
0.6,0,0,445479,1695,0,0,NA,0,1,NA,0.9962095291765621,0,validation,platt
0.61,0,0,445479,1695,0,0,NA,0,1,NA,0.9962095291765621,0,validation,platt
0.62,0,0,445479,1695,0,0,NA,0,1,NA,0.9962095291765621,0,validation,platt
0.63,0,0,445479,1695,0,0,NA,0,1,NA,0.9962095291765621,0,validation,platt
0.64,0,0,445479,1695,0,0,NA,0,1,NA,0.9962095291765621,0,validation,platt
0.65,0,0,445479,1695,0,0,NA,0,1,NA,0.9962095291765621,0,validation,platt
0.66,0,0,445479,1695,0,0,NA,0,1,NA,0.9962095291765621,0,validation,platt
0.67,0,0,445479,1695,0,0,NA,0,1,NA,0.9962095291765621,0,validation,platt
0.68,0,0,445479,1695,0,0,NA,0,1,NA,0.9962095291765621,0,validation,platt
0.69,0,0,445479,1695,0,0,NA,0,1,NA,0.9962095291765621,0,validation,platt
0.7,0,0,445479,1695,0,0,NA,0,1,NA,0.9962095291765621,0,validation,platt
0.71,0,0,445479,1695,0,0,NA,0,1,NA,0.9962095291765621,0,validation,platt
0.72,0,0,445479,1695,0,0,NA,0,1,NA,0.9962095291765621,0,validation,platt
0.73,0,0,445479,1695,0,0,NA,0,1,NA,0.9962095291765621,0,validation,platt
0.74,0,0,445479,1695,0,0,NA,0,1,NA,0.9962095291765621,0,validation,platt
0.75,0,0,445479,1695,0,0,NA,0,1,NA,0.9962095291765621,0,validation,platt
0.76,0,0,445479,1695,0,0,NA,0,1,NA,0.9962095291765621,0,validation,platt
0.77,0,0,445479,1695,0,0,NA,0,1,NA,0.9962095291765621,0,validation,platt
0.78,0,0,445479,1695,0,0,NA,0,1,NA,0.9962095291765621,0,validation,platt
0.79,0,0,445479,1695,0,0,NA,0,1,NA,0.9962095291765621,0,validation,platt
0.8,0,0,445479,1695,0,0,NA,0,1,NA,0.9962095291765621,0,validation,platt
0.81,0,0,445479,1695,0,0,NA,0,1,NA,0.9962095291765621,0,validation,platt
0.82,0,0,445479,1695,0,0,NA,0,1,NA,0.9962095291765621,0,validation,platt
0.83,0,0,445479,1695,0,0,NA,0,1,NA,0.9962095291765621,0,validation,platt
0.84,0,0,445479,1695,0,0,NA,0,1,NA,0.9962095291765621,0,validation,platt
0.85,0,0,445479,1695,0,0,NA,0,1,NA,0.9962095291765621,0,validation,platt
0.86,0,0,445479,1695,0,0,NA,0,1,NA,0.9962095291765621,0,validation,platt
0.87,0,0,445479,1695,0,0,NA,0,1,NA,0.9962095291765621,0,validation,platt
0.88,0,0,445479,1695,0,0,NA,0,1,NA,0.9962095291765621,0,validation,platt
0.89,0,0,445479,1695,0,0,NA,0,1,NA,0.9962095291765621,0,validation,platt
0.9,0,0,445479,1695,0,0,NA,0,1,NA,0.9962095291765621,0,validation,platt
0.905,0,0,445479,1695,0,0,NA,0,1,NA,0.9962095291765621,0,validation,platt
0.91,0,0,445479,1695,0,0,NA,0,1,NA,0.9962095291765621,0,validation,platt
0.915,0,0,445479,1695,0,0,NA,0,1,NA,0.9962095291765621,0,validation,platt
0.92,0,0,445479,1695,0,0,NA,0,1,NA,0.9962095291765621,0,validation,platt
0.925,0,0,445479,1695,0,0,NA,0,1,NA,0.9962095291765621,0,validation,platt
0.93,0,0,445479,1695,0,0,NA,0,1,NA,0.9962095291765621,0,validation,platt
0.935,0,0,445479,1695,0,0,NA,0,1,NA,0.9962095291765621,0,validation,platt
0.94,0,0,445479,1695,0,0,NA,0,1,NA,0.9962095291765621,0,validation,platt
0.945,0,0,445479,1695,0,0,NA,0,1,NA,0.9962095291765621,0,validation,platt
0.95,0,0,445479,1695,0,0,NA,0,1,NA,0.9962095291765621,0,validation,platt
0.955,0,0,445479,1695,0,0,NA,0,1,NA,0.9962095291765621,0,validation,platt
0.96,0,0,445479,1695,0,0,NA,0,1,NA,0.9962095291765621,0,validation,platt
0.965,0,0,445479,1695,0,0,NA,0,1,NA,0.9962095291765621,0,validation,platt
0.97,0,0,445479,1695,0,0,NA,0,1,NA,0.9962095291765621,0,validation,platt
0.975,0,0,445479,1695,0,0,NA,0,1,NA,0.9962095291765621,0,validation,platt
0.98,0,0,445479,1695,0,0,NA,0,1,NA,0.9962095291765621,0,validation,platt
0.985,0,0,445479,1695,0,0,NA,0,1,NA,0.9962095291765621,0,validation,platt
0.99,0,0,445479,1695,0,0,NA,0,1,NA,0.9962095291765621,0,validation,platt
0.991,0,0,445479,1695,0,0,NA,0,1,NA,0.9962095291765621,0,validation,platt
0.992,0,0,445479,1695,0,0,NA,0,1,NA,0.9962095291765621,0,validation,platt
0.993,0,0,445479,1695,0,0,NA,0,1,NA,0.9962095291765621,0,validation,platt
0.994,0,0,445479,1695,0,0,NA,0,1,NA,0.9962095291765621,0,validation,platt
0.995,0,0,445479,1695,0,0,NA,0,1,NA,0.9962095291765621,0,validation,platt
0.996,0,0,445479,1695,0,0,NA,0,1,NA,0.9962095291765621,0,validation,platt
0.997,0,0,445479,1695,0,0,NA,0,1,NA,0.9962095291765621,0,validation,platt
0.998,0,0,445479,1695,0,0,NA,0,1,NA,0.9962095291765621,0,validation,platt
0.999,0,0,445479,1695,0,0,NA,0,1,NA,0.9962095291765621,0,validation,platt
1e-4,5348,1014326,314475,2,1019674,1877.8526703499078,0.0052448135384446405,0.9996261682242991,0.23666071894888702,0.010434877622377624,0.2397202415618622,0.002476413245515634,test,platt
2e-4,5327,852105,476696,23,857432,1579.0644567219153,0.006212737569859767,0.9957009345794392,0.3587414518803041,0.012348426369581193,0.3612956854209156,0.004413251336333835,test,platt
3e-4,5317,752886,575915,33,758203,1396.3222836095765,0.007012633819702639,0.9938317757009346,0.43340951730168775,0.013926996554266699,0.4356568334468887,0.006010980081869783,test,platt
4e-4,5301,682715,646086,49,688016,1267.0644567219153,0.007704762679937676,0.9908411214953271,0.48621727406887866,0.015290625730133869,0.48824083630713466,0.007391247876587101,test,platt
5e-4,5281,630001,698800,69,635282,1169.9484346224679,0.008312843744982543,0.9871028037383177,0.5258876235041966,0.016486844241311707,0.5277371152140949,0.008602153113763018,test,platt
6e-4,5263,588817,739984,87,594080,1094.0699815837938,0.008859076218691085,0.9837383177570094,0.556880977663322,0.01756001534791385,0.5585926930309988,0.009688523299336173,test,platt
7e-4,5244,555443,773358,106,560687,1032.572744014733,0.00935281181835855,0.9801869158878505,0.5819968528018868,0.018528824087471318,0.5835936112179206,0.010669305574157977,test,platt
8e-4,5217,528126,800675,133,533343,982.2154696132596,0.009781697706729065,0.9751401869158879,0.6025544833274509,0.019369102624314776,0.6040485672161547,0.011520146868697815,test,platt
9e-4,5199,504884,823917,151,510083,939.3793738489871,0.010192458874340058,0.9717757009345794,0.6200454394600847,0.02017332999633318,0.6214558921741242,0.012334389764270216,test,platt
0.001,5173,484840,843961,177,490013,902.4180478821363,0.010556862777109995,0.9669158878504673,0.6351297146826349,0.02088569392546476,0.6364601907879993,0.0130558081894202,test,platt
0.0011,5153,466876,861925,197,472029,869.2983425414365,0.010916702151774572,0.963177570093458,0.6486486689880576,0.021588716721933725,0.6499099427276223,0.01376769691567602,test,platt
0.0012,5123,450841,877960,227,455964,839.7127071823204,0.011235536138817977,0.957570093457944,0.6607159386544712,0.022210468357778,0.6619063359394851,0.014397528239956135,test,platt
0.0013,5100,436543,892258,250,441643,813.3388581952117,0.011547788598483391,0.9532710280373832,0.6714760148434566,0.02281914929316567,0.6726060243555639,0.015014031445746404,test,platt
0.0014,5075,423711,905090,275,428786,789.6611418047883,0.01183574090571987,0.9485981308411215,0.6811328408091204,0.02337977039453075,0.6822053875460874,0.015581951295018194,test,platt
0.0015,5060,411726,917075,290,416786,767.5616942909761,0.01214052295422591,0.9457943925233645,0.6901522500359346,0.02397331665624348,0.6911773854683615,0.01618302286924474,test,platt
0.0016,5039,400479,928322,311,405518,746.8103130755064,0.012426082196104735,0.9418691588785046,0.6986162713604219,0.024528559050595325,0.6995917253744142,0.016745459769399555,test,platt
0.0017,5016,390201,938600,334,395217,727.8397790055249,0.012691761741018225,0.937570093457944,0.7063510638538051,0.025044499422069214,0.7072782616060701,0.017268176970477535,test,platt
0.0018,5002,380560,948241,348,385562,710.0589318600369,0.012973270187414735,0.9349532710280374,0.7136064768163178,0.025591437459070072,0.714494086501453,0.017822096643171973,test,platt
0.0019,4988,371614,957187,362,376602,693.5580110497237,0.013244751753840924,0.9323364485981308,0.72033886187623275,0.02611846514745308,0.7211889808574892,0.01835587427442247,test,platt
0.002,4973,363178,965623,377,368151,677.9944751381215,0.013508044253580731,0.9295327102803739,0.7266874422881981,0.026629112104117524,0.7275008600975452,0.018873105182039707,test,platt
0.0021,4964,355374,973427,386,360338,663.6058931860036,0.013775954797995215,0.9278504672897196,0.7325604059599594,0.027148826321891886,0.733343527082017,0.019399386561193454,test,platt
0.0022,4949,347966,980835,401,352915,649.9355432780848,0.014023206721165154,0.9250467289719626,0.7381353566109599,0.02762759409933987,0.7388848788480464,0.01988436976564349,test,platt
0.0023,4928,340760,988041,422,345688,636.6261510128913,0.014255629353636806,0.9211214953271029,0.7435582905190469,0.02807673243352572,0.744270326222444,0.020339519430212935,test,platt
0.0024,4912,334118,994683,438,339030,624.3646408839779,0.014488393357519983,0.9181308411214953,0.7485567816399897,0.028526627562576224,0.7492367805443312,0.020795328441490436,test,platt
0.0025,4896,327785,1001016,454,332681,612.6721915285451,0.014716800779124748,0.9151401869158878,0.7533227322977631,0.02896775739503182,0.7539716268998037,0.02124227759437682,test,platt
0.0026,4883,321632,1007169,467,326515,601.3167587476979,0.014954902531277276,0.9127102803738317,0.7579532224915544,0.02942762870444307,0.7585738046143202,0.02170813317793883,test,platt
0.0027,4864,315731,1013070,486,320595,590.414364640884,0.015171789953056037,0.9091588785046729,0.7623940680357706,0.029845526085689307,0.7629826009199858,0.022131668891872253,test,platt
0.0028,4849,310159,1018642,501,315008,580.1252302025782,0.015393259853718,0.9063551401869159,0.7665873219541527,0.030272382771774076,0.7671477966137267,0.02256418141087497,test,platt
0.0029,4835,304864,1023937,515,309699,570.3480662983426,0.015611932876760983,0.9037383177570093,0.7705721172696288,0.03069363813248098,0.7711061191724176,0.02299100789708065,test,platt
0.003,4814,299759,1029042,536,304573,560.9079189686925,0.015805734585797166,0.8998130841121496,0.7744139265397904,0.031065780855244692,0.7749167822832648,0.023368325284270568,test,platt
0.0031,4799,294887,1033914,551,299686,551.9079189686925,0.016013427387332073,0.8970093457943925,0.7780803897649083,0.031465138541024666,0.7785572997359369,0.02377303808270977,test,platt
0.0032,4786,290142,1038659,564,294928,543.1454880294659,0.016227689469972332,0.8945794392523364,0.7816512781071056,0.03187712719546554,0.7821041246455611,0.024190490963790546,test,platt
0.0033,4763,285616,1043185,587,290379,534.767955801105,0.01640270129727012,0.8902803738317757,0.7850573562181244,0.03221192375451849,0.7854793048163214,0.024530106840977096,test,platt
0.0034,4745,281064,1047737,605,285809,526.3517495395948,0.016601996438180742,0.8869158878504673,0.7884830008406074,0.032593874824408654,0.7888777207377575,0.024917327851184803,test,platt
0.0035,4729,276802,1051999,621,281531,518.4732965009208,0.01679743971356618,0.8839252336448599,0.7916904036044524,0.032968373646215673,0.7920602690400113,0.025296957358933832,test,platt
0.0036,4716,272527,1056274,634,277243,510.57642725598527,0.01701034832259065,0.8814953271028038,0.7949075896240295,0.03337662291705739,0.795254809987775,0.025710673911652326,test,platt
0.0037,4701,268395,1060406,649,273096,502.939226519337,0.017213727041040513,0.8786915887850467,0.798017159830554,0.03376597257637028,0.7983406675856032,0.026105331130073513,test,platt
0.0038,4684,264404,1064397,666,269088,495.55801104972375,0.017406944939945296,0.8755140186915887,0.8010206193402925,0.03413521451110998,0.8013193409141843,0.02647970880162677,test,platt
0.0039,4669,260659,1068142,681,265328,488.63351749539595,0.017597087378640776,0.8727102803738318,0.8038389495492553,0.03449855547920407,0.804115126398736,0.026848059892994058,test,platt
0.004,4657,256846,1071955,693,261503,481.5893186003683,0.017808591106029375,0.8704672897196262,0.8067084537112781,0.0349031114508737,0.8069641292477389,0.02725804924755994,test,platt
0.0041,4640,253254,1075547,710,257894,474.9429097605893,0.017991888140088563,0.8672897196261682,0.8094116425258561,0.03525246539332331,0.8096437359789109,0.027612331118266917,test,platt
0.0042,4621,249733,1079068,729,254354,468.42357274401473,0.018167593196883085,0.8637383177570094,0.8120613997129743,0.03558666789883868,0.812268626264943,0.02795135704652349,test,platt
0.0043,4602,246241,1082560,748,250843,461.95764272559853,0.018346136826620636,0.8601869158878505,0.8146893327142288,0.035926040133805376,0.814871779880988,0.02829563367472441,test,platt
0.0044,4593,242897,1085904,757,247490,455.7826887661142,0.018558325588912683,0.8585046728971962,0.8172058871117647,0.0363312766967252,0.817371496929508,0.02870625192473609,test,platt
0.0045,4574,239580,1089221,776,244154,449.6390423572744,0.018734077672288803,0.8549532710280374,0.8197021224397032,0.03666474284981404,0.8198434809852858,0.02904457716145463,test,platt
0.0046,4565,236349,1092452,785,240914,443.6721915285451,0.018948670479922297,0.8532710280373832,0.8221336377681835,0.03707403436961959,0.8222584999748904,0.029459319526929102,test,platt
0.0047,4550,233222,1095579,800,237772,437.88581952117863,0.01913597900509732,0.8504672897196262,0.8244868870508074,0.037429767770913364,0.8245910695266128,0.02982006787442445,test,platt
0.0048,4533,230159,1098642,817,234692,432.2136279926335,0.019314676256540486,0.8472897196261682,0.8267919726129044,0.03776839053165696,0.8268741694156059,0.030163581207016777,test,platt
0.0049,4511,227164,1101637,839,231675,426.6574585635359,0.019471242041653177,0.843177570093458,0.8290458842219415,0.03806349541187638,0.8291025528594589,0.030463241750181176,test,platt
0.005,4500,224202,1104599,850,228702,421.18232044198896,0.01967625993651127,0.8411214953271028,0.8312749614125817,0.03845299335190471,0.8313144464157356,0.03085806319596133,test,platt
0.0051,4490,221377,1107424,860,225867,415.96132596685084,0.019878955314410692,0.8392523364485981,0.8334009381389689,0.038837974716391964,0.833424402485176,0.031248280135214163,test,platt
0.0052,4481,218570,1110231,869,223051,410.77532228360957,0.020089575926581813,0.837570093457944,0.8355133688189579,0.03923800683884922,0.8355216163687619,0.031653704088155536,test,platt
0.0053,4475,215758,1113043,875,220233,405.585635359116,0.020319389010729546,0.8364485981308412,0.8376295622896129,0.039674975507906184,0.8376248265751028,0.03209641158051076,test,platt
0.0054,4460,212935,1115866,890,217395,400.35911602209944,0.020515651233929025,0.8336448598130841,0.8397540338997337,0.040045792273676176,0.8397295358621325,0.0324725179480047,test,platt
0.0055,4449,210238,1118563,901,214687,395.3720073664825,0.02072319236842473,0.831588785046729,0.8417836831850668,0.04043865349918423,0.8417428012271474,0.03287078940221671,test,platt
0.0056,4438,207670,1121131,912,212108,390.62246777163904,0.020923303222886453,0.8295327102803738,0.8437162524712127,0.04081707732067801,0.8436593758877369,0.033254451166996844,test,platt
0.0057,4428,205206,1123595,922,209634,386.0662983425414,0.021122527834225364,0.8276635514018692,0.8455705557115023,0.041193763256800506,0.8454987478928547,0.03363631864021218,test,platt
0.0058,4418,202776,1126025,932,207194,381.57274401473296,0.021323011284110543,0.8257943925233645,0.8473992719752619,0.04157256850346281,0.8473126355262636,0.034020340403130483,test,platt
0.0059,4407,200324,1128477,943,204731,377.03683241252304,0.021525807034596618,0.8237383177570093,0.8492445445179526,0.04195524583374984,0.8491422635069044,0.034408336528396324,test,platt
0.006,4388,197960,1130841,962,202348,372.64825046040517,0.021685413248463042,0.8201869158878504,0.8510235919449187,0.042253656751629766,0.8508999356144844,0.034711377980578606,test,platt
0.0061,4374,195664,1133137,976,200038,368.3941068139963,0.021865845489357022,0.817570093457944,0.852751465418825,0.042592556527158355,0.8526103866803683,0.035055206277942966,test,platt
0.0062,4361,193422,1135379,989,197783,364.24125230202577,0.022049417796271672,0.8151401869158879,0.8544387007535365,0.04293738585064957,0.8542811121079997,0.03540500495257501,test,platt
0.0063,4345,191172,1137629,1005,195517,360.0681399631676,0.022223131492402196,0.8121495327102803,0.8561319565533139,0.04326245724783065,0.8559555852373532,0.03573495058121198,test,platt
0.0064,4337,189018,1139783,1013,193355,356.0865561694291,0.022430244886348944,0.8106542056074766,0.8577529667723007,0.043652650914672506,0.8575640988164008,0.03613047208705324,test,platt
0.0065,4324,186891,1141910,1026,191215,352.1454880294659,0.022613288706429934,0.8082242990654206,0.8593536579216903,0.043995624856917555,0.8591486271044282,0.03647842664587652,test,platt
0.0066,4309,184749,1144052,1041,189058,348.1731123388582,0.02279194744469951,0.8054205607476635,0.8609656374430784,0.044329451462902764,0.8607428994169326,0.03681722928634764,test,platt
0.0067,4294,182554,1146247,1056,186848,344.10313075506446,0.022981246788833704,0.8026168224299065,0.8626175025455279,0.04468308723295768,0.8623768973676893,0.03717610756166724,test,platt
0.0068,4283,180538,1148263,1067,184821,340.37016574585635,0.023173773543049763,0.8005607476635515,0.8641346597421284,0.0450436712222158,0.8638797257581788,0.037541833262658385,test,platt
0.0069,4272,178427,1150374,1078,182699,336.4622467771639,0.023382722401326772,0.7985046728971963,0.8657233099613862,0.04543496641832714,0.8654537604813848,0.03793867102533315,test,platt
0.007,4256,176422,1152379,1094,180678,332.7403314917127,0.023555717906994764,0.7955140186915888,0.8672321890185212,0.045756552777001316,0.8669445962263642,0.038265185548290365,test,platt
0.0071,4240,174457,1154344,1110,178697,329.09208103130754,0.023727314952125666,0.7925233644859813,0.8687109657503268,0.04607518731628334,0.8684054503575682,0.03858872710974915,test,platt
0.0072,4229,172588,1156213,1121,176817,325.62983425414365,0.023917383509504175,0.7904672897196262,0.8701174969013419,0.04642992419044063,0.8697980963174333,0.03894857839769651,test,platt
0.0073,4215,170664,1158137,1135,174879,322.060773480663,0.024102379359442816,0.7878504672897196,0.8715654187496849,0.04677382663167415,0.8712297183752064,0.039297631272852365,test,platt
0.0074,4202,168792,1160009,1148,172994,318.5893186003683,0.024289859763922447,0.7854205607476635,0.8729742075750997,0.0471224151078814,0.8726231138754159,0.03965138921279875,test,platt
0.0075,4185,166864,1161937,1165,171049,315.0073664825046,0.024466673292448362,0.7822429906542057,0.8744251396559756,0.04744924857850668,0.8740554854735334,0.03998335187624894,test,platt
0.0076,4169,165088,1163713,1181,169257,311.707182320442,0.024631182166764153,0.7792523364485981,0.8757616829005999,0.04775295377619454,0.8753746764796488,0.04029185203849972,test,platt
0.0077,4160,163331,1165470,1190,167491,308.4548802946593,0.024837155429246943,0.7775700934579439,0.8770839275406928,0.04813672681828964,0.8766848730016318,0.04068105958729908,test,platt
0.0078,4150,161608,1167193,1200,165758,305.2633517495396,0.02503649899250715,0.7757009345794392,0.8783805852042555,0.04850737545877458,0.8779688356115612,0.04105704134887372,test,platt
0.0079,4141,159792,1169009,1209,163933,301.902394106814,0.025260319764781953,0.774018691588785,0.8797472307742092,0.048923991186356576,0.8793232550138628,0.041479530804986876,test,platt
0.008,4131,158127,1170674,1219,162258,298.81767955801104,0.025459453463003365,0.7721495327102804,0.8810002400660445,0.04929358980478259,0.8805637442838179,0.041854468425491266,test,platt
0.0081,4118,156511,1172290,1232,160629,295.81767955801104,0.02563671566155551,0.7697196261682243,0.8822163740093513,0.04962073515324228,0.8817652574558652,0.042186598967535814,test,platt
0.0082,4104,154878,1173923,1246,158982,292.78453038674036,0.025814243121862854,0.7671028037383177,0.883445301440923,0.049947666918190005,0.8829787632734226,0.04251858823048019,test,platt
0.0083,4085,153307,1175494,1265,157392,289.8563535911602,0.02595430517434177,0.7635514018691589,0.8846275702682342,0.050202160474862055,0.8841420498879062,0.0427775327928886,test,platt
0.0084,4075,151772,1177029,1275,155847,287.0110497237569,0.02614743947589623,0.7616822429906542,0.8857827470027491,0.050559253584123776,0.8852850989130916,0.04313985420348563,test,platt
0.0085,4059,150241,1178560,1291,154300,284.16206261510126,0.026305897602073882,0.7586915887850467,0.886934913504731,0.05084873160037582,0.886420652534833,0.04343408086725527,test,platt
0.0086,4049,148680,1180121,1301,152729,281.268876611418,0.026511009696914143,0.756822429906542,0.8881096567507099,0.05122755078157124,0.8875831896089723,0.043818433199809034,test,platt
0.0087,4028,147213,1181588,1322,151241,278.5285451197053,0.026632989731620395,0.7528971962616823,0.8892136595321647,0.05144612397902817,0.8886670249469513,0.044041198188410784,test,platt
0.0088,4019,145699,1183102,1331,149718,275.72375690607737,0.026843799676725576,0.751214953271028,0.8903530325458816,0.0518353238579204,0.8897950831652489,0.04443602804692403,test,platt
0.0089,4002,144215,1184586,1348,148217,272.95948434622466,0.02700095130787966,0.7480373831775701,0.8914698288156014,0.05212057277930806,0.8908946588504599,0.04472610673316405,test,platt
0.009,3988,142776,1186025,1362,146764,270.28360957642724,0.027172876182170014,0.7454205607476635,0.8925527599693257,0.05243435844169504,0.8919627538412069,0.04504490881186328,test,platt
0.0091,3965,141316,1187485,1385,145281,267.5524861878453,0.027291937693160153,0.7411214953271028,0.893651494843848,0.05264520583412445,0.8930398433160864,0.04526007254292422,test,platt
0.0092,3952,139929,1188872,1398,143881,264.9742173112339,0.027467142986217778,0.7386915887850467,0.894695292974644,0.05296486654917544,0.8940697117492697,0.045584795560760075,test,platt
0.0093,3939,138453,1190348,1411,142392,262.23204419889504,0.027663070959042642,0.7362616822429906,0.895806068779298,0.053322684138565876,0.8951662892731033,0.0459481877260315,test,platt
0.0094,3931,137052,1191749,1419,140983,259.63720073664825,0.02788279437946419,0.734766355140187,0.8968604027239594,0.05372677386508853,0.89621039897283,0.04635811278604957,test,platt
0.0095,3919,135690,1193111,1431,139609,257.10681399631676,0.028071256151107737,0.7325233644859813,0.8978853869014247,0.054070461302851154,0.897222278437748,0.04670714662576725,test,platt
0.0096,3907,134423,1194378,1443,138330,254.75138121546962,0.028244054073592133,0.7302803738317757,0.8988388780562326,0.0543847438752784,0.8981629515699497,0.047026406161401704,test,platt
0.0097,3895,133154,1195647,1455,137049,252.39226519337018,0.028420491940838677,0.72803738317757,0.8997938743273071,0.05470544034719344,0.8991051237828401,0.0473521772976472,test,platt
0.0098,3880,131909,1196892,1470,135789,250.0718232044199,0.02857374308670069,0.7252336448598131,0.9007308092031839,0.05498125960932131,0.9000270584064323,0.04763272388192221,test,platt
0.0099,3868,130638,1198163,1482,134506,247.70902394106815,0.02875708146848468,0.7229906542056075,0.9016873105905249,0.05531403729550395,0.9009707297000115,0.047970765021336625,test,platt
0.01,3859,129448,1199353,1491,133307,245.50092081031306,0.0289482172729114,0.7213084112149533,0.9025828547690737,0.055662534167045294,0.9018559368467287,0.04832451521499144,test,platt
0.011,3742,117998,1210803,1608,121740,224.1988950276243,0.03073763758830294,0.6994392523364485,0.9111996453946076,0.05888740262805885,0.9103504775696304,0.05160136128409903,test,platt
0.012,3632,107868,1220933,1718,111500,205.34069981583795,0.03257399103139014,0.6788785046728972,0.9188230592842721,0.062165169020111266,0.9178608718203561,0.05493268159447671,test,platt
0.013,3541,99088,1229713,1809,102629,189.0036832412523,0.034502918278459305,0.6618691588785047,0.9254305196940701,0.06558682706822623,0.924373627872707,0.0584093514752529,test,platt
0.014,3418,91361,1237440,1932,94779,174.54696132596686,0.03606284092467741,0.6388785046728972,0.9312455363895723,0.0682719292113174,0.9300731326514016,0.06114455164276769,test,platt
0.015,3329,84536,1244265,2021,87865,161.81399631675876,0.03788766858248449,0.6222429906542056,0.936381745648897,0.0714262725956123,0.9351220364111709,0.06435299122173316,test,platt
0.016,3241,78465,1250336,2109,81706,150.47145488029466,0.03966660955131814,0.6057943925233645,0.940950526075763,0.07445782025362985,0.9396065362916192,0.06743823198365481,test,platt
0.017,3171,73093,1255708,2179,76264,140.44935543278083,0.04157925102276303,0.5927102803738318,0.9449932683674982,0.07770725610802068,0.9435805991975421,0.07074308376525588,test,platt
0.018,3092,68518,1260283,2258,71610,131.87845303867402,0.04317832704929479,0.5779439252336449,0.9484362218270456,0.08035343035343036,0.9469505325858917,0.073438919536986,test,platt
0.019,3003,64223,1264578,2347,67226,123.80478821362799,0.04467021688037366,0.5613084112149532,0.9516684590092873,0.08275462962962962,0.95010309927437,0.07588952871520518,test,platt
0.02,2927,60310,1268491,2423,63237,116.45856353591161,0.046286193209671554,0.5471028037383178,0.9546132189846335,0.08535145144123522,0.9529790855757707,0.07853770746665571,test,platt
0.021,2856,56802,1271999,2494,59658,109.86740331491713,0.04787287538972141,0.5338317757009345,0.9572531929160197,0.08786610878661087,0.9555552557394178,0.08110298216502099,test,platt
0.022,2786,53660,1275141,2564,56446,103.95211786372008,0.04935690748680154,0.5207476635514019,0.9596177305706423,0.09016764839148164,0.9578578436773648,0.08345326379511292,test,platt
0.023,2733,50727,1278074,2617,53460,98.45303867403315,0.05112233445566779,0.5108411214953271,0.9618249835754188,0.09294337697670463,0.9600165198691902,0.08628192683235994,test,platt
0.024,2674,48069,1280732,2676,50743,93.44935543278085,0.05269692371361567,0.49981308411214953,0.9638252830935558,0.09534166473535022,0.9619645752242437,0.08873026815502849,test,platt
0.025,2617,45608,1283193,2733,48225,88.8121546961326,0.054266459305339555,0.4891588785046729,0.9656773286594457,0.09769482034531031,0.9637664702121425,0.09113353496646126,test,platt
0.026,2567,43321,1285480,2783,45888,84.50828729281768,0.055940550906555093,0.4798130841121495,0.9673984291101527,0.1001990710019907,0.9654431919625289,0.09368934306082502,test,platt
0.027,2524,41299,1287502,2826,43823,80.70534069981584,0.05759532665495288,0.47177570093457943,0.9689201016555526,0.10265796270310942,0.9669265323040646,0.09619803777044873,test,platt
0.028,2465,39430,1289371,2885,41895,77.15469613259668,0.058837570115765604,0.46074766355140184,0.9703266328065677,0.10434966663138956,0.9682832003273992,0.0979342728964265,test,platt
0.029,2410,37613,1291188,2940,40023,73.70718232044199,0.06021537615870874,0.4504672897196262,0.9716940309346547,0.10623057765631544,0.9696038904142035,0.0998626264169866,test,platt
0.03,2355,35995,1292806,2995,38350,70.62615101289134,0.061408083441981745,0.44018691588785047,0.9729116699942278,0.10778032036613272,0.9707754219724753,0.10145617290477871,test,platt
0.031,2309,34466,1294335,3041,36775,67.7255985267035,0.06278721957851802,0.431588785046729,0.9740623313799432,0.10962611275964391,0.9718869903031966,0.10334819843492378,test,platt
0.032,2258,33006,1295795,3092,35264,64.94290976058932,0.06403130671506352,0.42205607476635515,0.9751610662544655,0.11119318461614222,0.9729430926484334,0.1049604761455898,test,platt
0.033,2220,31555,1297246,3130,33775,62.20073664825046,0.06572908956328645,0.41495327102803736,0.9762530281057886,0.11348242811501598,0.9740021931550477,0.10730191686929917,test,platt
0.034,2183,30241,1298560,3167,32424,59.71270718232044,0.067326671601283,0.4080373831775701,0.9772418894928586,0.1155821464499391,0.9749593561748258,0.10945144724452129,test,platt
0.035,2144,29068,1299733,3206,31212,57.48066298342541,0.06869152889914136,0.40074766355140184,0.9781246401831426,0.11728023631092392,0.975809334925357,0.11119500724380428,test,platt
0.036,2106,27886,1300915,3244,29992,55.23388581952118,0.07021872499333155,0.3936448598130841,0.9790141638966257,0.11917831475298511,0.9766668090793321,0.11314234554975301,test,platt
0.037,2062,26863,1301938,3288,28925,53.26887661141805,0.07128781331028522,0.38542056074766357,0.9797840308669243,0.12032093362509118,0.9774006090764839,0.11432649735239706,test,platt
0.038,2018,25858,1302943,3332,27876,51.33701657458563,0.07239202181087674,0.377196261682243,0.980540351790825,0.12147113706133753,0.9781209173474367,0.11551973440946921,test,platt
0.039,1974,24906,1303895,3376,26880,49.50276243093923,0.0734375,0.3689719626168224,0.9812567871336642,0.12249457027614026,0.9788014999801372,0.11658559425690716,test,platt
0.04,1937,23974,1304827,3413,25911,47.71823204419889,0.07475589517965343,0.36205607476635515,0.9819581713138386,0.12392437861872622,0.9794723385883607,0.1180616698983646,test,platt
0.041,1914,23059,1305742,3436,24973,45.99079189686925,0.07664277419613182,0.3577570093457944,0.9826467620057481,0.12624080730798404,0.980140928575551,0.12043119487364821,test,platt
0.042,1876,22222,1306579,3474,24098,44.37937384898711,0.07784878413146319,0.3506542056074766,0.9832766531632652,0.12741102961151862,0.9807398113107137,0.12164637375083455,test,platt
0.043,1853,21403,1307398,3497,23256,42.828729281767956,0.07967836257309942,0.3463551401869159,0.9838929982743841,0.12955324057889955,0.9813364454248432,0.12384056159958724,test,platt
0.044,1821,20650,1308151,3529,22471,41.38305709023941,0.08103778203017223,0.3403738317757009,0.9844596745487098,0.13090830667481398,0.9818768640131439,0.12524178591274002,test,platt
0.045,1794,19927,1308874,3556,21721,40.00184162062615,0.08259288246397496,0.33532710280373834,0.9850037740790382,0.13254035683942228,0.9823985440928351,0.12692202559666776,test,platt
0.046,1763,19191,1309610,3587,20954,38.58931860036832,0.0841366803474277,0.32953271028037384,0.9855576568650987,0.13404805352798055,0.9829269700356257,0.12848002720553822,test,platt
0.047,1723,18526,1310275,3627,20249,37.29097605893186,0.08509062175909922,0.3220560747663551,0.9860581080236995,0.13461463338411658,0.9833954327508655,0.1290896263506428,test,platt
0.048,1686,17912,1310889,3664,19598,36.09208103130755,0.08602918665169915,0.31514018691588785,0.9865201787175055,0.13516113516113518,0.983827917529575,0.1296779260563653,test,platt
0.049,1663,17318,1311483,3687,18981,34.95580110497237,0.08761392971919288,0.3108411214953271,0.9869671982486468,0.1366980395380379,0.9842559050662182,0.13126270363014214,test,platt
0.05,1644,16758,1312043,3706,18402,33.889502762430936,0.08933811542223671,0.30728971962616825,0.987388630803258,0.13843044796227685,0.9846614063925297,0.13304352296377248,test,platt
0.051,1615,16227,1312574,3735,17842,32.858195211786374,0.0905167582109629,0.3018691588785047,0.9877882391720054,0.13927216281476373,0.9850376756454104,0.13392851454256527,test,platt
0.052,1590,15707,1313094,3760,17297,31.85451197053407,0.09192345493438168,0.297196261682243,0.9881795694012874,0.1404159491323354,0.9854086981158804,0.13511814763874486,test,platt
0.053,1560,15196,1313605,3790,16756,30.858195211786374,0.09310097875387921,0.29158878504672897,0.9885641266073701,0.14113815253777257,0.985769227021529,0.13588511549156704,test,platt
0.054,1537,14687,1314114,3813,16224,29.87845303867403,0.0947361932938856,0.2872897196261682,0.9889471786971864,0.1424863261333086,0.9861335036288996,0.1372830799949895,test,platt
0.055,1513,14214,1314587,3837,15727,28.96316758747698,0.09620398041584537,0.282803738317757,0.9893031386942063,0.14356881909190114,0.9864700472435279,0.13841279278128502,test,platt
0.056,1482,13735,1315066,3868,15217,28.023941068139962,0.09739107577051981,0.2770093457943925,0.9896636140400256,0.14411435795205912,0.9868058413178119,0.13900534102518136,test,platt
0.057,1455,13306,1315495,3895,14761,27.1841620626151,0.09857055755030147,0.2719626168224299,0.9899864614791831,0.14469693202724876,0.9871071565362541,0.13963233394257754,test,platt
0.058,1436,12893,1315908,3914,14329,26.388581952117864,0.10021634447623701,0.268411214953271,0.9902972679882089,0.14594237512068703,0.9874024754319414,0.14092562565532463,test,platt
0.059,1416,12474,1316327,3934,13890,25.58011049723757,0.10194384449244061,0.2646728971962617,0.9906125898460342,0.1471933471933472,0.9877015420293505,0.14222687043843196,test,platt
0.06,1393,12101,1316700,3957,13494,24.85082872928177,0.10323106565881132,0.26037383177570095,0.9908932940297306,0.1478454680534918,0.9879638811498849,0.14292318995939973,test,platt
0.061,1372,11732,1317069,3978,13104,24.132596685082873,0.1047008547008547,0.25644859813084114,0.9911709879808941,0.14869405007044542,0.9882247211897304,0.14381811182907703,test,platt
0.062,1349,11405,1317396,4001,12754,23.48802946593002,0.10577073859181434,0.2521495327102804,0.9914170744904617,0.14902783915156873,0.988452581454423,0.14419250212172205,test,platt
0.063,1333,11077,1317724,4017,12410,22.85451197053407,0.10741337630942788,0.2491588785046729,0.9916639135581626,0.1501126126126126,0.9886864380418708,0.14532289752335964,test,platt
0.064,1306,10752,1318049,4044,12058,22.206261510128915,0.10830983579366396,0.2441121495327103,0.9919084949514637,0.15004595588235295,0.9889098010644972,0.1452978544587898,test,platt
0.065,1284,10444,1318357,4066,11728,21.59852670349908,0.10948158253751705,0.24,0.9921402828564999,0.15036889565522896,0.989124169602991,0.14566351575604447,test,platt
0.066,1275,10167,1318634,4075,11442,21.07182320441989,0.11143156790770845,0.2383177570093458,0.9923487414594059,0.15185802763220582,0.9893250464152858,0.14719758969776447,test,platt
0.067,1260,9874,1318927,4090,11134,20.504604051565376,0.11316687623495598,0.23551401869158878,0.9925692409924436,0.1528755156515409,0.9895334186310245,0.14826155749172443,test,platt
0.068,1242,9642,1319159,4108,10884,20.044198895027623,0.11411245865490628,0.23214953271028038,0.992743834479354,0.15301219662436863,0.9896938202647226,0.148433304085393,test,platt
0.069,1224,9386,1319415,4126,10610,19.539594843462247,0.11536286522148916,0.22878504672897196,0.992936489361462,0.1533834586466165,0.989872210866686,0.1488454038343412,test,platt
0.07,1203,9138,1319663,4147,10341,19.044198895027623,0.11633304322599362,0.22485981308411215,0.9931231237785041,0.1533363074373845,0.9900423565248612,0.14883743976137703,test,platt
0.071,1192,8908,1319893,4158,10100,18.60036832412523,0.11801980198019801,0.22280373831775702,0.993296212149148,0.1543042071197411,0.9902065058602811,0.1498469385322833,test,platt
0.072,1172,8691,1320110,4178,9863,18.16390423572744,0.11882794281658725,0.21906542056074765,0.9934595172640599,0.1540787484388352,0.9903541653081248,0.14965727561848324,test,platt
0.073,1155,8499,1320302,4195,9654,17.77900552486188,0.11963952765692977,0.21588785046728973,0.9936040084256409,0.15395894428152493,0.990485334868392,0.1495704313500434,test,platt
0.074,1132,8297,1320504,4218,9429,17.364640883977902,0.12005514900837841,0.21158878504672898,0.9937560251685542,0.1531903376412477,0.9906195025900366,0.14883508762958936,test,platt
0.075,1117,8089,1320712,4233,9206,16.953959484346225,0.12133391266565284,0.20878504672897197,0.993912557260267,0.15347622973344327,0.9907641638765027,0.14916048882151786,test,platt
0.076,1097,7871,1320930,4253,8968,16.515653775322285,0.12232381801962533,0.2050467289719626,0.994076614933312,0.1532336918564045,0.9909125728646907,0.14895862700969886,test,platt
0.077,1074,7682,1321119,4276,8756,16.12523020257827,0.122658748286889,0.20074766355140186,0.9942188484204934,0.1522756273925989,0.9910369965618584,0.14803429040016666,test,platt
0.078,1061,7476,1321325,4289,8537,15.721915285451198,0.12428253484830737,0.19831775700934579,0.9943738753959397,0.15280478145027723,0.9911816578483245,0.14860713707079998,test,platt
0.079,1050,7268,1321533,4300,8318,15.318600368324125,0.1262322673719644,0.19626168224299065,0.9945304074876524,0.15364354697102722,0.9913293172961681,0.14949237285107356,test,platt
0.08,1039,7108,1321693,4311,8147,15.003683241252302,0.12753160672640235,0.1942056074766355,0.9946508167889699,0.15396013929021263,0.9914409988074813,0.14984449691231994,test,platt
0.081,1024,6921,1321880,4326,7945,14.631675874769797,0.1288860918816866,0.1914018691588785,0.9947915451598848,0.1540428732606243,0.9915699197467154,0.14996889064214078,test,platt
0.082,1013,6767,1322034,4337,7780,14.32780847145488,0.1302056555269923,0.18934579439252336,0.9949074391124029,0.1543031226199543,0.9916771040159622,0.1502650217958926,test,platt
0.083,999,6596,1322205,4351,7595,13.987108655616943,0.1315339038841343,0.1867289719626168,0.995036126553186,0.15434530706836616,0.9917947818500304,0.15034727780835658,test,platt
0.084,990,6429,1322372,4360,7419,13.662983425414364,0.13344116457743632,0.18504672897196262,0.995161803761436,0.1550630433080116,0.9919132092244431,0.15110737345880507,test,platt
0.085,977,6283,1322518,4373,7260,13.370165745856353,0.13457300275482093,0.18261682242990654,0.9952716772488883,0.15495638382236318,0.9920128980902462,0.15103635356308417,test,platt
0.086,964,6145,1322656,4386,7109,13.09208103130755,0.13560275706850472,0.18018691588785046,0.9953755302712747,0.154747572036279,0.9921065906332941,0.15086175343708083,test,platt
0.087,955,6006,1322795,4395,6961,12.819521178637201,0.1371929320499928,0.17850467289719626,0.9954801358517942,0.15514580456502314,0.9922040308780641,0.15129711597752685,test,platt
0.088,947,5868,1322933,4403,6815,12.550644567219154,0.13895818048422598,0.17700934579439254,0.9955839888741805,0.15569256062474313,0.992301471122834,0.15188200049743156,test,platt
0.089,935,5724,1323077,4415,6659,12.263351749539595,0.1404114731941733,0.17476635514018693,0.9956923572453663,0.15571654592389042,0.9924004104482926,0.1519451257808075,test,platt
0.09,925,5589,1323212,4425,6514,11.996316758747698,0.1420018421860608,0.17289719626168223,0.9957939525933529,0.15593391773432233,0.9924941029913406,0.15220065560994164,test,platt
0.091,919,5463,1323338,4431,6382,11.753222836095764,0.14399874647445943,0.17177570093457945,0.9958887749181405,0.1566655301738834,0.9925840478326666,0.15297012326562312,test,platt
0.092,910,5343,1323458,4440,6253,11.515653775322283,0.14553014553014554,0.17009345794392525,0.9959790818941286,0.15685598552098595,0.9926672468108932,0.1531959960935094,test,platt
0.093,893,5221,1323580,4457,6114,11.259668508287293,0.1460582270199542,0.1669158878504673,0.9960708939863833,0.1557920446615492,0.9927459485470536,0.15216561654057756,test,platt
0.094,880,5079,1323722,4470,5959,10.974217311233886,0.1476757845276053,0.16448598130841122,0.9961777572413025,0.15562826067733662,0.992842639251479,0.15204481460356245,test,platt
0.095,869,4976,1323825,4481,5845,10.764272559852671,0.14867408041060737,0.16242990654205608,0.9962552707290256,0.15524787851719518,0.9929115969631623,0.15169573208055065,test,platt
0.096,863,4848,1323953,4487,5711,10.517495395948435,0.1511118893363684,0.16130841121495326,0.9963515981700797,0.15604375734562878,0.9930030408851772,0.1525344726633944,test,platt
0.097,845,4733,1324068,4505,5578,10.27255985267035,0.15148798852635353,0.15794392523364487,0.9964381423554016,0.15464860907759884,0.9930757462985824,0.15117376429771245,test,platt
0.098,835,4640,1324161,4515,5475,10.082872928176796,0.15251141552511416,0.1560747663551402,0.9965081302617924,0.15427251732101618,0.9931379581471662,0.15082798166188202,test,platt
0.099,825,4548,1324253,4525,5373,9.895027624309392,0.15354550530429928,0.1542056074766355,0.99657736561005,0.1538748484565886,0.9931994204554058,0.1504608547090819,test,platt
0.1,816,4449,1324352,4534,5265,9.696132596685082,0.15498575498575498,0.1525233644859813,0.9966518688652402,0.15374470089495995,0.9932668790864002,0.15036491173849753,test,platt
0.11,723,3598,1325203,4627,4321,7.957642725598527,0.16732237907891692,0.13514018691588786,0.9972922958366226,0.14951918105676765,0.9938350306674432,0.146460633548005,test,platt
0.12,645,2920,1325881,4705,3565,6.565377532228361,0.18092566619915848,0.1205607476635514,0.9978025302509556,0.1446999439147504,0.9942847548740735,0.14194805716392142,test,platt
0.13,564,2406,1326395,4786,2970,5.469613259668508,0.1898989898989899,0.10542056074766355,0.9981893451314381,0.1355769230769231,0.9946093058431916,0.1330950280524517,test,platt
0.14,508,1977,1326824,4842,2485,4.5764272559852675,0.20442655935613682,0.09495327102803738,0.9985121925705956,0.12967453733248244,0.9948888843916468,0.1274550432239522,test,platt
0.15,446,1630,1327171,4904,2076,3.8232044198895028,0.21483622350674375,0.08336448598130841,0.9987733302428279,0.12011850255857796,0.9951025033897962,0.11814130439896571,test,platt
0.16,385,1327,1327474,4965,1712,3.152854511970534,0.22488317757009346,0.07196261682242991,0.9990013553571979,0.1090342679127726,0.9952838921531371,0.10729862234451484,test,platt
0.17,335,1086,1327715,5015,1421,2.6169429097605894,0.23574947220267417,0.06261682242990654,0.9991827218673075,0.09895141042682026,0.9954270543589144,0.09743226321492755,test,platt
0.18,289,887,1327914,5061,1176,2.165745856353591,0.2457482993197279,0.05401869158878505,0.999332480935821,0.08856880171621208,0.9955417340316051,0.08724966123885104,test,platt
0.19,258,736,1328065,5092,994,1.8305709023941068,0.2595573440643863,0.04822429906542056,0.9994461172139395,0.08133669609079446,0.9956316788729311,0.08018083816765646,test,platt
0.2,226,597,1328204,5124,823,1.5156537753222836,0.27460510328068044,0.04224299065420561,0.9995507227944591,0.07322209622549813,0.9957118796897803,0.07223007116873623,test,platt
0.21,195,488,1328313,5155,683,1.2578268876611418,0.28550512445095166,0.03644859813084112,0.9996327516309816,0.06464445549477872,0.9957703438366422,0.06379441934485534,test,platt
0.22,172,400,1328401,5178,572,1.0534069981583793,0.3006993006993007,0.03214953271028037,0.9996989767467063,0.05808848362039851,0.9958190639590271,0.057358264700089,test,platt
0.23,148,327,1328474,5202,475,0.8747697974217311,0.31157894736842107,0.027663551401869158,0.9997539134904323,0.050815450643776815,0.995855791435902,0.0501942795287841,test,platt
0.24,132,271,1328530,5218,403,0.7421731123388582,0.32754342431761785,0.024672897196261683,0.9997960567458934,0.04588910133843212,0.9958857730496773,0.045352770980527986,test,platt
0.25,116,207,1328594,5234,323,0.5948434622467772,0.3591331269349845,0.021682242990654205,0.9998442204664205,0.040895469769081615,0.9959217509862077,0.04045730966430734,test,platt
0.26,104,172,1328629,5246,276,0.5082872928176796,0.37681159420289856,0.0194392523364486,0.9998705600010837,0.03697120511908994,0.9959389904141286,0.0365921535271274,test,platt
0.27,94,132,1328669,5256,226,0.4162062615101289,0.415929203539823,0.017570093457943924,0.9999006623264131,0.03371592539454806,0.99596147662446,0.033401722282168866,test,platt
0.28,72,111,1328690,5278,183,0.3370165745856354,0.39344262295081966,0.013457943925233645,0.999916466047211,0.026025664196638352,0.9959607270841156,0.025767240734743787,test,platt
0.29,61,92,1328709,5289,153,0.281767955801105,0.39869281045751637,0.011401869158878504,0.9999307646517425,0.022169725604215883,0.9959667234068708,0.021951637970816354,test,platt
0.3,53,78,1328723,5297,131,0.24125230202578268,0.40458015267175573,0.009906542056074767,0.9999413004656077,0.019339536580915893,0.9959712206489371,0.019151521706972312,test,platt
0.31,46,68,1328733,5304,114,0.20994475138121546,0.40350877192982454,0.008598130841121496,0.99994882604694,0.01683748169838946,0.9959734692699702,0.016672941907113496,test,platt
0.32,40,56,1328745,5310,96,0.17679558011049723,0.4166666666666667,0.007476635514018692,0.9999578567445389,0.014689680499449138,0.9959779665120365,0.014550362630852196,test,platt
0.33,35,52,1328749,5315,87,0.16022099447513813,0.40229885057471265,0.0065420560747663555,0.9999608669770718,0.012874747103181901,0.9959772169716921,0.012748049992329695,test,platt
0.34,32,41,1328760,5318,73,0.13443830570902393,0.4383561643835616,0.005981308411214953,0.9999691451165373,0.011801585838096994,0.9959832132944472,0.011694888621840385,test,platt
0.35,29,30,1328771,5321,59,0.10865561694290976,0.4915254237288136,0.005420560747663551,0.9999774232560029,0.010722869291920872,0.9959892096172023,0.01063631875118207,test,platt
0.36,23,24,1328777,5327,47,0.086556169429097607,0.48936170212765956,0.004299065420560748,0.9999819386048023,0.00852325365944043,0.9959892096172023,0.008454000897596447,test,platt
0.37,22,18,1328783,5328,40,0.07366482504604052,0.55,0.00411214953271028,0.9999864539536018,0.008163265306122448,0.9959929573189241,0.008104229424092434,test,platt
0.38,19,13,1328788,5331,32,0.058931860036832415,0.59375,0.0035514018691588786,0.9999902167442679,0.007060572277963582,0.9959944563996129,0.007013221344760771,test,platt
0.39,17,7,1328794,5333,24,0.04419889502762431,0.7083333333333334,0.003177570093457944,0.9999947320930673,0.006326758466691476,0.9959974545609904,0.006291166538077276,test,platt
0.4,12,4,1328797,5338,16,0.029465930018416207,0.75,0.0022429906542056075,0.9999969897674671,0.004472605292582929,0.9959959554803017,0.00444879790693893,test,platt
0.41,9,4,1328797,5341,13,0.02394106813996317,0.6923076923076923,0.0016822429906542056,0.9999969897674671,0.0033563304120827896,0.9959937068592686,0.003336954475594277,test,platt
0.42,8,1,1328800,5342,9,0.016574585635359115,0.8888888888888888,0.0014953271028037382,0.9999992474418667,0.0029856316476954653,0.9959952059399573,0.0029722026125209976,test,platt
0.43,5,1,1328800,5345,6,0.011049723756906077,0.8333333333333334,9.345794392523365e-4,0.9999992474418667,0.0018670649738610904,0.9959929573189241,0.0018580972595974108,test,platt
0.44,5,0,1328801,5345,5,0.009208103130755065,1,9.345794392523365e-4,1,0.0018674136321195146,0.9959937068592686,0.0018599391551690093,test,platt
0.45,4,0,1328801,5346,4,0.007366482504604052,1,7.476635514018691e-4,1,0.0014942099364960775,0.9959929573189241,0.001488227010829013,test,platt
0.46,3,0,1328801,5347,3,0.0055248618784530384,1,5.607476635514019e-4,1,0.0011208668036614981,0.9959922077785798,0.001116377099791509,test,platt
0.47,1,0,1328801,5349,1,0.001841620626151013,1,1.8691588785046728e-4,1,3.7376191366099795e-4,0.995990708697891,3.7226367106661673e-4,test,platt
0.48,0,0,1328801,5350,0,0,NA,0,1,NA,0.9959899591575466,0,test,platt
0.49,0,0,1328801,5350,0,0,NA,0,1,NA,0.9959899591575466,0,test,platt
0.5,0,0,1328801,5350,0,0,NA,0,1,NA,0.9959899591575466,0,test,platt
0.51,0,0,1328801,5350,0,0,NA,0,1,NA,0.9959899591575466,0,test,platt
0.52,0,0,1328801,5350,0,0,NA,0,1,NA,0.9959899591575466,0,test,platt
0.53,0,0,1328801,5350,0,0,NA,0,1,NA,0.9959899591575466,0,test,platt
0.54,0,0,1328801,5350,0,0,NA,0,1,NA,0.9959899591575466,0,test,platt
0.55,0,0,1328801,5350,0,0,NA,0,1,NA,0.9959899591575466,0,test,platt
0.56,0,0,1328801,5350,0,0,NA,0,1,NA,0.9959899591575466,0,test,platt
0.57,0,0,1328801,5350,0,0,NA,0,1,NA,0.9959899591575466,0,test,platt
0.58,0,0,1328801,5350,0,0,NA,0,1,NA,0.9959899591575466,0,test,platt
0.59,0,0,1328801,5350,0,0,NA,0,1,NA,0.9959899591575466,0,test,platt
0.6,0,0,1328801,5350,0,0,NA,0,1,NA,0.9959899591575466,0,test,platt
0.61,0,0,1328801,5350,0,0,NA,0,1,NA,0.9959899591575466,0,test,platt
0.62,0,0,1328801,5350,0,0,NA,0,1,NA,0.9959899591575466,0,test,platt
0.63,0,0,1328801,5350,0,0,NA,0,1,NA,0.9959899591575466,0,test,platt
0.64,0,0,1328801,5350,0,0,NA,0,1,NA,0.9959899591575466,0,test,platt
0.65,0,0,1328801,5350,0,0,NA,0,1,NA,0.9959899591575466,0,test,platt
0.66,0,0,1328801,5350,0,0,NA,0,1,NA,0.9959899591575466,0,test,platt
0.67,0,0,1328801,5350,0,0,NA,0,1,NA,0.9959899591575466,0,test,platt
0.68,0,0,1328801,5350,0,0,NA,0,1,NA,0.9959899591575466,0,test,platt
0.69,0,0,1328801,5350,0,0,NA,0,1,NA,0.9959899591575466,0,test,platt
0.7,0,0,1328801,5350,0,0,NA,0,1,NA,0.9959899591575466,0,test,platt
0.71,0,0,1328801,5350,0,0,NA,0,1,NA,0.9959899591575466,0,test,platt
0.72,0,0,1328801,5350,0,0,NA,0,1,NA,0.9959899591575466,0,test,platt
0.73,0,0,1328801,5350,0,0,NA,0,1,NA,0.9959899591575466,0,test,platt
0.74,0,0,1328801,5350,0,0,NA,0,1,NA,0.9959899591575466,0,test,platt
0.75,0,0,1328801,5350,0,0,NA,0,1,NA,0.9959899591575466,0,test,platt
0.76,0,0,1328801,5350,0,0,NA,0,1,NA,0.9959899591575466,0,test,platt
0.77,0,0,1328801,5350,0,0,NA,0,1,NA,0.9959899591575466,0,test,platt
0.78,0,0,1328801,5350,0,0,NA,0,1,NA,0.9959899591575466,0,test,platt
0.79,0,0,1328801,5350,0,0,NA,0,1,NA,0.9959899591575466,0,test,platt
0.8,0,0,1328801,5350,0,0,NA,0,1,NA,0.9959899591575466,0,test,platt
0.81,0,0,1328801,5350,0,0,NA,0,1,NA,0.9959899591575466,0,test,platt
0.82,0,0,1328801,5350,0,0,NA,0,1,NA,0.9959899591575466,0,test,platt
0.83,0,0,1328801,5350,0,0,NA,0,1,NA,0.9959899591575466,0,test,platt
0.84,0,0,1328801,5350,0,0,NA,0,1,NA,0.9959899591575466,0,test,platt
0.85,0,0,1328801,5350,0,0,NA,0,1,NA,0.9959899591575466,0,test,platt
0.86,0,0,1328801,5350,0,0,NA,0,1,NA,0.9959899591575466,0,test,platt
0.87,0,0,1328801,5350,0,0,NA,0,1,NA,0.9959899591575466,0,test,platt
0.88,0,0,1328801,5350,0,0,NA,0,1,NA,0.9959899591575466,0,test,platt
0.89,0,0,1328801,5350,0,0,NA,0,1,NA,0.9959899591575466,0,test,platt
0.9,0,0,1328801,5350,0,0,NA,0,1,NA,0.9959899591575466,0,test,platt
0.905,0,0,1328801,5350,0,0,NA,0,1,NA,0.9959899591575466,0,test,platt
0.91,0,0,1328801,5350,0,0,NA,0,1,NA,0.9959899591575466,0,test,platt
0.915,0,0,1328801,5350,0,0,NA,0,1,NA,0.9959899591575466,0,test,platt
0.92,0,0,1328801,5350,0,0,NA,0,1,NA,0.9959899591575466,0,test,platt
0.925,0,0,1328801,5350,0,0,NA,0,1,NA,0.9959899591575466,0,test,platt
0.93,0,0,1328801,5350,0,0,NA,0,1,NA,0.9959899591575466,0,test,platt
0.935,0,0,1328801,5350,0,0,NA,0,1,NA,0.9959899591575466,0,test,platt
0.94,0,0,1328801,5350,0,0,NA,0,1,NA,0.9959899591575466,0,test,platt
0.945,0,0,1328801,5350,0,0,NA,0,1,NA,0.9959899591575466,0,test,platt
0.95,0,0,1328801,5350,0,0,NA,0,1,NA,0.9959899591575466,0,test,platt
0.955,0,0,1328801,5350,0,0,NA,0,1,NA,0.9959899591575466,0,test,platt
0.96,0,0,1328801,5350,0,0,NA,0,1,NA,0.9959899591575466,0,test,platt
0.965,0,0,1328801,5350,0,0,NA,0,1,NA,0.9959899591575466,0,test,platt
0.97,0,0,1328801,5350,0,0,NA,0,1,NA,0.9959899591575466,0,test,platt
0.975,0,0,1328801,5350,0,0,NA,0,1,NA,0.9959899591575466,0,test,platt
0.98,0,0,1328801,5350,0,0,NA,0,1,NA,0.9959899591575466,0,test,platt
0.985,0,0,1328801,5350,0,0,NA,0,1,NA,0.9959899591575466,0,test,platt
0.99,0,0,1328801,5350,0,0,NA,0,1,NA,0.9959899591575466,0,test,platt
0.991,0,0,1328801,5350,0,0,NA,0,1,NA,0.9959899591575466,0,test,platt
0.992,0,0,1328801,5350,0,0,NA,0,1,NA,0.9959899591575466,0,test,platt
0.993,0,0,1328801,5350,0,0,NA,0,1,NA,0.9959899591575466,0,test,platt
0.994,0,0,1328801,5350,0,0,NA,0,1,NA,0.9959899591575466,0,test,platt
0.995,0,0,1328801,5350,0,0,NA,0,1,NA,0.9959899591575466,0,test,platt
0.996,0,0,1328801,5350,0,0,NA,0,1,NA,0.9959899591575466,0,test,platt
0.997,0,0,1328801,5350,0,0,NA,0,1,NA,0.9959899591575466,0,test,platt
0.998,0,0,1328801,5350,0,0,NA,0,1,NA,0.9959899591575466,0,test,platt
0.999,0,0,1328801,5350,0,0,NA,0,1,NA,0.9959899591575466,0,test,platt
1e-4,1693,332561,112918,2,334254,1836.5604395604396,0.005065010441161512,0.9988200589970502,0.25347547246896035,0.010078910787053986,0.2563006793776025,0.00255549339028659,validation,beta
2e-4,1690,280135,165344,5,281825,1548.489010989011,0.005996629113811763,0.9970501474926253,0.3711600322349651,0.01192155756207675,0.37353245045552735,0.004419239633518175,validation,beta
3e-4,1683,247134,198345,12,248817,1367.1263736263736,0.006764007282460603,0.9929203539823008,0.4452398429555602,0.013436482084690553,0.4473158099531726,0.005951647986446406,validation,beta
4e-4,1673,223773,221706,22,225446,1238.7142857142858,0.00742084579012269,0.9870206489675516,0.4976800253210589,0.014730938051694762,0.4995348566777138,0.007261203842206731,validation,beta
5e-4,1664,206471,239008,31,208135,1143.598901098901,0.007994811060129243,0.9817109144542773,0.5365191176239509,0.015860458466377545,0.5382066041406701,0.00840395063579165,validation,beta
6e-4,1659,193247,252232,36,194906,1070.9120879120878,0.0085117954295917,0.9787610619469026,0.5662040185957138,0.01687682158279968,0.5677678040315403,0.009432127125508514,validation,beta
7e-4,1657,182979,262500,38,184636,1014.4835164835165,0.008974414523711519,0.9775811209439528,0.5892533654785074,0.01778555366525162,0.5907253105055302,0.010351332687791936,validation,beta
8e-4,1653,174560,270919,42,176213,968.2032967032967,0.009380692684421694,0.9752212389380531,0.6081521238936066,0.01858263821750568,0.6095434886643678,0.011157703218797329,validation,beta
9e-4,1650,167488,277991,45,169138,929.3296703296703,0.009755347704241506,0.9734513274336283,0.6240271707532791,0.01931711086265534,0.6253516528241803,0.011900710541720157,validation,beta
0.001,1649,161356,284123,46,163005,895.6318681318681,0.010116254102634888,0.9728613569321534,0.6377921293708569,0.020024286581663633,0.6390621995017599,0.012616020763601653,validation,beta
0.0011,1643,156058,289421,52,157701,866.489010989011,0.010418450104945435,0.9693215339233038,0.6496849458672574,0.0206153228437351,0.6508965190283872,0.013214106232886462,validation,beta
0.0012,1635,151357,294122,60,152992,840.6153846153846,0.010686833298473123,0.9646017699115044,0.6602376318524554,0.021139462268968953,0.6613913152374691,0.013744645232387373,validation,beta
0.0013,1631,147165,298314,64,148796,817.5604395604396,0.010961316164413022,0.9622418879056047,0.6696477275023065,0.021675714826800276,0.6707567971304235,0.01428724921017665,validation,beta
0.0014,1625,143381,302098,70,145006,796.7362637362637,0.011206432837261906,0.9587020648967551,0.6781419550640996,0.02215390488135732,0.6792054099746407,0.014771240377220336,validation,beta
0.0015,1621,139973,305506,74,141594,777.989010989011,0.011448225207282794,0.9563421828908555,0.6857921473290548,0.022625602802727355,0.6868176593451318,0.015248569004846885,validation,beta
0.0016,1616,136833,308646,79,138449,760.7087912087912,0.01167216809077711,0.9533923303834808,0.6928407399675406,0.02306199337823953,0.6938283531690125,0.015690249202637365,validation,beta
0.0017,1606,133837,311642,89,135443,744.1923076923077,0.011857386502070981,0.9474926253687316,0.6995660850455353,0.02342166285055929,0.7005058433629863,0.016054625096249952,validation,beta
0.0018,1599,131127,314352,96,132726,729.2637362637363,0.012047375796754215,0.9433628318584071,0.7056494245519991,0.023790925525029573,0.706550470286734,0.01642855022708653,validation,beta
0.0019,1594,128440,317039,101,130034,714.4725274725274,0.012258332436132089,0.9404129793510324,0.7116811342397734,0.024201200950436125,0.7125481356250587,0.01684385497533318,validation,beta
0.002,1590,125944,319535,105,127534,700.7362637362637,0.012467263631659009,0.9380530973451328,0.7172840919549519,0.024607479745258416,0.7181209104286027,0.017255065544681758,validation,beta
0.0021,1585,123653,321826,110,125238,688.1208791208791,0.012655903160382632,0.9351032448377581,0.7224268708513757,0.02497380507826964,0.7232330144418057,0.017625932401279264,validation,beta
0.0022,1582,121457,324022,113,123039,676.0384615384615,0.012857711782442965,0.9333333333333333,0.7273563961488645,0.025365978802892555,0.7281371457195633,0.01802282729270543,validation,beta
0.0023,1574,119360,326119,121,120934,664.4725274725274,0.01301536375212926,0.9286135693215339,0.7320636887485157,0.025670926126772624,0.7328087053361778,0.018331821177337313,validation,beta
0.0024,1570,117313,328166,125,118883,653.2032967032967,0.013206261618566154,0.9262536873156342,0.7366587426118851,0.026041234719434724,0.737377396718056,0.018706681308325954,validation,beta
0.0025,1566,115366,330113,129,116932,642.4835164835165,0.013392399001128862,0.9238938053097345,0.7410293190026915,0.02640208384263279,0.7417224615026813,0.019071980047553647,validation,beta
0.0026,1563,113560,331919,132,115123,632.5439560439561,0.01357678309286589,0.9221238938053097,0.7450833821571836,0.026759574723073498,0.7457544490511524,0.019433819625477692,validation,beta
0.0027,1559,111848,333631,136,113407,623.1153846153846,0.013746946837496804,0.91976401179941,0.7489264364874663,0.02708901669823287,0.7495739913322331,0.01976736095325727,validation,beta
0.0028,1554,110098,335381,141,111652,613.4725274725274,0.01391824597857629,0.9168141592920354,0.752854792257323,0.027420222855479192,0.7534762754542974,0.020102766136210207,validation,beta
0.0029,1551,108475,337004,144,110026,604.5384615384615,0.014096668060276662,0.9150442477876106,0.7564980616370244,0.027765594650960877,0.7570990263297955,0.02045236478234817,validation,beta
0.003,1550,106935,338544,145,108485,596.0714285714286,0.01428768954233304,0.9144542772861357,0.7599550147144983,0.02813577781811581,0.7605406396615187,0.020826919480587947,validation,beta
0.0031,1544,105356,340123,151,106900,587.3626373626373,0.014443405051449953,0.9109144542772861,0.7634995140062719,0.028435931672728947,0.764058286036308,0.021131009385392627,validation,beta
0.0032,1541,103852,341627,154,105393,579.0824175824176,0.014621464423633448,0.9091445427728614,0.766875655193623,0.028780068728522335,0.7674149212610751,0.021479375555279328,validation,beta
0.0033,1537,102403,343076,158,103940,571.0989010989011,0.014787377333076775,0.9067846607669616,0.7701283337710644,0.02910020353102665,0.7706463255913806,0.02180354345019912,validation,beta
0.0034,1530,100997,344482,165,102527,563.3351648351648,0.014922898358481181,0.9026548672566371,0.7732844870353036,0.029360403753526127,0.7737748616869496,0.022067324077296287,validation,beta
0.0035,1529,99573,345906,166,101102,555.5054945054945,0.015123340784554212,0.9020648967551622,0.7764810462446041,0.029747949842894247,0.7769570681658594,0.0224594653350154,validation,beta
0.0036,1525,98227,347252,170,99752,548.0879120879121,0.01528791402678643,0.8997050147492626,0.7795025130253054,0.03006496002838921,0.7799581371009943,0.02278049464146129,validation,beta
0.0037,1518,96966,348513,177,98484,541.1208791208791,0.01541367125624467,0.8955752212389381,0.7823331739543278,0.030305752702662236,0.7827624146305465,0.023024673812555498,validation,beta
0.0038,1511,95645,349834,184,97156,533.8241758241758,0.015552307628967846,0.8914454277286136,0.7852985213668883,0.030571263821306816,0.7857008681184505,0.0232938742445904,validation,beta
0.0039,1510,94303,351176,185,95813,526.445054945055,0.015759865571477773,0.8908554572271387,0.7883110090486869,0.030971817697009473,0.7886997007876129,0.023699196112541773,validation,beta
0.004,1503,93077,352402,192,94580,519.6703296703297,0.015891308944808627,0.8867256637168142,0.7910631028623123,0.031223058945728382,0.7914257090081266,0.02395398260585466,validation,beta
0.0041,1499,91893,353586,196,93392,513.1428571428571,0.01605062532122666,0.8843657817109144,0.793720916137461,0.031529020791485694,0.7940645028557116,0.02426387947303612,validation,beta
0.0042,1495,90700,354779,200,92195,506.5659340659341,0.016215629914854385,0.8820058997050148,0.7963989323851405,0.031845776973053574,0.7967234230970495,0.024584704949265374,validation,beta
0.0043,1492,89509,355970,203,91001,500.0054945054945,0.016395424226107406,0.88023598820059,0.7990724590833687,0.03219124881332528,0.7993801070724148,0.024934499589849304,validation,beta
0.0044,1488,88367,357112,207,89855,493.7087912087912,0.016560013354849478,0.8778761061946903,0.8016359918200409,0.03250682687056253,0.8019249777491536,0.025254147985114984,validation,beta
0.0045,1483,87269,358210,212,88752,487.64835164835165,0.016709482603208942,0.8749262536873156,0.8041007544687853,0.03279268521896802,0.8043692164571286,0.025543829665865353,validation,beta
0.0046,1479,86168,359311,216,87647,481.5769230769231,0.016874507969468436,0.8725663716814159,0.8065722514417065,0.033108728257706346,0.8068224002289937,0.02586396584612719,validation,beta
0.0047,1478,85094,360385,217,86572,475.6703296703297,0.01707249457099293,0.871976401179941,0.8089831394970358,0.033489299511708794,0.809221913617518,0.026249107110841125,validation,beta
0.0048,1472,84082,361397,223,85554,470.0769230769231,0.017205507632606306,0.8684365781710914,0.8112548515193758,0.033742507077445014,0.8114715971858829,0.026505877398821116,validation,beta
0.0049,1466,83022,362457,229,84488,464.2197802197802,0.01735157655525045,0.8648967551622418,0.8136343127285461,0.03402063051877981,0.8138286215209292,0.026787869942758502,validation,beta
0.005,1463,81966,363513,232,83429,458.4010989010989,0.017535868822591665,0.8631268436578171,0.8160047948388139,0.034373384709365164,0.816183409590003,0.027145083414583646,validation,beta
0.0051,1455,80993,364486,240,82448,453.010989010989,0.017647486900834466,0.8584070796460177,0.8181889606468543,0.03458398203059078,0.8183414062534942,0.027358981764317964,validation,beta
0.0052,1451,80031,365448,244,81482,447.7032967032967,0.01780761395154758,0.8560471976401179,0.8203484339329127,0.034889452613102175,0.8204837490551776,0.027668475839334537,validation,beta
0.0053,1448,79045,366434,247,80493,442.2692307692308,0.017989141912961377,0.8542772861356932,0.8225617818123863,0.03523628753589332,0.8226819985061743,0.028019726210767457,validation,beta
0.0054,1444,78058,367421,251,79502,436.8241758241758,0.01816306508012377,0.8519174041297936,0.8247773744665854,0.03556781654494624,0.8248802479571711,0.028355603036900948,validation,beta
0.0055,1437,77113,368366,258,78550,431.5934065934066,0.018294080203691915,0.8477876106194691,0.826898686582308,0.03581531559598728,0.8269778654394039,0.028606790329634396,validation,beta
0.0056,1430,76195,369284,265,77625,426.510989010989,0.018421900161030597,0.8436578171091446,0.8289593897804386,0.03605648008068583,0.8290151037403785,0.028851584896644515,validation,beta
0.0057,1426,75288,370191,269,76714,421.5054945054945,0.018588523607164273,0.8412979351032448,0.8309954004565872,0.036373375505362904,0.8310344519135728,0.02917268985876408,validation,beta
0.0058,1423,74453,371026,272,75876,416.9010989010989,0.01875428330433866,0.8395280235988201,0.8328697873524903,0.03668896881566565,0.8328950252027175,0.02949237246189391,validation,beta
0.0059,1419,73608,371871,276,75027,412.2362637362637,0.018913191251149587,0.8371681415929203,0.8347666219956497,0.03699069367326191,0.834775724885615,0.0297981431550106,validation,beta
0.006,1415,72746,372733,280,74161,407.47802197802196,0.01908010949151171,0.8348082595870207,0.8367016178091448,0.037307530056950006,0.8366944410900455,0.03011921425333654,validation,beta
0.0061,1412,71941,373538,283,73353,403.03846153846155,0.01924938311998146,0.8330383480825959,0.8385086614632788,0.037629250612941055,0.8384879264000143,0.030445118529601797,validation,beta
0.0062,1409,71168,374311,286,72577,398.77472527472526,0.01941386389627568,0.8312684365781711,0.8402438723261927,0.03794161999138303,0.8402098511988622,0.03076156658785351,validation,beta
0.0063,1408,70392,375087,287,71800,394.5054945054945,0.019610027855153204,0.8306784660766962,0.8419858175132835,0.03831553166882101,0.8419429573275727,0.031140054191365323,validation,beta
0.0064,1403,69577,375902,292,70980,390,0.019766131304592843,0.8277286135693215,0.8438153089146738,0.03861025111799106,0.8437543327653217,0.03143889759881191,validation,beta
0.0065,1397,68814,376665,298,70211,385.77472527472526,0.01989716711056672,0.824188790560472,0.8455280720303314,0.0388562845937752,0.8454471861065268,0.031688610967107574,validation,beta
0.0066,1392,68053,377426,303,69445,381.5659340659341,0.020044639642882858,0.8212389380530973,0.8472363455965377,0.03913410177115547,0.8471378031817592,0.03197037649072267,validation,beta
0.0067,1386,67280,378199,309,68666,377.2857142857143,0.02018466198700958,0.8176991150442477,0.8489715564594515,0.03939682494563749,0.8488530191826895,0.03223700814677206,validation,beta
0.0068,1384,66485,378994,311,67869,372.9065934065934,0.020392226200474442,0.8165191740412979,0.8507561523663293,0.0397906963371859,0.8506263780989056,0.032635854394795646,validation,beta
0.0069,1379,65796,379683,316,67175,369.0934065934066,0.020528470413100113,0.8135693215339233,0.85230280215229,0.040046464353129085,0.8521559840241159,0.032895341797976235,validation,beta
0.007,1374,65110,380369,321,66484,365.2967032967033,0.020666626556765537,0.8106194690265487,0.8538427176140738,0.040305665967526653,0.8536788811514087,0.03315831623271314,validation,beta
0.0071,1371,64410,381069,324,65781,361.4340659340659,0.020841884434715192,0.8088495575221238,0.8554140599220166,0.040636670816290237,0.8552375585342619,0.033493698193920236,validation,beta
0.0072,1368,63692,381787,327,65060,357.4725274725275,0.02102674454349831,0.8070796460176991,0.8570258081750206,0.04098569395550895,0.8568364887046206,0.033847321988872955,validation,beta
0.0073,1363,63019,382460,332,64382,353.74725274725273,0.02117051349756143,0.8041297935103244,0.8585365415653712,0.04125489958684565,0.8583303143742704,0.034120453343720665,validation,beta
0.0074,1359,62307,383172,336,63666,349.8131868131868,0.0213457732541702,0.8017699115044248,0.8601348211700215,0.04158443108275577,0.8599135906828215,0.03445450921850213,validation,beta
0.0075,1355,61609,383870,340,62964,345.95604395604397,0.021520233784384727,0.799410029498525,0.8617016739285129,0.041912185465287126,0.861465559267757,0.03478677736581963,validation,beta
0.0076,1349,60919,384560,346,62268,342.13186813186815,0.021664418320806834,0.7958702064896755,0.8632505684891992,0.0421806356800025,0.8629951651929674,0.035059326221187834,validation,beta
0.0077,1345,60274,385205,350,61619,338.5659340659341,0.021827683019847773,0.7935103244837758,0.8646984481872322,0.042486653820639986,0.864428611681359,0.03536962076542661,validation,beta
0.0078,1337,59658,385821,358,60995,335.1373626373626,0.021919829494220836,0.7887905604719764,0.8660812294182217,0.042654330834263836,0.865788261392657,0.03554050690930023,validation,beta
0.0079,1332,59026,386453,363,60358,331.6373626373626,0.02206832565691375,0.7858407079646018,0.8674999270448214,0.04293104281823602,0.8671904001574331,0.03582131890508791,validation,beta
0.008,1326,58404,387075,369,59730,328.1868131868132,0.022199899547965845,0.7823008849557522,0.8688961769241648,0.04317460317460318,0.8685679399965114,0.03606874449830534,validation,beta
0.0081,1320,57791,387688,375,59111,324.7857142857143,0.022330869042986923,0.7787610619469026,0.8702722238309775,0.04341676808209716,0.869925353441837,0.036314775318170525,validation,beta
0.0082,1314,57194,388285,381,58508,321.4725274725275,0.0224584672181582,0.7752212389380531,0.87161235434218,0.043652309685563835,0.871246986631602,0.03655412006268794,validation,beta
0.0083,1311,56658,388821,384,57969,318.510989010989,0.02261553588987217,0.7734513274336283,0.872815553595119,0.04394609814963797,0.8724389163949604,0.036851960001119496,validation,beta
0.0084,1305,56089,389390,390,57394,315.35164835164835,0.0227375683869394,0.7699115044247787,0.8740928304140038,0.044170657821252686,0.8736979341374945,0.037080218980581205,validation,beta
0.0085,1300,55481,389998,395,56781,311.9835164835165,0.022894982476532644,0.7669616519174042,0.8754576534471883,0.04446268554620699,0.87504640251893,0.0373766237241321,validation,beta
0.0086,1294,54906,390573,401,56200,308.7912087912088,0.02302491103202847,0.7634218289085546,0.8767483989144269,0.04470161499265912,0.8763188378572994,0.03761946301154605,validation,beta
0.0087,1291,54339,391140,404,55630,305.65934065934067,0.02320690275031458,0.7616519174041297,0.8780211861838605,0.045041430440471,0.8775800918658061,0.03796393655495007,validation,beta
0.0088,1288,53776,391703,407,55064,302.54945054945057,0.023390963242772046,0.759882005899705,0.8792849943543916,0.04538487288359556,0.8788324008104228,0.03831208992266296,validation,beta
0.0089,1285,53233,392246,410,54518,299.54945054945057,0.023570196999156242,0.7581120943952803,0.8805039070304099,0.04571896180598794,0.8800399844355888,0.03865078373832653,validation,beta
0.009,1284,52644,392835,411,53928,296.3076923076923,0.023809523809523808,0.7575221238938054,0.8818260793438074,0.04616795210614314,0.8813549088274363,0.03910544673887938,validation,beta
0.0091,1281,52094,393385,414,53375,293.2692307692308,0.024,0.7557522123893805,0.8830607054429053,0.04652260759033957,0.88257814631441,0.039464972953392054,validation,beta
0.0092,1276,51574,393905,419,52850,290.38461538461536,0.0241438032166509,0.752802359882006,0.8842279883002341,0.046787056558804656,0.8837298232902628,0.03973355195633748,validation,beta
0.0093,1272,51038,394441,423,52310,287.4175824175824,0.02431657426878226,0.7504424778761062,0.8854311875531731,0.04710674937505786,0.8849195167876487,0.040057888360476475,validation,beta
0.0094,1270,50510,394969,425,51780,284.5054945054945,0.024526844341444573,0.7492625368731564,0.886616428608307,0.04749883122954652,0.8860957926891992,0.04045515012663438,validation,beta
0.0095,1266,49961,395518,429,51227,281.467032967033,0.024713529974427547,0.7469026548672566,0.8878488099326792,0.047843996825516794,0.887314557644228,0.04080529445941126,validation,beta
0.0096,1263,49399,396080,432,50662,278.3626373626374,0.02492992775650389,0.7451327433628319,0.8891103733284846,0.048245697805451036,0.888564630322872,0.041212495729203685,validation,beta
0.0097,1255,48900,396579,440,50155,275.5769230769231,0.025022430465556775,0.7404129793510325,0.8902305159165752,0.04840887174541948,0.8896626369153842,0.0413791929899103,validation,beta
0.0098,1252,48420,397059,443,49672,272.9230769230769,0.025205347076823967,0.7386430678466077,0.8913080077848787,0.04874725018007671,0.8907293357842808,0.04172232066980732,validation,beta
0.0099,1250,47926,397553,445,49176,270.1978021978022,0.025418903530177322,0.7374631268436578,0.8924169264993411,0.04914391303493149,0.8918295786427655,0.04212426640654865,validation,beta
0.01,1247,47421,398058,448,48668,267.4065934065934,0.025622585682584038,0.735693215339233,0.8935505377357855,0.04952048130572047,0.8929521841609753,0.042506072238964084,validation,beta
0.011,1214,42839,402640,481,44053,242.04945054945054,0.02755771457108483,0.7162241887905605,0.9038360955286332,0.05307335839818134,0.903124958070013,0.04610990183241481,validation,beta
0.012,1177,38914,406565,518,40091,220.28021978021977,0.029358210072086003,0.6943952802359882,0.9126468363267405,0.056334657540803135,0.9118195601712086,0.049420685767209184,validation,beta
0.013,1134,35472,410007,561,36606,201.13186813186815,0.030978528110145877,0.6690265486725664,0.9203733509323672,0.05921516409493225,0.919420628211837,0.052349006962671994,validation,beta
0.014,1105,32486,412993,590,33591,184.56593406593407,0.03289571611443541,0.6519174041297935,0.9270762482631055,0.0626310718131837,0.9260332666926073,0.055817108615281164,validation,beta
0.015,1078,29834,415645,617,30912,169.84615384615384,0.034873188405797104,0.6359882005899705,0.9330293908354828,0.06612077161345724,0.9319034648704978,0.05936052380559685,validation,beta
0.016,1037,27523,417956,658,28560,156.92307692307693,0.03630952380952381,0.6117994100294986,0.9382170652264192,0.0685506527846637,0.9369797886281402,0.061836943577458656,validation,beta
0.017,1007,25395,420084,688,26402,145.06593406593407,0.03814104992046057,0.5941002949852507,0.942993945842565,0.07168025056055807,0.9416714746385076,0.06501981801055347,validation,beta
0.018,978,23577,421902,717,24555,134.91758241758242,0.03982895540623091,0.5769911504424778,0.9470749462937647,0.07451428571428571,0.9456721544633633,0.0679043955273045,validation,beta
0.019,937,21799,423680,758,22736,124.92307692307692,0.04121217452498241,0.5528023598820059,0.9510661557559391,0.0767058245671483,0.9495565484576474,0.07014571843304684,validation,beta
0.02,915,20363,425116,780,21278,116.91208791208791,0.043002161857317416,0.5398230088495575,0.9542896522619473,0.07965872981325903,0.9527186285428043,0.07315076280633181,validation,beta
0.021,881,19021,426458,814,19902,109.35164835164835,0.044266907848457444,0.51976401179941,0.9573021399437459,0.08158540538037691,0.9556436644348733,0.07512425517453658,validation,beta
0.022,862,17791,427688,833,18653,102.48901098901099,0.04621240551117783,0.5085545722713865,0.9600632128562738,0.08472577157460193,0.9583517825276067,0.07832061146144206,validation,beta
0.023,835,16619,428860,860,17454,95.9010989010989,0.04784003666781254,0.49262536873156343,0.962694088834715,0.08721082040837642,0.9609123070661533,0.08085964863511111,validation,beta
0.024,812,15593,429886,883,16405,90.13736263736264,0.04949710454129838,0.4790560471976401,0.9649972277032138,0.08972375690607735,0.9631552818366005,0.08342596416157742,validation,beta
0.025,788,14670,430809,907,15458,84.93406593406593,0.05097684047095355,0.4648967551622419,0.9670691547749726,0.09187897160846499,0.9651656849459047,0.08563217588572823,validation,beta
0.026,774,13864,431615,921,14638,80.42857142857143,0.05287607596666211,0.45663716814159294,0.9688784432038323,0.09477744443764159,0.9669368075961483,0.08858510066660862,validation,beta
0.027,756,13068,432411,939,13824,75.95604395604396,0.0546875,0.44601769911504424,0.9706652838854357,0.09742895805142085,0.9686766225227764,0.09129250727637471,validation,beta
0.028,729,12380,433099,966,13109,72.02747252747253,0.055610649172324354,0.4300884955752212,0.9722096888966708,0.09848689543366658,0.9701547943306185,0.09239417973926421,validation,beta
0.029,704,11717,433762,991,12421,68.24725274725274,0.05667820626358586,0.4153392330383481,0.973697974539765,0.09974497024652876,0.9715815320210924,0.09369935709592044,validation,beta
0.03,684,11123,434356,1011,11807,64.87362637362638,0.05793173541119675,0.40353982300884955,0.9750313707267907,0.1013183232113761,0.9728651486893245,0.09532097681361507,validation,beta
0.031,671,10586,434893,1024,11257,61.85164835164835,0.05960735542329217,0.3958702064896755,0.9762368147544553,0.10361334156886969,0.97403695205893,0.09766802021795569,validation,beta
0.032,664,10028,435451,1031,10692,58.747252747252745,0.06210250654695099,0.391740412979351,0.9774893990513582,0.10720917090498103,0.9752691346097939,0.1013286354919684,validation,beta
0.033,641,9573,435906,1054,10214,56.120879120879124,0.06275700019580967,0.3781710914454277,0.978510771551521,0.10764967671508942,0.9762352015099268,0.10180968704594104,validation,beta
0.034,623,9141,436338,1072,9764,53.64835164835165,0.06380581728799672,0.36755162241887906,0.9794805142329941,0.1087354917532071,0.9771610156225541,0.10294086753846379,validation,beta
0.035,609,8704,436775,1086,9313,51.17032967032967,0.06539246214968324,0.35929203539823007,0.9804614807880955,0.11064680232558138,0.9781069561289342,0.10490599482720459,validation,beta
0.036,598,8282,437197,1097,8880,48.79120879120879,0.06734234234234235,0.3528023598820059,0.9814087757223123,0.113096926713948,0.9790260614436439,0.1074148722817287,validation,beta
0.037,580,7929,437550,1115,8509,46.752747252747255,0.06816312140086966,0.3421828908554572,0.9822011812004606,0.11368090944727556,0.9797752105444413,0.10804225463752264,validation,beta
0.038,567,7553,437926,1128,8120,44.61538461538461,0.06982758620689655,0.3345132743362832,0.9830452164972984,0.11553744268976057,0.9805869750924696,0.10995530305506958,validation,beta
0.039,553,7230,438249,1142,7783,42.76373626373626,0.07105229346010536,0.3262536873156342,0.9837702787336777,0.11669128508124078,0.9812779812779813,0.11115806408255383,validation,beta
0.04,543,6917,438562,1152,7460,40.989010989010985,0.07278820375335121,0.32035398230088497,0.9844728932228006,0.11862370289459312,0.9819555698676578,0.11314527288267823,validation,beta
0.041,532,6620,438859,1163,7152,39.2967032967033,0.0743847874720358,0.31386430678466076,0.9851395913163135,0.12026675709279981,0.9825951419358013,0.11484206114583549,validation,beta
0.042,522,6338,439141,1173,6860,37.69230769230769,0.0760932944606414,0.30796460176991153,0.9857726177889418,0.12203389830508476,0.9832034062803293,0.1166641601694242,validation,beta
0.043,511,6073,439406,1184,6584,36.175824175824175,0.07761239368165249,0.3014749262536873,0.9863674830912343,0.12344486049039738,0.9837714178373519,0.11812818004275012,validation,beta
0.044,503,5833,439646,1192,6336,34.81318681318681,0.07938762626262626,0.2967551622418879,0.9869062290253862,0.1252645996762545,0.9842902315429788,0.120001389868971,validation,beta
0.045,485,5616,439863,1210,6101,33.52197802197802,0.07949516472709392,0.2861356932153392,0.9873933451408484,0.12442278091328887,0.9847352484715122,0.11919724287199733,validation,beta
0.046,474,5388,440091,1221,5862,32.20879120879121,0.08085977482088025,0.27964601769911507,0.9879051537782926,0.12544660579595077,0.9852205181875512,0.12027330996570862,validation,beta
0.047,468,5187,440292,1227,5655,31.071428571428573,0.08275862068965517,0.2761061946902655,0.9883563534981447,0.1273469387755102,0.9856565900521944,0.12222716750483525,validation,beta
0.048,463,5002,440477,1232,5465,30.02747252747253,0.08472095150960658,0.27315634218289087,0.9887716368223867,0.1293296089385475,0.9860591179272498,0.12426233566234048,validation,beta
0.049,452,4809,440670,1243,5261,28.906593406593405,0.08591522524234936,0.26666666666666666,0.9892048783444337,0.12995974698102358,0.9864661183342502,0.12494246521958918,validation,beta
0.05,439,4643,440836,1256,5082,27.923076923076923,0.08638331365604093,0.25899705014749264,0.9895775109488887,0.12955585067138853,0.9868082670280472,0.12457919962092022,validation,beta
0.051,426,4479,441000,1269,4905,26.95054945054945,0.08685015290519878,0.2513274336283186,0.9899456540038925,0.1290909090909091,0.9871459431898992,0.12415639043235253,validation,beta
0.052,420,4334,441145,1275,4754,26.12087912087912,0.08834665544804375,0.24778761061946902,0.9902711463391092,0.13025275236470768,0.9874567841600809,0.12536491384792292,validation,beta
0.053,411,4175,441304,1284,4586,25.197802197802197,0.0896205843872656,0.2424778761061947,0.9906280655204847,0.13087088043305206,0.9877922240559603,0.12603335491618287,validation,beta
0.054,405,4026,441453,1290,4431,24.346153846153847,0.09140148950575491,0.23893805309734514,0.9909625369546039,0.13222331047992167,0.988112010090032,0.12743873022790903,validation,beta
0.055,400,3883,441596,1295,4283,23.532967032967033,0.09339248190520663,0.2359882005899705,0.9912835397403693,0.1338240214118434,0.9884206147942411,0.12909374272359458,validation,beta
0.056,392,3757,441722,1303,4149,22.796703296703296,0.09448059773439382,0.2312684365781711,0.991566381355799,0.13415468856947296,0.9886844941789997,0.12946935576258325,validation,beta
0.057,381,3620,441859,1314,4001,21.983516483516482,0.09522619345163709,0.2247787610619469,0.9918739154932107,0.13377808988764042,0.9889662636915384,0.1291407417819543,validation,beta
0.058,373,3500,441979,1322,3873,21.28021978021978,0.09630777175316292,0.2200589970501475,0.9921432884602865,0.13397988505747127,0.9892167254804617,0.12938900898205388,validation,beta
0.059,366,3395,442084,1329,3761,20.664835164835164,0.09731454400425418,0.215929203539823,0.992378989806478,0.13416422287390029,0.9894358795457696,0.12961577589773524,validation,beta
0.06,360,3300,442179,1335,3660,20.10989010989011,0.09836065573770492,0.21238938053097345,0.9925922434054131,0.13445378151260504,0.9896349072173248,0.129945706661378,validation,beta
0.061,351,3211,442268,1344,3562,19.571428571428573,0.09854014598540146,0.20707964601769913,0.9927920283559943,0.1335362373977554,0.9898138084951271,0.12906254561872732,validation,beta
0.062,343,3112,442367,1352,3455,18.983516483516482,0.09927641099855282,0.20235988200589972,0.993014261053832,0.13320388349514561,0.9900173086986274,0.1287729490180983,validation,beta
0.063,334,3047,442432,1361,3381,18.576923076923077,0.09878734102336587,0.19705014749262537,0.993160171410998,0.13159968479117415,0.9901425395930891,0.12719246001913093,validation,beta
0.064,327,2964,442515,1368,3291,18.082417582417584,0.09936189608021878,0.1929203539823009,0.9933464877132255,0.13116726835138387,0.9903124958070013,0.1267979518236172,validation,beta
0.065,319,2872,442607,1376,3191,17.532967032967033,0.099968661861485425,0.1882005899705015,0.9935530069879838,0.13057715923045435,0.9905003421486938,0.12625119333872528,validation,beta
0.066,314,2797,442682,1381,3111,17.093406593406595,0.10093217614914818,0.18525073746312684,0.9937213650924062,0.13066999583853517,0.9906568807667708,0.12638292646382746,validation,beta
0.067,307,2716,442763,1388,3023,16.60989010989011,0.1015547469401257,0.18112094395280237,0.9939031918451824,0.1301398897838067,0.9908223644487381,0.12589401228755967,validation,beta
0.068,303,2620,442859,1392,2923,16.060439560439562,0.10366062264796443,0.17876106194690267,0.9941186902188431,0.13122563880467736,0.9910281009182108,0.12703679681448424,validation,beta
0.069,302,2547,442932,1393,2849,15.653846153846153,0.10600210600210601,0.17817109144542773,0.9942825587738142,0.13292253521126762,0.9911891120682329,0.1287815436311442,validation,beta
0.07,298,2477,443002,1397,2775,15.247252747252746,0.10738738738738739,0.17581120943952802,0.9944396930046085,0.13333333333333333,0.9913367056224199,0.12923526258649362,validation,beta
0.071,289,2399,443080,1406,2688,14.76923076923077,0.10751488095238096,0.1705014749262537,0.9946147854332078,0.1318731462468629,0.9914910079745245,0.1278181731165298,validation,beta
0.072,279,2343,443136,1416,2622,14.406593406593407,0.10640732265446225,0.16460176991150444,0.9947404928178433,0.12925642807505214,0.9915938762092609,0.1252286238208753,validation,beta
0.073,276,2271,443208,1419,2547,13.994505494505495,0.10836277974087162,0.16283185840707964,0.9949021165980888,0.13012729844413012,0.9917481785613653,0.12614972266013555,validation,beta
0.074,274,2205,443274,1421,2479,13.62087912087912,0.11052843888664785,0.1616519174041298,0.9950502717299805,0.13128893148059415,0.9918912995836072,0.1273599282332786,validation,beta
0.075,264,2137,443342,1431,2401,13.192307692307692,0.10995418575593503,0.15575221238938053,0.9952029164113235,0.12890625,0.992021003010014,0.12501799726585813,validation,beta
0.076,261,2077,443402,1434,2338,12.846153846153847,0.111633875106929,0.15398230088495576,0.9953376028948615,0.12943218447805607,0.9921484701704482,0.12558932157297595,validation,beta
0.077,254,2012,443467,1441,2266,12.45054945054945,0.11209179170344219,0.14985250737463127,0.9954835132520276,0.12825044180762432,0.9922781735968549,0.12445329371442582,validation,beta
0.078,249,1957,443522,1446,2206,12.12087912087912,0.1128739800543971,0.14690265486725665,0.9956069758619374,0.1276595744680851,0.9923899868954814,0.12390375654857282,validation,beta
0.079,248,1902,443577,1447,2150,11.813186813186814,0.11534883720930232,0.1463126843657817,0.9957304384718472,0.12899869960988297,0.992510745257998,0.12529079145484368,validation,beta
0.08,241,1855,443624,1454,2096,11.516483516483516,0.11498091603053436,0.14218289085545724,0.9958359428839518,0.1271432339752044,0.9926001958968992,0.12346933031082974,validation,beta
0.081,236,1814,443665,1459,2050,11.263736263736265,0.1151219512195122,0.1392330383480826,0.9959279786477028,0.1260347129506008,0.9926807014719102,0.12239283528856065,validation,beta
0.082,231,1763,443716,1464,1994,10.956043956043956,0.11584754262788365,0.13628318584070798,0.9960424621587101,0.1252371916508539,0.9927835697066466,0.12163793160716994,validation,beta
0.083,229,1724,443755,1466,1953,10.73076923076923,0.11725550435227855,0.13510324483775812,0.9961300083730097,0.1255482456140351,0.9928663115476303,0.1219847796766437,validation,beta
0.084,227,1682,443797,1468,1909,10.489010989010989,0.11891042430591933,0.13392330383480827,0.9962242889114863,0.12597114317425084,0.9929557621865314,0.12244729238819976,validation,beta
0.085,222,1639,443840,1473,1861,10.225274725274724,0.11929070392262224,0.13097345132743363,0.9963208142246884,0.12485939257592801,0.9930407402934875,0.12137351552944359,validation,beta
0.086,218,1594,443885,1477,1812,9.956043956043956,0.12030905077262694,0.12861356932153392,0.9964218290873419,0.12432278300541774,0.9931324271983613,0.12087933069857533,validation,beta
0.087,215,1552,443927,1480,1767,9.708791208791208,0.12167515563101301,0.12684365781710916,0.9965161096258185,0.12420566146735991,0.99321964157129,0.12080378570403702,validation,beta
0.088,208,1518,443961,1487,1726,9.483516483516484,0.1205098493626883,0.12271386430678466,0.99659243196649006,0.12160187079801228,0.9932800207525482,0.11822925744135114,validation,beta
0.089,207,1476,444003,1488,1683,9.247252747252746,0.12299465240641712,0.12212389380530973,0.9966867125049665,0.12255772646536411,0.993371707657422,0.11923105726899685,validation,beta
0.09,203,1441,444038,1492,1644,9.032967032967033,0.12347931873479319,0.11976401179941003,0.9967652796203637,0.12159329140461217,0.9934410319025704,0.11830228853160545,validation,beta
0.091,195,1395,444084,1500,1590,8.736263736263735,0.12264150943396226,0.11504424778761062,0.9968685392577428,0.11872146118721462,0.9935260100095265,0.11547586419620685,validation,beta
0.092,192,1355,444124,1503,1547,8.5,0.12411118293471235,0.11327433628318584,0.996958330246768,0.11844540407156076,0.9936087518505101,0.11524486192698849,validation,beta
0.093,186,1323,444156,1509,1509,8.291208791208792,0.12326043737574553,0.10973451327433628,0.9970301630379883,0.11610486891385768,0.9936668947657958,0.11293767963767244,validation,beta
0.094,185,1287,444192,1510,1472,8.087912087912088,0.12567934782608695,0.10914454277286136,0.9971109749281111,0.11682980738869592,0.9937451640748344,0.11370689160475872,validation,beta
0.095,183,1253,444226,1512,1436,7.8901098901098905,0.12743732590529247,0.1079646017699115,0.9971872972687826,0.11689556052379432,0.9938167245859554,0.11381436518772534,validation,beta
0.096,180,1215,444264,1515,1395,7.664835164835165,0.12903225806451613,0.10619469026548672,0.9972725987083566,0.11650485436893203,0.9938949938949939,0.1134707399380772,validation,beta
0.097,179,1186,444293,1516,1365,7.5,0.13113553113553114,0.1056047197640118,0.9973376971754,0.1169934640522876,0.9939576093422248,0.11399727345340567,validation,beta
0.098,176,1152,444327,1519,1328,7.2967032967032965,0.13253012048192772,0.10383480825958702,0.9974140195160714,0.11644062189877606,0.9940269335873732,0.11348827377169368,validation,beta
0.099,172,1119,444360,1523,1291,7.093406593406593,0.1332300542215337,0.10147492625368731,0.9974880970820174,0.11520428667113194,0.9940917853005765,0.1122947194462323,validation,beta
0.1,166,1087,444392,1529,1253,6.884615384615385,0.13248204309656825,0.09793510324483776,0.9975599298732376,0.11261872455902308,0.9941499282158622,0.10975019961662023,validation,beta
0.11,142,842,444637,1553,984,5.406593406593407,0.1443089430894309,0.08377581120943953,0.9981098996810175,0.10600970511384845,0.9946441429957914,0.10351344798723938,validation,beta
0.12,111,639,444840,1584,750,4.1208791208791204,0.148,0.06548672566371681,0.9985655889503209,0.09079754601226994,0.9950287807430664,0.08867832009912713,validation,beta
0.13,91,479,445000,1604,570,3.131868131868132,0.15964912280701754,0.05368731563421829,0.9989247529064221,0.0803532008830022,0.9953418579792206,0.0785953574161975,validation,beta
0.14,81,362,445117,1614,443,2.434065934065934,0.18284424379232506,0.047787610619469026,0.999187391549321,0.07577174929840973,0.9955811384382813,0.07431769326799657,validation,beta
0.15,60,274,445205,1635,334,1.835164835164835,0.17964071856287425,0.035398230088495575,0.9993849317251767,0.05914243469689502,0.9957309682584408,0.05796685044639008,validation,beta
0.16,46,199,445280,1649,245,1.3461538461538463,0.18775510204081633,0.027138643067846607,0.9995532898295991,0.04742268041237114,0.9958673804827651,0.046509821348319505,validation,beta
0.17,37,152,445327,1658,189,1.0384615384615385,0.19576719576719576,0.02182890855457227,0.9996587942417039,0.03927813163481954,0.9959523585897212,0.03854693843095662,validation,beta
0.18,31,106,445373,1664,137,0.7527472527472527,0.22627737226277372,0.018289085545722714,0.999762053879083,0.03384279475982532,0.9960418092286224,0.033294754672772806,validation,beta
0.19,24,73,445406,1671,97,0.532967032967033,0.24742268041237114,0.01415929203539823,0.9998361314450288,0.026785714285714284,0.9960999521439082,0.026386189609451174,validation,beta
0.2,19,54,445425,1676,73,0.4010989010989011,0.2602739726027397,0.011209439528023599,0.9998787821648158,0.021493212669683254,0.9961312598675236,0.02118683045074634,validation,beta
0.21,12,44,445435,1683,56,0.3076923076923077,0.21428571428571427,0.007079646017699115,0.9999012299120722,0.013706453455168474,0.9961379686654412,0.013467267026533673,validation,beta
0.22,7,26,445453,1688,33,0.1813186813186813,0.21212121212121213,0.004129793510324484,0.9999416358571336,0.008101851851851851,0.9961670401230841,0.007958229076596594,validation,beta
0.23,5,16,445463,1690,21,0.11538461538461539,0.23809523809523808,0.0029498525073746312,0.9999640836043899,0.005827505827505827,0.9961849302508643,0.005735264148105509,validation,beta
0.24,3,8,445471,1692,11,0.06043956043956044,0.2727272727272727,0.0017699115044247787,0.999982041802195,0.003516998827667057,0.9961983478466995,0.0034682877277890053,validation,beta
0.25,3,5,445474,1692,8,0.04395604395604396,0.375,0.0017699115044247787,0.9999887761263718,0.003523194362889019,0.9962050566446171,0.0034877063932146264,validation,beta
0.26,1,3,445476,1694,4,0.02197802197802198,0.25,5.899705014749262e-4,0.9999932656758231,0.0011771630370806358,0.9962050566446171,0.001159335720327966,validation,beta
0.27,1,2,445477,1694,3,0.016483516483516484,0.3333333333333333,5.899705014749262e-4,0.9999955104505487,0.001177856301531213,0.9962072929105896,0.001164478008597521,validation,beta
0.28,1,2,445477,1694,3,0.016483516483516484,0.3333333333333333,5.899705014749262e-4,0.9999955104505487,0.001177856301531213,0.9962072929105896,0.001164478008597521,validation,beta
0.29,1,2,445477,1694,3,0.016483516483516484,0.3333333333333333,5.899705014749262e-4,0.9999955104505487,0.001177856301531213,0.9962072929105896,0.001164478008597521,validation,beta
0.3,1,1,445478,1694,2,0.01098901098901099,0.5,5.899705014749262e-4,0.9999977552252743,0.0011785503830288745,0.9962095291765621,0.0011696263113935151,validation,beta
0.31,1,1,445478,1694,2,0.01098901098901099,0.5,5.899705014749262e-4,0.9999977552252743,0.0011785503830288745,0.9962095291765621,0.0011696263113935151,validation,beta
0.32,1,1,445478,1694,2,0.01098901098901099,0.5,5.899705014749262e-4,0.9999977552252743,0.0011785503830288745,0.9962095291765621,0.0011696263113935151,validation,beta
0.33,1,1,445478,1694,2,0.01098901098901099,0.5,5.899705014749262e-4,0.9999977552252743,0.0011785503830288745,0.9962095291765621,0.0011696263113935151,validation,beta
0.34,1,0,445479,1694,1,0.005494505494505495,1,5.899705014749262e-4,1,0.0011792452830188679,0.9962117654425346,0.001174780639332723,validation,beta
0.35,1,0,445479,1694,1,0.005494505494505495,1,5.899705014749262e-4,1,0.0011792452830188679,0.9962117654425346,0.001174780639332723,validation,beta
0.36,1,0,445479,1694,1,0.005494505494505495,1,5.899705014749262e-4,1,0.0011792452830188679,0.9962117654425346,0.001174780639332723,validation,beta
0.37,0,0,445479,1695,0,0,NA,0,1,NA,0.9962095291765621,0,validation,beta
0.38,0,0,445479,1695,0,0,NA,0,1,NA,0.9962095291765621,0,validation,beta
0.39,0,0,445479,1695,0,0,NA,0,1,NA,0.9962095291765621,0,validation,beta
0.4,0,0,445479,1695,0,0,NA,0,1,NA,0.9962095291765621,0,validation,beta
0.41,0,0,445479,1695,0,0,NA,0,1,NA,0.9962095291765621,0,validation,beta
0.42,0,0,445479,1695,0,0,NA,0,1,NA,0.9962095291765621,0,validation,beta
0.43,0,0,445479,1695,0,0,NA,0,1,NA,0.9962095291765621,0,validation,beta
0.44,0,0,445479,1695,0,0,NA,0,1,NA,0.9962095291765621,0,validation,beta
0.45,0,0,445479,1695,0,0,NA,0,1,NA,0.9962095291765621,0,validation,beta
0.46,0,0,445479,1695,0,0,NA,0,1,NA,0.9962095291765621,0,validation,beta
0.47,0,0,445479,1695,0,0,NA,0,1,NA,0.9962095291765621,0,validation,beta
0.48,0,0,445479,1695,0,0,NA,0,1,NA,0.9962095291765621,0,validation,beta
0.49,0,0,445479,1695,0,0,NA,0,1,NA,0.9962095291765621,0,validation,beta
0.5,0,0,445479,1695,0,0,NA,0,1,NA,0.9962095291765621,0,validation,beta
0.51,0,0,445479,1695,0,0,NA,0,1,NA,0.9962095291765621,0,validation,beta
0.52,0,0,445479,1695,0,0,NA,0,1,NA,0.9962095291765621,0,validation,beta
0.53,0,0,445479,1695,0,0,NA,0,1,NA,0.9962095291765621,0,validation,beta
0.54,0,0,445479,1695,0,0,NA,0,1,NA,0.9962095291765621,0,validation,beta
0.55,0,0,445479,1695,0,0,NA,0,1,NA,0.9962095291765621,0,validation,beta
0.56,0,0,445479,1695,0,0,NA,0,1,NA,0.9962095291765621,0,validation,beta
0.57,0,0,445479,1695,0,0,NA,0,1,NA,0.9962095291765621,0,validation,beta
0.58,0,0,445479,1695,0,0,NA,0,1,NA,0.9962095291765621,0,validation,beta
0.59,0,0,445479,1695,0,0,NA,0,1,NA,0.9962095291765621,0,validation,beta
0.6,0,0,445479,1695,0,0,NA,0,1,NA,0.9962095291765621,0,validation,beta
0.61,0,0,445479,1695,0,0,NA,0,1,NA,0.9962095291765621,0,validation,beta
0.62,0,0,445479,1695,0,0,NA,0,1,NA,0.9962095291765621,0,validation,beta
0.63,0,0,445479,1695,0,0,NA,0,1,NA,0.9962095291765621,0,validation,beta
0.64,0,0,445479,1695,0,0,NA,0,1,NA,0.9962095291765621,0,validation,beta
0.65,0,0,445479,1695,0,0,NA,0,1,NA,0.9962095291765621,0,validation,beta
0.66,0,0,445479,1695,0,0,NA,0,1,NA,0.9962095291765621,0,validation,beta
0.67,0,0,445479,1695,0,0,NA,0,1,NA,0.9962095291765621,0,validation,beta
0.68,0,0,445479,1695,0,0,NA,0,1,NA,0.9962095291765621,0,validation,beta
0.69,0,0,445479,1695,0,0,NA,0,1,NA,0.9962095291765621,0,validation,beta
0.7,0,0,445479,1695,0,0,NA,0,1,NA,0.9962095291765621,0,validation,beta
0.71,0,0,445479,1695,0,0,NA,0,1,NA,0.9962095291765621,0,validation,beta
0.72,0,0,445479,1695,0,0,NA,0,1,NA,0.9962095291765621,0,validation,beta
0.73,0,0,445479,1695,0,0,NA,0,1,NA,0.9962095291765621,0,validation,beta
0.74,0,0,445479,1695,0,0,NA,0,1,NA,0.9962095291765621,0,validation,beta
0.75,0,0,445479,1695,0,0,NA,0,1,NA,0.9962095291765621,0,validation,beta
0.76,0,0,445479,1695,0,0,NA,0,1,NA,0.9962095291765621,0,validation,beta
0.77,0,0,445479,1695,0,0,NA,0,1,NA,0.9962095291765621,0,validation,beta
0.78,0,0,445479,1695,0,0,NA,0,1,NA,0.9962095291765621,0,validation,beta
0.79,0,0,445479,1695,0,0,NA,0,1,NA,0.9962095291765621,0,validation,beta
0.8,0,0,445479,1695,0,0,NA,0,1,NA,0.9962095291765621,0,validation,beta
0.81,0,0,445479,1695,0,0,NA,0,1,NA,0.9962095291765621,0,validation,beta
0.82,0,0,445479,1695,0,0,NA,0,1,NA,0.9962095291765621,0,validation,beta
0.83,0,0,445479,1695,0,0,NA,0,1,NA,0.9962095291765621,0,validation,beta
0.84,0,0,445479,1695,0,0,NA,0,1,NA,0.9962095291765621,0,validation,beta
0.85,0,0,445479,1695,0,0,NA,0,1,NA,0.9962095291765621,0,validation,beta
0.86,0,0,445479,1695,0,0,NA,0,1,NA,0.9962095291765621,0,validation,beta
0.87,0,0,445479,1695,0,0,NA,0,1,NA,0.9962095291765621,0,validation,beta
0.88,0,0,445479,1695,0,0,NA,0,1,NA,0.9962095291765621,0,validation,beta
0.89,0,0,445479,1695,0,0,NA,0,1,NA,0.9962095291765621,0,validation,beta
0.9,0,0,445479,1695,0,0,NA,0,1,NA,0.9962095291765621,0,validation,beta
0.905,0,0,445479,1695,0,0,NA,0,1,NA,0.9962095291765621,0,validation,beta
0.91,0,0,445479,1695,0,0,NA,0,1,NA,0.9962095291765621,0,validation,beta
0.915,0,0,445479,1695,0,0,NA,0,1,NA,0.9962095291765621,0,validation,beta
0.92,0,0,445479,1695,0,0,NA,0,1,NA,0.9962095291765621,0,validation,beta
0.925,0,0,445479,1695,0,0,NA,0,1,NA,0.9962095291765621,0,validation,beta
0.93,0,0,445479,1695,0,0,NA,0,1,NA,0.9962095291765621,0,validation,beta
0.935,0,0,445479,1695,0,0,NA,0,1,NA,0.9962095291765621,0,validation,beta
0.94,0,0,445479,1695,0,0,NA,0,1,NA,0.9962095291765621,0,validation,beta
0.945,0,0,445479,1695,0,0,NA,0,1,NA,0.9962095291765621,0,validation,beta
0.95,0,0,445479,1695,0,0,NA,0,1,NA,0.9962095291765621,0,validation,beta
0.955,0,0,445479,1695,0,0,NA,0,1,NA,0.9962095291765621,0,validation,beta
0.96,0,0,445479,1695,0,0,NA,0,1,NA,0.9962095291765621,0,validation,beta
0.965,0,0,445479,1695,0,0,NA,0,1,NA,0.9962095291765621,0,validation,beta
0.97,0,0,445479,1695,0,0,NA,0,1,NA,0.9962095291765621,0,validation,beta
0.975,0,0,445479,1695,0,0,NA,0,1,NA,0.9962095291765621,0,validation,beta
0.98,0,0,445479,1695,0,0,NA,0,1,NA,0.9962095291765621,0,validation,beta
0.985,0,0,445479,1695,0,0,NA,0,1,NA,0.9962095291765621,0,validation,beta
0.99,0,0,445479,1695,0,0,NA,0,1,NA,0.9962095291765621,0,validation,beta
0.991,0,0,445479,1695,0,0,NA,0,1,NA,0.9962095291765621,0,validation,beta
0.992,0,0,445479,1695,0,0,NA,0,1,NA,0.9962095291765621,0,validation,beta
0.993,0,0,445479,1695,0,0,NA,0,1,NA,0.9962095291765621,0,validation,beta
0.994,0,0,445479,1695,0,0,NA,0,1,NA,0.9962095291765621,0,validation,beta
0.995,0,0,445479,1695,0,0,NA,0,1,NA,0.9962095291765621,0,validation,beta
0.996,0,0,445479,1695,0,0,NA,0,1,NA,0.9962095291765621,0,validation,beta
0.997,0,0,445479,1695,0,0,NA,0,1,NA,0.9962095291765621,0,validation,beta
0.998,0,0,445479,1695,0,0,NA,0,1,NA,0.9962095291765621,0,validation,beta
0.999,0,0,445479,1695,0,0,NA,0,1,NA,0.9962095291765621,0,validation,beta
1e-4,5345,984547,344254,5,989892,1823.0055248618785,0.005399578943965604,0.9990654205607477,0.2590711475984741,0.010741106183219759,0.2620385548562344,0.0027863638029274923,test,beta
2e-4,5325,827590,501211,25,832915,1533.913443830571,0.006393209391114339,0.9953271028037384,0.3771904145165454,0.012704812917156267,0.37966916788279587,0.004773960430533179,test,beta
3e-4,5309,732954,595847,41,738263,1359.6003683241252,0.007191204218550842,0.9923364485981309,0.44840950601331575,0.014278932724414448,0.45059067526839164,0.0063672508127755635,test,beta
4e-4,5296,666684,662117,54,671980,1237.5322283609576,0.007881186940087503,0.9899065420560748,0.4982815335027593,0.015637872233623194,0.5002529698662296,0.007742745418499821,test,beta
5e-4,5274,616918,711883,76,622192,1145.841620626151,0.00847648314346697,0.9857943925233645,0.5357333415613023,0.016808436726147413,0.5375381047572576,0.008927719467709396,test,beta
6e-4,5260,578273,750528,90,583533,1074.646408839779,0.009014057474041742,0.983177570093458,0.5648159506201456,0.017864329586692096,0.5664935978011485,0.009996555131487993,test,beta
7e-4,5232,546880,781921,118,552112,1016.780847145488,0.009476338134291593,0.9779439252336448,0.5884410080967729,0.018770786170178414,0.5900029307027466,0.010914367794639803,test,beta
8e-4,5207,521068,807733,143,526275,969.1988950276243,0.009894066790176239,0.9732710280373832,0.6078660386318192,0.01958899600282154,0.6093313275633717,0.011742855178709872,test,beta
9e-4,5191,499103,829698,159,504294,928.7182320441989,0.010293598575434172,0.9702803738317757,0.6243959780283127,0.020371082559590616,0.6257829885822519,0.012534665608809373,test,beta
0.001,5170,479872,848929,180,485042,893.2633517495395,0.01065887077820065,0.9663551401869159,0.6388684234885434,0.021085172678183987,0.6401816585978649,0.013257755472918123,test,beta
0.0011,5142,462874,865927,208,468016,861.9079189686925,0.010986803869953163,0.9611214953271028,0.6516604066372617,0.021725261214366895,0.6529013582420581,0.01390609027519763,test,beta
0.0012,5116,447514,881287,234,452630,833.572744014733,0.011302830126151603,0.9562616822429907,0.663219699563742,0.022341586968863267,0.6643948098828394,0.014530367139219832,test,beta
0.0013,5090,433863,894938,260,438953,808.3848987108655,0.01159577449066301,0.9514018691588785,0.6734928706405248,0.02291229183687709,0.6746072970750687,0.015108494918186012,test,beta
0.0014,5074,421674,907127,276,426748,785.9079189686925,0.01188992098381246,0.9484112149532711,0.6826658017265189,0.023485413031303085,0.6837314516872528,0.015688899938271213,test,beta
0.0015,5056,410111,918690,294,415167,764.5801104972376,0.012178231892226502,0.9450467289719626,0.6913676314211082,0.024046590268645498,0.6923848949631638,0.016257269366270477,test,beta
0.0016,5039,399326,929475,311,404365,744.6869244935543,0.012461513731406032,0.9418691588785046,0.6994839708880412,0.0245975861269419,0.7004559453914887,0.01681532884836749,test,beta
0.0017,5016,389449,939352,334,394465,726.4548802946593,0.012715957055759066,0.937570093457944,0.7069169875699973,0.0250916048672511,0.7078419159450468,0.01731585769557254,test,beta
0.0018,5002,380154,948647,348,385156,709.3112338858195,0.012986945549335854,0.9349532710280374,0.713912015418411,0.025618044281009767,0.7147983998812728,0.017849028585899762,test,beta
0.0019,4988,371523,957278,362,376511,693.390423572744,0.013247952915054274,0.9323364485981308,0.7204073446663571,0.026124689350313333,0.7212571890288281,0.018362174577610867,test,beta
0.002,4973,363397,965404,377,368370,678.3977900552486,0.013500013573309445,0.9295327102803739,0.7265226320570198,0.026613507438724184,0.7273367107621251,0.018857309599681744,test,beta
0.0021,4965,355794,973007,385,360759,664.3812154696133,0.013762650412047932,0.9280373831775701,0.7322443315440009,0.02712306990541068,0.7330294696777201,0.01937329161149179,test,beta
0.0022,4953,348652,980149,397,353605,651.2062615101289,0.014007154876203673,0.9257943925233645,0.737619101731561,0.027596773968881893,0.7383736923331767,0.019853076764124514,test,beta
0.0023,4929,341732,987069,421,346661,638.4180478821363,0.01421850164858464,0.9213084112149532,0.7428268040135431,0.028004806667973444,0.7435425225480474,0.02026668743701559,test,beta
0.0024,4916,335216,993585,434,340132,626.3941068139964,0.014453212282290405,0.9188785046728972,0.7477304728096984,0.028458790906617425,0.7484167834075753,0.02072655963840628,test,beta
0.0025,4899,329137,999664,451,334036,615.1675874769797,0.014666083895149026,0.9157009345794392,0.7523052737016303,0.028869782489554668,0.7529604969752299,0.021143023191822062,test,beta
0.0026,4885,323167,1005634,465,328052,604.147329650092,0.014890931925426457,0.9130841121495327,0.7567980457570396,0.02930396338354299,0.7574247592663799,0.02158289646285266,test,beta
0.0027,4869,317425,1011376,481,322294,593.5432780847145,0.01510732436843379,0.9100934579439253,0.7611192345580715,0.029721282855782495,0.7617166272783216,0.022005764876454673,test,beta
0.0028,4855,311995,1016806,495,316850,583.5174953959485,0.015322707905949187,0.9074766355140187,0.7652056252215343,0.030136561142147737,0.7657761377835043,0.022426525675834547,test,beta
0.0029,4837,306883,1021918,513,311720,574.0699815837937,0.015517130758372898,0.9041121495327102,0.7690527023986286,0.030510612798435675,0.7695942962977954,0.02280567310985115,test,beta
0.003,4822,301853,1026948,528,306675,564.7790055248619,0.015723485774843074,0.9013084112149533,0.7728380698087975,0.030907779825334505,0.7733532411248801,0.023208150805355012,test,beta
0.0031,4803,297080,1031721,547,301883,555.9539594843462,0.015910137371100724,0.8977570093457944,0.7764300297787253,0.03126617257911748,0.7769165559220808,0.023571501969248277,test,beta
0.0032,4792,292471,1036330,558,297263,547.4456721915285,0.016120405163104725,0.8957009345794392,0.7798985702148027,0.0316708138777911,0.7803629424255575,0.023981454895234348,test,beta
0.0033,4780,288026,1040775,570,292806,539.2375690607735,0.01632480208738892,0.8934579439252337,0.7832436911170295,0.032063751861441656,0.783685654772211,0.024379597440229727,test,beta
0.0034,4755,283637,1045164,595,288392,531.1086556169429,0.01648797470110128,0.888785046728972,0.7865466687637953,0.032375349796760426,0.7869566488351019,0.024695794892561605,test,beta
0.0035,4736,279384,1049417,614,284120,523.2412523020258,0.016669013093059272,0.885233644859813,0.7897472985044413,0.03272187100563098,0.7901302026532229,0.02504718468236801,test,beta
0.0036,4724,275340,1053461,626,280064,515.7716390423573,0.016867573126142597,0.8829906542056075,0.7927906435952411,0.03310279103337608,0.7931523493217785,0.025433196215342603,test,beta
0.0037,4712,271330,1057471,638,276042,508.3646408839779,0.017069866179784236,0.8807476635514019,0.7958084017095111,0.03349064650025587,0.7961490116186248,0.025826238086785757,test,beta
0.0038,4697,267385,1061416,653,272082,501.0718232044199,0.017263178012510934,0.8779439252336448,0.7987772435451207,0.03386054961215721,0.7990947051720533,0.026201210810591343,test,beta
0.0039,4682,263611,1065190,668,268293,494.0939226519337,0.017451070285098753,0.8751401869158878,0.8016173979399474,0.03421976809200308,0.801912227326592,0.026565378222577044,test,beta
0.004,4666,260007,1068794,684,264673,487.42725598526704,0.017629301062065266,0.8721495327102804,0.8043296174521242,0.03456001896134774,0.8046015780822411,0.0269103875413634,test,beta
0.0041,4655,256368,1072433,695,261023,480.70534069981585,0.017833677492021777,0.8700934579439252,0.8070681764989641,0.03495098977749246,0.8073209104516655,0.02730659090739263,test,beta
0.0042,4638,252930,1075871,712,257568,474.3425414364641,0.018006895266492733,0.8669158878504672,0.809655471361024,0.03528096212507322,0.8098850879698025,0.027641251596717584,test,beta
0.0043,4621,249551,1079250,729,254172,468.08839779005524,0.018180602111955685,0.8637383177570094,0.812198365293223,0.035611624448023675,0.8124050426076209,0.027976624692856823,test,beta
0.0044,4602,246202,1082599,748,250804,461.88581952117863,0.01834898964928789,0.8601869158878505,0.814718682481425,0.03593150995104507,0.814901011954419,0.028301171757990736,test,beta
0.0045,4593,242997,1085804,757,247590,455.96685082872926,0.01855083000121168,0.8585046728971962,0.8171306312984412,0.0363169131019214,0.8172965428950696,0.02869170899561941,test,beta
0.0046,4575,239810,1088991,775,244385,450.0644567219153,0.018720461566790105,0.8551401869158879,0.8195290340690593,0.03663883716739744,0.8196718362464219,0.0290183108845631,test,beta
0.0047,4565,236708,1092093,785,241273,444.3333333333333,0.018920475975347427,0.8532710280373832,0.8218634693983523,0.03702006706592654,0.8219894149912567,0.029404677341446746,test,beta
0.0048,4551,233698,1095103,799,238249,438.76427255985266,0.019101864016218325,0.8506542056074766,0.8241286693793879,0.0373646854051125,0.8242350378630305,0.029754133042843616,test,beta
0.0049,4537,230707,1098094,813,235244,433.23020257826886,0.019286357994252774,0.84803738317757,0.826379570755892,0.0377149887362112,0.826466419468261,0.030109356456121252,test,beta
0.005,4512,227851,1100950,838,232363,427.9244935543278,0.019417893554481567,0.8433644859813084,0.8285288767844095,0.03796174378346998,0.8285883681832117,0.030360174144806153,test,beta
0.0051,4501,224955,1103846,849,229456,422.57090239410684,0.019615961230039745,0.8413084112149533,0.8307082851382562,0.03833803224789826,0.830750792076759,0.030741618959649462,test,beta
0.0052,4494,222210,1106591,856,226704,417.50276243093924,0.019823205589667586,0.84,0.8327740572139847,0.03873236401871978,0.8328030335396818,0.0311411818756142,test,beta
0.0053,4485,219508,1109293,865,223993,412.51012891344385,0.02002294714566973,0.8383177570093457,0.834807469289984,0.03911172348839946,0.8348215456871074,0.03152567066339657,test,beta
0.0054,4477,216824,1111977,873,221301,407.5524861878453,0.020230364978016366,0.8368224299065421,0.8368273353195851,0.039505671715545046,0.8368273156486784,0.031924897193381034,test,beta
0.0055,4467,214075,1114726,883,218542,402.4714548802947,0.020440006955184817,0.8349532710280374,0.8388961176278464,0.03990316759866364,0.8388803066519457,0.03232780560054763,test,beta
0.0056,4454,211453,1117348,896,215907,397.61878453038673,0.020629252409602283,0.8325233644859813,0.840869325053187,0.04026087310231993,0.8408358574104431,0.03269055860880289,test,beta
0.0057,4441,208925,1119876,909,213366,392.939226519337,0.020814000356195458,0.8300934579439252,0.8427717920140037,0.0406097404853783,0.8427209513765683,0.033044373546086366,test,beta
0.0058,4433,206462,1122339,917,210895,388.3885819521179,0.02101993883212025,0.8285981308411215,0.84462534269616,0.040999791902702955,0.8445610729220305,0.033439684582816924,test,beta
0.0059,4424,204133,1124668,926,208557,384.0828729281768,0.021212426339082362,0.8269158878504673,0.8463780505884628,0.04136377023659815,0.846300006521001,0.033808644204569104,test,beta
0.006,4412,201831,1126970,938,206243,379.82136279926334,0.021392241191216188,0.8246728971962617,0.8481104394111684,0.0417027028304339,0.8480164539096399,0.03415238340735194,test,beta
0.0061,4397,199470,1129331,953,203867,375.44567219152856,0.02156798304777134,0.8218691588785046,0.8498872291637348,0.04203291319539043,0.8497748755575644,0.03448743649025394,test,beta
0.0062,4384,197200,1131601,966,201584,371.24125230202577,0.021747757758552266,0.8194392523364487,0.8515955361261769,0.04237099751611625,0.8514665881148386,0.034830384752456464,test,beta
0.0063,4371,194978,1133823,979,199349,367.1252302025783,0.021926370335441862,0.8170093457943925,0.8532677202982237,0.042706608239414946,0.8531223227355824,0.03517083966248991,test,beta
0.0064,4355,192846,1135955,995,197201,363.16942909760587,0.02208406651081891,0.814018691588785,0.8548721742382794,0.04300151566765901,0.8547083501042986,0.03547022950339604,test,beta
0.0065,4343,190695,1138106,1007,195038,359.18600368324127,0.02226745557276018,0.8117757009345794,0.8564909267828666,0.043345908936662875,0.8563116169009355,0.035819555050779925,test,beta
0.0066,4337,188586,1140215,1013,192923,355.29097605893185,0.02248047148344158,0.8106542056074766,0.858078071885858,0.0437477619242156,0.8578879002451747,0.03622678820056398,test,beta
0.0067,4321,186523,1142278,1029,190844,351.4622467771639,0.022641529207101087,0.8076635514018692,0.8596305993147205,0.04404823796854134,0.8594222093301283,0.03653185428566473,test,beta
0.0068,4308,184438,1144363,1042,188746,347.5985267034991,0.02282432475390207,0.8052336448598131,0.8611996830225143,0.04439040474816586,0.8609752569236916,0.03687900608590215,test,beta
0.0069,4294,182360,1146441,1056,186654,343.74585635359114,0.023005132491133326,0.8026168224299065,0.8627634988233753,0.04472823482844107,0.8625223081944997,0.03722182880898606,test,beta
0.007,4282,180394,1148407,1068,184676,340.10313075506446,0.023186553748186012,0.800373831775701,0.8642430281133142,0.045067517076610566,0.8639869100274257,0.037566033441112534,test,beta
0.0071,4271,178331,1150470,1079,182602,336.28360957642724,0.023389667144938172,0.7983177570093458,0.8657955555421768,0.04544777389971908,0.8655249668141013,0.037951693262645324,test,beta
0.0072,4256,176405,1152396,1094,180661,332.70902394106815,0.023557934473959517,0.7955140186915888,0.8672449825067862,0.045760734580213,0.8669573384122187,0.038269420613246785,test,beta
0.0073,4240,174498,1154303,1110,178738,329.16758747697975,0.02372187223757679,0.7925233644859813,0.8686801108668641,0.04606492547042719,0.8683747192034484,0.03857833441634659,test,beta
0.0074,4229,172696,1156105,1121,176925,325.82872928176795,0.02390278366539494,0.7904672897196262,0.8700362206229526,0.04640241393498834,0.8697171459602399,0.0389207171272164,test,beta
0.0075,4215,170841,1157960,1135,175056,322.3867403314917,0.024078009322731013,0.7878504672897196,0.8714322159601023,0.04672793587796415,0.8710970497342505,0.039251154426975625,test,beta
0.0076,4205,168990,1159811,1145,173195,318.95948434622466,0.024278991887756576,0.7859813084112149,0.8728252010647193,0.04710297123974348,0.872476953508261,0.03963153074386417,test,beta
0.0077,4186,167140,1161661,1164,171326,315.51749539594846,0.024432952383175933,0.782429906542056,0.8742174336112029,0.047386175824673415,0.8738493618788278,0.03991941576212465,test,beta
0.0078,4169,165410,1163391,1181,169579,312.30018416206264,0.024584411984974554,0.7792523364485981,0.8755193591816984,0.04766505267851528,0.8751333244887572,0.04020282465664403,test,beta
0.0079,4163,163686,1165115,1187,167849,309.11418047882137,0.02480205422731145,0.7781308411214953,0.8768167694033945,0.04807187108470603,0.8764210348004087,0.04061519971712198,test,beta
0.008,4150,161983,1166818,1200,166133,305.9539594843462,0.024979985914899507,0.7757009345794392,0.8780983759042926,0.04840129925415347,0.8776877579824173,0.04094960452024678,test,beta
0.0081,4143,160264,1168537,1207,164407,302.77532228360957,0.02519965694891337,0.7743925233644859,0.8793920233353226,0.048810947413066914,0.8789709710520024,0.041364918422986334,test,beta
0.0082,4133,158616,1170185,1217,162749,299.7219152854512,0.02539493330220155,0.7725233644859814,0.8806322391388929,0.049173403768017654,0.8801987181361031,0.04173261980517746,test,beta
0.0083,4122,156982,1171819,1228,161104,296.69244935543276,0.025585956897407884,0.7704672897196262,0.8818619191285979,0.04952719670299302,0.881415222115038,0.04209161665798005,test,beta
0.0084,4109,155421,1173380,1241,159530,293.7937384898711,0.02575691092584467,0.7680373831775701,0.8830366623745768,0.04984230955846677,0.8825755105681441,0.042411569513035347,test,beta
0.0085,4090,153865,1174936,1260,157955,290.89318600368324,0.025893450666329018,0.7644859813084112,0.8842076428298895,0.05009032179051468,0.883727554077462,0.04266394288221051,test,beta
0.0086,4082,152352,1176449,1268,156434,288.09208103130754,0.026094071621258805,0.7629906542056075,0.8853462632854732,0.050462344854868224,0.8848556122957596,0.04304125674776862,test,beta
0.0087,4066,150863,1177938,1284,154929,285.3204419889503,0.026244279637769558,0.76,0.8864668223458592,0.05073652817898789,0.8859596852230369,0.0433199840136962,test,beta
0.0088,4054,149341,1179460,1296,153395,282.49539594843463,0.026428501580885947,0.7577570093457944,0.8876122158246419,0.051075624429115875,0.8870914911430565,0.04366422288756859,test,beta
0.0089,4034,147848,1180953,1316,151882,279.70902394106815,0.026560092703546173,0.7540186915887851,0.8887357851175609,0.05131270988094026,0.8881955640703338,0.04390566621953036,test,beta
0.009,4024,146447,1182354,1326,150471,277.11049723756906,0.026742694605605067,0.7521495327102804,0.8897901190622223,0.05164900751503328,0.8892381746893717,0.04424696977083945,test,beta
0.0091,4012,144908,1183893,1338,148920,274.25414364640886,0.026940639269406392,0.7499065420560748,0.89094830602927,0.05201270499773125,0.8903827227952458,0.04461617155093033,test,beta
0.0092,3993,143516,1185285,1357,147509,271.6556169429098,0.027069534740253136,0.7463551401869158,0.8919958669507323,0.0522442250701627,0.8914118416880847,0.04485196936885678,test,beta
0.0093,3981,142086,1186715,1369,146067,269,0.027254616032368707,0.7441121495327103,0.8930720250812575,0.052583263438055174,0.892474689896421,0.04519622444410697,test,beta
0.0094,3956,140697,1188104,1394,144653,266.3959484346225,0.027348205706069006,0.7394392523364486,0.89411732832832,0.05274561175443158,0.8934970629261605,0.045362408512039216,test,beta
0.0095,3945,139321,1189480,1405,143266,263.84162062615104,0.027536191420155516,0.7373831775700934,0.8951528483196506,0.05308984227808581,0.8945201854962445,0.045711889486637174,test,beta
0.0096,3936,137879,1190922,1414,141815,261.16942909760587,0.027754468850262667,0.7357009345794393,0.8962380371477746,0.05349097951279177,0.8955942768097465,0.04611888872177228,test,beta
0.0097,3924,136538,1192263,1426,140462,258.6777163904236,0.02793638137005026,0.7334579439252337,0.8972472176044419,0.05382273063945354,0.8965904159274325,0.04645582358162921,test,beta
0.0098,3915,135253,1193548,1435,139168,256.29465930018415,0.028131467003908943,0.7317757009345794,0.8982142548056481,0.054180102132606316,0.8975468294068663,0.04681850857804954,test,beta
0.0099,3904,133996,1194805,1446,137900,253.95948434622468,0.028310369833212473,0.7297196261682243,0.8991602203791237,0.05450610820244329,0.8984807566759685,0.04714957568717958,test,beta
0.01,3886,132747,1196054,1464,136633,251.62615101289134,0.028441152576610337,0.7263551401869159,0.9001001654875335,0.05473894762048978,0.899403440839905,0.04738679276578256,test,beta
0.011,3777,121144,1207657,1573,124921,230.05709023941068,0.030235108588628015,0.705981308411215,0.9088320975074522,0.05798681210706911,0.9080186575582524,0.05068591172224436,test,beta
0.012,3660,110700,1218101,1690,114360,210.60773480662982,0.032004197271773345,0.6841121495327103,0.9166918146509523,0.06114777378665106,0.915759160694704,0.05389907632551658,test,beta
0.013,3566,101688,1227113,1784,105254,193.8379373848987,0.03387994755543732,0.6665420560747664,0.9234738685476607,0.06448229720444107,0.9224435614859188,0.057287378533420585,test,beta
0.014,3447,93708,1235093,1903,97155,178.92265193370164,0.035479388605836035,0.6442990654205607,0.9294792824508711,0.06725525584117847,0.9283356981331199,0.0601106938955161,test,beta
0.015,3355,86566,1242235,1995,89921,165.60036832412524,0.03731052813024766,0.6271028037383177,0.9348540526384311,0.07043066620482623,0.9336199575610257,0.06334042560732382,test,beta
0.016,3268,80255,1248546,2082,83523,153.81767955801104,0.03912694706847216,0.6108411214953271,0.9396034470172735,0.07354314583731841,0.9382850966644705,0.06650714252045255,test,beta
0.017,3197,74648,1254153,2153,77845,143.3609576427256,0.041068790545314406,0.5975700934579439,0.9438230404703187,0.07685558026323697,0.9424345520109793,0.06987561406720114,test,beta
0.018,3117,69804,1258997,2233,72921,134.292817679558,0.0427448883037808,0.5826168224299065,0.9474684320677061,0.07964635688824724,0.9460053622116237,0.07271780545072533,test,beta
0.019,3028,65367,1263434,2322,68395,125.95764272559853,0.044272242122962206,0.565981308411215,0.9508075325048672,0.08212082175062717,0.9492643636290045,0.07524224563723289,test,beta
0.02,2947,61323,1267478,2403,64270,118.3609576427256,0.04585343083864945,0.5508411214953272,0.9538508775956671,0.08465958058029302,0.9522347920137976,0.07783205882526253,test,beta
0.021,2874,57566,1271235,2476,60440,111.30755064456721,0.04755129053606883,0.537196261682243,0.9566782385022287,0.08736890104879161,0.9549960986425075,0.08059482127782225,test,beta
0.022,2800,54301,1274500,2550,57101,105.15837937384899,0.04903591881052871,0.5233644859813084,0.9591353408072391,0.08967030151638886,0.9573878818814362,0.08294551896141523,test,beta
0.023,2747,51246,1277555,2603,53993,99.43462246777163,0.050876965532569034,0.5134579439252337,0.9614344059042701,0.09258042229075038,0.9596380019952764,0.08591027259048933,test,beta
0.024,2684,48412,1280389,2666,51096,94.09944751381215,0.05252857366525755,0.5016822429906542,0.9635671556538564,0.09509974134571095,0.9617149782895639,0.088482184438488,test,beta
0.025,2621,45905,1282896,2729,48526,89.36648250460405,0.05401228207558834,0.48990654205607476,0.965453818893875,0.09729749795827454,0.9635468548912379,0.09072922528419522,test,beta
0.026,2571,43527,1285274,2779,46098,84.89502762430939,0.05577248470649486,0.4805607476635514,0.9672434021347064,0.09994557611568963,0.9652917848129634,0.09343089302408757,test,beta
0.027,2528,41390,1287411,2822,43918,80.88029465930019,0.05756181975499795,0.4725233644859813,0.9688516188654283,0.102622391816189,0.9668613222941032,0.09616067911974378,test,beta
0.028,2467,39447,1289354,2883,41914,77.18968692449356,0.05885861525981772,0.4611214953271028,0.9703138393183027,0.10439234935680433,0.9682719572222335,0.09797692967267972,test,beta
0.029,2410,37555,1291246,2940,39965,73.60036832412523,0.06030276491930439,0.4504672897196262,0.9717376793063822,0.10636654529405275,0.9696473637541777,0.10000065990134997,test,beta
0.03,2352,35874,1292927,2998,38226,70.39779005524862,0.0615288023858107,0.43962616822429906,0.9730027295283492,0.10794932990637049,0.9708638677331126,0.10162890823735064,test,beta
0.031,2307,34287,1294514,3043,36594,67.39226519337016,0.06304312182324971,0.43121495327102805,0.9741970392857923,0.11000381460995612,0.9720196589441525,0.10373253067140083,test,beta
0.032,2250,32750,1296051,3100,35000,64.45672191528546,0.06428571428571428,0.4205607476635514,0.9753537211365735,0.11152416356877323,0.9731289786538405,0.10530000379537333,test,beta
0.033,2213,31233,1297568,3137,33446,61.59484346224678,0.06616635771093703,0.41364485981308413,0.97649535182469,0.11408392617795647,0.9742382983635286,0.10791596268289566,test,beta
0.034,2173,29889,1298912,3177,32062,59.04604051565378,0.06777493606138107,0.4061682242990654,0.9775067899557571,0.1161659360632952,0.9752156989726051,0.11004913288596757,test,beta
0.035,2130,28643,1300158,3220,30773,56.67219152854512,0.06921652097618042,0.3981308411214953,0.9784444773897671,0.11793040445145753,0.9761173960068987,0.11186241148984409,test,beta
0.036,2088,27478,1301323,3262,29566,54.44935543278085,0.07062166001488196,0.3902803738317757,0.9793212076149852,0.11960132890365449,0.9769591298136417,0.11358147846697512,test,beta
0.037,2042,26387,1302414,3308,28429,52.355432780847146,0.07182806289352422,0.38168224299065423,0.980142248538344,0.12090351993842328,0.9777423994735228,0.11492943373759994,test,beta
0.038,1993,25378,1303423,3357,27371,50.40699815837937,0.07281429249936064,0.37252336448598133,0.9809015796947774,0.1218177928547416,0.9784619582041313,0.1158864787862289,test,beta
0.039,1949,24337,1304464,3401,26286,48.408839779005525,0.0741459331963783,0.36429906542056073,0.9816849927114745,0.12321405993172335,0.9792092499274819,0.11733214091109766,test,beta
0.04,1923,23355,1305446,3427,25278,46.552486187845304,0.07607405649181107,0.3594392523364486,0.9824240047983107,0.12557137260023507,0.9799258104967129,0.11974482296242848,test,beta
0.041,1888,22452,1306349,3462,24340,44.82504604051565,0.07756778964667214,0.35289719626168226,0.9831035647926213,0.12718086897945435,0.980576411515638,0.12140418916944544,test,beta
0.042,1860,21555,1307246,3490,23415,43.12154696132597,0.07943625880845612,0.34766355140186916,0.9837786094381326,0.12932383104467235,0.9812277620749076,0.12360233254513552,test,beta
0.043,1824,20747,1308054,3526,22571,41.56721915285451,0.0808116609809047,0.3409345794392523,0.9843866764097859,0.130654346191039,0.9818064072207718,0.12498130475328793,test,beta
0.044,1795,19965,1308836,3555,21760,40.07366482504604,0.08249080882352941,0.3355140186915888,0.9849751768699753,0.13242345997786795,0.9823708111000928,0.12680236770503506,test,beta
0.045,1762,19174,1309627,3588,20936,38.55616942909761,0.08416125334352312,0.32934579439252337,0.9855704503533637,0.1340637601765198,0.9829389626811358,0.12849681458808007,test,beta
0.046,1722,18458,1310343,3628,20180,37.16390423572744,0.08533201189296333,0.32186915887850465,0.9861092819767595,0.13490011750881314,0.9834456519539393,0.12938090230594415,test,beta
0.047,1684,17795,1311006,3666,19479,35.87292817679558,0.08645207659530776,0.3147663551401869,0.9866082280190939,0.13564783116516976,0.9839141146691791,0.13017492320130455,test,beta
0.048,1656,17174,1311627,3694,18830,34.67771639042357,0.08794476898566118,0.3095327102803738,0.9870755666198324,0.1369727047146402,0.9843585920933987,0.1315487222905914,test,beta
0.049,1634,16579,1312222,3716,18213,33.5414364640884,0.08971613682534453,0.30542056074766355,0.9875233387091069,0.13869201714552476,0.9847880787107306,0.13331936417967008,test,beta
0.05,1603,16001,1312800,3747,17604,32.41988950276243,0.09105885026130425,0.29962616822429905,0.9879583173101164,0.13967064563910428,0.9851980772791086,0.13434618005746402,test,beta
0.051,1575,15442,1313359,3775,17017,31.338858195211785,0.0925545043192102,0.29439252336448596,0.9883789973065944,0.1408324764161488,0.9855960832019763,0.13555787099248728,test,beta
0.052,1543,14900,1313901,3807,16443,30.281767955801104,0.0938393237243812,0.28841121495327104,0.9887868838148075,0.14160510255586656,0.9859783487776121,0.13637914412019866,test,beta
0.053,1518,14384,1314417,3832,15902,29.28545119705341,0.09545969060495535,0.28373831775700936,0.9891752038115564,0.14285714285714285,0.9863463730867046,0.13768228959713133,test,beta
0.054,1493,13846,1314955,3857,15339,28.248618784530386,0.09733359410652585,0.2790654205607477,0.9895800800872365,0.14432790371695103,0.9867308872833734,0.139209508694658,test,beta
0.055,1460,13372,1315429,3890,14832,27.314917127071823,0.09843581445523193,0.27289719626168224,0.9899367926423897,0.14468338123079974,0.9870614345752468,0.1396122068266276,test,beta
0.056,1438,12911,1315890,3912,14349,26.425414364640883,0.10021604292982089,0.26878504672897197,0.9902837219418107,0.1459972587440987,0.9873904827864313,0.14097891889599756,test,beta
0.057,1414,12461,1316340,3936,13875,25.552486187845304,0.1019099099099099,0.26429906542056075,0.9906223731017662,0.1471001300390117,0.9877097869731387,0.14213461180647105,test,beta
0.058,1393,12056,1316745,3957,13449,24.76795580110497,0.10357647408729273,0.26037383177570095,0.9909271591457262,0.1481993723070376,0.9879976104653821,0.14328383497457844,test,beta
0.059,1364,11637,1317164,3986,13001,23.94290976058932,0.10491500653795861,0.2549532710280374,0.9912424810035513,0.14865674895101083,0.9882899311996918,0.14379183481158095,test,beta
0.06,1343,11300,1317501,4007,12643,23.283609576427256,0.10622478842046983,0.2510280373831776,0.9914960930944513,0.14928027566275773,0.9885267859485171,0.14445895296370667,test,beta
0.061,1324,10933,1317868,4026,12257,22.572744014732965,0.10801990699192299,0.2474766355140187,0.9917722819293483,0.15039472936900097,0.9887876259883627,0.14562464206944736,test,beta
0.062,1298,10595,1318206,4052,11893,21.902394106813997,0.10913983015219036,0.24261682242990654,0.9920266465783816,0.15055384793829382,0.9890214825758104,0.1458288428034066,test,beta
0.063,1275,10269,1318532,4075,11544,21.259668508287294,0.11044698544698545,0.2383177570093458,0.992271980529816,0.15094116254291465,0.9892485933001587,0.14626244306650663,test,beta
0.064,1265,9968,1318833,4085,11233,20.68692449355433,0.11261461764444049,0.23644859813084113,0.9924985005279195,0.15256588072122054,0.9894667095403744,0.14793692319548474,test,beta
0.065,1248,9682,1319119,4102,10930,20.12891344383057,0.11418115279048491,0.23327102803738317,0.9927137321540246,0.1533169533169533,0.9896683358930136,0.14873331660209907,test,beta
0.066,1224,9408,1319393,4126,10632,19.58011049723757,0.11512415349887133,0.22878504672897196,0.9929199330825308,0.15317231885871604,0.9898557209791096,0.14862996468270728,test,beta
0.067,1203,9128,1319673,4147,10331,19.025782688766114,0.11644564901752008,0.22485981308411215,0.9931306493598364,0.1534340922135068,0.990049851928305,0.14893723613950335,test,beta
0.068,1188,8880,1319921,4162,10068,18.5414364640884,0.11799761620977355,0.22205607476635514,0.9933172837768786,0.15410559086781683,0.9902244948285464,0.1496522027276438,test,beta
0.069,1168,8644,1320157,4182,9812,18.069981583793737,0.11903791275988586,0.2183177570093458,0.9934948874963219,0.1540693839862815,0.9903863955429333,0.14965597164582162,test,beta
0.07,1148,8432,1320369,4202,9580,17.642725598526702,0.1198329853862213,0.21457943925233644,0.9936544298205676,0.1537843268586738,0.990530307289055,0.14940702714821605,test,beta
0.071,1127,8204,1320597,4223,9331,17.1841620626151,0.1207801950487622,0.21065420560747664,0.993826013074945,0.15353177576459368,0.9906854621403425,0.1491948553792658,test,beta
0.072,1105,7976,1320825,4245,9081,16.723756906077348,0.12168263407113754,0.20654205607476636,0.9939975963293225,0.1531425403644931,0.9908398674512855,0.14884694164153756,test,beta
0.073,1083,7750,1321051,4267,8833,16.267034990791895,0.12260840031699309,0.2024299065420561,0.9941676744674334,0.15271804272720862,0.9909927736815398,0.1484647866510006,test,beta
0.074,1064,7521,1321280,4286,8585,15.810313075506446,0.12393709959231217,0.1988785046728972,0.9943400102799441,0.1527090060997488,0.9911501771538604,0.14850177989761076,test,beta
0.075,1052,7280,1321521,4298,8332,15.344383057090239,0.12626020163226115,0.1966355140186916,0.9945213767900536,0.15377868732641423,0.9913218218927243,0.14962543104442072,test,beta
0.076,1039,7108,1321693,4311,8147,15.003683241252302,0.12753160672640235,0.1942056074766355,0.9946508167889699,0.15396013929021263,0.9914409988074813,0.14984449691231994,test,beta
0.077,1024,6904,1321897,4326,7928,14.60036832412523,0.12916246215943492,0.1914018691588785,0.9948043386481498,0.15424009640006026,0.9915826619325698,0.15017059198125607,test,beta
0.078,1010,6722,1322079,4340,7732,14.239410681399631,0.1306259699948267,0.18878504672897195,0.9949413042283984,0.15441064057483564,0.9917085847104263,0.15038328905305354,test,beta
0.079,997,6539,1322262,4353,7536,13.878453038674033,0.1322983014861996,0.18635514018691587,0.9950790223667803,0.15474158000931243,0.9918360065689715,0.1507583734554455,test,beta
0.08,984,6360,1322441,4366,7344,13.524861878453038,0.13398692810457516,0.18392523364485983,0.9952137302726293,0.1550338742713093,0.9919604302661393,0.15109500055564604,test,beta
0.081,968,6202,1322599,4382,7170,13.204419889502763,0.13500697350069735,0.18093457943925234,0.9953326344576803,0.1546325878594249,0.9920668649950418,0.1507319249820286,test,beta
0.082,957,6053,1322748,4393,7010,12.9097605893186,0.13651925820256777,0.1788785046728972,0.9954447656195322,0.15485436893203886,0.9921703015625668,0.1509925684665522,test,beta
0.083,948,5892,1322909,4402,6840,12.596685082872929,0.13859649122807016,0.17719626168224298,0.995565927478983,0.15553732567678424,0.9922842316949131,0.15171990109230385,test,beta
0.084,936,5736,1323065,4414,6672,12.287292817679559,0.14028776978417265,0.17495327102803737,0.9956833265477675,0.15571452337381464,0.9923921655045044,0.1519398029926513,test,beta
0.085,925,5581,1323220,4425,6506,11.98158379373849,0.14217645250537964,0.17289719626168223,0.9957999730584188,0.15603913630229416,0.9925000993140957,0.15230841737346468,test,beta
0.086,918,5444,1323357,4432,6362,11.716390423572744,0.1442942470921094,0.17158878504672898,0.9959030735226719,0.15676229508196718,0.9925975395588655,0.1530726247557753,test,beta
0.087,907,5309,1323492,4443,6216,11.447513812154696,0.14591377091377092,0.16953271028037384,0.9960046688706586,0.15683901089399965,0.9926904825615691,0.15318900895067342,test,beta
0.088,890,5154,1323647,4460,6044,11.130755064456721,0.1472534745201853,0.16635514018691588,0.9961213153813099,0.15622257328418465,0.9927939191290941,0.15261756314450103,test,beta
0.089,873,5032,1323769,4477,5905,10.874769797421731,0.14784081287044878,0.16317757009345796,0.9962131274735645,0.1551310528653932,0.9928726208652544,0.1515610068480152,test,beta
0.09,866,4886,1323915,4484,5752,10.593001841620627,0.15055632823365786,0.16186915887850467,0.9963230009610168,0.15600792649972978,0.9929768069731237,0.15248630097678148,test,beta
0.091,848,4755,1324046,4502,5603,10.318600368324125,0.1513474924147778,0.15850467289719627,0.9964215860764705,0.15484342189354514,0.993061505032039,0.15136174124724594,test,beta
0.092,836,4649,1324152,4514,5485,10.101289134438305,0.15241567912488604,0.15626168224299064,0.9965013572385932,0.15431472081218273,0.9931319618244112,0.15086723803359772,test,beta
0.093,824,4537,1324264,4526,5361,9.87292817679558,0.15370266741279612,0.15401869158878503,0.9965856437495155,0.1538605172252824,0.9932069158588496,0.15045028954058925,test,beta
0.094,815,4432,1324369,4535,5247,9.662983425414364,0.15532685344006097,0.15233644859813084,0.9966646623535051,0.15381711805227893,0.9932788717319104,0.15044347444569675,test,beta
0.095,810,4329,1324472,4540,5139,9.464088397790055,0.15761821366024517,0.15140186915887852,0.9967421758412283,0.15444751644580038,0.99335232668566,0.15111191801995555,test,beta
0.096,799,4223,1324578,4551,5022,9.248618784530386,0.15909996017522898,0.14934579439252335,0.9968219470033511,0.15406864635557266,0.9934235330183765,0.1507708953478675,test,beta
0.097,793,4106,1324695,4557,4899,9.022099447513812,0.16186976934068179,0.14822429906542056,0.9969099963049396,0.1547468045662992,0.9935067319966031,0.15149398733360372,test,beta
0.098,778,4016,1324785,4572,4794,8.828729281767956,0.16228619107217354,0.14542056074766355,0.9969777265369306,0.153391167192429,0.9935629475224319,0.15017010146386917,test,beta
0.099,768,3927,1324874,4582,4695,8.646408839779005,0.1635782747603834,0.14355140186915888,0.9970447042107885,0.15291189646590342,0.9936221612096382,0.14972458821129078,test,beta
0.1,751,3829,1324972,4599,4580,8.43462246777164,0.16397379912663756,0.14037383177570092,0.9971184549078455,0.15125881168177238,0.9936828739775333,0.14810758407127048,test,beta
0.11,660,3011,1325790,4690,3671,6.760589318600369,0.17978752383546717,0.1233644859813084,0.9977340474608313,0.14632524110409045,0.9942277898079003,0.1435299911235515,test,beta
0.12,564,2422,1326379,4786,2986,5.499079189686925,0.18888144675150703,0.10542056074766355,0.9981773042013062,0.13531669865642995,0.9945973131976815,0.1328254480717093,test,beta
0.13,502,1941,1326860,4848,2443,4.499079189686925,0.2054850593532542,0.09383177570093458,0.998539284663392,0.12883356858719364,0.9949113706019783,0.12663777259903936,test,beta
0.14,434,1547,1327254,4916,1981,3.6482504604051567,0.21908127208480566,0.0811214953271028,0.9988357925678863,0.1184013095075706,0.9951557207542474,0.11648655451438575,test,beta
0.15,362,1226,1327575,4988,1588,2.9244935543278086,0.22795969773299748,0.06766355140186917,0.9990773637286546,0.10435283943499568,0.995342356299999,0.10270570175482929,test,beta
0.16,303,970,1327831,5047,1273,2.3443830570902393,0.2380204241948154,0.05663551401869159,0.9992700186107626,0.09149932054959987,0.9954900157478427,0.0900966757951914,test,beta
0.17,268,781,1328020,5082,1049,1.9318600368324126,0.2554814108674929,0.05009345794392523,0.9994122520979439,0.08376308798249726,0.9956054449608778,0.08255688244843999,test,beta
0.18,229,616,1328185,5121,845,1.5561694290976058,0.2710059171597633,0.04280373831775701,0.9995364241899276,0.07393058918482648,0.9956998870442701,0.07291641376170592,test,beta
0.19,195,488,1328313,5155,683,1.2578268876611418,0.28550512445095166,0.03644859813084112,0.9996327516309816,0.06464445549477872,0.9957703438366422,0.06379441934485534,test,beta
0.2,171,390,1328411,5179,561,1.0331491712707181,0.3048128342245989,0.03196261682242991,0.9997065023280386,0.057858230417865,0.9958258098221265,0.057140555696859836,test,beta
0.21,145,304,1328497,5205,449,0.8268876611418048,0.32293986636971045,0.027102803738317756,0.9997712223274967,0.050008622176237284,0.9958707822427896,0.04941833757218334,test,beta
0.22,126,240,1328561,5224,366,0.6740331491712708,0.3442622950819672,0.02355140186915888,0.9998193860480238,0.04408677396780966,0.9959045115582869,0.04359562955387469,test,beta
0.23,108,185,1328616,5242,293,0.5395948434622467,0.36860068259385664,0.020186915887850466,0.9998607767453517,0.03827751196172248,0.9959322445510291,0.03787686023243876,test,beta
0.24,97,141,1328660,5253,238,0.43830570902394106,0.40756302521008403,0.018130841121495326,0.999893889303214,0.03471725125268432,0.9959569793823937,0.03438741205154537,test,beta
0.25,74,114,1328687,5276,188,0.34622467771639043,0.39361702127659576,0.013831775700934579,0.9999142083728113,0.026724449259660527,0.9959599775437713,0.026459393186029904,test,beta
0.26,61,90,1328711,5289,151,0.27808471454880296,0.40397350993377484,0.011401869158878504,0.9999322697680089,0.022177785857116886,0.9959682224875595,0.021962473174093625,test,beta
0.27,53,77,1328724,5297,130,0.23941068139963168,0.4076923076923077,0.009906542056074767,0.999942053023741,0.01934306569343066,0.9959719701892814,0.019156452938367874,test,beta
0.28,42,63,1328738,5308,105,0.19337016574585636,0.4,0.007850467289719627,0.9999525888376062,0.015398716773602201,0.9959742188103146,0.015246696754749729,test,beta
0.29,37,55,1328746,5313,92,0.1694290976058932,0.40217391304347827,0.006915887850467289,0.9999586093026721,0.013597941933112827,0.9959764674313477,0.013464183572087386,test,beta
0.3,33,47,1328754,5317,80,0.14732965009208104,0.4125,0.006168224299065421,0.999964629767738,0.012154696132596685,0.9959794655927252,0.012037958949969,test,beta
0.31,29,32,1328769,5321,61,0.11233885819521179,0.47540983606557374,0.005420560747663551,0.9999759181397365,0.010718905932360008,0.9959877105365135,0.010629453929333737,test,beta
0.32,27,24,1328777,5323,51,0.09392265193370165,0.5294117647058824,0.005046728971962617,0.9999819386048023,0.009998148491020183,0.9959922077785798,0.009923168792802984,test,beta
0.33,22,18,1328783,5328,40,0.07366482504604052,0.55,0.00411214953271028,0.9999864539536018,0.008163265306122448,0.9959929573189241,0.008104229424092434,test,beta
0.34,19,13,1328788,5331,32,0.058931860036832415,0.59375,0.0035514018691588786,0.9999902167442679,0.007060572277963582,0.9959944563996129,0.007013221344760771,test,beta
0.35,15,5,1328796,5335,20,0.03683241252302026,0.75,0.002803738317757009,0.9999962372093338,0.00558659217877095,0.9959974545609904,0.00555688821231662,test,beta
0.36,11,4,1328797,5339,15,0.027624309392265192,0.7333333333333333,0.00205607476635514,0.9999969897674671,0.004100652376514445,0.9959952059399573,0.004078320484917695,test,beta
0.37,8,2,1328799,5342,10,0.01841620626151013,0.8,0.0014953271028037382,0.9999984948837335,0.0029850746268656717,0.9959944563996129,0.002970156229865102,test,beta
0.38,5,1,1328800,5345,6,0.011049723756906077,0.8333333333333334,9.345794392523365e-4,0.9999992474418667,0.0018670649738610904,0.9959929573189241,0.0018580972595974108,test,beta
0.39,5,0,1328801,5345,5,0.009208103130755065,1,9.345794392523365e-4,1,0.0018674136321195146,0.9959937068592686,0.0018599391551690093,test,beta
0.4,4,0,1328801,5346,4,0.007366482504604052,1,7.476635514018691e-4,1,0.0014942099364960775,0.9959929573189241,0.001488227010829013,test,beta
0.41,3,0,1328801,5347,3,0.0055248618784530384,1,5.607476635514019e-4,1,0.0011208668036614981,0.9959922077785798,0.001116377099791509,test,beta
0.42,1,0,1328801,5349,1,0.001841620626151013,1,1.8691588785046728e-4,1,3.7376191366099795e-4,0.995990708697891,3.7226367106661673e-4,test,beta
0.43,0,0,1328801,5350,0,0,NA,0,1,NA,0.9959899591575466,0,test,beta
0.44,0,0,1328801,5350,0,0,NA,0,1,NA,0.9959899591575466,0,test,beta
0.45,0,0,1328801,5350,0,0,NA,0,1,NA,0.9959899591575466,0,test,beta
0.46,0,0,1328801,5350,0,0,NA,0,1,NA,0.9959899591575466,0,test,beta
0.47,0,0,1328801,5350,0,0,NA,0,1,NA,0.9959899591575466,0,test,beta
0.48,0,0,1328801,5350,0,0,NA,0,1,NA,0.9959899591575466,0,test,beta
0.49,0,0,1328801,5350,0,0,NA,0,1,NA,0.9959899591575466,0,test,beta
0.5,0,0,1328801,5350,0,0,NA,0,1,NA,0.9959899591575466,0,test,beta
0.51,0,0,1328801,5350,0,0,NA,0,1,NA,0.9959899591575466,0,test,beta
0.52,0,0,1328801,5350,0,0,NA,0,1,NA,0.9959899591575466,0,test,beta
0.53,0,0,1328801,5350,0,0,NA,0,1,NA,0.9959899591575466,0,test,beta
0.54,0,0,1328801,5350,0,0,NA,0,1,NA,0.9959899591575466,0,test,beta
0.55,0,0,1328801,5350,0,0,NA,0,1,NA,0.9959899591575466,0,test,beta
0.56,0,0,1328801,5350,0,0,NA,0,1,NA,0.9959899591575466,0,test,beta
0.57,0,0,1328801,5350,0,0,NA,0,1,NA,0.9959899591575466,0,test,beta
0.58,0,0,1328801,5350,0,0,NA,0,1,NA,0.9959899591575466,0,test,beta
0.59,0,0,1328801,5350,0,0,NA,0,1,NA,0.9959899591575466,0,test,beta
0.6,0,0,1328801,5350,0,0,NA,0,1,NA,0.9959899591575466,0,test,beta
0.61,0,0,1328801,5350,0,0,NA,0,1,NA,0.9959899591575466,0,test,beta
0.62,0,0,1328801,5350,0,0,NA,0,1,NA,0.9959899591575466,0,test,beta
0.63,0,0,1328801,5350,0,0,NA,0,1,NA,0.9959899591575466,0,test,beta
0.64,0,0,1328801,5350,0,0,NA,0,1,NA,0.9959899591575466,0,test,beta
0.65,0,0,1328801,5350,0,0,NA,0,1,NA,0.9959899591575466,0,test,beta
0.66,0,0,1328801,5350,0,0,NA,0,1,NA,0.9959899591575466,0,test,beta
0.67,0,0,1328801,5350,0,0,NA,0,1,NA,0.9959899591575466,0,test,beta
0.68,0,0,1328801,5350,0,0,NA,0,1,NA,0.9959899591575466,0,test,beta
0.69,0,0,1328801,5350,0,0,NA,0,1,NA,0.9959899591575466,0,test,beta
0.7,0,0,1328801,5350,0,0,NA,0,1,NA,0.9959899591575466,0,test,beta
0.71,0,0,1328801,5350,0,0,NA,0,1,NA,0.9959899591575466,0,test,beta
0.72,0,0,1328801,5350,0,0,NA,0,1,NA,0.9959899591575466,0,test,beta
0.73,0,0,1328801,5350,0,0,NA,0,1,NA,0.9959899591575466,0,test,beta
0.74,0,0,1328801,5350,0,0,NA,0,1,NA,0.9959899591575466,0,test,beta
0.75,0,0,1328801,5350,0,0,NA,0,1,NA,0.9959899591575466,0,test,beta
0.76,0,0,1328801,5350,0,0,NA,0,1,NA,0.9959899591575466,0,test,beta
0.77,0,0,1328801,5350,0,0,NA,0,1,NA,0.9959899591575466,0,test,beta
0.78,0,0,1328801,5350,0,0,NA,0,1,NA,0.9959899591575466,0,test,beta
0.79,0,0,1328801,5350,0,0,NA,0,1,NA,0.9959899591575466,0,test,beta
0.8,0,0,1328801,5350,0,0,NA,0,1,NA,0.9959899591575466,0,test,beta
0.81,0,0,1328801,5350,0,0,NA,0,1,NA,0.9959899591575466,0,test,beta
0.82,0,0,1328801,5350,0,0,NA,0,1,NA,0.9959899591575466,0,test,beta
0.83,0,0,1328801,5350,0,0,NA,0,1,NA,0.9959899591575466,0,test,beta
0.84,0,0,1328801,5350,0,0,NA,0,1,NA,0.9959899591575466,0,test,beta
0.85,0,0,1328801,5350,0,0,NA,0,1,NA,0.9959899591575466,0,test,beta
0.86,0,0,1328801,5350,0,0,NA,0,1,NA,0.9959899591575466,0,test,beta
0.87,0,0,1328801,5350,0,0,NA,0,1,NA,0.9959899591575466,0,test,beta
0.88,0,0,1328801,5350,0,0,NA,0,1,NA,0.9959899591575466,0,test,beta
0.89,0,0,1328801,5350,0,0,NA,0,1,NA,0.9959899591575466,0,test,beta
0.9,0,0,1328801,5350,0,0,NA,0,1,NA,0.9959899591575466,0,test,beta
0.905,0,0,1328801,5350,0,0,NA,0,1,NA,0.9959899591575466,0,test,beta
0.91,0,0,1328801,5350,0,0,NA,0,1,NA,0.9959899591575466,0,test,beta
0.915,0,0,1328801,5350,0,0,NA,0,1,NA,0.9959899591575466,0,test,beta
0.92,0,0,1328801,5350,0,0,NA,0,1,NA,0.9959899591575466,0,test,beta
0.925,0,0,1328801,5350,0,0,NA,0,1,NA,0.9959899591575466,0,test,beta
0.93,0,0,1328801,5350,0,0,NA,0,1,NA,0.9959899591575466,0,test,beta
0.935,0,0,1328801,5350,0,0,NA,0,1,NA,0.9959899591575466,0,test,beta
0.94,0,0,1328801,5350,0,0,NA,0,1,NA,0.9959899591575466,0,test,beta
0.945,0,0,1328801,5350,0,0,NA,0,1,NA,0.9959899591575466,0,test,beta
0.95,0,0,1328801,5350,0,0,NA,0,1,NA,0.9959899591575466,0,test,beta
0.955,0,0,1328801,5350,0,0,NA,0,1,NA,0.9959899591575466,0,test,beta
0.96,0,0,1328801,5350,0,0,NA,0,1,NA,0.9959899591575466,0,test,beta
0.965,0,0,1328801,5350,0,0,NA,0,1,NA,0.9959899591575466,0,test,beta
0.97,0,0,1328801,5350,0,0,NA,0,1,NA,0.9959899591575466,0,test,beta
0.975,0,0,1328801,5350,0,0,NA,0,1,NA,0.9959899591575466,0,test,beta
0.98,0,0,1328801,5350,0,0,NA,0,1,NA,0.9959899591575466,0,test,beta
0.985,0,0,1328801,5350,0,0,NA,0,1,NA,0.9959899591575466,0,test,beta
0.99,0,0,1328801,5350,0,0,NA,0,1,NA,0.9959899591575466,0,test,beta
0.991,0,0,1328801,5350,0,0,NA,0,1,NA,0.9959899591575466,0,test,beta
0.992,0,0,1328801,5350,0,0,NA,0,1,NA,0.9959899591575466,0,test,beta
0.993,0,0,1328801,5350,0,0,NA,0,1,NA,0.9959899591575466,0,test,beta
0.994,0,0,1328801,5350,0,0,NA,0,1,NA,0.9959899591575466,0,test,beta
0.995,0,0,1328801,5350,0,0,NA,0,1,NA,0.9959899591575466,0,test,beta
0.996,0,0,1328801,5350,0,0,NA,0,1,NA,0.9959899591575466,0,test,beta
0.997,0,0,1328801,5350,0,0,NA,0,1,NA,0.9959899591575466,0,test,beta
0.998,0,0,1328801,5350,0,0,NA,0,1,NA,0.9959899591575466,0,test,beta
0.999,0,0,1328801,5350,0,0,NA,0,1,NA,0.9959899591575466,0,test,beta
1e-4,1255,301600,143879,440,302855,1664.0384615384614,0.004143897244555976,0.7404129793510325,0.3229759427492654,0.00824166803480545,0.3245582256571268,7.082581708853184e-4,validation,isotonic
2e-4,1154,267621,177858,541,268775,1476.7857142857142,0.004293554087991815,0.6808259587020649,0.39925114315152904,0.008533293895810996,0.4003184442744882,0.0010074505767956234,validation,isotonic
3e-4,1126,250700,194779,569,251826,1383.6593406593406,0.004471341322976976,0.664306784660767,0.437234976283955,0.008882893330335553,0.43809568534843263,0.0013628996050580255,validation,isotonic
4e-4,1099,242765,202714,596,243864,1339.9120879120878,0.004506610241774104,0.6483775811209439,0.4550472637318482,0.008951005664626423,0.45578007665919756,0.0014331822376973382,validation,isotonic
5e-4,1076,234951,210528,619,236027,1296.8516483516485,0.004558800476216704,0.6348082595870207,0.4725879334379398,0.009052590841402983,0.4732028248511765,0.001537273538351001,validation,isotonic
6e-4,1024,188600,256879,671,189624,1041.89010989011,0.005400160317259419,0.6041297935103245,0.5766354867457276,0.010704634667753857,0.5767397031133294,0.003215013641206251,validation,isotonic
7e-4,1009,184442,261037,686,185451,1018.9615384615385,0.005440790289618282,0.5952802359882006,0.5859692600549072,0.010783025017900462,0.5860045530375201,0.003295501446734732,validation,isotonic
8e-4,995,176732,268747,700,177727,976.521978021978,0.005598474064154574,0.5870206489675516,0.603276473189533,0.01109117053650054,0.6032148559621087,0.003608946813464668,validation,isotonic
9e-4,977,173544,271935,718,174521,958.9065934065934,0.005598180161699738,0.5764011799410029,0.6104328150148491,0.011088663912471057,0.6103038190950278,0.0036077293188773586,validation,isotonic
0.001,959,170404,275075,736,171363,941.554945054945,0.0055963072541913945,0.5657817109144543,0.6174814076533349,0.011082989517965075,0.6172854414612656,0.003603347896353865,validation,isotonic
0.0011,940,166350,279129,755,167290,919.1758241758242,0.005618984996114532,0.5545722713864307,0.6265817243910488,0.011125247803059443,0.626308774660423,0.0036477224062581273,validation,isotonic
0.0012,926,163333,282146,769,164259,902.521978021978,0.005637438435641274,0.5463126843657817,0.6333542097382817,0.011159718958265544,0.6330242813759297,0.0036838483773876927,validation,isotonic
0.0013,914,160149,285330,781,161063,884.9615384615385,0.005674798060386309,0.5392330383480826,0.6405015724646953,0.011231398763808846,0.640117717040794,0.0037575962789700343,validation,isotonic
0.0014,902,157094,288385,793,157996,868.1098901098901,0.005709005291273197,0.5321533923303835,0.6473593592515023,0.011296816977788355,0.6469226743952019,0.003825030882427919,validation,isotonic
0.0015,879,154172,291307,816,155051,851.9285714285714,0.005669102424363597,0.5185840707964602,0.6539185909998002,0.01121559720822222,0.6534056094495655,0.003744714867239667,validation,isotonic
0.0016,857,143484,301995,838,144341,793.0824175824176,0.0059373289640504085,0.5056047197640118,0.6779107432673595,0.011736832014023939,0.6772576223125674,0.004275919546816587,validation,isotonic
0.0017,835,141036,304443,860,141871,779.510989010989,0.005885628493490566,0.49262536873156343,0.6834059517957075,0.011632280623545965,0.6826828035619245,0.004172097742796934,validation,isotonic
0.0018,825,138522,306957,870,139347,765.6428571428571,0.005920471915434132,0.48672566371681414,0.6890493154559474,0.01169864295741694,0.6882824135571388,0.004240567928266141,validation,isotonic
0.0019,809,136023,309456,886,136832,751.8241758241758,0.005912359681945744,0.4772861356932153,0.6946590074953028,0.011680033495275287,0.6938350619669301,0.004223477523390086,validation,isotonic
0.002,797,133040,312439,898,133837,735.3681318681319,0.00595500496873062,0.4702064896755162,0.7013551705018642,0.011761060118643567,0.7004790081713158,0.004307171845257319,validation,isotonic
0.0021,788,130579,314900,907,131367,721.7967032967033,0.005998462323110066,0.4648967551622419,0.7068795611016456,0.011844102749094408,0.7059623323359587,0.004392606242264181,validation,isotonic
0.0022,775,128079,317400,920,128854,707.989010989011,0.006014559113415183,0.45722713864306785,0.7124914979157266,0.011872936598518563,0.7115239258096401,0.004423522162396503,validation,isotonic
0.0023,756,125637,319842,939,126393,694.467032967033,0.005981343903538962,0.44601769911504424,0.717973237795721,0.011804384485666104,0.7169423982610795,0.004356350331722887,validation,isotonic
0.0024,745,123127,322352,950,123872,680.6153846153846,0.006014272797726685,0.43952802359882004,0.7236076223570583,0.01186617503006363,0.7225308269264313,0.004420626904580966,validation,isotonic
0.0025,728,120602,324877,967,121330,666.6483516483516,0.006000164839693398,0.4294985250737463,0.7292756785392802,0.011834992887624464,0.7281393819855358,0.004391330843259254,validation,isotonic
0.0026,402,96709,348770,1293,97111,533.5769230769231,0.004139592837062743,0.23716814159292035,0.7829100810588153,0.008137157662490133,0.7808414621601435,6.914174472550412e-4,validation,isotonic
0.0027,375,94642,350837,1320,95017,522.0714285714286,0.003946662176242146,0.22123893805309736,0.7875500304166976,0.00775498386963355,0.7854034447441041,3.092108297634979e-4,validation,isotonic
0.0028,349,89850,355629,1346,90199,495.5989010989011,0.0038692224969234692,0.20589970501474927,0.798306990901928,0.00759570809846127,0.7960614883691807,1.5575717801913545e-4,validation,isotonic
0.0029,342,88477,357002,1353,88819,488.0164835164835,0.0038505274772289715,0.20176991150442478,0.8013890666002214,0.007556842035486224,0.7991162276876562,1.1874737869583015e-4,validation,isotonic
0.003,339,87021,358458,1356,87360,480,0.0038804945054945056,0.2,0.8046574586007421,0.007613272696648139,0.802365522145742,1.77943796033596e-4,validation,isotonic
0.0031,330,85659,359820,1365,85989,472.467032967033,0.0038377001709520987,0.19469026548672566,0.8077148417770534,0.007527028876419871,0.8053911900065747,9.332656152712536e-5,validation,isotonic
0.0032,324,84324,361155,1371,84648,465.0989010989011,0.0038276155372838107,0.1911504424778761,0.8107116160357727,0.007504951183072166,0.8083631874840667,7.337639362159682e-5,validation,isotonic
0.0033,308,82882,362597,1387,83190,457.0879120879121,0.0037023680730857073,0.18171091445427728,0.8139485811901347,0.007256876951169228,0.811552102760894,-1.7397958786267973e-4,validation,isotonic
0.0034,283,73051,372428,1412,73334,402.9340659340659,0.003859055826765211,0.16696165191740414,0.8360169615178269,0.0075437497500966295,0.8334809268875203,1.3507200285119232e-4,validation,isotonic
0.0035,274,72367,373112,1421,72641,399.1263736263736,0.003771974504756267,0.1616519174041298,0.8375523874301595,0.007371932845458458,0.8349904064189778,-3.641893038188418e-5,validation,isotonic
0.0036,268,71636,373843,1427,71904,395.0769230769231,0.003727191811303961,0.15811209439528023,0.8391933177545967,0.007282707645484314,0.8366116992490619,-1.2456594624619938e-4,validation,isotonic
0.0037,263,70946,374533,1432,71209,391.25824175824175,0.0036933533682540127,0.15516224188790562,0.8407422123152831,0.007214967628662349,0.8381435414402447,-1.9113428615063395e-4,validation,isotonic
0.0038,258,70182,375297,1437,70440,387.032967032967,0.0036626916524701873,0.15221238938053097,0.8424572202056663,0.007153254314826367,0.8398408673133948,-2.514145052511541e-4,validation,isotonic
0.0039,247,69398,376081,1448,69645,382.66483516483515,0.003546557541819226,0.1457227138643068,0.8442171235905621,0.0069245864872441824,0.8415695009101603,-4.7978688426994536e-4,validation,isotonic
0.004,243,68674,376805,1452,68917,378.66483516483515,0.003525980527300956,0.1433628318584071,0.84584234049192,0.006882682830113861,0.8431796124103816,-5.20131153236745e-4,validation,isotonic
0.0041,236,67961,377518,1459,68197,374.7087912087912,0.0034605627813540183,0.1392330383480826,0.8474428648712958,0.006753276483717736,0.8447584161869877,-6.486122645887571e-4,validation,isotonic
0.0042,233,67194,378285,1462,67427,370.47802197802196,0.0034555890073709344,0.13746312684365783,0.849164607085856,0.006741703075721188,0.8464669233900003,-6.582072530260704e-4,validation,isotonic
0.0043,231,66433,379046,1464,66664,366.2857142857143,0.003465138605544222,0.13628318584070798,0.8508728806520621,0.006758437074854811,0.8481642492631504,-6.392568491189497e-4,validation,isotonic
0.0044,225,65389,380090,1470,65614,360.5164835164835,0.0034291462187947693,0.13274336283185842,0.8532164254656224,0.006685584394360337,0.8504854933426362,-7.096958687708015e-4,validation,isotonic
0.0045,220,64629,380850,1475,64849,356.3131868131868,0.003392496414748107,0.12979351032448377,0.854922454257103,0.006612166386150516,0.8521738741518962,-7.81447725446308e-4,validation,isotonic
0.0046,215,63916,381563,1480,64131,352.36813186813185,0.0033525128253106924,0.12684365781710916,0.856522978636479,0.006532373226384712,0.8537571504604472,-8.597110162656465e-4,validation,isotonic
0.0047,208,63175,382304,1487,63383,348.25824175824175,0.0032816370320117383,0.12271386430678466,0.8581863567081726,0.006392329204954056,0.855398569684284,-9.985344204375725e-4,validation,isotonic
0.0048,199,62433,383046,1496,62632,344.13186813186815,0.003177289564439903,0.11740412979351032,0.8598519795545918,0.006187137593856391,0.8570377526421482,-0.001202927208455422,validation,isotonic
0.0049,197,60882,384597,1498,61079,335.5989010989011,0.0032253311285384504,0.11622418879056047,0.8633336251540477,0.0062764838946060475,0.8605017286335968,-0.0011079323892420505,validation,isotonic
0.005,193,60195,385284,1502,60388,331.8021978021978,0.003195999205140094,0.11386430678466077,0.8648757853905571,0.006217483046888843,0.8620290982928346,-0.0011650737316830214,validation,isotonic
0.0051,188,59458,386021,1507,59646,327.72527472527474,0.003151929718673507,0.11091445427728613,0.8665301843633482,0.006129668574036941,0.8636660449847263,-0.0012510151538345858,validation,isotonic
0.0052,182,58703,386776,1513,58885,323.54395604395603,0.003090770145198268,0.10737463126843658,0.8682249892812007,0.006008583690987126,0.8653410081981511,-0.0013703445995833252,validation,isotonic
0.0053,179,58037,387442,1516,58216,319.86813186813185,0.0030747560808025284,0.1056047197640118,0.8697200092484718,0.005975530370048906,0.8668236525379382,-0.001401253813172756,validation,isotonic
0.0054,174,57371,388108,1521,57545,316.18131868131866,0.0030237205665131638,0.10265486725663717,0.871215029215743,0.00587440918298447,0.8683018243457804,-0.0015006743617011077,validation,isotonic
0.0055,172,56637,388842,1523,56809,312.1373626373626,0.003027689274586773,0.10147492625368731,0.8728626938643572,0.005879939833173801,0.8699387710376721,-0.0014923495453275253,validation,isotonic
0.0056,164,55954,389525,1531,56118,308.34065934065933,0.0029224134858690616,0.0967551622418879,0.8743958750019641,0.005673464445712901,0.8714482505691297,-0.0016977069899854478,validation,isotonic
0.0057,157,55204,390275,1538,55361,304.18131868131866,0.002835931431874424,0.09262536873156342,0.8760794560461885,0.005503365114974762,0.8731097961867192,-0.001866090988858158,validation,isotonic
0.0058,151,54501,390978,1544,54652,300.2857142857143,0.00276293639757008,0.08908554572271386,0.877657532678308,0.00535964647629865,0.8746684735695724,-0.0020080140998018723,validation,isotonic
0.0059,120,47280,398199,1575,47400,260.43956043956047,0.002531645569620253,0.07079646017699115,0.8938670509720997,0.00488848151542927,0.8907472259120611,-0.0024486510661774624,validation,isotonic
0.006,97,42997,402482,1598,43094,236.78021978021977,0.0022508933958323664,0.057227138643067846,0.9034814211219833,0.0043314206613230925,0.9002737189550376,-0.0029843952907557866,validation,isotonic
0.0061,94,42650,402829,1601,42744,234.85714285714286,0.0021991390604529292,0.05545722713864307,0.9042603579517777,0.004230518238484214,0.9010429944495879,-0.0030837559196251873,validation,isotonic
0.0062,92,42298,403181,1603,42390,232.9120879120879,0.0021703231894314697,0.054277286135693215,0.9050505186552004,0.004173755245548373,0.9018256875399733,-0.003138589573949023,validation,isotonic
0.0063,91,41988,403491,1604,42079,231.2032967032967,0.002162598921077022,0.05368731563421829,0.9057463988201464,0.004157719194042125,0.9025166937254849,-0.0031526507571503575,validation,isotonic
0.0064,90,41678,403801,1605,41768,229.4945054945055,0.0021547596245929898,0.05309734513274336,0.9064422789850924,0.0041414536502312315,0.9032076999109966,-0.003166913110340689,validation,isotonic
0.0065,88,41344,404135,1607,41432,227.64835164835165,0.0021239621548561497,0.05191740412979351,0.9071920337434537,0.00408097015790572,0.9039501402138764,-0.0032255127213352635,validation,isotonic
0.0066,86,41016,404463,1609,41102,225.83516483516485,0.0020923556031336673,0.05073746312684366,0.9079283198534611,0.004018973292520504,0.9046791629209212,-0.003285642522759956,validation,isotonic
0.0067,83,40667,404812,1612,40750,223.9010989010989,0.00203680981595092,0.04896755162241888,0.9087117462327068,0.003910943574036989,0.9054529109474164,-0.003391947792680433,validation,isotonic
0.0068,83,40350,405129,1612,40433,222.15934065934067,0.0020527786708876413,0.04896755162241888,0.9094233398207323,0.003940372199012533,0.9061618072607084,-0.003360000992931196,validation,isotonic
0.0069,83,39995,405484,1612,40078,220.2087912087912,0.0020709616248315785,0.04896755162241888,0.9102202348483318,0.003973858712565533,0.9069556816809564,-0.00332364925391861,validation,isotonic
0.007,81,39656,405823,1614,39737,218.33516483516485,0.0020384024964139216,0.047787610619469026,0.9109812134803211,0.003910021239621549,0.9077093033136989,-0.003385395537334867,validation,isotonic
0.0071,78,39331,406148,1617,39409,216.53296703296704,0.001979243320053795,0.04601769911504425,0.9117107652661517,0.0037952510704554305,0.9084293809568534,-0.0034985046042734238,validation,isotonic
0.0072,74,39018,406461,1621,39092,214.7912087912088,0.0018929704287322215,0.04365781710914454,0.9124133797552747,0.0036286071542403217,0.9091203871423652,-0.0036639121906245366,validation,isotonic
0.0073,70,38675,406804,1625,38745,212.8846153846154,0.0018066847335140017,0.04129793510324484,0.9131833374861665,0.0034619188921859545,0.9098784813070527,-0.003829086974734639,validation,isotonic
0.0074,67,38369,407110,1628,38436,211.1868131868132,0.00174315745655115,0.03952802359882006,0.9138702385522101,0.0033390645635543587,0.9105560698967292,-0.003950365926648291,validation,isotonic
0.0075,65,38024,407455,1630,38089,209.28021978021977,0.0017065294441964871,0.038348082595870206,0.9146446858325533,0.0032676452845364964,0.9113231091253069,-0.004019483060440812,validation,isotonic
0.0076,63,37685,407794,1632,37748,207.4065934065934,0.0016689625940447177,0.037168141592920353,0.9154056644645426,0.003194483178257232,0.9120767307580494,-0.004090355792602661,validation,isotonic
0.0077,61,37359,408120,1634,37420,205.6043956043956,0.0016301443078567612,0.0359882005899705,0.9161374610250989,0.0031190080531765313,0.912801280933149,-0.004163619253257769,validation,isotonic
0.0078,61,37029,408450,1634,37090,203.7912087912088,0.0016446481531410084,0.0359882005899705,0.9168782366845575,0.003145545958489107,0.9135392487040839,-0.004134060303627098,validation,isotonic
0.0079,59,36674,408805,1636,36733,201.82967032967034,0.0016061851740941388,0.03480825958702065,0.917675131712157,0.00307067763089414,0.9143286505923869,-0.0042063619809537215,validation,isotonic
0.008,58,36334,409145,1637,36392,199.95604395604394,0.0015937568696416794,0.03421828908554572,0.9184383551188721,0.00304565862367737,0.9150867447570744,-0.004228535209034858,validation,isotonic
0.0081,54,35982,409497,1641,36036,198,0.0014985014985014985,0.03185840707964602,0.9192285158222947,0.002862367814264133,0.9158649653155148,-0.004409942789852495,validation,isotonic
0.0082,50,35661,409818,1645,35711,196.21428571428572,0.0014001288118506902,0.029498525073746312,0.9199490885092226,0.0026733679088916215,0.9165738616288067,-0.004597326880971949,validation,isotonic
0.0083,49,35346,410133,1646,35395,194.47802197802199,0.001384376324339596,0.028908554572271386,0.9206561925477968,0.0026422216230789974,0.917276049144181,-0.004625738531172451,validation,isotonic
0.0084,45,35017,410462,1650,35062,192.64835164835165,0.0012834407620786036,0.02654867256637168,0.9213947234325299,0.0024485132083684738,0.9180028355852532,-0.004817681807128195,validation,isotonic
0.0085,44,34693,410786,1651,34737,190.86263736263737,0.0012666609091170798,0.025958702064896755,0.9221220304436348,0.0024154589371980675,0.9187251494943802,-0.004847820349545112,validation,isotonic
0.0086,42,34344,411135,1653,34386,188.93406593406593,0.001221427325074158,0.024778761061946902,0.9229054568228805,0.002328095119314875,0.9195011337868481,-0.00493234708357106,validation,isotonic
0.0087,37,34052,411427,1658,34089,187.3021978021978,0.001085394115403796,0.02182890855457227,0.9235609310427652,0.0020679633355689692,0.9201429421209641,-0.005191379132596262,validation,isotonic
0.0088,6,24395,421084,1689,24401,134.07142857142858,2.458915618212368e-4,0.0035398230088495575,0.9452387205681974,4.598405885959533e-4,0.941669238372535,-0.006676023336668754,validation,isotonic
0.0089,6,24298,421181,1689,24304,133.53846153846155,2.468729427254773e-4,0.0035398230088495575,0.9454564637165838,4.61556213700527e-4,0.9418861561718704,-0.006672432897528494,validation,isotonic
0.009,6,24174,421305,1689,24180,132.85714285714286,2.4813895781637717e-4,0.0035398230088495575,0.9457348157825621,4.6376811594202896e-4,0.9421634531524642,-0.006667803875300125,validation,isotonic
0.0091,6,24057,421422,1689,24063,132.21428571428572,2.4934546814611643e-4,0.0035398230088495575,0.9459974544254611,4.658746797111577e-4,0.9424250962712502,-0.006663395323732232,validation,isotonic
0.0092,6,23943,421536,1689,23949,131.5879120879121,2.505323813102844e-4,0.0035398230088495575,0.9462533587441833,4.679457182966776e-4,0.9426800305921185,-0.006659061137700333,validation,isotonic
0.0093,6,23836,421643,1689,23842,131,2.516567402063585e-4,0.0035398230088495575,0.9464935496398259,4.699064103066139e-4,0.9429193110511792,-0.006654957898368795,validation,isotonic
0.0094,6,23696,421783,1689,23702,130.23076923076923,2.531431946671167e-4,0.0035398230088495575,0.9468078181014145,4.724967515848328e-4,0.9432323882873334,-0.006649536986777724,validation,isotonic
0.0095,6,23577,421902,1689,23583,129.57692307692307,2.5442055718102023e-4,0.0035398230088495575,0.9470749462937647,4.7472110135295516e-4,0.9434985039380643,-0.0066448820245402695,validation,isotonic
0.0096,6,23450,422029,1689,23456,128.87912087912088,2.557980900409277e-4,0.0035398230088495575,0.94736003268392,4.771182060355453e-4,0.9437825097165756,-0.006639865558011073,validation,isotonic
0.0097,6,23332,422147,1689,23338,128.23076923076923,2.5709143885508615e-4,0.0035398230088495575,0.9476249161015446,4.7936723524947075e-4,0.9440463891013342,-0.006635158995407639,validation,isotonic
0.0098,6,23199,422280,1689,23205,127.5,2.585649644473174e-4,0.0035398230088495575,0.9479234711400537,4.819277108433735e-4,0.9443438124756806,-0.00662980069410839,validation,isotonic
0.0099,6,23094,422385,1689,23100,126.92307692307692,2.5974025974025974e-4,0.0035398230088495575,0.9481591724862451,4.839685420447671e-4,0.9445786204027963,-0.006625529872605079,validation,isotonic
0.01,5,22980,422499,1690,22985,126.29120879120879,2.1753317380900588e-4,0.0029498525073746312,0.9484150768049673,4.051863857374392e-4,0.9448313184576921,-0.006702424123791119,validation,isotonic
0.011,4,21893,423586,1691,21897,120.31318681318682,1.8267342558341324e-4,0.002359882005899705,0.9508551469317297,3.3909799932180403e-4,0.9472599033038593,-0.006744637515033733,validation,isotonic
0.012,4,20815,424664,1691,20819,114.39010989010988,1.921321869446179e-4,0.002359882005899705,0.9532750140859614,3.5533445855911875e-4,0.9496705980222464,-0.006701845988094682,validation,isotonic
0.013,4,17201,428278,1691,17205,94.53296703296704,2.3249055507120023e-4,0.002359882005899705,0.961387629944397,4.2328042328042335e-4,0.9577524632469687,-0.0065227973626202,validation,isotonic
0.014,4,16526,428953,1691,16530,90.82417582417582,2.4198427102238354e-4,0.002359882005899705,0.9629028528841989,4.3895747599451303e-4,0.9592619427784262,-0.006481491375999091,validation,isotonic
0.015,4,15903,429576,1691,15907,87.4010989010989,2.5146162067014524e-4,0.002359882005899705,0.9643013475382678,4.5449380752187254e-4,0.9606551364793123,-0.006440558228802694,validation,isotonic
0.016,4,15277,430202,1691,15281,83.96153846153847,2.617629736273804e-4,0.002359882005899705,0.9657065765165137,4.7125353440150795e-4,0.962055038978116,-0.006396404141701893,validation,isotonic
0.017,4,14693,430786,1691,14697,80.75274725274726,2.721643872899231e-4,0.002359882005899705,0.967017524956283,4.8804294777940455e-4,0.9633610183060732,-0.00635217424434037,validation,isotonic
0.018,4,13869,431610,1691,13873,76.22527472527473,2.883298493476537e-4,0.002359882005899705,0.9688672193302041,5.138746145940391e-4,0.9652037014674377,-0.006284128196619102,validation,isotonic
0.019,4,11118,434361,1691,11122,61.10989010989011,3.596475454055026e-4,0.002359882005899705,0.9750425946004189,6.241710228602637e-4,0.971355669157867,-0.005993648189133338,validation,isotonic
0.02,4,10749,434730,1691,10753,59.082417582417584,3.719892123128429e-4,0.002359882005899705,0.9758709164741772,6.426735218508998e-4,0.9721808513017304,-0.005944929587044283,validation,isotonic
0.021,4,10354,435125,1691,10358,56.91208791208791,3.861749372465727e-4,0.002359882005899705,0.976757602490802,6.637351696673027e-4,0.9730641763608796,-0.00588947608286731,validation,isotonic
0.022,4,9946,435533,1691,9950,54.67032967032967,4.020100502512563e-4,0.002359882005899705,0.97767347057886,6.869901245169602e-4,0.9739765728776718,-0.005828252176984319,validation,isotonic
0.023,3,7822,437657,1692,7825,42.994505494505496,3.8338658146964857e-4,0.0017699115044247787,0.9824413720961033,6.302521008403361e-4,0.9787241655373523,-0.0056360508209860275,validation,isotonic
0.024,3,7572,437907,1692,7575,41.620879120879124,3.9603960396039607e-4,0.0017699115044247787,0.9830025657775114,6.472491909385114e-4,0.9792832320304847,-0.005582113199452055,validation,isotonic
0.025,2,7321,438158,1693,7323,40.23626373626374,2.7311211252219035e-4,0.0011799410029498525,0.9835660042336452,4.4355732978487467e-4,0.97984229852361715,-0.00574787428204895,validation,isotonic
0.026,1,7062,438417,1694,7063,38.80769230769231,1.4158289678606824e-4,5.899705014749262e-4,0.9841474008875839,2.2836263987211693e-4,0.9804192551445299,-0.005921586826566778,validation,isotonic
0.027,1,6781,438698,1694,6782,37.26373626373626,1.474491300501327e-4,5.899705014749262e-4,0.9847781825854867,2.359325232983367e-4,0.9810476458828107,-0.005864748865406513,validation,isotonic
0.028,1,6544,438935,1694,6545,35.96153846153846,1.5278838808250572e-4,5.899705014749262e-4,0.9853101941954615,2.427184466019417e-4,0.9815776409183002,-0.005813801944094687,validation,isotonic
0.029,1,4229,441250,1694,4230,23.24175824175824,2.3640661938534278e-4,5.899705014749262e-4,0.9905068476853005,3.3755274261603374e-4,0.9867545966447065,-0.005102278461558838,validation,isotonic
0.03,1,4126,441353,1694,4127,22.675824175824175,2.42306760358614e-4,5.899705014749262e-4,0.9907380594820406,3.4352456200618345e-4,0.9869849320398771,-0.0050575022249312014,validation,isotonic
0.031,1,4046,441433,1694,4047,22.236263736263737,2.4709661477637757e-4,5.899705014749262e-4,0.9909176414600913,3.4831069313827936e-4,0.9871638333176794,-0.005021618680213877,validation,isotonic
0.032,1,3947,441532,1694,3948,21.692307692307693,2.5329280648429586e-4,5.899705014749262e-4,0.9911398741579289,3.5442140705298604e-4,0.9873852236489599,-0.004975807431711736,validation,isotonic
0.033,1,3759,441720,1694,3760,20.65934065934066,2.6595744680851064e-4,5.899705014749262e-4,0.9915618918063478,3.6663611365719525e-4,0.9878056416517955,-0.004884246161019742,validation,isotonic
0.034,1,3537,441942,1694,3538,19.439560439560438,2.826455624646693e-4,5.899705014749262e-4,0.9920602317954381,3.8218994840435696e-4,0.9883020926976971,-0.004767675740318491,validation,isotonic
0.035,1,3465,442014,1694,3466,19.043956043956044,2.8851702250432774e-4,5.899705014749262e-4,0.9922218555756837,3.875217981011432e-4,0.9884631038477192,-0.004727720826099923,validation,isotonic
0.036,1,3384,442095,1694,3385,18.5989010989011,2.954209748892171e-4,5.899705014749262e-4,0.9924036823284599,3.937007874015748e-4,0.9886442413914941,-0.004681421202017898,validation,isotonic
0.037,1,3311,442168,1694,3312,18.197802197802197,3.0193236714975844e-4,5.899705014749262e-4,0.9925675508834311,3.994407829039345e-4,0.9888074888074888,-0.00463841430116558,validation,isotonic
0.038,1,3244,442235,1694,3245,17.82967032967033,3.081664098613251e-4,5.899705014749262e-4,0.9927179507900484,4.048582995951417e-4,0.9889573186276484,-0.004597826496254393,validation,isotonic
0.039,1,3166,442313,1694,3167,17.4010989010989,3.1575623618566466e-4,5.899705014749262e-4,0.9928930432186478,4.113533525298231e-4,0.9891317473735056,-0.004549169578404253,validation,isotonic
0.04,1,3086,442393,1694,3087,16.96153846153846,3.2393909944930353e-4,5.899705014749262e-4,0.9930726251966984,4.1823504809703057e-4,0.989310648651308,-0.004497620625635899,validation,isotonic
0.041,1,2919,442560,1694,2920,16.043956043956044,3.4246575342465754e-4,5.899705014749262e-4,0.993447502575879,4.333694474539545e-4,0.9896841050687204,-0.004384268975021802,validation,isotonic
0.042,1,2851,442628,1694,2852,15.67032967032967,3.506311360448808e-4,5.899705014749262e-4,0.993600147257222,4.398504508467121e-4,0.9898361711548525,-0.004335735174305701,validation,isotonic
0.043,1,2772,442707,1694,2773,15.236263736263735,3.606202668589975e-4,5.899705014749262e-4,0.9937774844605469,4.4762757385854974e-4,0.9900128361666823,-0.004277500580842567,validation,isotonic
0.044,1,2692,442787,1694,2693,14.796703296703297,3.713330857779428e-4,5.899705014749262e-4,0.9939570664385976,4.5578851412944393e-4,0.9901917374444847,-0.0042163982753420474,validation,isotonic
0.045,1,2626,442853,1694,2627,14.434065934065934,3.8066235249333843e-4,5.899705014749262e-4,0.9941052215704893,4.627487274409995e-4,0.9903393309986717,-0.004164291096789089,validation,isotonic
0.046,1,1909,443570,1694,1910,10.494505494505495,5.235602094240838e-4,5.899705014749262e-4,0.9957147250487677,5.547850208044384e-4,0.9919427337009754,-0.0034757074602583264,validation,isotonic
0.047,0,1873,443606,1695,1873,10.291208791208792,0,0,0.9957955369388904,NA,0.992021003010014,-0.003995469672884382,validation,isotonic
0.048,0,1599,443880,1695,1599,8.785714285714286,0,0,0.9964106052137138,NA,0.9926337398864872,-0.003693594161291387,validation,isotonic
0.049,0,1561,443918,1695,1561,8.576923076923077,0,0,0.9964959066532878,NA,0.9927187179934432,-0.0036477323796980927,validation,isotonic
0.05,0,1537,443942,1695,1537,8.445054945054945,0,0,0.996549781246703,NA,0.9927723883767839,-0.0036182136141513443,validation,isotonic
0.051,0,1499,443980,1695,1499,8.236263736263735,0,0,0.996635082686277,NA,0.9928573664837401,-0.003570571980932155,validation,isotonic
0.052,0,1465,444014,1695,1465,8.04945054945055,0,0,0.9967114050269485,NA,0.9929333995268061,-0.0035269779780068523,validation,isotonic
0.053,0,1152,444327,1695,1152,6.329670329670329,0,0,0.9974140195160714,NA,0.993633350776208,-0.003076964052492062,validation,isotonic
0.054,0,1134,444345,1695,1134,6.230769230769231,0,0,0.9974544254611328,NA,0.9936736035637135,-0.003048070499434378,validation,isotonic
0.055,0,1121,444358,1695,1121,6.15934065934066,0,0,0.997483607532566,NA,0.9937026750213563,-0.0030269742636920283,validation,isotonic
0.056,0,1106,444373,1695,1106,6.076923076923077,0,0,0.9975172791534506,NA,0.9937362190109443,-0.0030023902416458034,validation,isotonic
0.057,0,1084,444395,1695,1084,5.956043956043956,0,0,0.9975666641974145,NA,0.9937854168623399,-0.0029658558400942636,validation,isotonic
0.058,0,1064,444415,1695,1064,5.846153846153846,0,0,0.9976115596919272,NA,0.9938301421817906,-0.0029321395096165563,validation,isotonic
0.059,0,1038,444441,1695,1038,5.7032967032967035,0,0,0.9976699238347936,NA,0.9938882850970763,-0.0028875740211382795,validation,isotonic
0.06,0,1020,444459,1695,1020,5.604395604395604,0,0,0.997710329779855,NA,0.9939285378845818,-0.0028562233516238513,validation,isotonic
0.061,0,996,444483,1695,996,5.472527472527473,0,0,0.9977642043732701,NA,0.9939822082679226,-0.0028137731721647853,validation,isotonic
0.062,0,969,444510,1695,969,5.324175824175824,0,0,0.9978248132908621,NA,0.9940425874491808,-0.002765106885982058,validation,isotonic
0.063,0,949,444530,1695,949,5.214285714285714,0,0,0.9978697087853748,NA,0.9940873127686315,-0.0027284200955917702,validation,isotonic
0.064,0,921,444558,1695,921,5.06043956043956,0,0,0.9979325624776926,NA,0.9941499282158622,-0.0026761208175823488,validation,isotonic
0.065,0,903,444576,1695,903,4.961538461538462,0,0,0.997972968422754,NA,0.9941901810033679,-0.002641907514852704,validation,isotonic
0.066,0,881,444598,1695,881,4.84065934065934,0,0,0.9980223534667179,NA,0.9942393788547634,-0.0025994451825834524,validation,isotonic
0.067,0,856,444623,1695,856,4.7032967032967035,0,0,0.9980784728348586,NA,0.9942952855040768,-0.002550308007800941,validation,isotonic
0.068,0,834,444645,1695,834,4.582417582417582,0,0,0.9981278578788225,NA,0.9943444833554723,-0.002506267783692938,validation,isotonic
0.069,0,753,444726,1695,753,4.137362637362638,0,0,0.9983096846315987,NA,0.9945256208992472,-0.002337333172993952,validation,isotonic
0.07,0,736,444743,1695,736,4.043956043956044,0,0,0.9983478458019346,NA,0.9945636374207802,-0.0023004560323393636,validation,isotonic
0.071,0,104,445375,1695,104,0.5714285714285714,0,0,0.9997665434285342,NA,0.995976957515419,-4.384455862520484e-4,validation,isotonic
0.072,0,104,445375,1695,104,0.5714285714285714,0,0,0.9997665434285342,NA,0.995976957515419,-4.384455862520484e-4,validation,isotonic
0.073,0,104,445375,1695,104,0.5714285714285714,0,0,0.9997665434285342,NA,0.995976957515419,-4.384455862520484e-4,validation,isotonic
0.074,0,104,445375,1695,104,0.5714285714285714,0,0,0.9997665434285342,NA,0.995976957515419,-4.384455862520484e-4,validation,isotonic
0.075,0,103,445376,1695,103,0.5659340659340659,0,0,0.9997687882032599,NA,0.9959791937813915,-4.344695436753102e-4,validation,isotonic
0.076,0,103,445376,1695,103,0.5659340659340659,0,0,0.9997687882032599,NA,0.9959791937813915,-4.344695436753102e-4,validation,isotonic
0.077,0,103,445376,1695,103,0.5659340659340659,0,0,0.9997687882032599,NA,0.9959791937813915,-4.344695436753102e-4,validation,isotonic
0.078,0,103,445376,1695,103,0.5659340659340659,0,0,0.9997687882032599,NA,0.9959791937813915,-4.344695436753102e-4,validation,isotonic
0.079,0,103,445376,1695,103,0.5659340659340659,0,0,0.9997687882032599,NA,0.9959791937813915,-4.344695436753102e-4,validation,isotonic
0.08,0,103,445376,1695,103,0.5659340659340659,0,0,0.9997687882032599,NA,0.9959791937813915,-4.344695436753102e-4,validation,isotonic
0.081,0,103,445376,1695,103,0.5659340659340659,0,0,0.9997687882032599,NA,0.9959791937813915,-4.344695436753102e-4,validation,isotonic
0.082,0,102,445377,1695,102,0.5604395604395604,0,0,0.9997710329779855,NA,0.9959814300473641,-4.3048910758243124e-4,validation,isotonic
0.083,0,99,445380,1695,99,0.5439560439560439,0,0,0.9997777673021624,NA,0.9959881388452817,-4.185213650416721e-4,validation,isotonic
0.084,0,98,445381,1695,98,0.5384615384615384,0,0,0.999780012076888,NA,0.9959903751112542,-4.1452328172105136e-4,validation,isotonic
0.085,0,98,445381,1695,98,0.5384615384615384,0,0,0.999780012076888,NA,0.9959903751112542,-4.1452328172105136e-4,validation,isotonic
0.086,0,97,445382,1695,97,0.532967032967033,0,0,0.9997822568516137,NA,0.9959926113772267,-4.1052076829095033e-4,validation,isotonic
0.087,0,97,445382,1695,97,0.532967032967033,0,0,0.9997822568516137,NA,0.9959926113772267,-4.1052076829095033e-4,validation,isotonic
0.088,0,96,445383,1695,96,0.5274725274725275,0,0,0.9997845016263393,NA,0.9959948476431993,-4.0651381730079546e-4,validation,isotonic
0.089,0,96,445383,1695,96,0.5274725274725275,0,0,0.9997845016263393,NA,0.9959948476431993,-4.0651381730079546e-4,validation,isotonic
0.09,0,96,445383,1695,96,0.5274725274725275,0,0,0.9997845016263393,NA,0.9959948476431993,-4.0651381730079546e-4,validation,isotonic
0.091,0,96,445383,1695,96,0.5274725274725275,0,0,0.9997845016263393,NA,0.9959948476431993,-4.0651381730079546e-4,validation,isotonic
0.092,0,94,445385,1695,94,0.5164835164835165,0,0,0.9997889911757906,NA,0.9959993201751444,-3.9848657333847243e-4,validation,isotonic
0.093,0,93,445386,1695,93,0.510989010989011,0,0,0.9997912359505162,NA,0.9960015564411169,-3.9446626552190454e-4,validation,isotonic
0.094,0,93,445386,1695,93,0.510989010989011,0,0,0.9997912359505162,NA,0.9960015564411169,-3.9446626552190454e-4,validation,isotonic
0.095,0,93,445386,1695,93,0.510989010989011,0,0,0.9997912359505162,NA,0.9960015564411169,-3.9446626552190454e-4,validation,isotonic
0.096,0,93,445386,1695,93,0.510989010989011,0,0,0.9997912359505162,NA,0.9960015564411169,-3.9446626552190454e-4,validation,isotonic
0.097,0,93,445386,1695,93,0.510989010989011,0,0,0.9997912359505162,NA,0.9960015564411169,-3.9446626552190454e-4,validation,isotonic
0.098,0,93,445386,1695,93,0.510989010989011,0,0,0.9997912359505162,NA,0.9960015564411169,-3.9446626552190454e-4,validation,isotonic
0.099,0,92,445387,1695,92,0.5054945054945055,0,0,0.9997934807252418,NA,0.9960037927070894,-3.90441490567236e-4,validation,isotonic
0.1,0,92,445387,1695,92,0.5054945054945055,0,0,0.9997934807252418,NA,0.9960037927070894,-3.90441490567236e-4,validation,isotonic
0.11,0,87,445392,1695,87,0.47802197802197804,0,0,0.9998047045988699,NA,0.996014974036952,-3.702503473222472e-4,validation,isotonic
0.12,0,58,445421,1695,58,0.31868131868131866,0,0,0.9998698030659133,NA,0.9960798257501554,-2.508870103835057e-4,validation,isotonic
0.13,0,57,445422,1695,57,0.3131868131868132,0,0,0.999872047840639,NA,0.9960820620161279,-2.46701071217607e-4,validation,isotonic
0.14,0,55,445424,1695,55,0.3021978021978022,0,0,0.9998765373900902,NA,0.996086534548073,-2.3831494652854922e-4,validation,isotonic
0.15,0,54,445425,1695,54,0.2967032967032967,0,0,0.9998787821648158,NA,0.9960887708140456,-2.3411474480583908e-4,validation,isotonic
0.16,0,50,445429,1695,50,0.27472527472527475,0,0,0.9998877612637184,NA,0.9960977158779356,-2.17266152689609e-4,validation,isotonic
0.17,0,49,445430,1695,49,0.2692307692307692,0,0,0.999890006038444,NA,0.9960999521439082,-2.130420175289377e-4,validation,isotonic
0.18,0,47,445432,1695,47,0.25824175824175827,0,0,0.9998944955878952,NA,0.9961044246758533,-2.0457930531924732e-4,validation,isotonic
0.19,0,45,445434,1695,45,0.24725274725274726,0,0,0.9998989851373465,NA,0.9961088972077983,-1.9609728229618591e-4,validation,isotonic
0.2,0,41,445438,1695,41,0.22527472527472528,0,0,0.9999079642362491,NA,0.9961178422716884,-1.7907503881662212e-4,validation,isotonic
0.21,0,39,445440,1695,39,0.21428571428571427,0,0,0.9999124537857004,NA,0.9961223148036334,-1.7053468510500123e-4,validation,isotonic
0.22,0,36,445443,1695,36,0.1978021978021978,0,0,0.9999191881098772,NA,0.9961290236015511,-1.5768742598646376e-4,validation,isotonic
0.23,0,34,445445,1695,34,0.18681318681318682,0,0,0.9999236776593285,NA,0.9961334961334961,-1.4909800249696717e-4,validation,isotonic
0.24,0,32,445447,1695,32,0.17582417582417584,0,0,0.9999281672087798,NA,0.9961379686654412,-1.40488832585804e-4,validation,isotonic
0.25,0,27,445452,1695,27,0.14835164835164835,0,0,0.9999393910824079,NA,0.9961491499953038,-1.188790692766378e-4,validation,isotonic
0.26,0,27,445452,1695,27,0.14835164835164835,0,0,0.9999393910824079,NA,0.9961491499953038,-1.188790692766378e-4,validation,isotonic
0.27,0,4,445475,1695,4,0.02197802197802198,0,0,0.9999910209010975,NA,0.996200584112672,-1.78483271628222e-5,validation,isotonic
0.28,0,4,445475,1695,4,0.02197802197802198,0,0,0.9999910209010975,NA,0.996200584112672,-1.78483271628222e-5,validation,isotonic
0.29,0,4,445475,1695,4,0.02197802197802198,0,0,0.9999910209010975,NA,0.996200584112672,-1.78483271628222e-5,validation,isotonic
0.3,0,4,445475,1695,4,0.02197802197802198,0,0,0.9999910209010975,NA,0.996200584112672,-1.78483271628222e-5,validation,isotonic
0.31,0,3,445476,1695,3,0.016483516483516484,0,0,0.9999932656758231,NA,0.9962028203786446,-1.3394069212461208e-5,validation,isotonic
0.32,0,3,445476,1695,3,0.016483516483516484,0,0,0.9999932656758231,NA,0.9962028203786446,-1.3394069212461208e-5,validation,isotonic
0.33,0,3,445476,1695,3,0.016483516483516484,0,0,0.9999932656758231,NA,0.9962028203786446,-1.3394069212461208e-5,validation,isotonic
0.34,0,0,445479,1695,0,0,NA,0,1,NA,0.9962095291765621,0,validation,isotonic
0.35,0,0,445479,1695,0,0,NA,0,1,NA,0.9962095291765621,0,validation,isotonic
0.36,0,0,445479,1695,0,0,NA,0,1,NA,0.9962095291765621,0,validation,isotonic
0.37,0,0,445479,1695,0,0,NA,0,1,NA,0.9962095291765621,0,validation,isotonic
0.38,0,0,445479,1695,0,0,NA,0,1,NA,0.9962095291765621,0,validation,isotonic
0.39,0,0,445479,1695,0,0,NA,0,1,NA,0.9962095291765621,0,validation,isotonic
0.4,0,0,445479,1695,0,0,NA,0,1,NA,0.9962095291765621,0,validation,isotonic
0.41,0,0,445479,1695,0,0,NA,0,1,NA,0.9962095291765621,0,validation,isotonic
0.42,0,0,445479,1695,0,0,NA,0,1,NA,0.9962095291765621,0,validation,isotonic
0.43,0,0,445479,1695,0,0,NA,0,1,NA,0.9962095291765621,0,validation,isotonic
0.44,0,0,445479,1695,0,0,NA,0,1,NA,0.9962095291765621,0,validation,isotonic
0.45,0,0,445479,1695,0,0,NA,0,1,NA,0.9962095291765621,0,validation,isotonic
0.46,0,0,445479,1695,0,0,NA,0,1,NA,0.9962095291765621,0,validation,isotonic
0.47,0,0,445479,1695,0,0,NA,0,1,NA,0.9962095291765621,0,validation,isotonic
0.48,0,0,445479,1695,0,0,NA,0,1,NA,0.9962095291765621,0,validation,isotonic
0.49,0,0,445479,1695,0,0,NA,0,1,NA,0.9962095291765621,0,validation,isotonic
0.5,0,0,445479,1695,0,0,NA,0,1,NA,0.9962095291765621,0,validation,isotonic
0.51,0,0,445479,1695,0,0,NA,0,1,NA,0.9962095291765621,0,validation,isotonic
0.52,0,0,445479,1695,0,0,NA,0,1,NA,0.9962095291765621,0,validation,isotonic
0.53,0,0,445479,1695,0,0,NA,0,1,NA,0.9962095291765621,0,validation,isotonic
0.54,0,0,445479,1695,0,0,NA,0,1,NA,0.9962095291765621,0,validation,isotonic
0.55,0,0,445479,1695,0,0,NA,0,1,NA,0.9962095291765621,0,validation,isotonic
0.56,0,0,445479,1695,0,0,NA,0,1,NA,0.9962095291765621,0,validation,isotonic
0.57,0,0,445479,1695,0,0,NA,0,1,NA,0.9962095291765621,0,validation,isotonic
0.58,0,0,445479,1695,0,0,NA,0,1,NA,0.9962095291765621,0,validation,isotonic
0.59,0,0,445479,1695,0,0,NA,0,1,NA,0.9962095291765621,0,validation,isotonic
0.6,0,0,445479,1695,0,0,NA,0,1,NA,0.9962095291765621,0,validation,isotonic
0.61,0,0,445479,1695,0,0,NA,0,1,NA,0.9962095291765621,0,validation,isotonic
0.62,0,0,445479,1695,0,0,NA,0,1,NA,0.9962095291765621,0,validation,isotonic
0.63,0,0,445479,1695,0,0,NA,0,1,NA,0.9962095291765621,0,validation,isotonic
0.64,0,0,445479,1695,0,0,NA,0,1,NA,0.9962095291765621,0,validation,isotonic
0.65,0,0,445479,1695,0,0,NA,0,1,NA,0.9962095291765621,0,validation,isotonic
0.66,0,0,445479,1695,0,0,NA,0,1,NA,0.9962095291765621,0,validation,isotonic
0.67,0,0,445479,1695,0,0,NA,0,1,NA,0.9962095291765621,0,validation,isotonic
0.68,0,0,445479,1695,0,0,NA,0,1,NA,0.9962095291765621,0,validation,isotonic
0.69,0,0,445479,1695,0,0,NA,0,1,NA,0.9962095291765621,0,validation,isotonic
0.7,0,0,445479,1695,0,0,NA,0,1,NA,0.9962095291765621,0,validation,isotonic
0.71,0,0,445479,1695,0,0,NA,0,1,NA,0.9962095291765621,0,validation,isotonic
0.72,0,0,445479,1695,0,0,NA,0,1,NA,0.9962095291765621,0,validation,isotonic
0.73,0,0,445479,1695,0,0,NA,0,1,NA,0.9962095291765621,0,validation,isotonic
0.74,0,0,445479,1695,0,0,NA,0,1,NA,0.9962095291765621,0,validation,isotonic
0.75,0,0,445479,1695,0,0,NA,0,1,NA,0.9962095291765621,0,validation,isotonic
0.76,0,0,445479,1695,0,0,NA,0,1,NA,0.9962095291765621,0,validation,isotonic
0.77,0,0,445479,1695,0,0,NA,0,1,NA,0.9962095291765621,0,validation,isotonic
0.78,0,0,445479,1695,0,0,NA,0,1,NA,0.9962095291765621,0,validation,isotonic
0.79,0,0,445479,1695,0,0,NA,0,1,NA,0.9962095291765621,0,validation,isotonic
0.8,0,0,445479,1695,0,0,NA,0,1,NA,0.9962095291765621,0,validation,isotonic
0.81,0,0,445479,1695,0,0,NA,0,1,NA,0.9962095291765621,0,validation,isotonic
0.82,0,0,445479,1695,0,0,NA,0,1,NA,0.9962095291765621,0,validation,isotonic
0.83,0,0,445479,1695,0,0,NA,0,1,NA,0.9962095291765621,0,validation,isotonic
0.84,0,0,445479,1695,0,0,NA,0,1,NA,0.9962095291765621,0,validation,isotonic
0.85,0,0,445479,1695,0,0,NA,0,1,NA,0.9962095291765621,0,validation,isotonic
0.86,0,0,445479,1695,0,0,NA,0,1,NA,0.9962095291765621,0,validation,isotonic
0.87,0,0,445479,1695,0,0,NA,0,1,NA,0.9962095291765621,0,validation,isotonic
0.88,0,0,445479,1695,0,0,NA,0,1,NA,0.9962095291765621,0,validation,isotonic
0.89,0,0,445479,1695,0,0,NA,0,1,NA,0.9962095291765621,0,validation,isotonic
0.9,0,0,445479,1695,0,0,NA,0,1,NA,0.9962095291765621,0,validation,isotonic
0.905,0,0,445479,1695,0,0,NA,0,1,NA,0.9962095291765621,0,validation,isotonic
0.91,0,0,445479,1695,0,0,NA,0,1,NA,0.9962095291765621,0,validation,isotonic
0.915,0,0,445479,1695,0,0,NA,0,1,NA,0.9962095291765621,0,validation,isotonic
0.92,0,0,445479,1695,0,0,NA,0,1,NA,0.9962095291765621,0,validation,isotonic
0.925,0,0,445479,1695,0,0,NA,0,1,NA,0.9962095291765621,0,validation,isotonic
0.93,0,0,445479,1695,0,0,NA,0,1,NA,0.9962095291765621,0,validation,isotonic
0.935,0,0,445479,1695,0,0,NA,0,1,NA,0.9962095291765621,0,validation,isotonic
0.94,0,0,445479,1695,0,0,NA,0,1,NA,0.9962095291765621,0,validation,isotonic
0.945,0,0,445479,1695,0,0,NA,0,1,NA,0.9962095291765621,0,validation,isotonic
0.95,0,0,445479,1695,0,0,NA,0,1,NA,0.9962095291765621,0,validation,isotonic
0.955,0,0,445479,1695,0,0,NA,0,1,NA,0.9962095291765621,0,validation,isotonic
0.96,0,0,445479,1695,0,0,NA,0,1,NA,0.9962095291765621,0,validation,isotonic
0.965,0,0,445479,1695,0,0,NA,0,1,NA,0.9962095291765621,0,validation,isotonic
0.97,0,0,445479,1695,0,0,NA,0,1,NA,0.9962095291765621,0,validation,isotonic
0.975,0,0,445479,1695,0,0,NA,0,1,NA,0.9962095291765621,0,validation,isotonic
0.98,0,0,445479,1695,0,0,NA,0,1,NA,0.9962095291765621,0,validation,isotonic
0.985,0,0,445479,1695,0,0,NA,0,1,NA,0.9962095291765621,0,validation,isotonic
0.99,0,0,445479,1695,0,0,NA,0,1,NA,0.9962095291765621,0,validation,isotonic
0.991,0,0,445479,1695,0,0,NA,0,1,NA,0.9962095291765621,0,validation,isotonic
0.992,0,0,445479,1695,0,0,NA,0,1,NA,0.9962095291765621,0,validation,isotonic
0.993,0,0,445479,1695,0,0,NA,0,1,NA,0.9962095291765621,0,validation,isotonic
0.994,0,0,445479,1695,0,0,NA,0,1,NA,0.9962095291765621,0,validation,isotonic
0.995,0,0,445479,1695,0,0,NA,0,1,NA,0.9962095291765621,0,validation,isotonic
0.996,0,0,445479,1695,0,0,NA,0,1,NA,0.9962095291765621,0,validation,isotonic
0.997,0,0,445479,1695,0,0,NA,0,1,NA,0.9962095291765621,0,validation,isotonic
0.998,0,0,445479,1695,0,0,NA,0,1,NA,0.9962095291765621,0,validation,isotonic
0.999,0,0,445479,1695,0,0,NA,0,1,NA,0.9962095291765621,0,validation,isotonic
1e-4,4250,994955,333846,1100,999205,1840.156537753223,0.004253381438243404,0.794392523364486,0.2512385225477705,0.008461458058543335,0.25341659227478747,4.879820663970217e-4,test,isotonic
2e-4,4027,914675,414126,1323,918702,1691.9005524861877,0.004383358259805683,0.7527102803738318,0.3116538894838279,0.008715959707895227,0.3134225436251219,7.482785394027303e-4,test,isotonic
3e-4,3902,853798,475003,1448,857700,1579.5580110497237,0.004549376238778127,0.7293457943925233,0.3574673709607383,0.009042349805920861,0.3589586186271269,0.0010805969236712112,test,isotonic
4e-4,3781,801970,526831,1569,805751,1483.8876611418048,0.004692516670782909,0.7067289719626169,0.39647095389001064,0.009323129918468846,0.3977151012141804,0.0013668383218006326,test,isotonic
5e-4,3677,749801,579000,1673,753478,1387.6206261510129,0.004880036311610956,0.6872897196261682,0.4357311591427159,0.009691260733657694,0.4367399192445233,0.0017415926380519667,test,isotonic
6e-4,3566,658777,670024,1784,662343,1219.7845303867402,0.0053839173962735316,0.6665420560747664,0.5042320106622437,0.010681555744930678,0.5048828805734883,0.0027475956588656294,test,isotonic
7e-4,3477,634463,694338,1873,637940,1174.843462246777,0.005450355832836944,0.6499065420560748,0.5225297091137048,0.010810054563260738,0.523040495416186,0.0028795752299703324,test,isotonic
8e-4,3383,612846,715955,1967,616229,1134.8600368324126,0.005489842250202441,0.6323364485981309,0.5387977582798327,0.010885181127419041,0.5391728522483586,0.002957645576534586,test,isotonic
9e-4,3297,594805,733996,2053,598102,1101.4769797421732,0.005512437677854279,0.6162616822429906,0.5523746595615144,0.010927132563981892,0.55263084913177,0.0030020171625267885,test,isotonic
0.001,3234,576756,752045,2116,579990,1068.121546961326,0.0055759582061759684,0.6044859813084112,0.5659575813082621,0.011049988041138483,0.566112081765857,0.0031280678603130066,test,isotonic
0.0011,3151,558567,770234,2199,561718,1034.4714548802947,0.005609576335456582,0.5889719626168224,0.5796458611936626,0.011113305635302998,0.5796832592412703,0.0031942659463189203,test,isotonic
0.0012,3079,541331,787470,2271,544410,1002.5966850828729,0.005655663929758821,0.5755140186915888,0.5926169531780906,0.01120125145518044,0.592548369712274,0.003285309388454877,test,isotonic
0.0013,3007,523930,804871,2343,526937,970.4180478821363,0.005706564541871229,0.5620560747663551,0.6057122172545024,0.011298416080047042,0.6055371543401009,0.0033858256537772136,test,isotonic
0.0014,2937,506497,822304,2413,509434,938.1841620626151,0.0057652217951687556,0.5489719626168225,0.6188315631911776,0.011410611052402559,0.618551423339637,0.0035016715641326217,test,isotonic
0.0015,2864,488981,839820,2486,491845,905.791896869245,0.005822972684483933,0.5353271028037383,0.6320133714529113,0.011520630738442663,0.6316256555667237,0.0036155329174341944,test,isotonic
0.0016,2791,470517,858284,2559,473308,871.65377532228365,0.005896794476324085,0.5216822429906542,0.6459086048249512,0.011661771034851606,0.6454104520402862,0.003761158106176447,test,isotonic
0.0017,2711,456331,872470,2639,459042,845.3812154696133,0.005905777684830582,0.5067289719626168,0.6565843945030144,0.01167548105910524,0.6559834681381642,0.003777743004484419,test,isotonic
0.0018,2643,442095,886706,2707,444738,819.0386740331492,0.0059428247642432175,0.49401869158878503,0.6672978120877392,0.011744369989868648,0.666602955737394,0.0038501308486871767,test,isotonic
0.0019,2569,427886,900915,2781,430455,792.7348066298342,0.005968103518370097,0.48018691588785045,0.6779909106028668,0.011789676575532634,0.6771977085052592,0.003898936393737615,test,isotonic
0.002,2499,413626,915175,2851,416125,766.3443830570902,0.0060054070291378795,0.46710280373831775,0.6887223895827893,0.01185835458805386,0.6878336859920654,0.00397152357518595,test,isotonic
0.0021,2416,399585,929216,2934,402001,740.3333333333334,0.006009935298668411,0.45158878504672895,0.6992890583315334,0.01186200598501047,0.6982957701189746,0.003978747928985723,test,isotonic
0.0022,2335,385588,943213,3015,387923,714.4069981583793,0.006019235776172076,0.43644859813084114,0.7098226145224154,0.01187470281458427,0.7087263735514195,0.003995331550285821,test,isotonic
0.0023,2253,371302,957499,3097,373555,687.9465930018416,0.006031240379596043,0.4211214953271028,0.720573660013802,0.011892162943217956,0.7193728446030472,0.004017084325335024,test,isotonic
0.0024,2186,357068,971733,3164,359254,661.609576427256,0.0060848313449537094,0.4085981308411215,0.7312855724822603,0.011991091704973067,0.7299915826619325,0.0041212601630380135,test,isotonic
0.0025,2107,343087,985714,3243,345194,635.7163904235728,0.006103814087150993,0.3938317757009346,0.7418070877430104,0.012021315441142908,0.7404116925295563,0.0041564625934766754,test,isotonic
0.0026,1274,314438,1014363,4076,315712,581.4217311233886,0.004035323332657612,0.23813084112149532,0.7633671257020427,0.007936161862817773,0.7612609067489362,5.0117643237407994e-5,test,isotonic
0.0027,1165,302887,1025914,4185,304052,559.9484346224677,0.003831581440016839,0.2177570093457944,0.7720599246990332,0.007530655910433675,0.7698371473693757,-3.5353351194298985e-4,test,isotonic
0.0028,1113,294115,1034686,4237,295228,543.6979742173112,0.0037699676182475915,0.2080373831775701,0.7786613646437653,0.007405731623738263,0.7763731391724025,-4.75344750703997e-4,test,isotonic
0.0029,1081,286421,1042380,4269,287502,529.4696132596686,0.003759973843660218,0.20205607476635515,0.7844515469208708,0.007382568669498586,0.7821161172910712,-4.948938220149269e-4,test,isotonic
0.003,1045,278630,1050171,4305,279675,515.0552486187845,0.003736479842674533,0.19532710280373833,0.7903147273369,0.0073326901149022026,0.7879288026617677,-5.411106579305312e-4,test,isotonic
0.0031,1012,271257,1057544,4338,272269,501.4162062615101,0.0037169123183322375,0.1891588785046729,0.7958633384532372,0.00729056728826197,0.7934304287895448,-5.795174899019182e-4,test,isotonic
0.0032,976,263566,1065235,4374,264542,487.18600368324127,0.0036893952567078198,0.18242990654205607,0.8016512630559429,0.007232522638685104,0.7991681601258028,-6.335594964344117e-4,test,isotonic
0.0033,938,256071,1072730,4412,257009,473.31307550644567,0.0036496776377480944,0.1753271028037383,0.8072916862645347,0.007150507510700986,0.8047574824738729,-7.116202955355175e-4,test,isotonic
0.0034,907,247024,1081777,4443,247931,456.5948434622468,0.003658275891276202,0.16953271028037384,0.8141000796959064,0.007162005835416,0.8115153382188373,-6.941186922064269e-4,test,isotonic
0.0035,880,242684,1086117,4470,243564,448.5524861878453,0.0036130134174180094,0.16448598130841122,0.8173661819941436,0.007070715186771335,0.8147481057241647,-7.831337386994589e-4,test,isotonic
0.0036,859,238286,1090515,4491,239145,440.414364640884,0.0035919630349787787,0.1605607476635514,0.8206759326641084,0.007026728562956298,0.8180288438115326,-8.243254866320686e-4,test,isotonic
0.0037,839,234065,1094736,4511,234904,432.6040515653775,0.0035716718318972857,0.15682242990654205,0.8238524805444909,0.006984274975650771,0.821177662798289,-8.63989697862749e-4,test,isotonic
0.0038,817,229927,1098874,4533,230744,424.9429097605893,0.0035407204521027635,0.15271028037383177,0.8269665660998148,0.006920972155158539,0.8242627708557727,-9.246182180850217e-4,test,isotonic
0.0039,797,225669,1103132,4553,226466,417.0644567219153,0.003519292079164201,0.14897196261682244,0.8301709586311269,0.006876143148013941,0.8274393228352712,-9.664177626538765e-4,test,isotonic
0.004,768,221397,1107404,4582,222165,409.1436464088398,0.0034568901492134227,0.14355140186915888,0.8333858869763042,0.006751203217370284,0.8306196225164918,-0.0010888138179369828,test,isotonic
0.0041,740,217066,1111735,4610,217806,401.1160220994475,0.00339751889295979,0.1383177570093458,0.8366452162513424,0.006632131782250982,0.8338448946183753,-0.001205107727540166,test,isotonic
0.0042,720,212734,1116067,4630,213454,393.10128913443833,0.003373092094783888,0.13457943925233645,0.8399052980845138,0.006581232518601122,0.8370769125833583,-0.0012525492137310554,test,isotonic
0.0043,699,208472,1120329,4651,209171,385.2136279926335,0.0033417634375702177,0.13065420560747665,0.8431127008483588,0.0065168445047338016,0.84025571318389,-0.0013134936988722827,test,isotonic
0.0044,676,204136,1124665,4674,204812,377.18600368324127,0.003300587856180302,0.12635514018691588,0.8463757929140632,0.006433132535853293,0.8434884806892173,-0.001393678394194867,test,isotonic
0.0045,655,199909,1128892,4695,200564,369.36279926335175,0.0032657904708721405,0.12242990654205607,0.8495568561432449,0.006361879231135328,0.8466410473776956,-0.0014612417238347526,test,isotonic
0.0046,635,195828,1132973,4715,196463,361.81031307550643,0.0032321607630953412,0.11869158878504672,0.8526280458849745,0.006292954368648204,0.8496849307162383,-0.0015264350382459936,test,isotonic
0.0047,616,191687,1137114,4734,192303,354.1491712707182,0.003203278159987104,0.11514018691588786,0.8557443891146982,0.006233145967933703,0.8527745360157883,-0.0015821969211018143,test,isotonic
0.0048,597,187495,1141306,4753,188092,346.3941068139963,0.003173978691278736,0.11158878504672898,0.8588991128092167,0.006172392758552952,0.855902367872902,-0.0016386572740805436,test,isotonic
0.0049,577,183382,1145419,4773,183959,338.7826887661142,0.0031365684744970347,0.10785046728971963,0.8619943844112098,0.006095853868542965,0.8589702365024648,-0.0017109087450623845,test,isotonic
0.005,555,179331,1149470,4795,179886,331.2817679558011,0.0030852873486541476,0.10373831775700934,0.8650429974089423,0.005992355697596579,0.8619901345499872,-0.0018101879378658143,test,isotonic
0.0051,538,175291,1153510,4812,175829,323.81031307550643,0.0030597910469831483,0.1005607476635514,0.8680833322672094,0.0059388781260521365,0.8650055353554432,-0.001858847996378613,test,isotonic
0.0052,510,171238,1157563,4840,171748,316.29465930018415,0.002969466893355381,0.09532710280373832,0.8711334503812084,0.005759522975979402,0.8680224352415881,-0.0020340987699946048,test,isotonic
0.0053,485,167099,1161702,4865,167584,308.62615101289134,0.00289407103303418,0.09065420560747664,0.8742482884946655,0.005609076295002718,0.8711060442183831,-0.0021798324526002013,test,isotonic
0.0054,457,163102,1165699,4893,163559,301.2136279926335,0.002794098765583062,0.08542056074766355,0.8772562633532034,0.005411197745531618,0.8740809698452424,-0.002373288080941863,test,isotonic
0.0055,430,159077,1169724,4920,159507,293.7513812154696,0.0026958064536352637,0.08037383177570094,0.8802853098394718,0.005216642302116379,0.8770776321420889,-0.0025630575846397764,test,isotonic
0.0056,411,155027,1173774,4939,155438,286.25782688766117,0.0026441410723246567,0.07682242990654206,0.8833331702790711,0.005112321815060825,0.8800990292703,-0.0026615381630912963,test,isotonic
0.0057,395,151037,1177764,4955,151432,278.8802946593002,0.0026084315072111577,0.07383177570093458,0.8863358772306764,0.005038843744817645,0.8830777025988812,-0.002728699770512986,test,isotonic
0.0058,372,147043,1181758,4978,147415,271.48250460405154,0.002523488111793237,0.06953271028037383,0.8893415944148145,0.004870225509769908,0.8860541273064293,-0.0028913608527948932,test,isotonic
0.0059,321,140923,1187878,5029,141244,260.1178637200737,0.00227266290957492,0.06,0.893947250190209,0.0043794425419867115,0.8906030876564947,-0.0033740157404412337,test,isotonic
0.006,301,137648,1191153,5049,137949,254.04972375690608,0.002181965798954686,0.056261682242990656,0.8964118780765518,0.004201006287552599,0.8930428414774639,-0.003547034898052806,test,isotonic
0.0061,291,135709,1193092,5059,136000,250.46040515653775,0.002139705882352941,0.05439252336448598,0.8978710882968932,0.004117438981252211,0.8944887048017803,-0.0036270765787543434,test,isotonic
0.0062,285,133689,1195112,5065,133974,246.7292817679558,0.002127278427157508,0.05327102803738318,0.8993912557260267,0.004091183141454451,0.8959982790553693,-0.0036490718557128385,test,isotonic
0.0063,277,131697,1197104,5073,131974,243.04604051565377,0.002098898267840635,0.05177570093457944,0.9008903515274296,0.004034254755177536,0.8974853670986268,-0.0037019058128198393,test,isotonic
0.0064,268,129835,1198966,5082,130103,239.60036832412524,0.002059906381866675,0.05009345794392523,0.9022916147715121,0.0039570921278967615,0.89887426535677,-0.0037753019572830194,test,isotonic
0.0065,260,127800,1201001,5090,128060,235.8379373848987,0.002030298297672966,0.048598130841121495,0.9038230705726441,0.0038977587886964995,0.9003935836348359,-0.0038301886075924325,test,isotonic
0.0066,250,125710,1203091,5100,125960,231.9705340699816,0.001984757065735154,0.04672897196261682,0.9053959170711039,0.0038077831086741295,0.9019526275511542,-0.003915658551944732,test,isotonic
0.0067,241,123726,1205075,5109,123967,228.3001841620626,0.001944065759435979,0.045046728971962616,0.906888992407441,0.0037272748362550943,0.9034329697313123,-0.00399169569153971,test,isotonic
0.0068,232,121737,1207064,5118,121969,224.62062615101289,0.001902122670514639,0.04336448598130841,0.9083858305344442,0.003644389289893889,0.9049170596131922,-0.004069954824509605,test,isotonic
0.0069,224,119755,1209046,5126,119979,220.95580110497238,0.001866993390510006,0.041869158878504675,0.9098774007545147,0.003574591674712158,0.9063966522530058,-0.004134878050868534,test,isotonic
0.007,217,117699,1211102,5133,117916,217.15653775322284,0.0018402930899962685,0.0405607476635514,0.9114246602764448,0.003520841107848068,0.9079324604186483,-0.004183246239777771,test,isotonic
0.0071,204,115664,1213137,5146,115868,213.38489871086557,0.0017606241585252183,0.038130841121495326,0.9129561160775767,0.00336583675691729,0.9094480309949923,-0.00433349681421122,test,isotonic
0.0072,197,113743,1215058,5153,113940,209.8342541436464,0.0017289801649991224,0.036822429906542054,0.91440178025152,0.0033028753457959594,0.9108826512141429,-0.004391154157492828,test,isotonic
0.0073,190,111699,1217102,5160,111889,206.05709023941068,0.0016981115212398002,0.03551401869158879,0.915940009075851,0.0032412422487397537,0.9124094648956528,-0.004446893776279919,test,isotonic
0.0074,182,109689,1219112,5168,109871,202.34069981583795,0.0016564880632742034,0.034018691588785045,0.9174526509236522,0.0031591463361713575,0.9139100446651092,-0.004523134367793234,test,isotonic
0.0075,174,107656,1221145,5176,107830,198.58195211786372,0.0016136511174997682,0.03252336448598131,0.9189826016085177,0.0030747481887259233,0.9154278638624863,-0.004601384611950632,test,isotonic
0.0076,169,105643,1223158,5181,105812,194.865561694291,0.0015971723434015045,0.03158878504672897,0.9204975011307186,0.003040607401809971,0.916932940874009,-0.004628820976492426,test,isotonic
0.0077,162,103596,1225205,5188,103758,191.08287292817678,0.0015613253917770196,0.0302803738317757,0.9220379876294494,0.0029695347728855813,0.918462003176552,-0.004693083678082953,test,isotonic
0.0078,152,101623,1227178,5198,101775,187.43093922651934,0.001493490542864161,0.02841121495327103,0.9235227848263209,0.002837806301050175,0.9199333508725774,-0.004818453642545285,test,isotonic
0.0079,149,99582,1229219,5201,99731,183.66666666666666,0.001494018910870241,0.027850467289719627,0.9250587559762523,0.0028359075379944996,0.9214609140944315,-0.0048124782878429355,test,isotonic
0.008,135,97576,1231225,5215,97711,179.94659300184162,0.0013816254055326422,0.025233644859813085,0.9265683875915205,0.0026198076867098128,0.9229539984604441,-0.00502213053550986,test,isotonic
0.0081,127,95609,1233192,5223,95736,176.30939226519337,0.0013265647196456923,0.023738317757009346,0.9280486694395925,0.0025127119482420907,0.924422347995092,-0.005121808347548491,test,isotonic
0.0082,119,93697,1235104,5231,93816,172.77348066298342,0.0012684403513259998,0.022242990654205607,0.9294875605903367,0.002400016134562249,0.9258494728107988,-0.005227042258272575,test,isotonic
0.0083,113,91678,1237123,5237,91791,169.04419889502762,0.0012310575110849647,0.021121495327102804,0.9310069754613369,0.002326515065729198,0.9273582975240434,-0.005291968513545508,test,isotonic
0.0084,99,89713,1239088,5251,89812,165.39963167587476,0.0011023025876274884,0.01850467289719626,0.9324857521931426,0.002080662449296988,0.9288206507359362,-0.005530391489580838,test,isotonic
0.0085,86,87661,1241140,5264,87747,161.59668508287294,9.800904874240715e-4,0.016074766355140185,0.9340300014825396,0.001847535366338335,0.9303489634981348,-0.005755161109311526,test,isotonic
0.0086,75,85774,1243027,5275,85849,158.1012891344383,8.736269496441426e-4,0.014018691588785047,0.9354500786799528,0.0016447548766982093,0.9317551011841988,-0.005949763703875232,test,isotonic
0.0087,69,84096,1244705,5281,84165,155,8.198182142220639e-4,0.012897196261682243,0.9367128712275201,0.0015416410657431716,0.9330083326400085,-0.006044689740150778,test,isotonic
0.0088,41,80322,1248479,5309,80363,147.99815837937385,5.101850354018641e-4,0.007663551401869159,0.9395530256223468,9.5668101688192e-4,0.9358161107700702,-0.006612529224200401,test,isotonic
0.0089,41,79643,1249158,5309,79684,146.74769797421732,5.145324029918177e-4,0.007663551401869159,0.9400640125948129,9.643201542912248e-4,0.9363250486639069,-0.0066007780731499825,test,isotonic
0.009,41,78967,1249834,5309,79008,145.5027624309392,5.189347914135278e-4,0.007663551401869159,0.9405727418928793,9.720477014628135e-4,0.9368317379367103,-0.006588891019221469,test,isotonic
0.0091,41,78268,1250533,5309,78309,144.21546961325967,5.235668952483112e-4,0.007663551401869159,0.9410987800280102,9.80169497603366e-4,0.9373556666374346,-0.006576397608329057,test,isotonic
0.0092,41,77591,1251210,5309,77632,142.96869244935544,5.281327287716405e-4,0.007663551401869159,0.9416082618842099,9.881661083126461e-4,0.9378631054505824,-0.006564096869354423,test,isotonic
0.0093,41,76906,1251895,5309,76947,141.707182320442,5.328342885362652e-4,0.007663551401869159,0.9421237642054755,9.96391119967921e-4,0.9383765405864853,-0.00655144490218046,test,isotonic
0.0094,41,76230,1252571,5309,76271,140.4622467771639,5.37556869583459e-4,0.007663551401869159,0.942632493503542,0.001004643412847184,0.9388832298592887,-0.006538751080459723,test,isotonic
0.0095,39,75538,1253263,5311,75577,139.18416206261512,5.160300091297617e-4,0.007289719626168224,0.9431532637317401,9.63831601319708e-4,0.9394004126969137,-0.006575299021506901,test,isotonic
0.0096,39,74870,1253931,5311,74909,137.95395948434623,5.206316997957522e-4,0.007289719626168224,0.9436559725647407,9.718536238926476e-4,0.939901105646962,-0.0065627411037490774,test,isotonic
0.0097,38,74170,1254631,5312,74208,136.66298342541435,5.120741699008193e-4,0.007102803738317757,0.9441827632580048,9.552779104552651e-4,0.9404250343476863,-0.006574664534392414,test,isotonic
0.0098,38,73500,1255301,5312,73538,135.4290976058932,5.167396448094863e-4,0.007102803738317757,0.9446869772072718,9.633911368015415e-4,0.9409272263784234,-0.00656184485390889,test,isotonic
0.0099,38,72818,1255983,5312,72856,134.1731123388582,5.21576809047985e-4,0.007102803738317757,0.9452002218541377,9.717924455924097e-4,0.9414384128932932,-0.006548570100065614,test,isotonic
0.01,36,72155,1256646,5314,72191,132.94843462246777,4.986771204166724e-4,0.0067289719626168224,0.9456991678964721,9.285410299067589e-4,0.9419338590609309,-0.006587375199814133,test,isotonic
0.011,35,65240,1263561,5315,65275,120.21178637200737,5.361930294906167e-4,0.0065420560747663555,0.9509031073877879,9.911504424778763e-4,0.9471161810020006,-0.006469346619659443,test,isotonic
0.012,26,58449,1270352,5324,58475,107.68876611418048,4.4463445917058573e-4,0.00485981308411215,0.9560137296705827,8.147277712495104e-4,0.9521995636176115,-0.006581446228096257,test,isotonic
0.013,25,53329,1275472,5325,53354,98.25782688766114,4.685684297334783e-4,0.004672897196261682,0.9598668273127429,8.517307168165714e-4,0.9560364606405122,-0.00648470746176276,test,isotonic
0.014,20,49443,1279358,5330,49463,91.09208103130756,4.0434263995309624e-4,0.003738317757009346,0.9627912682184917,7.297538905004286e-4,0.9589454267170657,-0.006554971262006157,test,isotonic
0.015,20,45649,1283152,5330,45669,84.10497237569061,4.379338281985592e-4,0.003738317757009346,0.965646473775983,7.840216389972363e-4,0.9617891827836579,-0.006441293583550609,test,isotonic
0.016,17,41841,1286960,5333,41858,77.0865561694291,4.0613502795164606e-4,0.003177570093457944,0.9685122151473395,7.20216912387731e-4,0.9646411837940383,-0.006436735740334514,test,isotonic
0.017,17,37853,1290948,5333,37870,69.74217311233886,4.4890414576181676e-4,0.003177570093457944,0.9715134169826783,7.866728366496993e-4,0.967630350687441,-0.006284806057476216,test,isotonic
0.018,15,34032,1294769,5335,34047,62.70165745856354,4.4056745087672923e-4,0.002803738317757009,0.974388941609767,7.614793004543494e-4,0.9704928452626427,-0.006212557308734526,test,isotonic
0.019,13,30345,1298456,5337,30358,55.90791896869245,4.2822320310955926e-4,0.002429906542056075,0.9771636234470022,7.281281505544976e-4,0.973254901431697,-0.00613214561450764,test,isotonic
0.02,13,27868,1300933,5337,27881,51.34622467771639,4.6626735052544745e-4,0.002429906542056075,0.9790277099430238,7.824019740603654e-4,0.9751115128647357,-0.00598677704809254,test,isotonic
0.021,12,25423,1303378,5338,25435,46.84162062615101,4.717908393945351e-4,0.0022429906542056075,0.980867714578782,7.79600454766932e-4,0.9769433894664097,-0.005885704305797875,test,isotonic
0.022,11,23035,1305766,5339,23046,42.44198895027624,4.7730625705111513e-4,0.00205607476635514,0.9826648234009456,7.747570080292999e-4,0.9787325422684539,-0.005771855869228085,test,isotonic
0.023,10,20720,1308081,5340,20730,38.1767955801105,4.82392667631452e-4,0.001869158878504673,0.9844069954793833,7.668711656441719e-4,0.980466978625358,-0.005643966189666404,test,isotonic
0.024,10,19113,1309688,5340,19123,35.217311233885816,5.22930502536213e-4,0.001869158878504673,0.985616356399491,8.172271482858661e-4,0.9816714899587827,-0.005483965472074554,test,isotonic
0.025,10,17577,1311224,5340,17587,32.38858195211786,5.686018081537499e-4,0.001869158878504673,0.986772285692139,8.719536120678379e-4,0.9828227839277563,-0.005310117464728154,test,isotonic
0.026,9,16115,1312686,5341,16124,29.69429097605893,5.581741503349045e-4,0.0016822429906542056,0.9878725256829277,8.382229673093044e-4,0.9839178623709011,-0.005215153151441351,test,isotonic
0.027,9,14611,1314190,5341,14620,26.924493554327807,6.155950752393981e-4,0.0016822429906542056,0.9890043731153122,9.013520280420629e-4,0.9850451710488543,-0.004999489350478459,test,isotonic
0.028,9,13001,1315800,5341,13010,23.959484346224677,6.917755572636434e-4,0.0016822429906542056,0.9902159917098196,9.80392156862745e-4,0.9862519310033122,-0.004729561609540028,test,isotonic
0.029,9,11917,1316884,5341,11926,21.96316758747698,7.546536978031192e-4,0.0016822429906542056,0.9910317647262457,0.0010419078490391293,0.9870644327366243,-0.004519551862967541,test,isotonic
0.03,9,11372,1317429,5341,11381,20.959484346224677,7.907916703277392e-4,0.0016822429906542056,0.9914419089088584,0.0010758472296933835,0.9874729322243134,-0.004403711989242811,test,isotonic
0.031,9,10812,1317989,5341,10821,19.92817679558011,8.317161075686166e-4,0.0016822429906542056,0.9918633414634697,0.001113103704161771,0.9878926748171684,-0.0042765721057674375,test,isotonic
0.032,9,10279,1318522,5341,10288,18.94659300184162,8.74805598755832e-4,0.0016822429906542056,0.9922644549484836,0.0011510423327791277,0.9882921798207249,-0.004147127661305614,test,isotonic
0.033,9,9752,1319049,5341,9761,17.976058931860038,9.220366765700235e-4,0.0016822429906542056,0.9926610530846982,0.0011911852293031565,0.9886871875822152,-0.004010188005676084,test,isotonic
0.034,9,9246,1319555,5341,9255,17.044198895027623,9.724473257698541e-4,0.0016822429906542056,0.9930418475001148,0.0012324546388223212,0.9890664549964734,-0.003869432931557752,test,isotonic
0.035,8,8794,1320007,5342,8802,16.209944751381215,9.088843444671666e-4,0.0014953271028037382,0.9933820037763367,0.0011305822498586771,0.9894044976917905,-0.003876939147927099,test,isotonic
0.036,8,8333,1320468,5342,8341,15.360957642725598,9.591176117971466e-4,0.0014953271028037382,0.9937289330757577,0.001168650938572785,0.9897500357905514,-0.0037356951672507083,test,isotonic
0.037,8,7869,1320932,5342,7877,14.506445672191528,0.001015615081883966,0.0014953271028037382,0.9940781200495785,0.001209646934301051,0.9900978225103455,-0.0035836225797404144,test,isotonic
0.038,7,7422,1321379,5343,7429,13.681399631675875,9.42253331538565e-4,0.001308411214953271,0.9944145135351343,0.00109554738242429,0.9904321175039407,-0.003583590375219911,test,isotonic
0.039,7,6922,1321879,5343,6929,12.760589318600369,0.001010246788858421,0.001308411214953271,0.9947907926017515,0.0011401579933219318,0.9908068876761326,-0.0034009398255802487,test,isotonic
0.04,6,6477,1322324,5344,6483,11.939226519337016,9.254974548819991e-4,0.0011214953271028037,0.9951256809710408,0.0010141130736077072,0.991139683589039,-0.0033948026345712594,test,isotonic
0.041,5,6049,1322752,5345,6054,11.149171270718233,8.259002312520648e-4,9.345794392523365e-4,0.9954477758520651,8.76885303402315e-4,0.9914597373160909,-0.0033951615001183155,test,isotonic
0.042,5,5616,1323185,5345,5621,10.351749539594843,8.89521437466643e-4,9.345794392523365e-4,0.9957736335237556,9.114939385653086e-4,0.9917842882852091,-0.003210794328858343,test,isotonic
0.043,4,5207,1323594,5346,5211,9.596685082872929,7.676069852235655e-4,7.476635514018691e-4,0.9960814298002485,7.575040242401288e-4,0.9920901007457177,-0.0032124707234880354,test,isotonic
0.044,4,4765,1324036,5346,4769,8.78268876611418,8.38750262109457e-4,7.476635514018691e-4,0.9964140604951381,7.905919557268505e-4,0.9924213975779353,-0.0030005468702906934,test,isotonic
0.045,4,4332,1324469,5346,4336,7.985267034990792,9.225092250922509e-4,7.476635514018691e-4,0.9967399181668286,8.259343382201114e-4,0.9927459485470536,-0.0027742669341497416,test,isotonic
0.046,4,3953,1324848,5346,3957,7.287292817679558,0.0010108668182966893,7.476635514018691e-4,0.9970251376993244,8.595680670463092e-4,0.993030024337575,-0.0025590066065514856,test,isotonic
0.047,4,3692,1325109,5346,3696,6.806629834254144,0.0010822510822510823,7.476635514018691e-4,0.9972215553720986,8.84368781782003e-4,0.9932256543674591,-0.0024003286515541546,test,isotonic
0.048,4,3466,1325335,5346,3470,6.390423572744015,0.0011527377521613833,7.476635514018691e-4,0.9973916335102095,9.070294784580498e-4,0.9933950504852899,-0.0022553798132614335,test,isotonic
0.049,4,3293,1325508,5346,3297,6.071823204419889,0.001213224143160449,7.476635514018691e-4,0.9975218260672591,9.251763617439574e-4,0.9935247209648683,-0.0021393290043329313,test,isotonic
0.05,4,3095,1325706,5346,3099,5.707182320441989,0.0012907389480477573,7.476635514018691e-4,0.9976708325776396,9.468576162859508e-4,0.9936731299530562,-0.002000705306865556,test,isotonic
0.051,4,2920,1325881,5346,2924,5.384898710865562,0.0013679890560875513,7.476635514018691e-4,0.9978025302509556,9.668842156151801e-4,0.9938042995133235,-0.0018726897228430385,test,isotonic
0.052,4,2719,1326082,5346,2723,5.014732965009208,0.0014689680499449136,7.476635514018691e-4,0.9979537944357356,9.90957512696643e-4,0.9939549571225446,-0.0017188430193131627,test,isotonic
0.053,4,2527,1326274,5346,2531,4.661141804788214,0.0015804030027657052,7.476635514018691e-4,0.9980982855973167,0.0010150996066489023,0.9940988688686663,-0.0015645966528139881,test,isotonic
0.054,4,2403,1326398,5346,2407,4.432780847145488,0.0016618196925633569,7.476635514018691e-4,0.9981916028058377,0.00103132654376692,0.9941918118713698,-0.0014609435557242471,test,isotonic
0.055,3,2263,1326538,5347,2266,4.173112338858195,0.001323918799646955,5.607476635514019e-4,0.9982969609444906,7.878151260504202e-4,0.9942959979792392,-0.0016022352058494805,test,isotonic
0.056,3,2149,1326652,5347,2152,3.96316758747698,0.0013940520446096654,5.607476635514019e-4,0.9983827525716793,7.997867235403892e-4,0.994381445578499,-0.0015042893415597436,test,isotonic
0.057,3,2019,1326782,5347,2022,3.723756906077348,0.001483679525222552,5.607476635514019e-4,0.9984805851289997,8.138903960933262e-4,0.9944788858232689,-0.0013889214266344034,test,isotonic
0.058,3,1886,1326915,5347,1889,3.4788213627992635,0.0015881418740074113,5.607476635514019e-4,0.9985806753607199,8.288437629506839e-4,0.994578574689072,-0.0012666284902729727,test,isotonic
0.059,2,1751,1327050,5348,1753,3.2283609576427255,0.0011409013120365088,3.7383177570093456e-4,0.9986822707087065,5.631423342249754e-4,0.9946790130952193,-0.0014189994643749066,test,isotonic
0.06,2,1617,1327184,5348,1619,2.9815837937384897,0.0012353304508956147,3.7383177570093456e-4,0.99878311349856,5.739704405223131e-4,0.9947794515013668,-0.001291617631332627,test,isotonic
0.061,2,1514,1327287,5348,1516,2.7918968692449355,0.0013192612137203166,3.7383177570093456e-4,0.9988606269862831,5.825808330905914e-4,0.9948566541568383,-0.00119034613909577,test,isotonic
0.062,2,1382,1327419,5348,1384,2.548802946593002,0.001445086705202312,3.7383177570093456e-4,0.99895996465987,5.94000594000594e-4,0.994955593482297,-0.001056061050041261,test,isotonic
0.063,1,1275,1327526,5349,1276,2.3499079189686927,7.836990595611285e-4,1.8691588785046728e-4,0.9990404883801262,3.0184123151222455e-4,0.9950350447588017,-0.0012445457959548605,test,isotonic
0.064,1,1147,1327654,5349,1148,2.1141804788213627,8.710801393728223e-4,1.8691588785046728e-4,0.9991368158211802,3.077870113881194e-4,0.9951309859228827,-0.0011106925177160373,test,isotonic
0.065,1,1022,1327779,5349,1023,1.8839779005524862,9.775171065493646e-4,1.8691588785046728e-4,0.9992308855878345,3.138239447669857e-4,0.9952246784659308,-9.748221456719481e-4,test,isotonic
0.066,1,888,1327913,5349,889,1.6372007366482504,0.0011248593925759281,1.8691588785046728e-4,0.9993317283776878,3.2056419297964416e-4,0.9953251168720783,-8.231642342405237e-4,test,isotonic
0.067,1,741,1328060,5349,742,1.3664825046040516,0.0013477088948787063,1.8691588785046728e-4,0.9994423544232733,3.2829940906106366e-4,0.9954352993027026,-6.491733053291115e-4,test,isotonic
0.068,0,602,1328199,5350,602,1.1086556169429098,0,0,0.9995469600037928,NA,0.9955387358702276,-8.118294286327371e-4,test,isotonic
0.069,0,482,1328319,5350,482,0.8876611418047882,0,0,0.9996372669797811,NA,0.9956286807115536,-6.632790459854984e-4,test,isotonic
0.07,0,394,1328407,5350,394,0.7255985267034991,0,0,0.9997034920955057,NA,0.9956946402618594,-5.504267904348738e-4,test,isotonic
0.071,0,332,1328469,5350,332,0.6114180478821363,0,0,0.9997501506997661,NA,0.9957411117632112,-4.6883411978578205e-4,test,isotonic
0.072,0,327,1328474,5350,327,0.6022099447513812,0,0,0.9997539134904323,NA,0.9957448594649332,-4.621769950571012e-4,test,isotonic
0.073,0,323,1328478,5350,323,0.5948434622467772,0,0,0.9997569237229653,NA,0.9957478576263107,-4.5684291019618784e-4,test,isotonic
0.074,0,321,1328480,5350,321,0.5911602209944752,0,0,0.9997584288392317,NA,0.9957493567069994,-4.5417306738194046e-4,test,isotonic
0.075,0,318,1328483,5350,318,0.585635359116022,0,0,0.9997606865136315,NA,0.9957516053280325,-4.5016479707966016e-4,test,isotonic
0.076,0,316,1328485,5350,316,0.58195211786372,0,0,0.9997621916298979,NA,0.9957531044087213,-4.4749027666864957e-4,test,isotonic
0.077,0,311,1328490,5350,311,0.572744014732965,0,0,0.9997659544205642,NA,0.9957568521104433,-4.4079577050524984e-4,test,isotonic
0.078,0,305,1328496,5350,305,0.5616942909760589,0,0,0.9997704697693635,NA,0.9957613493525096,-4.327468553086273e-4,test,isotonic
0.079,0,299,1328502,5350,299,0.5506445672191529,0,0,0.9997749851181629,NA,0.9957658465945759,-4.246809719695809e-4,test,isotonic
0.08,0,297,1328504,5350,297,0.5469613259668509,0,0,0.9997764902344294,NA,0.9957673456752646,-4.2198856421434884e-4,test,isotonic
0.081,0,296,1328505,5350,296,0.5451197053406999,0,0,0.9997772427925626,NA,0.995768095215609,-4.206416504570159e-4,test,isotonic
0.082,0,294,1328507,5350,294,0.5414364640883977,0,0,0.999778747908829,NA,0.9957695942962977,-4.1794640201347577e-4,test,isotonic
0.083,0,290,1328511,5350,290,0.5340699815837937,0,0,0.999781758141362,NA,0.9957725924576754,-4.1255021412131245e-4,test,isotonic
0.084,0,288,1328513,5350,288,0.5303867403314917,0,0,0.9997832632576285,NA,0.995774091538364,-4.0984927074468275e-4,test,isotonic
0.085,0,282,1328519,5350,282,0.5193370165745856,0,0,0.9997877786064279,NA,0.9957785887804304,-4.017350185559452e-4,test,isotonic
0.086,0,279,1328522,5350,279,0.5138121546961326,0,0,0.9997900362808276,NA,0.9957808374014635,-3.976714551251407e-4,test,isotonic
0.087,0,274,1328527,5350,274,0.5046040515653776,0,0,0.9997937990714938,NA,0.9957845851031855,-3.90889289081678e-4,test,isotonic
0.088,0,269,1328532,5350,269,0.4953959484346225,0,0,0.99979756186216,NA,0.9957883328049074,-3.840951451833967e-4,test,isotonic
0.089,0,265,1328536,5350,265,0.4880294659300184,0,0,0.9998005720946929,NA,0.9957913309662849,-3.7865118470808843e-4,test,isotonic
0.09,0,262,1328539,5350,262,0.48250460405156537,0,0,0.9998028297690926,NA,0.9957935795873181,-3.745631604711839e-4,test,isotonic
0.091,0,259,1328542,5350,259,0.47697974217311234,0,0,0.9998050874434923,NA,0.9957958282083512,-3.7047079672749666e-4,test,isotonic
0.092,0,258,1328543,5350,258,0.47513812154696133,0,0,0.9998058400016255,NA,0.9957965777486956,-3.691057099267761e-4,test,isotonic
0.093,0,254,1328547,5350,254,0.4677716390423573,0,0,0.9998088502341584,NA,0.9957995759100732,-3.6364052826177957e-4,test,isotonic
0.094,0,251,1328550,5350,251,0.4622467771639042,0,0,0.9998111079085582,NA,0.9958018245311063,-3.595365585641433e-4,test,isotonic
0.095,0,246,1328555,5350,246,0.4530386740331492,0,0,0.9998148706992244,NA,0.9958055722328282,-3.5268690576450084e-4,test,isotonic
0.096,0,242,1328559,5350,242,0.44567219152854515,0,0,0.9998178809317573,NA,0.9958085703942058,-3.4719843188622113e-4,test,isotonic
0.097,0,237,1328564,5350,237,0.43646408839779005,0,0,0.9998216437224234,NA,0.9958123180959276,-3.403268729076103e-4,test,isotonic
0.098,0,231,1328570,5350,231,0.425414364640884,0,0,0.9998261590712229,NA,0.9958168153379939,-3.3206487466264377e-4,test,isotonic
0.099,0,230,1328571,5350,230,0.42357274401473294,0,0,0.9998269116293561,NA,0.9958175648783384,-3.306861608147024e-4,test,isotonic
0.1,0,227,1328574,5350,227,0.4180478821362799,0,0,0.9998291693037558,NA,0.9958198134993715,-3.2654707558425164e-4,test,isotonic
0.11,0,183,1328618,5350,183,0.3370165745856354,0,0,0.9998622818616181,NA,0.9958527932745244,-2.6532882068789124e-4,test,isotonic
0.12,0,172,1328629,5350,172,0.31675874769797424,0,0,0.9998705600010837,NA,0.9958610382183126,-2.4987300582090556e-4,test,isotonic
0.13,0,159,1328642,5350,159,0.292817679558011,0,0,0.9998803432568157,NA,0.9958707822427896,-2.3152808694829852e-4,test,isotonic
0.14,0,149,1328652,5350,149,0.27440147329650094,0,0,0.9998878688381481,NA,0.9958782776462335,-2.1735804913470056e-4,test,isotonic
0.15,0,141,1328660,5350,141,0.2596685082872928,0,0,0.999893889303214,NA,0.9958842739689885,-2.0598514879934034e-4,test,isotonic
0.16,0,130,1328671,5350,130,0.23941068139963168,0,0,0.9999021674426796,NA,0.9958925189127767,-1.9029361699176886e-4,test,isotonic
0.17,0,114,1328687,5350,114,0.20994475138121546,0,0,0.9999142083728113,NA,0.9959045115582869,-1.6735767304487065e-4,test,isotonic
0.18,0,96,1328705,5350,96,0.17679558011049723,0,0,0.9999277544192094,NA,0.9959180032844858,-1.413949147301725e-4,test,isotonic
0.19,0,86,1328715,5350,86,0.15837937384898712,0,0,0.9999352800005419,NA,0.9959254986879297,-1.2689745208033676e-4,test,isotonic
0.2,0,76,1328725,5350,76,0.13996316758747698,0,0,0.9999428055818742,NA,0.9959329940913735,-1.1234697502762762e-4,test,isotonic
0.21,0,63,1328738,5350,63,0.11602209944751381,0,0,0.9999525888376062,NA,0.9959427381158504,-9.335161896128999e-5,test,isotonic
0.22,0,47,1328754,5350,47,0.086556169429097607,0,0,0.999964629767738,NA,0.9959547307613605,-6.984809489409547e-5,test,isotonic
0.23,0,43,1328758,5350,43,0.07918968692449356,0,0,0.9999676400002709,NA,0.9959577289227382,-6.395059645477912e-5,test,isotonic
0.24,0,31,1328770,5350,31,0.0570902394106814,0,0,0.9999766706978698,NA,0.9959667234068708,-4.620591341491281e-5,test,isotonic
0.25,0,18,1328783,5350,18,0.03314917127071823,0,0,0.9999864539536018,NA,0.9959764674313477,-2.6893694618402563e-5,test,isotonic
0.26,0,6,1328795,5350,6,0.011049723756906077,0,0,0.9999954846512006,NA,0.9959854619154803,-8.984488879282589e-6,test,isotonic
0.27,0,3,1328798,5350,3,0.0055248618784530384,0,0,0.9999977423256003,NA,0.9959877105365135,-4.4947418771467e-6,test,isotonic
0.28,0,3,1328798,5350,3,0.0055248618784530384,0,0,0.9999977423256003,NA,0.9959877105365135,-4.4947418771467e-6,test,isotonic
0.29,0,2,1328799,5350,2,0.003683241252302026,0,0,0.9999984948837335,NA,0.9959884600768578,-2.9970499700387616e-6,test,isotonic
0.3,0,1,1328800,5350,1,0.001841620626151013,0,0,0.9999992474418667,NA,0.9959892096172023,-1.498802771388262e-6,test,isotonic
0.31,0,0,1328801,5350,0,0,NA,0,1,NA,0.9959899591575466,0,test,isotonic
0.32,0,0,1328801,5350,0,0,NA,0,1,NA,0.9959899591575466,0,test,isotonic
0.33,0,0,1328801,5350,0,0,NA,0,1,NA,0.9959899591575466,0,test,isotonic
0.34,0,0,1328801,5350,0,0,NA,0,1,NA,0.9959899591575466,0,test,isotonic
0.35,0,0,1328801,5350,0,0,NA,0,1,NA,0.9959899591575466,0,test,isotonic
0.36,0,0,1328801,5350,0,0,NA,0,1,NA,0.9959899591575466,0,test,isotonic
0.37,0,0,1328801,5350,0,0,NA,0,1,NA,0.9959899591575466,0,test,isotonic
0.38,0,0,1328801,5350,0,0,NA,0,1,NA,0.9959899591575466,0,test,isotonic
0.39,0,0,1328801,5350,0,0,NA,0,1,NA,0.9959899591575466,0,test,isotonic
0.4,0,0,1328801,5350,0,0,NA,0,1,NA,0.9959899591575466,0,test,isotonic
0.41,0,0,1328801,5350,0,0,NA,0,1,NA,0.9959899591575466,0,test,isotonic
0.42,0,0,1328801,5350,0,0,NA,0,1,NA,0.9959899591575466,0,test,isotonic
0.43,0,0,1328801,5350,0,0,NA,0,1,NA,0.9959899591575466,0,test,isotonic
0.44,0,0,1328801,5350,0,0,NA,0,1,NA,0.9959899591575466,0,test,isotonic
0.45,0,0,1328801,5350,0,0,NA,0,1,NA,0.9959899591575466,0,test,isotonic
0.46,0,0,1328801,5350,0,0,NA,0,1,NA,0.9959899591575466,0,test,isotonic
0.47,0,0,1328801,5350,0,0,NA,0,1,NA,0.9959899591575466,0,test,isotonic
0.48,0,0,1328801,5350,0,0,NA,0,1,NA,0.9959899591575466,0,test,isotonic
0.49,0,0,1328801,5350,0,0,NA,0,1,NA,0.9959899591575466,0,test,isotonic
0.5,0,0,1328801,5350,0,0,NA,0,1,NA,0.9959899591575466,0,test,isotonic
0.51,0,0,1328801,5350,0,0,NA,0,1,NA,0.9959899591575466,0,test,isotonic
0.52,0,0,1328801,5350,0,0,NA,0,1,NA,0.9959899591575466,0,test,isotonic
0.53,0,0,1328801,5350,0,0,NA,0,1,NA,0.9959899591575466,0,test,isotonic
0.54,0,0,1328801,5350,0,0,NA,0,1,NA,0.9959899591575466,0,test,isotonic
0.55,0,0,1328801,5350,0,0,NA,0,1,NA,0.9959899591575466,0,test,isotonic
0.56,0,0,1328801,5350,0,0,NA,0,1,NA,0.9959899591575466,0,test,isotonic
0.57,0,0,1328801,5350,0,0,NA,0,1,NA,0.9959899591575466,0,test,isotonic
0.58,0,0,1328801,5350,0,0,NA,0,1,NA,0.9959899591575466,0,test,isotonic
0.59,0,0,1328801,5350,0,0,NA,0,1,NA,0.9959899591575466,0,test,isotonic
0.6,0,0,1328801,5350,0,0,NA,0,1,NA,0.9959899591575466,0,test,isotonic
0.61,0,0,1328801,5350,0,0,NA,0,1,NA,0.9959899591575466,0,test,isotonic
0.62,0,0,1328801,5350,0,0,NA,0,1,NA,0.9959899591575466,0,test,isotonic
0.63,0,0,1328801,5350,0,0,NA,0,1,NA,0.9959899591575466,0,test,isotonic
0.64,0,0,1328801,5350,0,0,NA,0,1,NA,0.9959899591575466,0,test,isotonic
0.65,0,0,1328801,5350,0,0,NA,0,1,NA,0.9959899591575466,0,test,isotonic
0.66,0,0,1328801,5350,0,0,NA,0,1,NA,0.9959899591575466,0,test,isotonic
0.67,0,0,1328801,5350,0,0,NA,0,1,NA,0.9959899591575466,0,test,isotonic
0.68,0,0,1328801,5350,0,0,NA,0,1,NA,0.9959899591575466,0,test,isotonic
0.69,0,0,1328801,5350,0,0,NA,0,1,NA,0.9959899591575466,0,test,isotonic
0.7,0,0,1328801,5350,0,0,NA,0,1,NA,0.9959899591575466,0,test,isotonic
0.71,0,0,1328801,5350,0,0,NA,0,1,NA,0.9959899591575466,0,test,isotonic
0.72,0,0,1328801,5350,0,0,NA,0,1,NA,0.9959899591575466,0,test,isotonic
0.73,0,0,1328801,5350,0,0,NA,0,1,NA,0.9959899591575466,0,test,isotonic
0.74,0,0,1328801,5350,0,0,NA,0,1,NA,0.9959899591575466,0,test,isotonic
0.75,0,0,1328801,5350,0,0,NA,0,1,NA,0.9959899591575466,0,test,isotonic
0.76,0,0,1328801,5350,0,0,NA,0,1,NA,0.9959899591575466,0,test,isotonic
0.77,0,0,1328801,5350,0,0,NA,0,1,NA,0.9959899591575466,0,test,isotonic
0.78,0,0,1328801,5350,0,0,NA,0,1,NA,0.9959899591575466,0,test,isotonic
0.79,0,0,1328801,5350,0,0,NA,0,1,NA,0.9959899591575466,0,test,isotonic
0.8,0,0,1328801,5350,0,0,NA,0,1,NA,0.9959899591575466,0,test,isotonic
0.81,0,0,1328801,5350,0,0,NA,0,1,NA,0.9959899591575466,0,test,isotonic
0.82,0,0,1328801,5350,0,0,NA,0,1,NA,0.9959899591575466,0,test,isotonic
0.83,0,0,1328801,5350,0,0,NA,0,1,NA,0.9959899591575466,0,test,isotonic
0.84,0,0,1328801,5350,0,0,NA,0,1,NA,0.9959899591575466,0,test,isotonic
0.85,0,0,1328801,5350,0,0,NA,0,1,NA,0.9959899591575466,0,test,isotonic
0.86,0,0,1328801,5350,0,0,NA,0,1,NA,0.9959899591575466,0,test,isotonic
0.87,0,0,1328801,5350,0,0,NA,0,1,NA,0.9959899591575466,0,test,isotonic
0.88,0,0,1328801,5350,0,0,NA,0,1,NA,0.9959899591575466,0,test,isotonic
0.89,0,0,1328801,5350,0,0,NA,0,1,NA,0.9959899591575466,0,test,isotonic
0.9,0,0,1328801,5350,0,0,NA,0,1,NA,0.9959899591575466,0,test,isotonic
0.905,0,0,1328801,5350,0,0,NA,0,1,NA,0.9959899591575466,0,test,isotonic
0.91,0,0,1328801,5350,0,0,NA,0,1,NA,0.9959899591575466,0,test,isotonic
0.915,0,0,1328801,5350,0,0,NA,0,1,NA,0.9959899591575466,0,test,isotonic
0.92,0,0,1328801,5350,0,0,NA,0,1,NA,0.9959899591575466,0,test,isotonic
0.925,0,0,1328801,5350,0,0,NA,0,1,NA,0.9959899591575466,0,test,isotonic
0.93,0,0,1328801,5350,0,0,NA,0,1,NA,0.9959899591575466,0,test,isotonic
0.935,0,0,1328801,5350,0,0,NA,0,1,NA,0.9959899591575466,0,test,isotonic
0.94,0,0,1328801,5350,0,0,NA,0,1,NA,0.9959899591575466,0,test,isotonic
0.945,0,0,1328801,5350,0,0,NA,0,1,NA,0.9959899591575466,0,test,isotonic
0.95,0,0,1328801,5350,0,0,NA,0,1,NA,0.9959899591575466,0,test,isotonic
0.955,0,0,1328801,5350,0,0,NA,0,1,NA,0.9959899591575466,0,test,isotonic
0.96,0,0,1328801,5350,0,0,NA,0,1,NA,0.9959899591575466,0,test,isotonic
0.965,0,0,1328801,5350,0,0,NA,0,1,NA,0.9959899591575466,0,test,isotonic
0.97,0,0,1328801,5350,0,0,NA,0,1,NA,0.9959899591575466,0,test,isotonic
0.975,0,0,1328801,5350,0,0,NA,0,1,NA,0.9959899591575466,0,test,isotonic
0.98,0,0,1328801,5350,0,0,NA,0,1,NA,0.9959899591575466,0,test,isotonic
0.985,0,0,1328801,5350,0,0,NA,0,1,NA,0.9959899591575466,0,test,isotonic
0.99,0,0,1328801,5350,0,0,NA,0,1,NA,0.9959899591575466,0,test,isotonic
0.991,0,0,1328801,5350,0,0,NA,0,1,NA,0.9959899591575466,0,test,isotonic
0.992,0,0,1328801,5350,0,0,NA,0,1,NA,0.9959899591575466,0,test,isotonic
0.993,0,0,1328801,5350,0,0,NA,0,1,NA,0.9959899591575466,0,test,isotonic
0.994,0,0,1328801,5350,0,0,NA,0,1,NA,0.9959899591575466,0,test,isotonic
0.995,0,0,1328801,5350,0,0,NA,0,1,NA,0.9959899591575466,0,test,isotonic
0.996,0,0,1328801,5350,0,0,NA,0,1,NA,0.9959899591575466,0,test,isotonic
0.997,0,0,1328801,5350,0,0,NA,0,1,NA,0.9959899591575466,0,test,isotonic
0.998,0,0,1328801,5350,0,0,NA,0,1,NA,0.9959899591575466,0,test,isotonic
0.999,0,0,1328801,5350,0,0,NA,0,1,NA,0.9959899591575466,0,test,isotonic
