threshold,net_benefit,treat_all,treat_none,split,method
1e-4,0.003690845722301615,0.003690839907426233,0,validation,raw
2e-4,0.003591383655308528,0.0035911890612477402,0,validation,raw
3e-4,0.00349277118736528,0.0034915182789191663,0,validation,raw
4e-4,0.0033954615985230426,0.0033918275544572735,0,validation,raw
5e-4,0.0032995438802738055,0.003292116881876429,0,validation,raw
6e-4,0.0032050466442970077,0.003192386255188604,0,validation,raw
7e-4,0.0031118407465366817,0.003092635668403373,0,validation,raw
8e-4,0.0030198721899335136,0.0029928651155279127,0,validation,raw
9e-4,0.002929175591714734,0.002893074590567001,0,validation,raw
0.001,0.0028398339346650293,0.0027932640875230137,0,validation,raw
0.0011,0.0027512998088323254,0.002693433600395926,0,validation,raw
0.0012,0.002663513676729536,0.0025935831231833108,0,validation,raw
0.0013,0.0025766857978403316,0.0024937126498803352,0,validation,raw
0.0014,0.0024909839672485395,0.0023938221744797625,0,validation,raw
0.0015,0.0024062513015723048,0.0022939116909719485,0,validation,raw
0.0016,0.0023220289228319656,0.002193981193344842,0,validation,raw
0.0017,0.002238537631672995,0.002094030675583983,0,validation,raw
0.0018,0.0021561358715488895,0.001994060131672501,0,validation,raw
0.0019,0.0020745958847032207,0.0018940695555911137,0,validation,raw
0.002,0.001993678170207052,0.001794058941318127,0,validation,raw
0.0021,0.0019135086336649182,0.0016940282828294328,0,validation,raw
0.0022,0.001834247297343031,0.0015939775740985073,0,validation,raw
0.0023,0.001755706827371656,0.0014939068090964124,0,validation,raw
0.0024,0.0016779096328256075,0.0013938159817917916,0,validation,raw
0.0025,0.0016005555265793778,0.0012937050861508682,0,validation,raw
0.0026,0.0015236841027853705,0.0011935741161374484,0,validation,raw
0.0027,0.0014469981749769037,0.0010934230657129152,0,validation,raw
0.0028,0.001371719986037878,9.93251928836232e-4,0,validation,raw
0.0029,0.0012962717222653455,8.930606994639366e-4,0,validation,raw
0.003,0.0012219029049740965,7.928493715501409e-4,0,validation,raw
0.0031,0.0011477560516945252,6.926179390465354e-4,0,validation,raw
0.0032,0.001073999936293341,5.923663959023781e-4,0,validation,raw
0.0033,0.0010011644068868074,4.920947360645038e-4,0,validation,raw
0.0034,9.28237968239909e-4,3.9180295347731415e-4,0,validation,raw
0.0035,8.57009381350068e-4,2.9149104208278046e-4,0,validation,raw
0.0036,7.854410671585465e-4,1.9115899582044463e-4,0,validation,raw
0.0037,7.145970744251414e-4,9.0806808627412125e-05,0,validation,raw
0.0038,6.447966068149134e-4,-9.565525561643692e-6,0,validation,raw
0.0039,5.749563067057339e-4,-1.0995801281448586e-4,0,validation,raw
0.004,5.058721021473124e-4,-2.1037065920131472e-4,0,validation,raw
0.0041,4.370169839804125e-4,-3.1080347079476874e-4,0,validation,raw
0.0042,3.6875482428122205e-4,-4.112564536699224e-4,0,validation,raw
0.0043,3.001642993166985e-4,-5.117296139042979e-4,0,validation,raw
0.0044,2.328178390765866e-4,-6.12222957577852e-4,0,validation,raw
0.0045,1.6371466192363583e-4,-7.127364907729868e-4,0,validation,raw
0.0046,9.736900643863905e-5,-8.132702195745517e-4,0,validation,raw
0.0047,3.060873602970908e-5,-9.138241500698373e-4,0,validation,raw
0.0048,-3.5391965005758964e-5,-0.0010143982883485817,0,validation,raw
0.0049,-1.0087467474819345e-4,-0.001114992640502974,0,validation,raw
0.005,-1.6607927039204292e-4,-0.0012156072126276478,0,validation,raw
0.0051,-2.3078314286553324e-4,-0.0013162420108196902,0,validation,raw
0.0052,-2.9532917915142806e-4,-0.001416897041178638,0,validation,raw
0.0053,-3.592285770246547e-4,-0.0015175723098064834,0,validation,raw
0.0054,-4.223057656654026e-4,-0.0016182678228076706,0,validation,raw
0.0055,-4.879320980514909e-4,-0.0017189835862890983,0,validation,raw
0.0056,-5.511289183369318e-4,-0.0018197196063601262,0,validation,raw
0.0057,-6.139455351613005e-4,-0.0019204758891325658,0,validation,raw
0.0058,-6.75449943843992e-4,-0.0020212524407206885,0,validation,raw
0.0059,-7.374852449805662e-4,-0.0021220492672412326,0,validation,raw
0.006,-7.987294121682875e-4,-0.00222286637481339,0,validation,raw
0.0061,-8.605268011823834e-4,-0.0023237037695588185,0,validation,raw
0.0062,-9.224419369516777e-4,-0.0024245614576016393,0,validation,raw
0.0063,-9.822070828388652e-4,-0.0025254394450684404,0,validation,raw
0.0064,-0.0010421179485609416,-0.002626337738088274,0,validation,raw
0.0065,-0.0011027323503473422,-0.0027272563427926605,0,validation,raw
0.0066,-0.001162352703402755,-0.002828195265315592,0,validation,raw
0.0067,-0.0012225834697936248,-0.0029291545117935266,0,validation,raw
0.0068,-0.001281452452713733,-0.0030301340883653934,0,validation,raw
0.0069,-0.001340177241257331,-0.0031311340011726,0,validation,raw
0.007,-0.0013992606702012103,-0.0032321542563590227,0,validation,raw
0.0071,-0.0014566271678582272,-0.003333194860071014,0,validation,raw
0.0072,-0.00151433048069047,-0.0034342558184574023,0,validation,raw
0.0073,-0.0015734569676145375,-0.003535337137669496,0,validation,raw
0.0074,-0.0016322168744600236,-0.0036364388238610814,0,validation,raw
0.0075,-0.001689665113143397,-0.003737560883188421,0,validation,raw
0.0076,-0.0017463128070779187,-0.0038387033218102674,0,validation,raw
0.0077,-0.0018030124836046929,-0.003939866145887846,0,validation,raw
0.0078,-0.0018592205307928615,-0.004041049361584871,0,validation,raw
0.0079,-0.0019156285750290482,-0.004142252975067543,0,validation,raw
0.008,-0.0019710700763518906,-0.004243476992504545,0,validation,raw
0.0081,-0.0020262177189331082,-0.004344721420067052,0,validation,raw
0.0082,-0.0020835712607139415,-0.004445986263928725,0,validation,raw
0.0083,-0.0021384477707120484,-0.004547271530265715,0,validation,raw
0.0084,-0.0021936199564541368,-0.004648577225256663,0,validation,raw
0.0085,-0.0022482885804637177,-0.004749903355082713,0,validation,raw
0.0086,-0.0023036715492937908,-0.004851249925927486,0,validation,raw
0.0087,-0.0023586889579265,-0.00495261694397711,0,validation,raw
0.0088,-0.0024124075645596903,-0.005054004415420208,0,validation,raw
0.0089,-0.0024664820069193716,-0.005155412346447896,0,validation,raw
0.009,-0.0025210796049442755,-0.005256840743253792,0,validation,raw
0.0091,-0.0025749775555424553,-0.005358289612034019,0,validation,raw
0.0092,-0.0026275411955537244,-0.005459758958987192,0,validation,raw
0.0093,-0.002680963498988716,-0.005561248790314433,0,validation,raw
0.0094,-0.0027328867814043856,-0.005662759112219371,0,validation,raw
0.0095,-0.002784946980075425,-0.005764289930908136,0,validation,raw
0.0096,-0.0028366835162624182,-0.005865841252589366,0,validation,raw
0.0097,-0.0028892147636273347,-0.00596741308347421,0,validation,raw
0.0098,-0.0029432860085342326,-0.0060690054297763175,0,validation,raw
0.0099,-0.002995822371931568,-0.006170618297711858,0,validation,raw
0.01,-0.0030467881505732547,-0.006272251693499506,0,validation,raw
0.011,-0.003550616035199196,-0.007289716053149148,0,validation,raw
0.012,-0.004039058494724286,-0.008309240057251527,0,validation,raw
0.013,-0.004512959193030893,-0.009330829966124122,0,validation,raw
0.014,-0.00497025761720499,-0.010354492065481245,0,validation,raw
0.015,-0.005413545855337564,-0.011380232666562951,0,validation,raw
0.016,-0.005841963047359279,-0.012408058106264747,0,validation,raw
0.017,-0.006261942837574734,-0.013437974747268069,0,validation,raw
0.018,-0.006673823810861926,-0.014469988978171595,0,validation,raw
0.019,-0.007077282575484677,-0.015504107213623351,0,validation,raw
0.02,-0.007469904195627452,-0.01654033589445358,0,validation,raw
0.021,-0.007858439640141084,-0.017578681487808487,0,validation,raw
0.022,-0.008238627926710804,-0.018619150487284776,0,validation,raw
0.023,-0.008613821856873583,-0.019661749413065,0,validation,raw
0.024,-0.008980000963427374,-0.0207064848120538,0,validation,raw
0.025,-0.009350745473596983,-0.02175336325801488,0,validation,raw
0.026,-0.009705656060328085,-0.02280239135170894,0,validation,raw
0.027,-0.010058620920010301,-0.02385357572103238,0,validation,raw
0.028,-0.010404268849527297,-0.024906923021156904,0,validation,raw
0.029,-0.010748212816998823,-0.02596243993466994,0,validation,raw
0.03,-0.011086991714611518,-0.02702013317171599,0,validation,raw
0.031,-0.01142567596031573,-0.028080009470138813,0,validation,raw
0.032,-0.011763165609319457,-0.02914207559562449,0,validation,raw
0.033,-0.012094149581791207,-0.030206338341845412,0,validation,raw
0.034,-0.012424235378299947,-0.03127280453060508,0,validation,raw
0.035,-0.012750122583294594,-0.03234148101198395,0,validation,raw
0.036,-0.01307964129996869,-0.033412374664486,0,validation,raw
0.037,-0.013403142543991312,-0.034485492395186404,0,validation,raw
0.038,-0.013722806622214909,-0.03556084113987995,0,validation,raw
0.039,-0.014046717257658242,-0.0366384278632305,0,validation,raw
0.04,-0.014358691098617841,-0.037718259558921365,0,validation,raw
0.041,-0.014673673086167786,-0.03880034324980658,0,validation,raw
0.042,-0.014987547920168537,-0.03988468598806316,0,validation,raw
0.043,-0.015291570362935778,-0.04097129485534431,0,validation,raw
0.044,-0.015600425343402034,-0.042060176962933585,0,validation,raw
0.045,-0.01591514197233086,-0.04315133945190001,0,validation,raw
0.046,-0.01621714298241126,-0.0442447894932542,0,validation,raw
0.047,-0.016522926858132052,-0.045340534288105465,0,validation,raw
0.048,-0.01682897259589475,-0.04643858106781986,0,validation,raw
0.049,-0.0171268862062821,-0.0475389370941793,0,validation,raw
0.05,-0.017424866759742412,-0.04864160965954159,0,validation,raw
0.051,-0.01773368813283588,-0.049746606087001585,0,validation,raw
0.052,-0.018033267673922382,-0.05085393373055328,0,validation,raw
0.053,-0.01833654739302418,-0.05196359997525291,0,validation,raw
0.054,-0.018636539464548664,-0.0530756122373832,0,validation,raw
0.055,-0.01894338538910898,-0.05418997796461853,0,validation,raw
0.056,-0.019247143246025722,-0.055306704636191216,0,validation,raw
0.057,-0.019545422287431075,-0.056425799763058865,0,validation,raw
0.058,-0.019843138144157724,-0.05754727088807273,0,validation,raw
0.059,-0.02014060746879469,-0.058671125586147184,0,validation,raw
0.06,-0.020435093617230626,-0.059797371464430316,0,validation,raw
0.061,-0.02072033313475577,-0.060926016162475505,0,validation,raw
0.062,-0.021022206616995623,-0.06205706735241419,0,validation,raw
0.063,-0.0213099488551891,-0.06319053273912968,0,validation,raw
0.064,-0.02159921381298295,-0.06432642006043217,0,validation,raw
0.065,-0.021892063262457573,-0.06546473708723477,0,validation,raw
0.066,-0.022180444751449768,-0.06660549162373074,0,validation,raw
0.067,-0.022474868505044116,-0.06774869150757182,0,validation,raw
0.068,-0.02276232748335753,-0.06889434461004776,0,validation,raw
0.069,-0.023042410118813847,-0.07004245883626693,0,validation,raw
0.07,-0.02332802929518043,-0.0711930421253382,0,validation,raw
0.071,-0.023606425604320063,-0.07234610245055383,0,validation,raw
0.072,-0.023889200423872645,-0.07350164781957381,0,validation,raw
0.073,-0.02417122716564375,-0.07465968627461111,0,validation,raw
0.074,-0.024448221657060336,-0.07582022589261826,0,validation,raw
0.075,-0.024726271979019228,-0.07698327478547513,0,validation,raw
0.076,-0.02500594546643735,-0.07814884110017803,0,validation,raw
0.077,-0.02528603113770925,-0.0793169330190298,0,validation,raw
0.078,-0.02556953304253726,-0.08048755875983135,0,validation,raw
0.079,-0.025855071016207383,-0.08166072657607439,0,validation,raw
0.08,-0.026130767889009646,-0.08283644475713534,0,validation,raw
0.081,-0.026400059086089053,-0.08401472162847064,0,validation,raw
0.082,-0.026684358210130914,-0.0851955655518132,0,validation,raw
0.083,-0.026967392301077153,-0.08637898492537023,0,validation,raw
0.084,-0.027241869820688384,-0.08756498818402239,0,validation,raw
0.085,-0.02752568461449744,-0.08875358379952406,0,validation,raw
0.086,-0.027794867841036106,-0.08994478028070514,0,validation,raw
0.087,-0.02807088660391983,-0.09113858617367414,0,validation,raw
0.088,-0.028352223503563388,-0.09233501006202248,0,validation,raw
0.089,-0.028634381790556013,-0.09353406056703018,0,validation,raw
0.09,-0.02890250897737916,-0.09473574634787307,0,validation,raw
0.091,-0.02917571339578375,-0.09594007610183114,0,validation,raw
0.092,-0.029453977340892182,-0.09714705856449835,0,validation,raw
0.093,-0.02971926715823392,-0.09835670250999394,0,validation,raw
0.094,-0.029985103111755708,-0.09956901675117495,0,validation,raw
0.095,-0.030263782768184443,-0.10078401013985028,0,validation,raw
0.096,-0.030542049894378982,-0.10200169156699614,0,validation,raw
0.097,-0.03079984359114974,-0.10322206996297287,0,validation,raw
0.098,-0.03107677337106444,-0.10444515429774336,0,validation,raw
0.099,-0.03134023758238612,-0.10567095358109269,0,validation,raw
0.1,-0.0316135951056586,-0.10689947686284945,0,validation,raw
0.11,-0.034271429320200775,-0.11933654963658932,0,validation,raw
0.12,-0.03684522640566596,-0.13205628315518692,0,validation,raw
0.13,-0.03935748428611887,-0.14506842434087874,0,validation,raw
0.14,-0.04185223773774758,-0.15838317346112152,0,validation,raw
0.15,-0.04432279157553884,-0.17201121079595827,0,validation,raw
0.16,-0.04668993235188945,-0.18596372521019583,0,validation,raw
0.17,-0.049003969830131625,-0.2002524447910416,0,validation,raw
0.18,-0.051233835205960636,-0.21488966972751766,0,validation,raw
0.19,-0.05341047953990567,-0.22988830762538826,0,validation,raw
0.2,-0.05558183168073278,-0.24526191147070564,0,validation,raw
0.21,-0.05763256542224409,-0.2610247204766639,0,validation,raw
0.22,-0.05966512433122746,-0.2771917040725186,0,validation,raw
0.23,-0.061657715503869344,-0.29377860932021366,0,validation,raw
0.24,-0.06359822727665412,-0.310802012074427,0,validation,raw
0.25,-0.06553601059095564,-0.3282793722354193,0,validation,raw
0.26,-0.06734327613448493,-0.34622909348184394,0,validation,raw
0.27,-0.06911820234114378,-0.3646705879131021,0,validation,raw
0.28,-0.0709037943470178,-0.3836243460785619,0,validation,raw
0.29,-0.07254953911818175,-0.40311201292473875,0,validation,raw
0.3,-0.0741290223236848,-0.423156470252235,0,validation,raw
0.31,-0.0757432035501792,-0.4437819263428472,0,validation,raw
0.32,-0.07724944021000907,-0.46501401349494786,0,validation,raw
0.33,-0.07869720351268655,-0.48687989429337997,0,validation,raw
0.34,-0.08012019184180358,-0.5094083775402493,0,validation,raw
0.35,-0.08141711142556451,-0.5326300448870223,0,validation,raw
0.36,-0.08261982472147307,-0.556577389338382,0,validation,raw
0.37,-0.0837943413383846,-0.5812849669469278,0,validation,raw
0.38,-0.08494095608594014,-0.6067895631880073,0,validation,raw
0.39,-0.08602574257411225,-0.6331303756992861,0,validation,raw
0.4,-0.08709883252007795,-0.66034921529427415,0,validation,raw
0.41,-0.08788134873066888,-0.6884907274179057,0,validation,raw
0.42,-0.08884322279547743,-0.717602636511318,0,validation,raw
0.43,-0.08969392109935775,-0.7477360160992358,0,validation,raw
0.44,-0.09040057273966222,-0.7789455878152937,0,validation,raw
0.45,-0.09107233832508557,-0.8112900530482989,0,validation,raw
0.46,-0.09168665639972111,-0.8448324614380823,0,validation,raw
0.47,-0.09202774556288965,-0.8796406210878575,0,validation,raw
0.48,-0.0923051464048928,-0.9157875561087777,0,validation,raw
0.49,-0.09254137771698641,-0.9533520179932636,0,validation,raw
0.5,-0.09276478507247739,-0.9924190583531289,0,validation,raw
0.51,-0.09292205389985161,-1.0330806717889072,0,validation,raw
0.52,-0.09305289067193831,-1.0754365191178428,0,validation,raw
0.53,-0.09318025474209717,-1.1195947429288609,0,validation,raw
0.54,-0.09312035136210961,-1.1656728895142707,0,validation,raw
0.55,-0.09297226085992877,-1.2137989537256992,0,validation,raw
0.56,-0.09263833439657616,-1.264112566310374,0,validation,raw
0.57,-0.0923350579624538,-1.3167663469222426,0,validation,raw
0.58,-0.09210370225545525,-1.3719274504203913,0,validation,raw
0.59,-0.09172017614794348,-1.429779339455035,0,validation,raw
0.6,-0.09130785779137426,-1.490523822941411,0,validation,raw
0.61,-0.09070621623453407,-1.5543834081450372,0,validation,raw
0.62,-0.08987835419298693,-1.6216040241488539,0,validation,raw
0.63,-0.08934517176275418,-1.6924581869636877,0,validation,raw
0.64,-0.08890623237387585,-1.7672486921571235,0,validation,raw
0.65,-0.08802038707847187,-1.8463129405044703,0,validation,raw
0.66,-0.08721397829348704,-1.9300280269898957,0,validation,raw
0.67,-0.08628002034595443,-2.018816755080499,0,validation,raw
0.68,-0.08521291488324458,-2.1131547786767646,0,validation,raw
0.69,-0.08406672036590503,-2.213579126376014,0,validation,raw
0.7,-0.08291179719751147,-2.320698430588548,0,validation,raw
0.71,-0.08174423502199174,-2.435205273022636,0,validation,raw
0.72,-0.08048480968418173,-2.5578911756305875,0,validation,raw
0.73,-0.07945676626995306,-2.6896649228761644,0,validation,raw
0.74,-0.07788243502529216,-2.8315751122175556,0,validation,raw
0.75,-0.07655409303760952,-2.9848381167062583,0,validation,raw
0.76,-0.07483552263772045,-3.150873038235686,0,validation,raw
0.77,-0.07265443409733903,-3.3313457790285415,0,validation,raw
0.78,-0.07101770838034575,-3.528225132620748,0,validation,raw
0.79,-0.06932200888244845,-3.7438549008407844,0,validation,raw
0.8,-0.0671729572828474,-3.9810476458828234,0,validation,raw
0.81,-0.06466822169540505,-4.243208048297709,0,validation,raw
0.82,-0.06254835925165594,-4.534497384314245,0,validation,raw
0.83,-0.06033169349265016,-4.86005605397979,0,validation,raw
0.84,-0.05811496196111579,-5.2263095573535265,0,validation,raw
0.85,-0.055719548393541055,-5.641396861177095,0,validation,raw
0.86,-0.05326785546565766,-6.115782351261174,0,validation,raw
0.87,-0.05052722550609279,-6.66315022443511,0,validation,raw
0.88,-0.047964178000808044,-7.301746076471371,0,validation,raw
0.89,-0.04613843624832636,-8.056450265241496,0,validation,raw
0.9,-0.04454641817279181,-8.962095291765646,0,validation,raw
0.905,-0.04308131086615761,-9.486416096595418,0,validation,raw
0.91,-0.040988022062503154,-10.068994768628498,0,validation,raw
0.915,-0.039248704083868935,-10.720112107959586,0,validation,raw
0.92,-0.03854316216953582,-11.452619114707062,0,validation,raw
0.925,-0.03688869806085926,-12.282793722354201,0,validation,raw
0.93,-0.03542085567203309,-13.231564702522359,0,validation,raw
0.935,-0.03382008242532336,-14.326300448870235,0,validation,raw
0.94,-0.031809392615253396,-15.603492152942726,0,validation,raw
0.945,-0.02915033684264451,-17.112900530482975,0,validation,raw
0.95,-0.026188910804295393,-18.92419058353127,0,validation,raw
0.955,-0.02219916383530545,-21.13798953725697,0,validation,raw
0.96,-0.018413414017809604,-23.905238229414092,0,validation,raw
0.965,-0.01523184647203484,-27.463129405044672,0,validation,raw
0.97,-0.011987876456740916,-32.20698430588546,0,validation,raw
0.975,-0.007180650037792889,-38.84838116706255,0,validation,raw
0.98,-0.0038061246852455614,-48.810476458828184,0,validation,raw
0.985,-7.342406609805871e-4,-65.41396861177091,0,validation,raw
0.99,0,-98.62095291765637,0,validation,raw
0.991,0,-109.68994768628485,0,validation,raw
0.992,0,-123.52619114707045,0,validation,raw
0.993,0,-141.31564702522334,0,validation,raw
0.994,0,-165.03492152942724,0,validation,raw
0.995,0,-198.2419058353127,0,validation,raw
0.996,0,-248.05238229414087,0,validation,raw
0.997,0,-331.06984305885453,0,validation,raw
0.998,0,-497.1047645882818,0,validation,raw
0.999,0,-995.2095291765636,0,validation,raw
1e-4,0.003910436908064479,0.003910431885641715,0,test,raw
2e-4,0.003811086236042682,0.003810803003053762,0,test,raw
3e-4,0.0037127167745174506,0.003711154188709764,0,test,raw
4e-4,0.003615735531337868,0.003611485436627802,0,test,raw
5e-4,0.0035203206531043557,0.003511796740823563,0,test,raw
6e-4,0.003426212063364889,0.003412088095310337,0,test,raw
7e-4,0.0033335104380231915,0.0033123594940990203,0,test,raw
8e-4,0.0032420080355297773,0.0032126109311981094,0,test,raw
9e-4,0.003151804469491308,0.0031128424006137034,0,test,raw
0.001,0.00306267961953113,0.0030130538963495006,0,test,raw
0.0011,0.0029746908374171845,0.0029132454124067985,0,test,raw
0.0012,0.0028877267987773335,0.002813416942784493,0,test,raw
0.0013,0.002801793515356506,0.002713568481479074,0,test,raw
0.0014,0.002716808281431166,0.0026137000224846297,0,test,raw
0.0015,0.0026326540526938726,0.00251381155979284,0,test,raw
0.0016,0.0025493260488774487,0.0024139030873929794,0,test,raw
0.0017,0.002466894869799328,0.0023139745992719132,0,test,raw
0.0018,0.002385421832507618,0.002214026089414096,0,test,raw
0.0019,0.002304439072050757,0.002114057551801574,0,test,raw
0.002,0.002223319915795106,0.002014068980413979,0,test,raw
0.0021,0.002143942642747038,0.001914060369228531,0,test,raw
0.0022,0.002065094224382412,0.001814031712220035,0,test,raw
0.0023,0.0019870115443525447,0.001713983003360881,0,test,raw
0.0024,0.0019095318665114914,0.001613914236621042,0,test,raw
0.0025,0.0018327257050215462,0.0015138254059680711,0,test,raw
0.0026,0.0017565107483979428,0.0014137165053671056,0,test,raw
0.0027,0.0016809721770020651,0.0013135875287808591,0,test,raw
0.0028,0.0016063743975192534,0.0012134384701696262,0,test,raw
0.0029,0.0015321611192731367,0.001113269323491276,0,test,raw
0.003,0.001458507024930051,0.0010130800827012547,0,test,raw
0.0031,0.0013853855913411811,9.128707417525844e-4,0,test,raw
0.0032,0.0013128927016165448,8.126412945958579e-4,0,test,raw
0.0033,0.00124073728681642,7.123917351792427e-4,0,test,raw
0.0034,0.0011692797784293406,6.121220574484762e-4,0,test,raw
0.0035,0.001098108947959114,5.11832255346865e-4,0,test,raw
0.0036,0.0010280070696464748,4.115223228152863e-4,0,test,raw
0.0037,9.580803283617879e-4,3.111922537921818e-4,0,test,raw
0.0038,8.885497565686708e-4,2.1084204221356265e-4,0,test,raw
0.0039,8.194502379281579e-4,1.1047168201300164e-4,0,test,raw
0.004,7.505337111052787e-4,1.0081167121637168e-5,0,test,raw
0.0041,6.82473380017657e-4,-9.032950853183046e-5,0,test,raw
0.0042,6.146589109952368e-4,-1.907603510211374e-4,0,test,raw
0.0043,5.473911879189382e-4,-2.912113664224657e-4,0,test,raw
0.0044,4.803195460873779e-4,-3.916825608144322e-4,0,test,raw
0.0045,4.135625555403144e-4,-4.921739402780996e-4,0,test,raw
0.0046,3.4691293376271906e-4,-5.926855108969748e-4,0,test,raw
0.0047,2.808071228727503e-4,-6.932172787570065e-4,0,test,raw
0.0048,2.1589292520702566e-4,-7.937692499465918e-4,0,test,raw
0.0049,1.515544815837793e-4,-8.943414305565764e-4,0,test,raw
0.005,8.734216605987919e-5,-9.949338266802502e-4,0,test,raw
0.0051,2.365787094422457e-5,-0.0010955464444133579,0,test,raw
0.0052,-4.032930906448448e-5,-0.0011961792898540899,0,test,raw
0.0053,-1.0352721767418506e-4,-0.0012968323691030957,0,test,raw
0.0054,-1.6696874054413294e-4,-0.0013975056882634725,0,test,raw
0.0055,-2.302012122136982e-4,-0.0014981992534407731,0,test,raw
0.0056,-2.923249553735711e-4,-0.00159891307074301,0,test,raw
0.0057,-3.537467829790421e-4,-0.0016996471462806494,0,test,raw
0.0058,-4.143876993143057e-4,-0.0018004014861666149,0,test,raw
0.0059,-4.751647715854771e-4,-0.001901176096516295,0,test,raw
0.006,-5.356061471761195e-4,-0.002001970983447535,0,test,raw
0.0061,-5.957442282190839e-4,-0.0021027861530806416,0,test,raw
0.0062,-6.556550236018555e-4,-0.002203621611538387,0,test,raw
0.0063,-7.155946224008712e-4,-0.0023044773649460093,0,test,raw
0.0064,-7.752600790029282e-4,-0.0024053534194312083,0,test,raw
0.0065,-8.337981850898672e-4,-0.0025062497811241553,0,test,raw
0.0066,-8.915621683647556e-4,-0.0026071664561574887,0,test,raw
0.0067,-9.498336274847566e-4,-0.002708103450666314,0,test,raw
0.0068,-0.001007775557958051,-0.002809060770788209,0,test,raw
0.0069,-0.0010662481221307652,-0.002910038422663225,0,test,raw
0.007,-0.001124191254365828,-0.0030110364124338864,0,test,raw
0.0071,-0.001181896261640161,-0.00311205474624519,0,test,raw
0.0072,-0.0012386217608940922,-0.00321309343024461,0,test,raw
0.0073,-0.0012951552776065455,-0.0033141524705820984,0,test,raw
0.0074,-0.0013515635070945478,-0.003415231873410084,0,test,raw
0.0075,-0.0014069759629227263,-0.003516331644883474,0,test,raw
0.0076,-0.0014625755664649425,-0.0036174517911596628,0,test,raw
0.0077,-0.0015179922495720073,-0.0037185923183985182,0,test,raw
0.0078,-0.0015731946820218036,-0.0038197532327623957,0,test,raw
0.0079,-0.0016276719239331989,-0.003920934540416137,0,test,raw
0.008,-0.001682270766807094,-0.004022136247527065,0,test,raw
0.0081,-0.0017370610705165716,-0.004123358360264995,0,test,raw
0.0082,-0.001791259949037705,-0.004224600884802227,0,test,raw
0.0083,-0.0018451991767898697,-0.004325863827313551,0,test,raw
0.0084,-0.0018986237891710526,-0.0044271471939762485,0,test,raw
0.0085,-0.0019521530690592964,-0.004528450990970095,0,test,raw
0.0086,-0.0020047778828542013,-0.004629775224477353,0,test,raw
0.0087,-0.002057611719497009,-0.0047311199006827885,0,test,raw
0.0088,-0.002111485397923549,-0.004832485025773658,0,test,raw
0.0089,-0.0021637521325815288,-0.004933870605939712,0,test,raw
0.009,-0.0022185781552308643,-0.005035276647373206,0,test,raw
0.0091,-0.0022717642731964584,-0.005136703156268897,0,test,raw
0.0092,-0.002323900665252521,-0.00523815013882403,0,test,raw
0.0093,-0.0023759290269325297,-0.005339617601238365,0,test,raw
0.0094,-0.0024275945604946498,-0.005441105549714162,0,test,raw
0.0095,-0.0024789978010397026,-0.0055426139904561815,0,test,raw
0.0096,-0.002529902091661835,-0.005644142929671698,0,test,raw
0.0097,-0.0025813675216566504,-0.005745692373570483,0,test,raw
0.0098,-0.002631835380618762,-0.005847262328364825,0,test,raw
0.0099,-0.0026821772434833463,-0.005948852800269519,0,test,raw
0.01,-0.0027325439643835388,-0.006050463795501869,0,test,raw
0.011,-0.003230831887491608,-0.007067703900451818,0,test,raw
0.012,-0.0037116327480998185,-0.00808700319589762,0,test,raw
0.013,-0.004176917228913624,-0.009108367940776949,0,test,raw
0.014,-0.004630670890163828,-0.01013180441941871,0,test,raw
0.015,-0.00506980718439899,-0.011157318941671927,0,test,raw
0.016,-0.005499005783483769,-0.012184917843035416,0,test,raw
0.017,-0.005917545531123692,-0.013214607484788251,0,test,raw
0.018,-0.0063275966889069024,-0.014246394254121025,0,test,raw
0.019,-0.006730438307943126,-0.01528028456426794,0,test,raw
0.02,-0.007125574119222408,-0.016316284854639644,0,test,raw
0.021,-0.00751522530238362,-0.017354401590956945,0,test,raw
0.022,-0.007893177913552488,-0.018394641265385325,0,test,raw
0.023,-0.008264510857294042,-0.019437010396670264,0,test,raw
0.024,-0.008633009085866616,-0.02048151553027341,0,test,raw
0.025,-0.00899563727159704,-0.02152816323850959,0,test,raw
0.026,-0.009352091831737575,-0.02257696012068465,0,test,raw
0.027,-0.009701939288814382,-0.02362791280323417,0,test,raw
0.028,-0.010051366863468508,-0.02468102793986301,0,test,raw
0.029,-0.010397964848674474,-0.025736312211685736,0,test,raw
0.03,-0.010741948582506005,-0.026793772327367887,0,test,raw
0.031,-0.011084411462998493,-0.027853415023268168,0,test,raw
0.032,-0.01141974890509965,-0.028915247063581454,0,test,raw
0.033,-0.011752026006969531,-0.029979275240482783,0,test,raw
0.034,-0.012082387059986394,-0.031045506374272103,0,test,raw
0.035,-0.012407389872823704,-0.032113947313520054,0,test,raw
0.036,-0.01272928505224876,-0.03318460493521457,0,test,raw
0.037,-0.013052287740617834,-0.034257486144908464,0,test,raw
0.038,-0.013374526761692084,-0.03533259787686783,0,test,raw
0.039,-0.01369100487575526,-0.03640994709422149,0,test,raw
0.04,-0.014003849639208758,-0.037489540789111306,0,test,raw
0.041,-0.014308066297842328,-0.03857138598284344,0,test,raw
0.042,-0.014611860257907696,-0.039655489726040556,0,test,raw
0.043,-0.014916439484081997,-0.04074185909879503,0,test,raw
0.044,-0.01521946373499422,-0.041830501210823066,0,test,raw
0.045,-0.0155226587399989,-0.04292142320161974,0,test,raw
0.046,-0.015814344306184423,-0.04401463224061515,0,test,raw
0.047,-0.016115518522379475,-0.04511013552733143,0,test,raw
0.048,-0.016411815706119062,-0.04620794029154081,0,test,raw
0.049,-0.016700648705730108,-0.04730805379342466,0,test,raw
0.05,-0.016989673188180506,-0.04841048332373353,0,test,raw
0.051,-0.017282295467920733,-0.0495152362039482,0,test,raw
0.052,-0.017571825343930623,-0.05062231978644183,0,test,raw
0.053,-0.01785804327513048,-0.051731741454642925,0,test,raw
0.054,-0.01814320560305399,-0.052843508623199635,0,test,raw
0.055,-0.018424010999064346,-0.05395762873814482,0,test,raw
0.056,-0.01870772028714408,-0.05507410927706234,0,test,raw
0.057,-0.018988173106236027,-0.056192957749254355,0,test,raw
0.058,-0.019260787048457188,-0.05731418169590961,0,test,raw
0.059,-0.019535825977779697,-0.05843778869027295,0,test,raw
0.06,-0.019810941365739375,-0.05956378633781579,0,test,raw
0.061,-0.020087482469586387,-0.06069218227640772,0,test,raw
0.062,-0.02036397394649543,-0.061822984176489175,0,test,raw
0.063,-0.02064138516041164,-0.0629561997412453,0,test,raw
0.064,-0.020914219226854006,-0.06409183670678083,0,test,raw
0.065,-0.02118563758689422,-0.06522990284229609,0,test,raw
0.066,-0.021459840823278935,-0.06637040595026429,0,test,raw
0.067,-0.02173392649272946,-0.06751335386660968,0,test,raw
0.068,-0.022003982452610725,-0.06865875446088718,0,test,raw
0.069,-0.02227410007515362,-0.06980661563646279,0,test,raw
0.07,-0.02253851696414916,-0.07095694533069555,0,test,raw
0.071,-0.022801490075554542,-0.07210975151512039,0,test,raw
0.072,-0.023067207483286733,-0.07326504219563236,0,test,raw
0.073,-0.02333553899527425,-0.07442282541267188,0,test,raw
0.074,-0.02360356938753098,-0.07558310924141128,0,test,raw
0.075,-0.023864533993447432,-0.07674590179194253,0,test,raw
0.076,-0.02412241147661651,-0.07791121120946627,0,test,raw
0.077,-0.02438167280372516,-0.07907904567448194,0,test,raw
0.078,-0.02464446378908893,-0.08024941340297922,0,test,raw
0.079,-0.024899870219734326,-0.08142232264663066,0,test,raw
0.08,-0.025158223893110593,-0.08259778169298569,0,test,raw
0.081,-0.025409533490420515,-0.08377579886566577,0,test,raw
0.082,-0.025667777209482493,-0.08495638252456084,0,test,raw
0.083,-0.025925676051898355,-0.08613954106602709,0,test,raw
0.084,-0.026180468844948086,-0.08732528292308608,0,test,raw
0.085,-0.02643294163788483,-0.08851361656562497,0,test,raw
0.086,-0.026686429404935475,-0.08970455050059829,0,test,raw
0.087,-0.026938962704122788,-0.09089809327223092,0,test,raw
0.088,-0.02718507875045628,-0.09209425346222241,0,test,raw
0.089,-0.02743517839550976,-0.09329303968995262,0,test,raw
0.09,-0.027687336674850082,-0.09449446061268883,0,test,raw
0.091,-0.027943345591500825,-0.0956985249257941,0,test,raw
0.092,-0.028188396285361263,-0.09690524136293704,0,test,raw
0.093,-0.028443490050674605,-0.09811461869630302,0,test,raw
0.094,-0.028688896600384983,-0.09932666573680668,0,test,raw
0.095,-0.028937301161388745,-0.1005413913343059,0,test,raw
0.096,-0.029182544070335593,-0.1017588043778173,0,test,raw
0.097,-0.029431403019340916,-0.10297891379573294,0,test,raw
0.098,-0.029675849511451177,-0.10420172855603863,0,test,raw
0.099,-0.029911444819782803,-0.10542725766653369,0,test,raw
0.1,-0.030155423852988826,-0.10665551017505205,0,test,raw
0.11,-0.03255545952175166,-0.11908984175005263,0,test,raw
0.12,-0.03488773009951647,-0.13180677176993957,0,test,raw
0.13,-0.037174332151153136,-0.14481604500867454,0,test,raw
0.14,-0.03942470651965706,-0.1581278594855196,0,test,raw
0.15,-0.04156959568074291,-0.17175289312652572,0,test,raw
0.16,-0.04369663161209246,-0.18570233233041292,0,test,raw
0.17,-0.045777417962290054,-0.19998790259945404,0,test,raw
0.18,-0.04780922977033115,-0.21462190141164247,0,test,raw
0.19,-0.04980086702570389,-0.22961723352783558,0,test,raw
0.2,-0.05175426169901308,-0.24498744894693356,0,test,raw
0.21,-0.053625408522021335,-0.26074678374373017,0,test,raw
0.22,-0.055493410973412864,-0.276910204048137,0,test,raw
0.23,-0.057271852062696575,-0.2934934534513595,0,test,raw
0.24,-0.059043620447129214,-0.3105131041546669,0,test,raw
0.25,-0.060758989549658665,-0.3279866122100624,0,test,raw
0.26,-0.06238985428672353,-0.3459323772399282,0,test,raw
0.27,-0.0640364248679292,-0.3643698070651327,0,test,raw
0.28,-0.06560176971472245,-0.38331938771881513,0,test,raw
0.29,-0.06709935836073881,-0.4028027593768266,0,test,raw
0.3,-0.06858090704446927,-0.4228427987964955,0,test,raw
0.31,-0.07002969559352512,-0.44346370892398096,0,test,raw
0.32,-0.071371760679528,-0.4646911164081572,0,test,raw
0.33,-0.07271204739663553,-0.48655217784708493,0,test,raw
0.34,-0.07401211207227168,-0.5090756956932528,0,test,raw
0.35,-0.07522634821119026,-0.5322922448577644,0,test,raw
0.36,-0.07642631905983654,-0.556234311183667,0,test,raw
0.37,-0.07753796174971889,-0.5809364431072173,0,test,raw
0.38,-0.07860908330224554,-0.6064354179960433,0,test,raw
0.39,-0.07967481155296267,-0.6327704248484375,0,test,raw
0.4,-0.0806782740484398,-0.6599832652625781,0,test,raw
0.41,-0.08164624823488012,-0.6881185748432995,0,test,raw
0.42,-0.08253067254781866,-0.7172240675130117,0,test,raw
0.43,-0.08336830859528024,-0.7473508055395558,0,test,raw
0.44,-0.08415089446396998,-0.7785534984956194,0,test,raw
0.45,-0.08488878286300017,-0.8108908348319033,0,test,raw
0.46,-0.08558867940901908,-0.8444258502917534,0,test,raw
0.47,-0.08620781701847756,-0.8792263380331071,0,test,raw
0.48,-0.08679977004102235,-0.9153653060722055,0,test,raw
0.49,-0.08734324557817857,-0.9529214885442094,0,test,raw
0.5,-0.08784612836178213,-0.9919799183150937,0,test,raw
0.51,-0.08829176833837263,-1.0326325697092795,0,test,raw
0.52,-0.08866987320025994,-1.0749790815782228,0,test,raw
0.53,-0.08899909683578036,-1.1191275726756318,0,test,raw
0.54,-0.0892557856285937,-1.1651955633859716,0,test,raw
0.55,-0.0894954502484685,-1.2133110203501045,0,test,raw
0.56,-0.08963166974216699,-1.2636135435398794,0,test,raw
0.57,-0.08971567372355413,-1.3162557189710389,0,test,raw
0.58,-0.08960062384599786,-1.3714046646608258,0,test,raw
0.59,-0.08954667086994264,-1.4292438028232848,0,test,raw
0.6,-0.08956220098024885,-1.489974897893867,0,test,raw
0.61,-0.08950764789646597,-1.553820408096274,0,test,raw
0.62,-0.08934599804038594,-1.6210262083093339,0,test,raw
0.63,-0.0891530633703746,-1.6918647544798564,0,test,raw
0.64,-0.08887308191584845,-1.7666387754376303,0,test,raw
0.65,-0.08874600508381093,-1.8456855975929913,0,test,raw
0.66,-0.08852794553152045,-1.9293822328163146,0,test,raw
0.67,-0.08818925884610355,-2.018151391386506,0,test,raw
0.68,-0.08784828329027225,-2.1124686223673343,0,test,raw
0.69,-0.08754328988393026,-2.212870835992086,0,test,raw
0.7,-0.08701064072457565,-2.319966530525156,0,test,raw
0.71,-0.08655371403831426,-2.4344481350260234,0,test,raw
0.72,-0.08600311573213441,-2.5571069969912386,0,test,raw
0.73,-0.08536054153679144,-2.6888517005835064,0,test,raw
0.74,-0.08462379676432658,-2.8307306121444107,0,test,raw
0.75,-0.08360447955291418,-2.9839598366301874,0,test,raw
0.76,-0.0826874169415606,-3.1499581631564455,0,test,raw
0.77,-0.08165717373820507,-3.3303911267719433,0,test,raw
0.78,-0.08063636792918562,-3.527227087079759,0,test,raw
0.79,-0.07930565152348895,-3.7428093293216524,0,test,raw
0.8,-0.0779529453562603,-3.9799497957877352,0,test,raw
0.81,-0.07638210604189088,-4.242052416618669,0,test,raw
0.82,-0.074600168113571,-4.533277550875259,0,test,raw
0.83,-0.07272560690391909,-4.858764465632627,0,test,raw
0.84,-0.07066891228953844,-5.224937244734667,0,test,raw
0.85,-0.06877732230709517,-5.639933061050312,0,test,raw
0.86,-0.06638796615118635,-6.114213993982477,0,test,raw
0.87,-0.06440408112032987,-6.661461224288821,0,test,raw
0.88,-0.061730643682761564,-7.299916326312891,0,test,raw
0.89,-0.05893213259695765,-8.054454174159517,0,test,raw
0.9,-0.05603113890406709,-8.95989959157547,0,test,raw
0.905,-0.05439883728145821,-9.484104833237337,0,test,raw
0.91,-0.05243126319451265,-10.066555101750524,0,test,raw
0.915,-0.050806357707018544,-10.71752893126526,0,test,raw
0.92,-0.04882768142436654,-11.449874489469343,0,test,raw
0.925,-0.04692797142152578,-12.279866122100632,0,test,raw
0.93,-0.044427397755469354,-13.228427987964963,0,test,raw
0.935,-0.04198261954318056,-14.322922448577655,0,test,raw
0.94,-0.039256425996757445,-15.599832652625766,0,test,raw
0.945,-0.0369932229969062,-17.10890834831902,0,test,raw
0.95,-0.03412207463772838,-18.91979918315092,0,test,raw
0.955,-0.030785037742271194,-21.133110203501023,0,test,raw
0.96,-0.02707114861810992,-23.89974897893865,0,test,raw
0.965,-0.023436841642576953,-27.456855975929884,0,test,raw
0.97,-0.018408960704847738,-32.199665305251536,0,test,raw
0.975,-0.01304724877468891,-38.83959836630184,0,test,raw
0.98,-0.007213576274349749,-48.7994979578773,0,test,raw
0.985,-0.00248922348369862,-65.39933061050307,0,test,raw
0.99,-3.6802430909244874e-4,-98.5989959157546,0,test,raw
0.991,0,-109.66555101750511,0,test,raw
0.992,0,-123.49874489469323,0,test,raw
0.993,0,-141.28427987964943,0,test,raw
0.994,0,-164.99832652625767,0,test,raw
0.995,0,-198.1979918315092,0,test,raw
0.996,0,-247.9974897893865,0,test,raw
0.997,0,-330.99665305251534,0,test,raw
0.998,0,-496.994979578773,0,test,raw
0.999,0,-994.989959157546,0,test,raw
1e-4,0.0037095116883315484,0.003690839907426233,0,validation,platt
2e-4,0.0036449873845924487,0.0035911890612477402,0,validation,platt
3e-4,0.0035925645284277047,0.0034915182789191663,0,validation,platt
4e-4,0.003548829712262118,0.0033918275544572735,0,validation,platt
5e-4,0.0035068632993969285,0.003292116881876429,0,validation,platt
6e-4,0.0034605345495176097,0.003192386255188604,0,validation,platt
7e-4,0.0034181398119671395,0.003092635668403373,0,validation,platt
8e-4,0.0033812681689224682,0.0029928651155279127,0,validation,platt
9e-4,0.0033405162482870883,0.002893074590567001,0,validation,platt
0.001,0.0033052302079571104,0.0027932640875230137,0,validation,platt
0.0011,0.0032752428893678773,0.002693433600395926,0,validation,platt
0.0012,0.003237325016867061,0.0025935831231833108,0,validation,platt
0.0013,0.003206322190232042,0.0024937126498803352,0,validation,platt
0.0014,0.0031693205169038372,0.0023938221744797625,0,validation,platt
0.0015,0.003142023119791971,0.0022939116909719485,0,validation,platt
0.0016,0.0031107033079419665,0.002193981193344842,0,validation,platt
0.0017,0.0030799840575360055,0.002094030675583983,0,validation,platt
0.0018,0.003048229459065668,0.001994060131672501,0,validation,platt
0.0019,0.0030144963892710986,0.0018940695555911137,0,validation,platt
0.002,0.0029812159125731327,0.001794058941318127,0,validation,platt
0.0021,0.0029507750243272864,0.0016940282828294328,0,validation,platt
0.0022,0.0029225719205212553,0.0015939775740985073,0,validation,platt
0.0023,0.0028884697942211544,0.0014939068090964124,0,validation,platt
0.0024,0.002857388398070651,0.0013938159817917916,0,validation,platt
0.0025,0.0028264328162425053,0.0012937050861508682,0,validation,platt
0.0026,0.0028010175228106683,0.0011935741161374484,0,validation,platt
0.0027,0.002778356307610569,0.0010934230657129152,0,validation,platt
0.0028,0.002751143562999176,9.93251928836232e-4,0,validation,platt
0.0029,0.002722656625017427,8.930606994639366e-4,0,validation,platt
0.003,0.0026921973145258384,7.928493715501409e-4,0,validation,platt
0.0031,0.0026706610302570967,6.926179390465354e-4,0,validation,platt
0.0032,0.0026473763707637377,5.923663959023781e-4,0,validation,platt
0.0033,0.0026210387887438636,4.920947360645038e-4,0,validation,platt
0.0034,0.002601260661081635,3.9180295347731415e-4,0,validation,platt
0.0035,0.0025678975961007026,2.9149104208278046e-4,0,validation,platt
0.0036,0.002552917104643981,1.9115899582044463e-4,0,validation,platt
0.0037,0.0025361954102690433,9.0806808627412125e-05,0,validation,platt
0.0038,0.0025153982984949448,-9.565525561643692e-6,0,validation,platt
0.0039,0.0024898847107659274,-1.0995801281448586e-4,0,validation,platt
0.004,0.0024739657777302863,-2.1037065920131472e-4,0,validation,platt
0.0041,0.0024541827825400363,-3.1080347079476874e-4,0,validation,platt
0.0042,0.002428102919397124,-4.112564536699224e-4,0,validation,platt
0.0043,0.0024088800122448106,-5.117296139042979e-4,0,validation,platt
0.0044,0.002396068694374647,-6.12222957577852e-4,0,validation,platt
0.0045,0.002368086607052062,-7.127364907729868e-4,0,validation,platt
0.0046,0.0023406263992079624,-8.132702195745517e-4,0,validation,platt
0.0047,0.0023267679013420257,-9.138241500698373e-4,0,validation,platt
0.0048,0.0023066328497232,-0.0010143982883485817,0,validation,platt
0.0049,0.0022939315660462467,-0.001114992640502974,0,validation,platt
0.005,0.0022759231716103986,-0.0012156072126276478,0,validation,platt
0.0051,0.0022588217122098157,-0.0013162420108196902,0,validation,platt
0.0052,0.0022413328638667433,-0.001416897041178638,0,validation,platt
0.0053,0.002226405449200549,-0.0015175723098064834,0,validation,platt
0.0054,0.0022058648067668205,-0.0016182678228076706,0,validation,platt
0.0055,0.002191755397574214,-0.0017189835862890983,0,validation,platt
0.0056,0.0021577933665845755,-0.0018197196063601262,0,validation,platt
0.0057,0.0021411788998019522,-0.0019204758891325658,0,validation,platt
0.0058,0.0021303607167552116,-0.0020212524407206885,0,validation,platt
0.0059,0.002112613129149153,-0.0021220492672412326,0,validation,platt
0.006,0.0020950302529889942,-0.00222286637481339,0,validation,platt
0.0061,0.0020775450882621104,-0.0023237037695588185,0,validation,platt
0.0062,0.0020564794592336784,-0.0024245614576016393,0,validation,platt
0.0063,0.0020506232653751027,-0.0025254394450684404,0,validation,platt
0.0064,0.002031527000117186,-0.002626337738088274,0,validation,platt
0.0065,0.0020261335016031755,-0.0027272563427926605,0,validation,platt
0.0066,0.0020157909480183742,-0.002828195265315592,0,validation,platt
0.0067,0.002002300950860697,-0.0029291545117935266,0,validation,platt
0.0068,0.0019861067955140614,-0.0030301340883653934,0,validation,platt
0.0069,0.001974579168757461,-0.0031311340011726,0,validation,platt
0.007,0.0019605927056985566,-0.0032321542563590227,0,validation,platt
0.0071,0.0019495869901884472,-0.003333194860071014,0,validation,platt
0.0072,0.0019402337322129055,-0.0034342558184574023,0,validation,platt
0.0073,0.0019307513116715903,-0.003535337137669496,0,validation,platt
0.0074,0.0019165466254142235,-0.0036364388238610814,0,validation,platt
0.0075,0.0019105710140116543,-0.003737560883188421,0,validation,platt
0.0076,0.0019042133751285945,-0.0038387033218102674,0,validation,platt
0.0077,0.0018845315110070208,-0.003939866145887846,0,validation,platt
0.0078,0.0018696008437973787,-0.004041049361584871,0,validation,platt
0.0079,0.0018479189224782711,-0.004142252975067543,0,validation,platt
0.008,0.0018343151983704978,-0.004243476992504545,0,validation,platt
0.0081,0.001822266384450848,-0.004344721420067052,0,validation,platt
0.0082,0.001821763544815649,-0.004445986263928725,0,validation,platt
0.0083,0.0018113355245618966,-0.004547271530265715,0,validation,platt
0.0084,0.0017996718013119524,-0.004648577225256663,0,validation,platt
0.0085,0.001791705770026995,-0.004749903355082713,0,validation,platt
0.0086,0.0017775571593349538,-0.004851249925927486,0,validation,platt
0.0087,0.0017732034852410694,-0.00495261694397711,0,validation,platt
0.0088,0.0017497851713676243,-0.005054004415420208,0,validation,platt
0.0089,0.0017451010974690402,-0.005155412346447896,0,validation,platt
0.009,0.0017270517375861075,-0.005256840743253792,0,validation,platt
0.0091,0.0017186296409646478,-0.005358289612034019,0,validation,platt
0.0092,0.0017103435231532406,-0.005459758958987192,0,validation,platt
0.0093,0.0016951656767881728,-0.005561248790314433,0,validation,platt
0.0094,0.0016869662683166764,-0.005662759112219371,0,validation,platt
0.0095,0.0016763291305508302,-0.005764289930908136,0,validation,platt
0.0096,0.001668232739261872,-0.005865841252589366,0,validation,platt
0.0097,0.0016466091764619352,-0.00596741308347421,0,validation,platt
0.0098,0.001640828878527556,-0.0060690054297763175,0,validation,platt
0.0099,0.001629869737875256,-0.006170618297711858,0,validation,platt
0.01,0.0016193276266536338,-0.006272251693499506,0,validation,platt
0.011,0.0015456713142242983,-0.007289716053149148,0,validation,platt
0.012,0.0014660488923068447,-0.008309240057251527,0,validation,platt
0.013,0.0013624705331175154,-0.009330829966124122,0,validation,platt
0.014,0.0012985493002433466,-0.010354492065481245,0,validation,platt
0.015,0.0012112955996483638,-0.011380232666562951,0,validation,platt
0.016,0.0011325687194533797,-0.012408058106264747,0,validation,platt
0.017,0.001075866876902057,-0.013437974747268069,0,validation,platt
0.018,0.0010373040408178387,-0.014469988978171595,0,validation,platt
0.019,0.0010000280524862977,-0.015504107213623351,0,validation,platt
0.02,9.752857925093852e-4,-0.01654033589445358,0,validation,platt
0.021,9.067590250452333e-4,-0.017578681487808487,0,validation,platt
0.022,8.56709378249188e-4,-0.018619150487284776,0,validation,platt
0.023,8.107620050436702e-4,-0.019661749413065,0,validation,platt
0.024,7.815749573991331e-4,-0.0207064848120538,0,validation,platt
0.025,7.466834742123555e-4,-0.02175336325801488,0,validation,platt
0.026,7.201648896709484e-4,-0.02280239135170894,0,validation,platt
0.027,7.006223590256208e-4,-0.02385357572103238,0,validation,platt
0.028,6.748461729694488e-4,-0.024906923021156904,0,validation,platt
0.029,6.507050338604984e-4,-0.02596243993466994,0,validation,platt
0.03,6.189615343348208e-4,-0.02702013317171599,0,validation,platt
0.031,5.920981493396694e-4,-0.028080009470138813,0,validation,platt
0.032,5.582533055060528e-4,-0.02914207559562449,0,validation,platt
0.033,5.20610581180828e-4,-0.030206338341845412,0,validation,platt
0.034,4.935851066945644e-4,-0.03127280453060508,0,validation,platt
0.035,4.8591858077708995e-4,-0.03234148101198395,0,validation,platt
0.036,4.732068705439733e-4,-0.033412374664486,0,validation,platt
0.037,4.6100518525290005e-4,-0.034485492395186404,0,validation,platt
0.038,4.423947788275768e-4,-0.03556084113987995,0,validation,platt
0.039,4.259842340596133e-4,-0.0366384278632305,0,validation,platt
0.04,4.1436144915998386e-4,-0.037718259558921365,0,validation,platt
0.041,3.975493267223434e-4,-0.03880034324980658,0,validation,platt
0.042,3.9552495447331285e-4,-0.03988468598806316,0,validation,platt
0.043,3.881872645293134e-4,-0.04097129485534431,0,validation,platt
0.044,3.7360612559472273e-4,-0.042060176962933585,0,validation,platt
0.045,3.6595146197585643e-4,-0.04315133945190001,0,validation,platt
0.046,3.5609605494647074e-4,-0.0442447894932542,0,validation,platt
0.047,3.335743854406724e-4,-0.045340534288105465,0,validation,platt
0.048,3.2901298022731213e-4,-0.04643858106781986,0,validation,platt
0.049,3.2710151613330444e-4,-0.0475389370941793,0,validation,platt
0.05,3.16725880635655e-4,-0.04864160965954159,0,validation,platt
0.051,3.140810815749155e-4,-0.049746606087001585,0,validation,platt
0.052,3.0272624977498164e-4,-0.05085393373055328,0,validation,platt
0.053,2.877155713759448e-4,-0.05196359997525291,0,validation,platt
0.054,2.776137455411669e-4,-0.0530756122373832,0,validation,platt
0.055,2.637019033321143e-4,-0.05418997796461853,0,validation,platt
0.056,2.611124794026638e-4,-0.055306704636191216,0,validation,platt
0.057,2.5931910960985807e-4,-0.056425799763058865,0,validation,platt
0.058,2.4708602436606904e-4,-0.05754727088807273,0,validation,platt
0.059,2.447416059308949e-4,-0.058671125586147184,0,validation,platt
0.06,2.4656021850316917e-4,-0.059797371464430316,0,validation,platt
0.061,2.4039501973708346e-4,-0.060926016162475505,0,validation,platt
0.062,2.2853303155090919e-4,-0.06205706735241419,0,validation,platt
0.063,2.1521375034457468e-4,-0.06319053273912968,0,validation,platt
0.064,2.0009802108045743e-4,-0.06432642006043217,0,validation,platt
0.065,1.9068053974324178e-4,-0.06546473708723477,0,validation,platt
0.066,1.8463799436573973e-4,-0.06660549162373074,0,validation,platt
0.067,1.7520532696674882e-4,-0.06774869150757182,0,validation,platt
0.068,1.6575241779222347e-4,-0.06889434461004776,0,validation,platt
0.069,1.6570706836402464e-4,-0.07004245883626693,0,validation,platt
0.07,1.6026572803129577e-4,-0.0711930421253382,0,validation,platt
0.071,1.5947537209913158e-4,-0.07234610245055383,0,validation,platt
0.072,1.5983518257106747e-4,-0.07350164781957381,0,validation,platt
0.073,1.57206844263046e-4,-0.07465968627461111,0,validation,platt
0.074,1.5242350229177653e-4,-0.07582022589261826,0,validation,platt
0.075,1.4185179020343857e-4,-0.07698327478547513,0,validation,platt
0.076,1.37622324958798e-4,-0.07814884110017803,0,validation,platt
0.077,1.375606426027295e-4,-0.0793169330190298,0,validation,platt
0.078,1.3490844460308838e-4,-0.08048755875983135,0,validation,platt
0.079,1.2551740845162952e-4,-0.08166072657607439,0,validation,platt
0.08,1.1978607296333051e-4,-0.08283644475713534,0,validation,platt
0.081,1.1819845848711435e-4,-0.08401472162847064,0,validation,platt
0.082,1.1579375461680518e-4,-0.0851955655518132,0,validation,platt
0.083,1.1232054325275177e-4,-0.08637898492537023,0,validation,platt
0.084,1.1329763237244401e-4,-0.08756498818402239,0,validation,platt
0.085,1.1445282567602866e-4,-0.08875358379952406,0,validation,platt
0.086,1.1662836584086012e-4,-0.08994478028070514,0,validation,platt
0.087,1.1421122238016194e-4,-0.09113858617367414,0,validation,platt
0.088,1.1042053648569941e-4,-0.09233501006202248,0,validation,platt
0.089,1.0645951587556638e-4,-0.09353406056703018,0,validation,platt
0.09,1.0645609003295272e-4,-0.09473574634787307,0,validation,platt
0.091,1.0703324935847091e-4,-0.09594007610183114,0,validation,platt
0.092,1.0665116924496313e-4,-0.09714705856449835,0,validation,platt
0.093,1.0437715951606697e-4,-0.09835670250999394,0,validation,platt
0.094,9.999021473198512e-5,-0.09956901675117495,0,validation,platt
0.095,9.278650526905037e-5,-0.10078401013985028,0,validation,platt
0.096,9.206291419653278e-5,-0.10200169156699614,0,validation,platt
0.097,8.48567591901777e-5,-0.10322206996297287,0,validation,platt
0.098,8.344098400383583e-5,-0.10444515429774336,0,validation,platt
0.099,7.942839473129386e-5,-0.10567095358109269,0,validation,platt
0.1,8.100252300496496e-5,-0.10689947686284945,0,validation,platt
0.11,6.799253619848756e-5,-0.11933654963658932,0,validation,platt
0.12,4.635169470334306e-5,-0.13205628315518692,0,validation,platt
0.13,3.164187830096636e-5,-0.14506842434087874,0,validation,platt
0.14,3.29199153630536e-5,-0.15838317346112152,0,validation,platt
0.15,2.367811029737338e-5,-0.17201121079595827,0,validation,platt
0.16,1.1713774141822262e-5,-0.18596372521019583,0,validation,platt
0.17,-9.430037233559141e-7,-0.2002524447910416,0,validation,platt
0.18,5.017962670066678e-6,-0.21488966972751766,0,validation,platt
0.19,-4.500140166942493e-6,-0.22988830762538826,0,validation,platt
0.2,7.826930903853977e-6,-0.24526191147070564,0,validation,platt
0.21,7.897698814377081e-6,-0.2610247204766639,0,validation,platt
0.22,1.1353350322073906e-5,-0.2771917040725186,0,validation,platt
0.23,9.29357287285074e-6,-0.29377860932021366,0,validation,platt
0.24,5.884910454025553e-6,-0.310802012074427,0,validation,platt
0.25,5.217953935902653e-6,-0.3282793722354193,0,validation,platt
0.26,1.1785726071440354e-5,-0.34622909348184394,0,validation,platt
0.27,3.8292225557015545e-6,-0.3646705879131021,0,validation,platt
0.28,1.6150809801603425e-6,-0.3836243460785619,0,validation,platt
0.29,-1.9212989341452427e-6,-0.40311201292473875,0,validation,platt
0.3,-2.8751991075381974e-6,-0.423156470252235,0,validation,platt
0.31,-2.009398410099159e-6,-0.4437819263428472,0,validation,platt
0.32,-1.0523604576610397e-6,-0.46501401349494786,0,validation,platt
0.33,-1.1014444342310509e-6,-0.48687989429337997,0,validation,platt
0.34,0,-0.5094083775402493,0,validation,platt
0.35,0,-0.5326300448870223,0,validation,platt
0.36,0,-0.556577389338382,0,validation,platt
0.37,0,-0.5812849669469278,0,validation,platt
0.38,0,-0.6067895631880073,0,validation,platt
0.39,0,-0.6331303756992861,0,validation,platt
0.4,0,-0.66034921529427415,0,validation,platt
0.41,0,-0.6884907274179057,0,validation,platt
0.42,0,-0.717602636511318,0,validation,platt
0.43,0,-0.7477360160992358,0,validation,platt
0.44,0,-0.7789455878152937,0,validation,platt
0.45,0,-0.8112900530482989,0,validation,platt
0.46,0,-0.8448324614380823,0,validation,platt
0.47,0,-0.8796406210878575,0,validation,platt
0.48,0,-0.9157875561087777,0,validation,platt
0.49,0,-0.9533520179932636,0,validation,platt
0.5,0,-0.9924190583531289,0,validation,platt
0.51,0,-1.0330806717889072,0,validation,platt
0.52,0,-1.0754365191178428,0,validation,platt
0.53,0,-1.1195947429288609,0,validation,platt
0.54,0,-1.1656728895142707,0,validation,platt
0.55,0,-1.2137989537256992,0,validation,platt
0.56,0,-1.264112566310374,0,validation,platt
0.57,0,-1.3167663469222426,0,validation,platt
0.58,0,-1.3719274504203913,0,validation,platt
0.59,0,-1.429779339455035,0,validation,platt
0.6,0,-1.490523822941411,0,validation,platt
0.61,0,-1.5543834081450372,0,validation,platt
0.62,0,-1.6216040241488539,0,validation,platt
0.63,0,-1.6924581869636877,0,validation,platt
0.64,0,-1.7672486921571235,0,validation,platt
0.65,0,-1.8463129405044703,0,validation,platt
0.66,0,-1.9300280269898957,0,validation,platt
0.67,0,-2.018816755080499,0,validation,platt
0.68,0,-2.1131547786767646,0,validation,platt
0.69,0,-2.213579126376014,0,validation,platt
0.7,0,-2.320698430588548,0,validation,platt
0.71,0,-2.435205273022636,0,validation,platt
0.72,0,-2.5578911756305875,0,validation,platt
0.73,0,-2.6896649228761644,0,validation,platt
0.74,0,-2.8315751122175556,0,validation,platt
0.75,0,-2.9848381167062583,0,validation,platt
0.76,0,-3.150873038235686,0,validation,platt
0.77,0,-3.3313457790285415,0,validation,platt
0.78,0,-3.528225132620748,0,validation,platt
0.79,0,-3.7438549008407844,0,validation,platt
0.8,0,-3.9810476458828234,0,validation,platt
0.81,0,-4.243208048297709,0,validation,platt
0.82,0,-4.534497384314245,0,validation,platt
0.83,0,-4.86005605397979,0,validation,platt
0.84,0,-5.2263095573535265,0,validation,platt
0.85,0,-5.641396861177095,0,validation,platt
0.86,0,-6.115782351261174,0,validation,platt
0.87,0,-6.66315022443511,0,validation,platt
0.88,0,-7.301746076471371,0,validation,platt
0.89,0,-8.056450265241496,0,validation,platt
0.9,0,-8.962095291765646,0,validation,platt
0.905,0,-9.486416096595418,0,validation,platt
0.91,0,-10.068994768628498,0,validation,platt
0.915,0,-10.720112107959586,0,validation,platt
0.92,0,-11.452619114707062,0,validation,platt
0.925,0,-12.282793722354201,0,validation,platt
0.93,0,-13.231564702522359,0,validation,platt
0.935,0,-14.326300448870235,0,validation,platt
0.94,0,-15.603492152942726,0,validation,platt
0.945,0,-17.112900530482975,0,validation,platt
0.95,0,-18.92419058353127,0,validation,platt
0.955,0,-21.13798953725697,0,validation,platt
0.96,0,-23.905238229414092,0,validation,platt
0.965,0,-27.463129405044672,0,validation,platt
0.97,0,-32.20698430588546,0,validation,platt
0.975,0,-38.84838116706255,0,validation,platt
0.98,0,-48.810476458828184,0,validation,platt
0.985,0,-65.41396861177091,0,validation,platt
0.99,0,-98.62095291765637,0,validation,platt
0.991,0,-109.68994768628485,0,validation,platt
0.992,0,-123.52619114707045,0,validation,platt
0.993,0,-141.31564702522334,0,validation,platt
0.994,0,-165.03492152942724,0,validation,platt
0.995,0,-198.2419058353127,0,validation,platt
0.996,0,-248.05238229414087,0,validation,platt
0.997,0,-331.06984305885453,0,validation,platt
0.998,0,-497.1047645882818,0,validation,platt
0.999,0,-995.2095291765636,0,validation,platt
1e-4,0.003929008027576264,0.003910431885641715,0,test,platt
2e-4,0.003866303024477201,0.003810803003053762,0,test,platt
3e-4,0.0038118916012486663,0.003711154188709764,0,test,platt
4e-4,0.0037636961150381253,0.003611485436627802,0,test,platt
5e-4,0.003719330926212451,0.003511796740823563,0,test,platt
6e-4,0.0036603573970929925,0.003412088095310337,0,test,platt
7e-4,0.003621267399466467,0.0033123594940990203,0,test,platt
8e-4,0.0035830896998652567,0.0032126109311981094,0,test,platt
9e-4,0.0035469736773654317,0.0031128424006137034,0,test,platt
0.001,0.0035096232490680343,0.0030130538963495006,0,test,platt
0.0011,0.003472360788981816,0.0029132454124067985,0,test,platt
0.0012,0.0034322025706161807,0.002813416942784493,0,test,platt
0.0013,0.0033930056015857796,0.002713568481479074,0,test,platt
0.0014,0.003358133945007133,0.0026137000224846297,0,test,platt
0.0015,0.0033201585797514683,0.00251381155979284,0,test,platt
0.0016,0.0032858815677439656,0.0024139030873929794,0,test,platt
0.0017,0.003250731921885406,0.0023139745992719132,0,test,platt
0.0018,0.0032249720454603425,0.002214026089414096,0,test,platt
0.0019,0.003199207908413225,0.002114057551801574,0,test,platt
0.002,0.003166767398730404,0.002014068980413979,0,test,platt
0.0021,0.00313739966938018,0.001914060369228531,0,test,platt
0.0022,0.0031115260118145657,0.001814031712220035,0,test,platt
0.0023,0.003084911675960222,0.001713983003360881,0,test,platt
0.0024,0.003052469091773736,0.001613914236621042,0,test,platt
0.0025,0.0030249118900766434,0.0015138254059680711,0,test,platt
0.0026,0.0030014923005575313,0.0014137165053671056,0,test,platt
0.0027,0.0029732188874949834,0.0013135875287808591,0,test,platt
0.0028,0.002947086201192173,0.0012134384701696262,0,test,platt
0.0029,0.0029158407093461108,0.001113269323491276,0,test,platt
0.003,0.002884966501414372,0.0010130800827012547,0,test,platt
0.0031,0.002865633637231853,9.128707417525844e-4,0,test,platt
0.0032,0.002841732427973778,8.126412945958579e-4,0,test,platt
0.0033,0.002815739185538529,7.123917351792427e-4,0,test,platt
0.0034,0.0027959279318135154,6.121220574484762e-4,0,test,platt
0.0035,0.002771549719939064,5.11832255346865e-4,0,test,platt
0.0036,0.0027479788926706855,4.115223228152863e-4,0,test,platt
0.0037,0.002723413877279866,3.111922537921818e-4,0,test,platt
0.0038,0.0027076342130638695,2.1084204221356265e-4,0,test,platt
0.0039,0.002687806601708018,1.1047168201300164e-4,0,test,platt
0.004,0.002670813930585984,1.0081167121637168e-5,0,test,platt
0.0041,0.00264691897495046,-9.032950853183046e-5,0,test,platt
0.0042,0.0026292544504393387,-1.907603510211374e-4,0,test,platt
0.0043,0.0026076154775787875,-2.912113664224657e-4,0,test,platt
0.0044,0.002587739705829097,-3.916825608144322e-4,0,test,platt
0.0045,0.0025696057563216685,-4.921739402780996e-4,0,test,platt
0.0046,0.002551924935589609,-5.926855108969748e-4,0,test,platt
0.0047,0.0025367160859777263,-6.932172787570065e-4,0,test,platt
0.0048,0.0025170094985873708,-7.937692499465918e-4,0,test,platt
0.0049,0.0024990401949842064,-8.943414305565764e-4,0,test,platt
0.005,0.002482869340176132,-9.949338266802502e-4,0,test,platt
0.0051,0.0024664618366901482,-0.0010955464444133579,0,test,platt
0.0052,0.002455905255064937,-0.0011961792898540899,0,test,platt
0.0053,0.002439946876399301,-0.0012968323691030957,0,test,platt
0.0054,0.0024216396027490856,-0.0013975056882634725,0,test,platt
0.0055,0.0024049165876175757,-0.0014981992534407731,0,test,platt
0.0056,0.0023875573509694013,-0.00159891307074301,0,test,platt
0.0057,0.0023682403749708198,-0.0016996471462806494,0,test,platt
0.0058,0.0023518089601557877,-0.0018004014861666149,0,test,platt
0.0059,0.0023298517988088853,-0.001901176096516295,0,test,platt
0.006,0.0023165290867267,-0.002001970983447535,0,test,platt
0.0061,0.002296215751515919,-0.0021027861530806416,0,test,platt
0.0062,0.0022836365894449403,-0.002203621611538387,0,test,platt
0.0063,0.0022667266150195715,-0.0023044773649460093,0,test,platt
0.0064,0.00225312189618557,-0.0024053534194312083,0,test,platt
0.0065,0.002241556040141876,-0.0025062497811241553,0,test,platt
0.0066,0.002227348996689628,-0.0026071664561574887,0,test,platt
0.0067,0.002217886181510605,-0.002708103450666314,0,test,platt
0.0068,0.0022083945944837207,-0.002809060770788209,0,test,platt
0.0069,0.002193845944083541,-0.002910038422663225,0,test,platt
0.007,0.00217515249256777,-0.0030110364124338864,0,test,platt
0.0071,0.002167013384410124,-0.00311205474624519,0,test,platt
0.0072,0.002151178372457772,-0.00321309343024461,0,test,platt
0.0073,0.0021359592375336965,-0.0033141524705820984,0,test,platt
0.0074,0.0021196652069902333,-0.003415231873410084,0,test,platt
0.0075,0.0021065274415678695,-0.003516331644883474,0,test,platt
0.0076,0.0020936263013248842,-0.0036174517911596628,0,test,platt
0.0077,0.0020815532264740894,-0.0037185923183985182,0,test,platt
0.0078,0.002073046986539818,-0.0038197532327623957,0,test,platt
0.0079,0.0020591336680893537,-0.003920934540416137,0,test,platt
0.008,0.002046299542289562,-0.004022136247527065,0,test,platt
0.0081,0.0020320956108941927,-0.004123358360264995,0,test,platt
0.0082,0.0020203578092818667,-0.004224600884802227,0,test,platt
0.0083,0.002007823204789331,-0.004325863827313551,0,test,platt
0.0084,0.001993858347449508,-0.0044271471939762485,0,test,platt
0.0085,0.0019795084567565944,-0.004528450990970095,0,test,platt
0.0086,0.0019709321368414617,-0.004629775224477353,0,test,platt
0.0087,0.001956429519506373,-0.0047311199006827885,0,test,platt
0.0088,0.0019471116238693013,-0.004832485025773658,0,test,platt
0.0089,0.0019361192029988517,-0.004933870605939712,0,test,platt
0.009,0.0019322144136077273,-0.005035276647373206,0,test,platt
0.0091,0.0019208117685105418,-0.005136703156268897,0,test,platt
0.0092,0.0019103507825904893,-0.00523815013882403,0,test,platt
0.0093,0.0018974560479432401,-0.005339617601238365,0,test,platt
0.0094,0.0018902871775119522,-0.005441105549714162,0,test,platt
0.0095,0.0018820159698094926,-0.0055426139904561815,0,test,platt
0.0096,0.0018726278629824123,-0.005644142929671698,0,test,platt
0.0097,0.0018612669391522606,-0.005745692373570483,0,test,platt
0.0098,0.0018533440972050208,-0.005847262328364825,0,test,platt
0.0099,0.0018439652392209967,-0.005948852800269519,0,test,platt
0.01,0.0018367599705844027,-0.006050463795501869,0,test,platt
0.011,0.001747227046886096,-0.007067703900451818,0,test,platt
0.012,0.0016586872634769682,-0.00808700319589762,0,test,platt
0.013,0.001574752368216574,-0.009108367940776949,0,test,platt
0.014,0.0015099649876021846,-0.01013180441941871,0,test,platt
0.015,0.0014346734859771106,-0.011157318941671927,0,test,platt
0.016,0.0013703242827799262,-0.012184917843035416,0,test,platt
0.017,0.0013173548991477718,-0.013214607484788251,0,test,platt
0.018,0.0012669689579667713,-0.014246394254121025,0,test,platt
0.019,0.0012362808415995771,-0.01528028456426794,0,test,platt
0.02,0.001194033065345126,-0.016316284854639644,0,test,platt
0.021,0.0011531727963536268,-0.017354401590956945,0,test,platt
0.022,0.0011050615847868102,-0.018394641265385325,0,test,platt
0.023,0.0010682269466724453,-0.019437010396670264,0,test,platt
0.024,0.0010361412257375788,-0.02048151553027341,0,test,platt
0.025,0.0010050759448691168,-0.02152816323850959,0,test,platt
0.026,9.637149566283097e-4,-0.02257696012068465,0,test,platt
0.027,9.361473875734605e-4,-0.02362791280323417,0,test,platt
0.028,9.040381911718563e-4,-0.02468102793986301,0,test,platt
0.029,8.80050679672493e-4,-0.025736312211685736,0,test,platt
0.03,8.534637267716193e-4,-0.026793772327367887,0,test,platt
0.031,8.28228930713503e-4,-0.027853415023268168,0,test,platt
0.032,7.988551434056207e-4,-0.028915247063581454,0,test,platt
0.033,7.778872315962782e-4,-0.029979275240482783,0,test,platt
0.034,7.606593020805148e-4,-0.031045506374272103,0,test,platt
0.035,7.304328910451106e-4,-0.032113947313520054,0,test,platt
0.036,7.111302893915244e-4,-0.03318460493521457,0,test,platt
0.037,6.946324278785567e-4,-0.034257486144908464,0,test,platt
0.038,6.741749198187787e-4,-0.03533259787686783,0,test,platt
0.039,6.527552649513545e-4,-0.03640994709422149,0,test,platt
0.04,6.41169302924981e-4,-0.037489540789111306,0,test,platt
0.041,6.261647531616826e-4,-0.03857138598284344,0,test,platt
0.042,6.081917445754782e-4,-0.039655489726040556,0,test,platt
0.043,6.034402850727653e-4,-0.04074185909879503,0,test,platt
0.044,5.850115345634581e-4,-0.041830501210823066,0,test,platt
0.045,5.762709473912504e-4,-0.04292142320161974,0,test,platt
0.046,5.652665578305803e-4,-0.04401463224061515,0,test,platt
0.047,5.508594572112125e-4,-0.04511013552733143,0,test,platt
0.048,5.388943129785324e-4,-0.04620794029154081,0,test,platt
0.049,5.233257581759593e-4,-0.04730805379342466,0,test,platt
0.05,5.139085298046234e-4,-0.04841048332373353,0,test,platt
0.051,5.013627184488438e-4,-0.0495152362039482,0,test,platt
0.052,4.871253210297899e-4,-0.05062231978644183,0,test,platt
0.053,4.7488327624689217e-4,-0.051731741454642925,0,test,platt
0.054,4.6162177302697235e-4,-0.052843508623199635,0,test,platt
0.055,4.482489208730841e-4,-0.05395762873814482,0,test,platt
0.056,4.3981502919605733e-4,-0.05507410927706234,0,test,platt
0.057,4.311088992437847e-4,-0.056192957749254355,0,test,platt
0.058,4.18019127477081e-4,-0.05731418169590961,0,test,platt
0.059,4.0784075244496064e-4,-0.05843778869027295,0,test,platt
0.06,3.976391265290603e-4,-0.05956378633781579,0,test,platt
0.061,3.795643567588567e-4,-0.06069218227640772,0,test,platt
0.062,3.752032754612595e-4,-0.061822984176489175,0,test,platt
0.063,3.6615885756299013e-4,-0.0629561997412453,0,test,platt
0.064,3.5316803508709816e-4,-0.06409183670678083,0,test,platt
0.065,3.4765043973147104e-4,-0.06522990284229609,0,test,platt
0.066,3.414533446357597e-4,-0.06637040595026429,0,test,platt
0.067,3.3768760760839625e-4,-0.06751335386660968,0,test,platt
0.068,3.2892596855321814e-4,-0.06865875446088718,0,test,platt
0.069,3.247264791021578e-4,-0.06980661563646279,0,test,platt
0.07,3.176600336940144e-4,-0.07095694533069555,0,test,platt
0.071,3.1114638000990786e-4,-0.07210975151512039,0,test,platt
0.072,3.075829264944653e-4,-0.07326504219563236,0,test,platt
0.073,3.036358018170276e-4,-0.07442282541267188,0,test,platt
0.074,2.981130784829141e-4,-0.07558310924141128,0,test,platt
0.075,2.951770907572014e-4,-0.07674590179194253,0,test,platt
0.076,2.9194109699239934e-4,-0.07791121120946627,0,test,platt
0.077,2.8750597298590183e-4,-0.07907904567448194,0,test,platt
0.078,2.830774873295936e-4,-0.08024941340297922,0,test,platt
0.079,2.760977840111539e-4,-0.08142232264663066,0,test,platt
0.08,2.709425401394335e-4,-0.08259778169298569,0,test,platt
0.081,2.654987715616912e-4,-0.08377579886566577,0,test,platt
0.082,2.5708417319614697e-4,-0.08495638252456084,0,test,platt
0.083,2.5195917197017747e-4,-0.08613954106602709,0,test,platt
0.084,2.486968316461589e-4,-0.08732528292308608,0,test,platt
0.085,2.478439113607023e-4,-0.08851361656562497,0,test,platt
0.086,2.4379906790213427e-4,-0.08970455050059829,0,test,platt
0.087,2.3908038285992098e-4,-0.09089809327223092,0,test,platt
0.088,2.3093075013853024e-4,-0.09209425346222241,0,test,platt
0.089,0.00022835721570036973,-0.09329303968995262,0,test,platt
0.09,2.2669065228715527e-4,-0.09449446061268883,0,test,platt
0.091,2.2597693119809787e-4,-0.0956985249257941,0,test,platt
0.092,2.2514607014164864e-4,-0.09690524136293704,0,test,platt
0.093,2.1803773268237297e-4,-0.09811461869630302,0,test,platt
0.094,2.1459191144408175e-4,-0.09932666573680668,0,test,platt
0.095,2.102854071149707e-4,-0.1005413913343059,0,test,platt
0.096,2.032514622354744e-4,-0.1017588043778173,0,test,platt
0.097,2.0595011305330298e-4,-0.10297891379573294,0,test,platt
0.098,1.9657235665859844e-4,-0.10420172855603863,0,test,platt
0.099,1.963080269770401e-4,-0.10542725766653369,0,test,platt
0.1,1.9746223961488948e-4,-0.10665551017505205,0,test,platt
0.11,1.6927821260802822e-4,-0.11908984175005263,0,test,platt
0.12,1.505213291585299e-4,-0.13180677176993957,0,test,platt
0.13,1.2139107416514754e-4,-0.14481604500867454,0,test,platt
0.14,1.0368060391616004e-4,-0.1581278594855196,0,test,platt
0.15,8.619713960413775e-5,-0.17175289312652572,0,test,platt
0.16,6.902909647801342e-5,-0.18570233233041292,0,test,platt
0.17,4.175752472808099e-5,-0.19998790259945404,0,test,platt
0.18,2.7440489193173025e-5,-0.21462190141164247,0,test,platt
0.19,2.8621336854063167e-5,-0.22961723352783558,0,test,platt
0.2,2.3797905934185853e-5,-0.24498744894693356,0,test,platt
0.21,1.846336088823911e-5,-0.26074678374373017,0,test,platt
0.22,1.2722966871335387e-5,-0.276910204048137,0,test,platt
0.23,7.612214926079708e-6,-0.2934934534513595,0,test,platt
0.24,8.599989214508948e-6,-0.3105131041546669,0,test,platt
0.25,1.0493564821373296e-5,-0.3279866122100624,0,test,platt
0.26,1.1567230720085228e-5,-0.3459323772399282,0,test,platt
0.27,8.809665965497338e-6,-0.3643698070651327,0,test,platt
0.28,7.495403443838062e-6,-0.38331938771881513,0,test,platt
0.29,7.147025537293479e-6,-0.4028027593768266,0,test,platt
0.3,4.497242066302837e-6,-0.4228427987964955,0,test,platt
0.31,7.321596987169356e-6,-0.44346370892398096,0,test,platt
0.32,6.393138231508939e-6,-0.4646911164081572,0,test,platt
0.33,3.076471562769355e-6,-0.48655217784708493,0,test,platt
0.34,9.766737820758682e-7,-0.5090756956932528,0,test,platt
0.35,1.9603362853114946e-6,-0.5322922448577644,0,test,platt
0.36,-3.7477017219190336e-7,-0.556234311183667,0,test,platt
0.37,3.569239735160984e-7,-0.5809364431072173,0,test,platt
0.38,-1.6925104550602086e-7,-0.6064354179960433,0,test,platt
0.39,0,-0.6327704248484375,0,test,platt
0.4,0,-0.6599832652625781,0,test,platt
0.41,0,-0.6881185748432995,0,test,platt
0.42,0,-0.7172240675130117,0,test,platt
0.43,0,-0.7473508055395558,0,test,platt
0.44,0,-0.7785534984956194,0,test,platt
0.45,0,-0.8108908348319033,0,test,platt
0.46,0,-0.8444258502917534,0,test,platt
0.47,0,-0.8792263380331071,0,test,platt
0.48,0,-0.9153653060722055,0,test,platt
0.49,0,-0.9529214885442094,0,test,platt
0.5,0,-0.9919799183150937,0,test,platt
0.51,0,-1.0326325697092795,0,test,platt
0.52,0,-1.0749790815782228,0,test,platt
0.53,0,-1.1191275726756318,0,test,platt
0.54,0,-1.1651955633859716,0,test,platt
0.55,0,-1.2133110203501045,0,test,platt
0.56,0,-1.2636135435398794,0,test,platt
0.57,0,-1.3162557189710389,0,test,platt
0.58,0,-1.3714046646608258,0,test,platt
0.59,0,-1.4292438028232848,0,test,platt
0.6,0,-1.489974897893867,0,test,platt
0.61,0,-1.553820408096274,0,test,platt
0.62,0,-1.6210262083093339,0,test,platt
0.63,0,-1.6918647544798564,0,test,platt
0.64,0,-1.7666387754376303,0,test,platt
0.65,0,-1.8456855975929913,0,test,platt
0.66,0,-1.9293822328163146,0,test,platt
0.67,0,-2.018151391386506,0,test,platt
0.68,0,-2.1124686223673343,0,test,platt
0.69,0,-2.212870835992086,0,test,platt
0.7,0,-2.319966530525156,0,test,platt
0.71,0,-2.4344481350260234,0,test,platt
0.72,0,-2.5571069969912386,0,test,platt
0.73,0,-2.6888517005835064,0,test,platt
0.74,0,-2.8307306121444107,0,test,platt
0.75,0,-2.9839598366301874,0,test,platt
0.76,0,-3.1499581631564455,0,test,platt
0.77,0,-3.3303911267719433,0,test,platt
0.78,0,-3.527227087079759,0,test,platt
0.79,0,-3.7428093293216524,0,test,platt
0.8,0,-3.9799497957877352,0,test,platt
0.81,0,-4.242052416618669,0,test,platt
0.82,0,-4.533277550875259,0,test,platt
0.83,0,-4.858764465632627,0,test,platt
0.84,0,-5.224937244734667,0,test,platt
0.85,0,-5.639933061050312,0,test,platt
0.86,0,-6.114213993982477,0,test,platt
0.87,0,-6.661461224288821,0,test,platt
0.88,0,-7.299916326312891,0,test,platt
0.89,0,-8.054454174159517,0,test,platt
0.9,0,-8.95989959157547,0,test,platt
0.905,0,-9.484104833237337,0,test,platt
0.91,0,-10.066555101750524,0,test,platt
0.915,0,-10.71752893126526,0,test,platt
0.92,0,-11.449874489469343,0,test,platt
0.925,0,-12.279866122100632,0,test,platt
0.93,0,-13.228427987964963,0,test,platt
0.935,0,-14.322922448577655,0,test,platt
0.94,0,-15.599832652625766,0,test,platt
0.945,0,-17.10890834831902,0,test,platt
0.95,0,-18.91979918315092,0,test,platt
0.955,0,-21.133110203501023,0,test,platt
0.96,0,-23.89974897893865,0,test,platt
0.965,0,-27.456855975929884,0,test,platt
0.97,0,-32.199665305251536,0,test,platt
0.975,0,-38.83959836630184,0,test,platt
0.98,0,-48.7994979578773,0,test,platt
0.985,0,-65.39933061050307,0,test,platt
0.99,0,-98.5989959157546,0,test,platt
0.991,0,-109.66555101750511,0,test,platt
0.992,0,-123.49874489469323,0,test,platt
0.993,0,-141.28427987964943,0,test,platt
0.994,0,-164.99832652625767,0,test,platt
0.995,0,-198.1979918315092,0,test,platt
0.996,0,-247.9974897893865,0,test,platt
0.997,0,-330.99665305251534,0,test,platt
0.998,0,-496.994979578773,0,test,platt
0.999,0,-994.989959157546,0,test,platt
1e-4,0.0037112311015525513,0.003690839907426233,0,validation,beta
2e-4,0.003645330049072336,0.0035911890612477402,0,validation,beta
3e-4,0.0036010812188720506,0.0034915182789191663,0,validation,beta
4e-4,0.0035489898929780377,0.0033918275544572735,0,validation,beta
5e-4,0.003506967337783845,0.003292116881876429,0,validation,beta
6e-4,0.0034580060518700625,0.003192386255188604,0,validation,beta
7e-4,0.0034239270704796575,0.003092635668403373,0,validation,beta
8e-4,0.0033819789756407183,0.0029928651155279127,0,validation,beta
9e-4,0.0033429291145851436,0.002893074590567001,0,validation,beta
0.001,0.003304769076034847,0.0027932640875230137,0,validation,beta
0.0011,0.0032789759692649573,0.002693433600395926,0,validation,beta
0.0012,0.003242526551816381,0.0025935831231833108,0,validation,beta
0.0013,0.0032020870110386485,0.0024937126498803352,0,validation,beta
0.0014,0.003173512227946678,0.0023938221744797625,0,validation,beta
0.0015,0.00314311269755425,0.0022939116909719485,0,validation,beta
0.0016,0.003113538061762914,0.002193981193344842,0,validation,beta
0.0017,0.0030824555312888775,0.002094030675583983,0,validation,beta
0.0018,0.003043161903836393,0.001994060131672501,0,validation,beta
0.0019,0.0030134222825611186,0.0018940695555911137,0,validation,beta
0.002,0.0029794815740333148,0.001794058941318127,0,validation,beta
0.0021,0.002950582076636902,0.0016940282828294328,0,validation,beta
0.0022,0.0029216991985632447,0.0015939775740985073,0,validation,beta
0.0023,0.002886907747758033,0.0014939068090964124,0,validation,beta
0.0024,0.002859536791523009,0.0013938159817917916,0,validation,beta
0.0025,0.002825849929873726,0.0012937050861508682,0,validation,beta
0.0026,0.0028062084221284955,0.0011935741161374484,0,validation,beta
0.0027,0.002782657750521532,0.0010934230657129152,0,validation,beta
0.0028,0.0027504609322710994,9.93251928836232e-4,0,validation,beta
0.0029,0.0027275030267224117,8.930606994639366e-4,0,validation,beta
0.003,0.002698798448685472,7.928493715501409e-4,0,validation,beta
0.0031,0.0026681448104342595,6.926179390465354e-4,0,validation,beta
0.0032,0.0026504310454709976,5.923663959023781e-4,0,validation,beta
0.0033,0.0026243867932429195,4.920947360645038e-4,0,validation,beta
0.0034,0.00259985284122295,3.9180295347731415e-4,0,validation,beta
0.0035,0.0025794839896944514,2.9149104208278046e-4,0,validation,beta
0.0036,0.002545569117094741,1.9115899582044463e-4,0,validation,beta
0.0037,0.002530106338372748,9.0806808627412125e-05,0,validation,beta
0.0038,0.0025151590032202295,-9.565525561643692e-6,0,validation,beta
0.0039,0.0024936608370241297,-1.0995801281448586e-4,0,validation,beta
0.004,0.0024703374586423268,-2.1037065920131472e-4,0,validation,beta
0.0041,0.0024508722825668456,-3.1080347079476874e-4,0,validation,beta
0.0042,0.0024312141092729454,-4.112564536699224e-4,0,validation,beta
0.0043,0.0024107248137611665,-5.117296139042979e-4,0,validation,beta
0.0044,0.0023868190526762974,-6.12222957577852e-4,0,validation,beta
0.0045,0.002371475263224398,-7.127364907729868e-4,0,validation,beta
0.0046,0.002356244315410325,-8.132702195745517e-4,0,validation,beta
0.0047,0.002325679089435779,-9.138241500698373e-4,0,validation,beta
0.0048,0.0023044972516722633,-0.0010143982883485817,0,validation,beta
0.0049,0.0022905040182004998,-0.001114992640502974,0,validation,beta
0.005,0.002269967287361953,-0.0012156072126276478,0,validation,beta
0.0051,0.0022570080193630633,-0.0013162420108196902,0,validation,beta
0.0052,0.0022386919659329596,-0.001416897041178638,0,validation,beta
0.0053,0.002223376474489793,-0.0015175723098064834,0,validation,beta
0.0054,0.002205503262861348,-0.0016182678228076706,0,validation,beta
0.0055,0.0021951249748088405,-0.0017189835862890983,0,validation,beta
0.0056,0.002171468231956416,-0.0018197196063601262,0,validation,beta
0.0057,0.0021613527492642844,-0.0019204758891325658,0,validation,beta
0.0058,0.0021296481347193056,-0.0020212524407206885,0,validation,beta
0.0059,0.002105995662484441,-0.0021220492672412326,0,validation,beta
0.006,0.0020920425656534617,-0.00222286637481339,0,validation,beta
0.0061,0.0020806599756877774,-0.0023237037695588185,0,validation,beta
0.0062,0.002065527133033585,-0.0024245614576016393,0,validation,beta
0.0063,0.0020431481913544183,-0.0025254394450684404,0,validation,beta
0.0064,0.0020256680552906067,-0.002626337738088274,0,validation,beta
0.0065,0.0020110434894443038,-0.0027272563427926605,0,validation,beta
0.0066,0.0020027335319250973,-0.002828195265315592,0,validation,beta
0.0067,0.001985848535201729,-0.0029291545117935266,0,validation,beta
0.0068,0.001980377883773723,-0.0030301340883653934,0,validation,beta
0.0069,0.0019698078224990845,-0.0031311340011726,0,validation,beta
0.007,0.0019607908843547323,-0.0032321542563590227,0,validation,beta
0.0071,0.0019419245866582396,-0.003333194860071014,0,validation,beta
0.0072,0.0019279189524737692,-0.0034342558184574023,0,validation,beta
0.0073,0.0019162116406063153,-0.003535337137669496,0,validation,beta
0.0074,0.0019046556201724222,-0.0036364388238610814,0,validation,beta
0.0075,0.0018956325319986849,-0.003737560883188421,0,validation,beta
0.0076,0.0018889534061987566,-0.0038387033218102674,0,validation,beta
0.0077,0.001873012363680619,-0.003939866145887846,0,validation,beta
0.0078,0.0018651616687726917,-0.004041049361584871,0,validation,beta
0.0079,0.0018592794511563778,-0.004142252975067543,0,validation,beta
0.008,0.001852674220628847,-0.004243476992504545,0,validation,beta
0.0081,0.0018304751196116312,-0.004344721420067052,0,validation,beta
0.0082,0.0018154619556444186,-0.004445986263928725,0,validation,beta
0.0083,0.0017961989556997354,-0.004547271530265715,0,validation,beta
0.0084,0.0017850219588779535,-0.004648577225256663,0,validation,beta
0.0085,0.0017730668371001312,-0.004749903355082713,0,validation,beta
0.0086,0.0017725139442236145,-0.004851249925927486,0,validation,beta
0.0087,0.0017622143573968404,-0.00495261694397711,0,validation,beta
0.0088,0.001752822811102707,-0.005054004415420208,0,validation,beta
0.0089,0.0017427152356595831,-0.005155412346447896,0,validation,beta
0.009,0.0017282386961144129,-0.005256840743253792,0,validation,beta
0.0091,0.0017264799297782966,-0.005358289612034019,0,validation,beta
0.0092,0.0017099345491986358,-0.005459758958987192,0,validation,beta
0.0093,0.0017007323019167235,-0.005561248790314433,0,validation,beta
0.0094,0.0016844712944091053,-0.005662759112219371,0,validation,beta
0.0095,0.0016719864171756047,-0.005764289930908136,0,validation,beta
0.0096,0.0016608050125421282,-0.005865841252589366,0,validation,beta
0.0097,0.001650909410018926,-0.00596741308347421,0,validation,beta
0.0098,0.0016422670265494783,-0.0060690054297763175,0,validation,beta
0.0099,0.001632446604704929,-0.006170618297711858,0,validation,beta
0.01,0.0016284985759955236,-0.006272251693499506,0,validation,beta
0.011,0.0015219406657089299,-0.007289716053149148,0,validation,beta
0.012,0.0014708654651707552,-0.008309240057251527,0,validation,beta
0.013,0.001365388780911455,-0.009330829966124122,0,validation,beta
0.014,0.0012878261100626972,-0.010354492065481245,0,validation,beta
0.015,0.0012195368640953515,-0.011380232666562951,0,validation,beta
0.016,0.0011403320167726494,-0.012408058106264747,0,validation,beta
0.017,0.0010741720466380343,-0.013437974747268069,0,validation,beta
0.018,0.0010188354898634437,-0.014469988978171595,0,validation,beta
0.019,9.85260946502559e-4,-0.015504107213623351,0,validation,beta
0.02,9.677555091324994e-4,-0.01654033589445358,0,validation,beta
0.021,9.162226102589111e-4,-0.017578681487808487,0,validation,beta
0.022,8.648038379043572e-4,-0.018619150487284776,0,validation,beta
0.023,8.163309253212186e-4,-0.019661749413065,0,validation,beta
0.024,7.798885928952583e-4,-0.0207064848120538,0,validation,beta
0.025,7.472568757437734e-4,-0.02175336325801488,0,validation,beta
0.026,7.188470080813877e-4,-0.02280239135170894,0,validation,beta
0.027,6.965267516638037e-4,-0.02385357572103238,0,validation,beta
0.028,6.740087235723286e-4,-0.024906923021156904,0,validation,beta
0.029,6.470685107187635e-4,-0.02596243993466994,0,validation,beta
0.03,6.16102802576123e-4,-0.02702013317171599,0,validation,beta
0.031,5.888579868779236e-4,-0.028080009470138813,0,validation,beta
0.032,5.46314232627919e-4,-0.02914207559562449,0,validation,beta
0.033,5.136867132162425e-4,-0.030206338341845412,0,validation,beta
0.034,4.986965717746323e-4,-0.03127280453060508,0,validation,beta
0.035,4.8789993560249204e-4,-0.03234148101198395,0,validation,beta
0.036,4.7742886646721396e-4,-0.033412374664486,0,validation,beta
0.037,4.633018280845013e-4,-0.034485492395186404,0,validation,beta
0.038,4.424412708436377e-4,-0.03556084113987995,0,validation,beta
0.039,4.235943847840796e-4,-0.0366384278632305,0,validation,beta
0.04,4.12311538685165e-4,-0.037718259558921365,0,validation,beta
0.041,4.1006215592838554e-4,-0.03880034324980658,0,validation,beta
0.042,3.917060284492435e-4,-0.03988468598806316,0,validation,beta
0.043,3.8089194335247134e-4,-0.04097129485534431,0,validation,beta
0.044,3.7757339242465e-4,-0.042060176962933585,0,validation,beta
0.045,3.554492076441331e-4,-0.04315133945190001,0,validation,beta
0.046,3.499732806065886e-4,-0.0442447894932542,0,validation,beta
0.047,3.406468992299741e-4,-0.045340534288105465,0,validation,beta
0.048,3.322452302044139e-4,-0.04643858106781986,0,validation,beta
0.049,3.2717676377906786e-4,-0.0475389370941793,0,validation,beta
0.05,3.1496040749944736e-4,-0.04864160965954159,0,validation,beta
0.051,3.0379520067913866e-4,-0.049746606087001585,0,validation,beta
0.052,2.8763853125145835e-4,-0.05085393373055328,0,validation,beta
0.053,2.8717008305529604e-4,-0.05196359997525291,0,validation,beta
0.054,2.785876795588015e-4,-0.0530756122373832,0,validation,beta
0.055,2.754511737592148e-4,-0.05418997796461853,0,validation,beta
0.056,2.712135790921412e-4,-0.055306704636191216,0,validation,beta
0.057,2.6584767824440133e-4,-0.056425799763058865,0,validation,beta
0.058,2.5467793368682287e-4,-0.05754727088807273,0,validation,beta
0.059,2.3439679638953277e-4,-0.058671125586147184,0,validation,beta
0.06,2.241023985237219e-4,-0.059797371464430316,0,validation,beta
0.061,2.1290966767215764e-4,-0.060926016162475505,0,validation,beta
0.062,2.0490204187104306e-4,-0.06205706735241419,0,validation,beta
0.063,1.9398473665657918e-4,-0.06319053273912968,0,validation,beta
0.064,1.9520499467902484e-4,-0.06432642006043217,0,validation,beta
0.065,1.9039353234569787e-4,-0.06546473708723477,0,validation,beta
0.066,1.885119540483448e-4,-0.06660549162373074,0,validation,beta
0.067,1.8845274607732945e-4,-0.06774869150757182,0,validation,beta
0.068,1.811855323150894e-4,-0.06889434461004776,0,validation,beta
0.069,1.716208028692536e-4,-0.07004245883626693,0,validation,beta
0.07,1.6634933331140342e-4,-0.0711930421253382,0,validation,beta
0.071,1.6441248890177785e-4,-0.07234610245055383,0,validation,beta
0.072,1.570591282603409e-4,-0.07350164781957381,0,validation,beta
0.073,1.4729924518086735e-4,-0.07465968627461111,0,validation,beta
0.074,1.4726511771583328e-4,-0.07582022589261826,0,validation,beta
0.075,1.4439025428036423e-4,-0.07698327478547513,0,validation,beta
0.076,1.4347921202970923e-4,-0.07814884110017803,0,validation,beta
0.077,1.445117228575374e-4,-0.0793169330190298,0,validation,beta
0.078,1.444453185770437e-4,-0.08048755875983135,0,validation,beta
0.079,1.4025102617292189e-4,-0.08166072657607439,0,validation,beta
0.08,1.374817428329134e-4,-0.08283644475713534,0,validation,beta
0.081,1.3642439116855881e-4,-0.08401472162847064,0,validation,beta
0.082,1.3554500135457302e-4,-0.0851955655518132,0,validation,beta
0.083,1.3565379606100066e-4,-0.08637898492537023,0,validation,beta
0.084,1.316760278322733e-4,-0.08756498818402239,0,validation,beta
0.085,1.2436327214445267e-4,-0.08875358379952406,0,validation,beta
0.086,1.225591193610046e-4,-0.08994478028070514,0,validation,beta
0.087,1.1392219786235416e-4,-0.09113858617367414,0,validation,beta
0.088,1.1299028071729057e-4,-0.09233501006202248,0,validation,beta
0.089,1.1063256983089077e-4,-0.09353406056703018,0,validation,beta
0.09,1.1225563695072211e-4,-0.09473574634787307,0,validation,beta
0.091,1.1224382287862263e-4,-0.09594007610183114,0,validation,beta
0.092,1.1033558983406495e-4,-0.09714705856449835,0,validation,beta
0.093,1.0722735076661196e-4,-0.09835670250999394,0,validation,beta
0.094,1.055685382396199e-4,-0.09956901675117495,0,validation,beta
0.095,1.0661181810474508e-4,-0.10078401013985028,0,validation,beta
0.096,1.1017073158471583e-4,-0.10200169156699614,0,validation,beta
0.097,9.676617564853362e-5,-0.10322206996297287,0,validation,beta
0.098,1.003295026345147e-4,-0.10444515429774336,0,validation,beta
0.099,9.95473425374268e-5,-0.10567095358109269,0,validation,beta
0.1,9.268080086150901e-5,-0.10689947686284945,0,validation,beta
0.11,6.216316871953371e-5,-0.11933654963658932,0,validation,beta
0.12,5.580500085994593e-5,-0.13205628315518692,0,validation,beta
0.13,4.153799783457482e-5,-0.14506842434087874,0,validation,beta
0.14,2.5899080333018494e-5,-0.15838317346112152,0,validation,beta
0.15,1.9863303638352115e-5,-0.17201121079595827,0,validation,beta
0.16,9.796974736796824e-6,-0.18596372521019583,0,validation,beta
0.17,1.996473597162065e-5,-0.2002524447910416,0,validation,beta
0.18,2.0508195260272456e-5,-0.21488966972751766,0,validation,beta
0.19,1.4936048038747812e-5,-0.22988830762538826,0,validation,beta
0.2,9.50413038325126e-6,-0.24526191147070564,0,validation,beta
0.21,1.3021295536248939e-5,-0.2610247204766639,0,validation,beta
0.22,7.167519142723426e-6,-0.2771917040725186,0,validation,beta
0.23,1.5973328375212212e-6,-0.29377860932021366,0,validation,beta
0.24,-3.5309462724153296e-6,-0.310802012074427,0,validation,beta
0.25,-2.236265972529709e-6,-0.3282793722354193,0,validation,beta
0.26,-7.857150714293572e-7,-0.34622909348184394,0,validation,beta
0.27,0,-0.3646705879131021,0,validation,beta
0.28,0,-0.3836243460785619,0,validation,beta
0.29,0,-0.40311201292473875,0,validation,beta
0.3,0,-0.423156470252235,0,validation,beta
0.31,0,-0.4437819263428472,0,validation,beta
0.32,0,-0.46501401349494786,0,validation,beta
0.33,0,-0.48687989429337997,0,validation,beta
0.34,0,-0.5094083775402493,0,validation,beta
0.35,0,-0.5326300448870223,0,validation,beta
0.36,0,-0.556577389338382,0,validation,beta
0.37,0,-0.5812849669469278,0,validation,beta
0.38,0,-0.6067895631880073,0,validation,beta
0.39,0,-0.6331303756992861,0,validation,beta
0.4,0,-0.66034921529427415,0,validation,beta
0.41,0,-0.6884907274179057,0,validation,beta
0.42,0,-0.717602636511318,0,validation,beta
0.43,0,-0.7477360160992358,0,validation,beta
0.44,0,-0.7789455878152937,0,validation,beta
0.45,0,-0.8112900530482989,0,validation,beta
0.46,0,-0.8448324614380823,0,validation,beta
0.47,0,-0.8796406210878575,0,validation,beta
0.48,0,-0.9157875561087777,0,validation,beta
0.49,0,-0.9533520179932636,0,validation,beta
0.5,0,-0.9924190583531289,0,validation,beta
0.51,0,-1.0330806717889072,0,validation,beta
0.52,0,-1.0754365191178428,0,validation,beta
0.53,0,-1.1195947429288609,0,validation,beta
0.54,0,-1.1656728895142707,0,validation,beta
0.55,0,-1.2137989537256992,0,validation,beta
0.56,0,-1.264112566310374,0,validation,beta
0.57,0,-1.3167663469222426,0,validation,beta
0.58,0,-1.3719274504203913,0,validation,beta
0.59,0,-1.429779339455035,0,validation,beta
0.6,0,-1.490523822941411,0,validation,beta
0.61,0,-1.5543834081450372,0,validation,beta
0.62,0,-1.6216040241488539,0,validation,beta
0.63,0,-1.6924581869636877,0,validation,beta
0.64,0,-1.7672486921571235,0,validation,beta
0.65,0,-1.8463129405044703,0,validation,beta
0.66,0,-1.9300280269898957,0,validation,beta
0.67,0,-2.018816755080499,0,validation,beta
0.68,0,-2.1131547786767646,0,validation,beta
0.69,0,-2.213579126376014,0,validation,beta
0.7,0,-2.320698430588548,0,validation,beta
0.71,0,-2.435205273022636,0,validation,beta
0.72,0,-2.5578911756305875,0,validation,beta
0.73,0,-2.6896649228761644,0,validation,beta
0.74,0,-2.8315751122175556,0,validation,beta
0.75,0,-2.9848381167062583,0,validation,beta
0.76,0,-3.150873038235686,0,validation,beta
0.77,0,-3.3313457790285415,0,validation,beta
0.78,0,-3.528225132620748,0,validation,beta
0.79,0,-3.7438549008407844,0,validation,beta
0.8,0,-3.9810476458828234,0,validation,beta
0.81,0,-4.243208048297709,0,validation,beta
0.82,0,-4.534497384314245,0,validation,beta
0.83,0,-4.86005605397979,0,validation,beta
0.84,0,-5.2263095573535265,0,validation,beta
0.85,0,-5.641396861177095,0,validation,beta
0.86,0,-6.115782351261174,0,validation,beta
0.87,0,-6.66315022443511,0,validation,beta
0.88,0,-7.301746076471371,0,validation,beta
0.89,0,-8.056450265241496,0,validation,beta
0.9,0,-8.962095291765646,0,validation,beta
0.905,0,-9.486416096595418,0,validation,beta
0.91,0,-10.068994768628498,0,validation,beta
0.915,0,-10.720112107959586,0,validation,beta
0.92,0,-11.452619114707062,0,validation,beta
0.925,0,-12.282793722354201,0,validation,beta
0.93,0,-13.231564702522359,0,validation,beta
0.935,0,-14.326300448870235,0,validation,beta
0.94,0,-15.603492152942726,0,validation,beta
0.945,0,-17.112900530482975,0,validation,beta
0.95,0,-18.92419058353127,0,validation,beta
0.955,0,-21.13798953725697,0,validation,beta
0.96,0,-23.905238229414092,0,validation,beta
0.965,0,-27.463129405044672,0,validation,beta
0.97,0,-32.20698430588546,0,validation,beta
0.975,0,-38.84838116706255,0,validation,beta
0.98,0,-48.810476458828184,0,validation,beta
0.985,0,-65.41396861177091,0,validation,beta
0.99,0,-98.62095291765637,0,validation,beta
0.991,0,-109.68994768628485,0,validation,beta
0.992,0,-123.52619114707045,0,validation,beta
0.993,0,-141.31564702522334,0,validation,beta
0.994,0,-165.03492152942724,0,validation,beta
0.995,0,-198.2419058353127,0,validation,beta
0.996,0,-248.05238229414087,0,validation,beta
0.997,0,-331.06984305885453,0,validation,beta
0.998,0,-497.1047645882818,0,validation,beta
0.999,0,-995.2095291765636,0,validation,beta
1e-4,0.003930789938119953,0.003910431885641715,0,test,beta
2e-4,0.0038702263036632673,0.003810803003053762,0,test,beta
3e-4,0.0038156614210461673,0.003711154188709764,0,test,beta
4e-4,0.0037680919786985054,0.003611485436627802,0,test,beta
5e-4,0.003713949908962701,0.003511796740823563,0,test,beta
6e-4,0.0036622041733027294,0.003412088095310337,0,test,beta
7e-4,0.0036198800035142933,0.0033123594940990203,0,test,beta
8e-4,0.003584235314370804,0.0032126109311981094,0,test,beta
9e-4,0.0035506119226403022,0.0031128424006137034,0,test,beta
0.001,0.003507391134428854,0.0030130538963495006,0,test,beta
0.0011,0.003468806456512823,0.0029132454124067985,0,test,beta
0.0012,0.0034297597354849855,0.002813416942784493,0,test,beta
0.0013,0.0033891411946234966,0.002713568481479074,0,test,beta
0.0014,0.003355801557999183,0.0026137000224846297,0,test,beta
0.0015,0.0033210777706895733,0.00251381155979284,0,test,beta
0.0016,0.0032868413157169825,0.0024139030873929794,0,test,beta
0.0017,0.003248021323316545,0.0023139745992719132,0,test,beta
0.0018,0.0032268440190914276,0.002214026089414096,0,test,beta
0.0019,0.0031980850622826545,0.002114057551801574,0,test,beta
0.002,0.0031672615846488456,0.002014068980413979,0,test,beta
0.0021,0.0031372214291519786,0.001914060369228531,0,test,beta
0.0022,0.00311207979127125,0.001814031712220035,0,test,beta
0.0023,0.003086232029929606,0.001713983003360881,0,test,beta
0.0024,0.0030515807031378105,0.001613914236621042,0,test,beta
0.0025,0.0030256332522125918,0.0015138254059680711,0,test,beta
0.0026,0.003002921191685275,0.0014137165053671056,0,test,beta
0.0027,0.002972421096383419,0.0013135875287808591,0,test,beta
0.0028,0.0029462145937078693,0.0012134384701696262,0,test,beta
0.0029,0.0029218536451205484,0.001113269323491276,0,test,beta
0.003,0.0028886893938771486,0.0010130800827012547,0,test,beta
0.0031,0.0028617060127449512,9.128707417525844e-4,0,test,beta
0.0032,0.002840601500327356,8.126412945958579e-4,0,test,beta
0.0033,0.00281849752709483,7.123917351792427e-4,0,test,beta
0.0034,0.00279426654848947,6.121220574484762e-4,0,test,beta
0.0035,0.0027732428612488565,5.11832255346865e-4,0,test,beta
0.0036,0.002750670136685205,4.115223228152863e-4,0,test,beta
0.0037,0.002726558440896704,3.111922537921818e-4,0,test,beta
0.0038,0.002702927352507359,2.1084204221356265e-4,0,test,beta
0.0039,0.002685324337188338,1.1047168201300164e-4,0,test,beta
0.004,0.0026672077083668196,1.0081167121637168e-5,0,test,beta
0.0041,0.0026510673748141103,-9.032950853183046e-5,0,test,beta
0.0042,0.002629517143329668,-1.907603510211374e-4,0,test,beta
0.0043,0.002608074596445956,-2.912113664224657e-4,0,test,beta
0.0044,0.0025901193232663487,-3.916825608144322e-4,0,test,beta
0.0045,0.0025688479337635348,-4.921739402780996e-4,0,test,beta
0.0046,0.0025502601939848637,-5.926855108969748e-4,0,test,beta
0.0047,0.002531393844969122,-6.932172787570065e-4,0,test,beta
0.0048,0.0025177819348586733,-7.937692499465918e-4,0,test,beta
0.0049,0.0025014082784820544,-8.943414305565764e-4,0,test,beta
0.005,0.0024830049354143116,-9.949338266802502e-4,0,test,beta
0.0051,0.0024646413629860887,-0.0010955464444133579,0,test,beta
0.0052,0.002448891160800826,-0.0011961792898540899,0,test,beta
0.0053,0.0024323053626983237,-0.0012968323691030957,0,test,beta
0.0054,0.0024229160670918536,-0.0013975056882634725,0,test,beta
0.0055,0.002407254897238944,-0.0014981992534407731,0,test,beta
0.0056,0.002393135788399727,-0.00159891307074301,0,test,beta
0.0057,0.0023714414693270414,-0.0016996471462806494,0,test,beta
0.0058,0.002355470565008537,-0.0018004014861666149,0,test,beta
0.0059,0.002341714004242999,-0.001901176096516295,0,test,beta
0.006,0.002321183174257421,-0.002001970983447535,0,test,beta
0.0061,0.0023049267541962112,-0.0021027861530806416,0,test,beta
0.0062,0.00228452596152594,-0.002203621611538387,0,test,beta
0.0063,0.0022708861603844745,-0.0023044773649460093,0,test,beta
0.0064,0.002254237154282528,-0.0024053534194312083,0,test,beta
0.0065,0.0022399509600385275,-0.0025062497811241553,0,test,beta
0.0066,0.002224438812364796,-0.0026071664561574887,0,test,beta
0.0067,0.0022106507364364845,-0.002708103450666314,0,test,beta
0.0068,0.0021997680884742743,-0.002809060770788209,0,test,beta
0.0069,0.0021845372583142756,-0.002910038422663225,0,test,beta
0.007,0.0021764847571275254,-0.0030110364124338864,0,test,beta
0.0071,0.0021675470233157995,-0.00311205474624519,0,test,beta
0.0072,0.002156689698519418,-0.00321309343024461,0,test,beta
0.0073,0.0021355973410019514,-0.0033141524705820984,0,test,beta
0.0074,0.002125681767183577,-0.003415231873410084,0,test,beta
0.0075,0.002114417439298801,-0.003516331644883474,0,test,beta
0.0076,0.0020961099656421674,-0.0036174517911596628,0,test,beta
0.0077,0.0020848211256899595,-0.0037185923183985182,0,test,beta
0.0078,0.002069360928127818,-0.0038197532327623957,0,test,beta
0.0079,0.0020536438384769853,-0.003920934540416137,0,test,beta
0.008,0.0020432892915516333,-0.004022136247527065,0,test,beta
0.0081,0.002034807376676888,-0.004123358360264995,0,test,beta
0.0082,0.002024225522101475,-0.004224600884802227,0,test,beta
0.0083,0.002013176783661308,-0.004325863827313551,0,test,beta
0.0084,0.0019988674781011443,-0.0044271471939762485,0,test,beta
0.0085,0.0019847268904401865,-0.004528450990970095,0,test,beta
0.0086,0.001974435032063974,-0.004629775224477353,0,test,beta
0.0087,0.0019619116816297667,-0.0047311199006827885,0,test,beta
0.0088,0.0019486748298821245,-0.004832485025773658,0,test,beta
0.0089,0.00193890961668937,-0.004933870605939712,0,test,beta
0.009,0.001926683244547708,-0.005035276647373206,0,test,beta
0.0091,0.001914353195170697,-0.005136703156268897,0,test,beta
0.0092,0.0019028738377502067,-0.00523815013882403,0,test,beta
0.0093,0.0018940992693019137,-0.005339617601238365,0,test,beta
0.0094,0.0018874327801818964,-0.005441105549714162,0,test,beta
0.0095,0.0018796848652856417,-0.0055426139904561815,0,test,beta
0.0096,0.0018675118565930396,-0.005644142929671698,0,test,beta
0.0097,0.0018554209331824018,-0.005745692373570483,0,test,beta
0.0098,0.001848656707153958,-0.005847262328364825,0,test,beta
0.0099,0.0018395248504825023,-0.005948852800269519,0,test,beta
0.01,0.0018326791398205354,-0.006050463795501869,0,test,beta
0.011,0.0017463153208655763,-0.007067703900451818,0,test,beta
0.012,0.001658899683817482,-0.00808700319589762,0,test,beta
0.013,0.0015786922013540242,-0.009108367940776949,0,test,beta
0.014,0.0015102128072292322,-0.01013180441941871,0,test,beta
0.015,0.0014360736425595125,-0.011157318941671927,0,test,beta
0.016,0.0013715186722717903,-0.012184917843035416,0,test,beta
0.017,0.0013148302520671466,-0.013214607484788251,0,test,beta
0.018,0.0012646562214662794,-0.014246394254121025,0,test,beta
0.019,0.0012308254715089552,-0.01528028456426794,0,test,beta
0.02,0.0011890157340602712,-0.016316284854639644,0,test,beta
0.021,0.0011580551444395671,-0.017354401590956945,0,test,beta
0.022,0.0011032314187925483,-0.018394641265385325,0,test,beta
0.023,0.0010677075620121098,-0.019437010396670264,0,test,beta
0.024,0.001034648288822126,-0.02048151553027341,0,test,beta
0.025,0.0010080548872634623,-0.02152816323850959,0,test,beta
0.026,9.622481969810862e-4,-0.02257696012068465,0,test,beta
0.027,9.382326966302407e-4,-0.02362791280323417,0,test,beta
0.028,9.044422643616272e-4,-0.02468102793986301,0,test,beta
0.029,8.816068829003795e-4,-0.025736312211685736,0,test,beta
0.03,8.545532647979913e-4,-0.026793772327367887,0,test,beta
0.031,8.281608610021452e-4,-0.027853415023268168,0,test,beta
0.032,8.02231172229498e-4,-0.028915247063581454,0,test,beta
0.033,7.811039766109555e-4,-0.029979275240482783,0,test,beta
0.034,7.608424195973619e-4,-0.031045506374272103,0,test,beta
0.035,7.279279505159523e-4,-0.032113947313520054,0,test,beta
0.036,7.109312413332647e-4,-0.03318460493521457,0,test,beta
0.037,6.953274845011264e-4,-0.034257486144908464,0,test,beta
0.038,6.705736979146811e-4,-0.03533259787686783,0,test,beta
0.039,6.603419235671933e-4,-0.03640994709422149,0,test,beta
0.04,6.398576073223095e-4,-0.037489540789111306,0,test,beta
0.041,6.286642630900865e-4,-0.03857138598284344,0,test,beta
0.042,6.161393759097692e-4,-0.039655489726040556,0,test,beta
0.043,6.030941023849728e-4,-0.04074185909879503,0,test,beta
0.044,5.936328165999062e-4,-0.041830501210823066,0,test,beta
0.045,5.777778766700118e-4,-0.04292142320161974,0,test,beta
0.046,5.649004301571181e-4,-0.04401463224061515,0,test,beta
0.047,5.472643376790212e-4,-0.04511013552733143,0,test,beta
0.048,5.355245307579832e-4,-0.04620794029154081,0,test,beta
0.049,5.199453391043904e-4,-0.04730805379342466,0,test,beta
0.05,5.092140402792725e-4,-0.04841048332373353,0,test,beta
0.051,4.940971529820507e-4,-0.0495152362039482,0,test,beta
0.052,4.7811186119226315e-4,-0.05062231978644183,0,test,beta
0.053,4.7156535320184794e-4,-0.051731741454642925,0,test,beta
0.054,4.580943379178849e-4,-0.052843508623199635,0,test,beta
0.055,0.00044469157860370693,-0.05395762873814482,0,test,beta
0.056,4.311254428306588e-4,-0.05507410927706234,0,test,beta
0.057,4.143527380561336e-4,-0.056192957749254355,0,test,beta
0.058,4.079138595644755e-4,-0.05731418169590961,0,test,beta
0.059,3.979987540441038e-4,-0.05843778869027295,0,test,beta
0.06,3.852318416794731e-4,-0.05956378633781579,0,test,beta
0.061,3.808263623866211e-4,-0.06069218227640772,0,test,beta
0.062,3.7446811862028594e-4,-0.061822984176489175,0,test,beta
0.063,0.00036463017922988713,-0.0629561997412453,0,test,beta
0.064,3.6022780824531146e-4,-0.06409183670678083,0,test,beta
0.065,3.530375104419087e-4,-0.06522990284229609,0,test,beta
0.066,3.4429100486888724e-4,-0.06637040595026429,0,test,beta
0.067,3.430227602633296e-4,-0.06751335386660968,0,test,beta
0.068,3.348869052834465e-4,-0.06865875446088718,0,test,beta
0.069,3.327033273644079e-4,-0.06980661563646279,0,test,beta
0.07,3.266625774002157e-4,-0.07095694533069555,0,test,beta
0.071,3.22335427906479e-4,-0.07210975151512039,0,test,beta
0.072,3.133143255071242e-4,-0.07326504219563236,0,test,beta
0.073,3.0823492315344096e-4,-0.07442282541267188,0,test,beta
0.074,3.012763653790825e-4,-0.07558310924141128,0,test,beta
0.075,2.9278666479403136e-4,-0.07674590179194253,0,test,beta
0.076,2.878948770380851e-4,-0.07791121120946627,0,test,beta
0.077,2.858972628859838e-4,-0.07907904567448194,0,test,beta
0.078,2.810451111246484e-4,-0.08024941340297922,0,test,beta
0.079,2.754865953047128e-4,-0.08142232264663066,0,test,beta
0.08,2.680747336043997e-4,-0.08259778169298569,0,test,beta
0.081,2.646456494722185e-4,-0.08377579886566577,0,test,beta
0.082,2.6350180621015205e-4,-0.08495638252456084,0,test,beta
0.083,2.5659782132064437e-4,-0.08613954106602709,0,test,beta
0.084,2.5413672707133746e-4,-0.08732528292308608,0,test,beta
0.085,2.484869596342993e-4,-0.08851361656562497,0,test,beta
0.086,2.413618316838534e-4,-0.08970455050059829,0,test,beta
0.087,2.3933816562896423e-4,-0.09089809327223092,0,test,beta
0.088,2.3348181727555583e-4,-0.09209425346222241,0,test,beta
0.089,2.3489985545727425e-4,-0.09329303968995262,0,test,beta
0.09,2.354050883790021e-4,-0.09449446061268883,0,test,beta
0.091,2.300363229642161e-4,-0.0956985249257941,0,test,beta
0.092,2.2467719468392838e-4,-0.09690524136293704,0,test,beta
0.093,2.2107142904867174e-4,-0.09811461869630302,0,test,beta
0.094,2.184653638639548e-4,-0.09932666573680668,0,test,beta
0.095,2.160249812437882e-4,-0.1005413913343059,0,test,beta
0.096,2.08677338356766e-4,-0.1017588043778173,0,test,beta
0.097,2.0705823748270758e-4,-0.10297891379573294,0,test,beta
0.098,2.0488045462217856e-4,-0.10420172855603863,0,test,beta
0.099,2.030289331282907e-4,-0.10542725766653369,0,test,beta
0.1,2.0037711873193765e-4,-0.10665551017505205,0,test,beta
0.11,1.651009990033724e-4,-0.11908984175005263,0,test,beta
0.12,1.3798356339792805e-4,-0.13180677176993957,0,test,beta
0.13,1.1122489478155106e-4,-0.14481604500867454,0,test,beta
0.14,8.135127412184245e-5,-0.1581278594855196,0,test,beta
0.15,5.502507939947001e-5,-0.17175289312652572,0,test,beta
0.16,4.8613045192892604e-5,-0.18570233233041292,0,test,beta
0.17,3.688099718630682e-5,-0.19998790259945404,0,test,beta
0.18,3.197429420310434e-5,-0.21462190141164247,0,test,beta
0.19,2.0607732678305397e-5,-0.22961723352783558,0,test,beta
0.2,2.136189981493849e-5,-0.24498744894693356,0,test,beta
0.21,1.9725245265492837e-5,-0.26074678374373017,0,test,beta
0.22,1.441423739199628e-5,-0.276910204048137,0,test,beta
0.23,9.958178861099146e-6,-0.2934934534513595,0,test,beta
0.24,8.876135657176659e-6,-0.3105131041546669,0,test,beta
0.25,1.0493564821373292e-5,-0.3279866122100624,0,test,beta
0.26,8.001849622475774e-6,-0.3459323772399282,0,test,beta
0.27,3.1419088408417096e-6,-0.3643698070651327,0,test,beta
0.28,3.0814436380223155e-6,-0.38331938771881513,0,test,beta
0.29,9.923491883391244e-7,-0.4028027593768266,0,test,beta
0.3,1.3920034967127835e-6,-0.4228427987964955,0,test,beta
0.31,4.127903345881833e-7,-0.44346370892398096,0,test,beta
0.32,0,-0.4646911164081572,0,test,beta
0.33,0,-0.48655217784708493,0,test,beta
0.34,0,-0.5090756956932528,0,test,beta
0.35,0,-0.5322922448577644,0,test,beta
0.36,0,-0.556234311183667,0,test,beta
0.37,0,-0.5809364431072173,0,test,beta
0.38,0,-0.6064354179960433,0,test,beta
0.39,0,-0.6327704248484375,0,test,beta
0.4,0,-0.6599832652625781,0,test,beta
0.41,0,-0.6881185748432995,0,test,beta
0.42,0,-0.7172240675130117,0,test,beta
0.43,0,-0.7473508055395558,0,test,beta
0.44,0,-0.7785534984956194,0,test,beta
0.45,0,-0.8108908348319033,0,test,beta
0.46,0,-0.8444258502917534,0,test,beta
0.47,0,-0.8792263380331071,0,test,beta
0.48,0,-0.9153653060722055,0,test,beta
0.49,0,-0.9529214885442094,0,test,beta
0.5,0,-0.9919799183150937,0,test,beta
0.51,0,-1.0326325697092795,0,test,beta
0.52,0,-1.0749790815782228,0,test,beta
0.53,0,-1.1191275726756318,0,test,beta
0.54,0,-1.1651955633859716,0,test,beta
0.55,0,-1.2133110203501045,0,test,beta
0.56,0,-1.2636135435398794,0,test,beta
0.57,0,-1.3162557189710389,0,test,beta
0.58,0,-1.3714046646608258,0,test,beta
0.59,0,-1.4292438028232848,0,test,beta
0.6,0,-1.489974897893867,0,test,beta
0.61,0,-1.553820408096274,0,test,beta
0.62,0,-1.6210262083093339,0,test,beta
0.63,0,-1.6918647544798564,0,test,beta
0.64,0,-1.7666387754376303,0,test,beta
0.65,0,-1.8456855975929913,0,test,beta
0.66,0,-1.9293822328163146,0,test,beta
0.67,0,-2.018151391386506,0,test,beta
0.68,0,-2.1124686223673343,0,test,beta
0.69,0,-2.212870835992086,0,test,beta
0.7,0,-2.319966530525156,0,test,beta
0.71,0,-2.4344481350260234,0,test,beta
0.72,0,-2.5571069969912386,0,test,beta
0.73,0,-2.6888517005835064,0,test,beta
0.74,0,-2.8307306121444107,0,test,beta
0.75,0,-2.9839598366301874,0,test,beta
0.76,0,-3.1499581631564455,0,test,beta
0.77,0,-3.3303911267719433,0,test,beta
0.78,0,-3.527227087079759,0,test,beta
0.79,0,-3.7428093293216524,0,test,beta
0.8,0,-3.9799497957877352,0,test,beta
0.81,0,-4.242052416618669,0,test,beta
0.82,0,-4.533277550875259,0,test,beta
0.83,0,-4.858764465632627,0,test,beta
0.84,0,-5.224937244734667,0,test,beta
0.85,0,-5.639933061050312,0,test,beta
0.86,0,-6.114213993982477,0,test,beta
0.87,0,-6.661461224288821,0,test,beta
0.88,0,-7.299916326312891,0,test,beta
0.89,0,-8.054454174159517,0,test,beta
0.9,0,-8.95989959157547,0,test,beta
0.905,0,-9.484104833237337,0,test,beta
0.91,0,-10.066555101750524,0,test,beta
0.915,0,-10.71752893126526,0,test,beta
0.92,0,-11.449874489469343,0,test,beta
0.925,0,-12.279866122100632,0,test,beta
0.93,0,-13.228427987964963,0,test,beta
0.935,0,-14.322922448577655,0,test,beta
0.94,0,-15.599832652625766,0,test,beta
0.945,0,-17.10890834831902,0,test,beta
0.95,0,-18.91979918315092,0,test,beta
0.955,0,-21.133110203501023,0,test,beta
0.96,0,-23.89974897893865,0,test,beta
0.965,0,-27.456855975929884,0,test,beta
0.97,0,-32.199665305251536,0,test,beta
0.975,0,-38.83959836630184,0,test,beta
0.98,0,-48.7994979578773,0,test,beta
0.985,0,-65.39933061050307,0,test,beta
0.99,0,-98.5989959157546,0,test,beta
0.991,0,-109.66555101750511,0,test,beta
0.992,0,-123.49874489469323,0,test,beta
0.993,0,-141.28427987964943,0,test,beta
0.994,0,-164.99832652625767,0,test,beta
0.995,0,-198.1979918315092,0,test,beta
0.996,0,-247.9974897893865,0,test,beta
0.997,0,-330.99665305251534,0,test,beta
0.998,0,-496.994979578773,0,test,beta
0.999,0,-994.989959157546,0,test,beta
1e-4,0.0026514888336235305,0.003690839907426233,0,validation,isotonic
2e-4,0.0023391476275459663,0.0035911890612477402,0,validation,isotonic
3e-4,0.00222889459385683,0.0034915182789191663,0,validation,isotonic
4e-4,0.0021127648508271085,0.0033918275544572735,0,validation,isotonic
5e-4,0.002026501091967891,0.003292116881876429,0,validation,isotonic
6e-4,0.0019444858469152165,0.003192386255188604,0,validation,isotonic
7e-4,0.0018516367290179287,0.003092635668403373,0,validation,isotonic
8e-4,0.001758700541902928,0.0029928651155279127,0,validation,isotonic
9e-4,0.0016766161835185494,0.002893074590567001,0,validation,isotonic
0.001,0.0016084415758815434,0.0027932640875230137,0,validation,isotonic
0.0011,0.0015327580550424582,0.002693433600395926,0,validation,isotonic
0.0012,0.0014671740721021837,0.0025935831231833108,0,validation,isotonic
0.0013,0.0014082062624288397,0.0024937126498803352,0,validation,isotonic
0.0014,0.0013567523741107416,0.0023938221744797625,0,validation,isotonic
0.0015,0.0013012167645216118,0.0022939116909719485,0,validation,isotonic
0.0016,0.001233573049577558,0.002193981193344842,0,validation,isotonic
0.0017,0.0011758393111088298,0.002094030675583983,0,validation,isotonic
0.0018,0.001125833340302902,0.001994060131672501,0,validation,isotonic
0.0019,0.0010452256967889418,0.0018940695555911137,0,validation,isotonic
0.002,9.931306480448722e-4,0.001794058941318127,0,validation,isotonic
0.0021,9.328037043382126e-4,0.0016940282828294328,0,validation,isotonic
0.0022,8.805015996661792e-4,0.0015939775740985073,0,validation,isotonic
0.0023,8.22811840900698e-4,0.0014939068090964124,0,validation,isotonic
0.0024,7.721878409330492e-4,0.0013938159817917916,0,validation,isotonic
0.0025,7.140862438447059e-4,0.0012937050861508682,0,validation,isotonic
0.0026,5.438879555538914e-4,0.0011935741161374484,0,validation,isotonic
0.0027,0.00047719444816882617,0.0010934230657129152,0,validation,isotonic
0.0028,4.448527742321794e-4,9.93251928836232e-4,0,validation,isotonic
0.0029,3.932746545664669e-4,8.930606994639366e-4,0,validation,isotonic
0.003,3.556335794809458e-4,7.928493715501409e-4,0,validation,isotonic
0.0031,3.1008478073500537e-4,6.926179390465354e-4,0,validation,isotonic
0.0032,1.2001892304575165e-4,5.923663959023781e-4,0,validation,isotonic
0.0033,1.000721730779273e-4,4.920947360645038e-4,0,validation,isotonic
0.0034,7.536301595443347e-5,3.9180295347731415e-4,0,validation,isotonic
0.0035,4.9032908546701266e-5,2.9149104208278046e-4,0,validation,isotonic
0.0036,3.209414231952518e-5,1.9115899582044463e-4,0,validation,isotonic
0.0037,9.009258617424169e-6,9.0806808627412125e-05,0,validation,isotonic
0.0038,-7.124983132713648e-6,-9.565525561643692e-6,0,validation,isotonic
0.0039,-2.779561189227009e-5,-1.0995801281448586e-4,0,validation,isotonic
0.004,-6.361233688123667e-5,-2.1037065920131472e-4,0,validation,isotonic
0.0041,-8.30672099357226e-5,-3.1080347079476874e-4,0,validation,isotonic
0.0042,-1.0847349670406513e-4,-4.112564536699224e-4,0,validation,isotonic
0.0043,-1.3399740743803726e-4,-5.117296139042979e-4,0,validation,isotonic
0.0044,-1.5683960204686557e-4,-6.12222957577852e-4,0,validation,isotonic
0.0045,-1.630137930301854e-4,-7.127364907729868e-4,0,validation,isotonic
0.0046,-1.8506370251872078e-4,-8.132702195745517e-4,0,validation,isotonic
0.0047,-2.1546253009956584e-4,-9.138241500698373e-4,0,validation,isotonic
0.0048,-2.415131297502944e-4,-0.0010143982883485817,0,validation,isotonic
0.0049,-2.5311425071347605e-4,-0.001114992640502974,0,validation,isotonic
0.005,-2.6275563301351594e-4,-0.0012156072126276478,0,validation,isotonic
0.0051,-2.738399727881249e-4,-0.0013162420108196902,0,validation,isotonic
0.0052,-2.8258417155406767e-4,-0.001416897041178638,0,validation,isotonic
0.0053,-3.0878590762458774e-4,-0.0015175723098064834,0,validation,isotonic
0.0054,-3.278191439316459e-4,-0.0016182678228076706,0,validation,isotonic
0.0055,-3.530230851928761e-4,-0.0017189835862890983,0,validation,isotonic
0.0056,-3.703709820601778e-4,-0.0018197196063601262,0,validation,isotonic
0.0057,-3.869882668043173e-4,-0.0019204758891325658,0,validation,isotonic
0.0058,-4.001890404564374e-4,-0.0020212524407206885,0,validation,isotonic
0.0059,-4.108441930050962e-4,-0.0021220492672412326,0,validation,isotonic
0.006,-4.2544847639149714e-4,-0.00222286637481339,0,validation,isotonic
0.0061,-4.380527566467294e-4,-0.0023237037695588185,0,validation,isotonic
0.0062,-4.463103534488982e-4,-0.0024245614576016393,0,validation,isotonic
0.0063,-4.6983122169986233e-4,-0.0025254394450684404,0,validation,isotonic
0.0064,-4.270367739426861e-4,-0.002626337738088274,0,validation,isotonic
0.0065,-4.410609774043522e-4,-0.0027272563427926605,0,validation,isotonic
0.0066,-4.369637597291764e-4,-0.002828195265315592,0,validation,isotonic
0.0067,-4.4148546089572955e-4,-0.0029291545117935266,0,validation,isotonic
0.0068,-0.00044551137477542516,-0.0030301340883653934,0,validation,isotonic
0.0069,-4.4961421038772334e-4,-0.0031311340011726,0,validation,isotonic
0.007,-4.5846380076097987e-4,-0.0032321542563590227,0,validation,isotonic
0.0071,-4.623158388518821e-4,-0.003333194860071014,0,validation,isotonic
0.0072,-4.705186497608419e-4,-0.0034342558184574023,0,validation,isotonic
0.0073,-4.7838520668199303e-4,-0.003535337137669496,0,validation,isotonic
0.0074,-4.8610600651749107e-4,-0.0036364388238610814,0,validation,isotonic
0.0075,-4.897647796310845e-4,-0.003737560883188421,0,validation,isotonic
0.0076,-4.923309444262091e-4,-0.0038387033218102674,0,validation,isotonic
0.0077,-4.980141559273402e-4,-0.003939866145887846,0,validation,isotonic
0.0078,-5.057990974513477e-4,-0.004041049361584871,0,validation,isotonic
0.0079,-5.084235554400408e-4,-0.004142252975067543,0,validation,isotonic
0.008,-5.118884948732521e-4,-0.004243476992504545,0,validation,isotonic
0.0081,-5.170236106755983e-4,-0.004344721420067052,0,validation,isotonic
0.0082,-5.204664410149387e-4,-0.004445986263928725,0,validation,isotonic
0.0083,-5.256652439257069e-4,-0.004547271530265715,0,validation,isotonic
0.0084,-5.307672193025645e-4,-0.004648577225256663,0,validation,isotonic
0.0085,-5.358490227126382e-4,-0.004749903355082713,0,validation,isotonic
0.0086,-5.406417728209311e-4,-0.004851249925927486,0,validation,isotonic
0.0087,-5.451189882112535e-4,-0.00495261694397711,0,validation,isotonic
0.0088,-5.480097010842295e-4,-0.005054004415420208,0,validation,isotonic
0.0089,-4.7913560982068505e-4,-0.005155412346447896,0,validation,isotonic
0.009,-4.8278071364974367e-4,-0.005256840743253792,0,validation,isotonic
0.0091,-4.863435028486447e-4,-0.005358289612034019,0,validation,isotonic
0.0092,-4.897603042292427e-4,-0.005459758958987192,0,validation,isotonic
0.0093,-4.931746352231591e-4,-0.005561248790314433,0,validation,isotonic
0.0094,-4.957390347086458e-4,-0.005662759112219371,0,validation,isotonic
0.0095,-4.989074390142782e-4,-0.005764289930908136,0,validation,isotonic
0.0096,-5.023758862811572e-4,-0.005865841252589366,0,validation,isotonic
0.0097,-5.054324663323159e-4,-0.00596741308347421,0,validation,isotonic
0.0098,-5.10832977800468e-4,-0.0060690054297763175,0,validation,isotonic
0.0099,-5.140425832752395e-4,-0.006170618297711858,0,validation,isotonic
0.01,-5.17006622012727e-4,-0.006272251693499506,0,validation,isotonic
0.011,-5.419790695182644e-4,-0.007289716053149148,0,validation,isotonic
0.012,-5.613389739385201e-4,-0.008309240057251527,0,validation,isotonic
0.013,-5.771945215480403e-4,-0.009330829966124122,0,validation,isotonic
0.014,-5.913585366586725e-4,-0.010354492065481245,0,validation,isotonic
0.015,-5.271571345091733e-4,-0.011380232666562951,0,validation,isotonic
0.016,-3.9765536057861624e-4,-0.012408058106264747,0,validation,isotonic
0.017,-4.088749575206151e-4,-0.013437974747268069,0,validation,isotonic
0.018,-4.194114554222878e-4,-0.014469988978171595,0,validation,isotonic
0.019,-4.2864727924825824e-4,-0.015504107213623351,0,validation,isotonic
0.02,-4.3812557829153487e-4,-0.01654033589445358,0,validation,isotonic
0.021,-4.0652528614005347e-4,-0.017578681487808487,0,validation,isotonic
0.022,-4.129546366450567e-4,-0.018619150487284776,0,validation,isotonic
0.023,-4.1963519529965364e-4,-0.019661749413065,0,validation,isotonic
0.024,-4.269251702146676e-4,-0.0207064848120538,0,validation,isotonic
0.025,-4.3314751683306207e-4,-0.02175336325801488,0,validation,isotonic
0.026,-4.353876682779812e-4,-0.02280239135170894,0,validation,isotonic
0.027,-4.378553614518061e-4,-0.02385357572103238,0,validation,isotonic
0.028,-4.3890630875662305e-4,-0.024906923021156904,0,validation,isotonic
0.029,-3.552162253399225e-4,-0.02596243993466994,0,validation,isotonic
0.03,-3.569264926464428e-4,-0.02702013317171599,0,validation,isotonic
0.031,-3.574771546737661e-4,-0.028080009470138813,0,validation,isotonic
0.032,-3.558619942236326e-4,-0.02914207559562449,0,validation,isotonic
0.033,-2.747115148674293e-4,-0.030206338341845412,0,validation,isotonic
0.034,-2.7552833959677635e-4,-0.03127280453060508,0,validation,isotonic
0.035,-2.764511390600328e-4,-0.03234148101198395,0,validation,isotonic
0.036,-2.5690149259525937e-4,-0.033412374664486,0,validation,isotonic
0.037,-2.5844778962896565e-4,-0.034485492395186404,0,validation,isotonic
0.038,-2.5958817167608377e-4,-0.03556084113987995,0,validation,isotonic
0.039,-2.615849432924138e-4,-0.0366384278632305,0,validation,isotonic
0.04,-2.631339627676624e-4,-0.037718259558921365,0,validation,isotonic
0.041,-2.6393301783188223e-4,-0.03880034324980658,0,validation,isotonic
0.042,-2.621800093639319e-4,-0.03988468598806316,0,validation,isotonic
0.043,-1.9731717344449438e-4,-0.04097129485534431,0,validation,isotonic
0.044,-1.9702532461739785e-4,-0.042060176962933585,0,validation,isotonic
0.045,-1.9765781229448453e-4,-0.04315133945190001,0,validation,isotonic
0.046,-1.964913615108284e-4,-0.0442447894932542,0,validation,isotonic
0.047,-1.9650277943925536e-4,-0.045340534288105465,0,validation,isotonic
0.048,-1.9372828496477958e-4,-0.04643858106781986,0,validation,isotonic
0.049,-1.9456454556580511e-4,-0.0475389370941793,0,validation,isotonic
0.05,-1.9443744140100418e-4,-0.04864160965954159,0,validation,isotonic
0.051,-1.9461640717097589e-4,-0.049746606087001585,0,validation,isotonic
0.052,-1.502355561798229e-4,-0.05085393373055328,0,validation,isotonic
0.053,-1.5132932268594918e-4,-0.05196359997525291,0,validation,isotonic
0.054,-1.5132854386623875e-4,-0.0530756122373832,0,validation,isotonic
0.055,-1.5186494051544347e-4,-0.05418997796461853,0,validation,isotonic
0.056,-1.5204713472547336e-4,-0.055306704636191216,0,validation,isotonic
0.057,-1.5104873925798497e-4,-0.056425799763058865,0,validation,isotonic
0.058,-1.497728452302541e-4,-0.05754727088807273,0,validation,isotonic
0.059,-1.4905271179284095e-4,-0.058671125586147184,0,validation,isotonic
0.06,-1.4764113431403586e-4,-0.059797371464430316,0,validation,isotonic
0.061,-1.4710533850605706e-4,-0.060926016162475505,0,validation,isotonic
0.062,-1.463156879169438e-4,-0.06205706735241419,0,validation,isotonic
0.063,-1.3037884078263127e-4,-0.06319053273912968,0,validation,isotonic
0.064,-1.2911091149092466e-4,-0.06432642006043217,0,validation,isotonic
0.065,-1.2835209990995383e-4,-0.06546473708723477,0,validation,isotonic
0.066,-1.278167266354668e-4,-0.06660549162373074,0,validation,isotonic
0.067,-3.100571985063699e-5,-0.06774869150757182,0,validation,isotonic
0.068,-3.137490757167218e-5,-0.06889434461004776,0,validation,isotonic
0.069,-3.1574346089047286e-5,-0.07004245883626693,0,validation,isotonic
0.07,-3.210123734760389e-5,-0.0711930421253382,0,validation,isotonic
0.071,-3.211653455919415e-5,-0.07234610245055383,0,validation,isotonic
0.072,-3.2117406122711155e-5,-0.07350164781957381,0,validation,isotonic
0.073,-3.192770242333408e-5,-0.07465968627461111,0,validation,isotonic
0.074,-3.207568536408163e-5,-0.07582022589261826,0,validation,isotonic
0.075,-3.239563679124118e-5,-0.07698327478547513,0,validation,isotonic
0.076,-3.21596344620939e-5,-0.07814884110017803,0,validation,isotonic
0.077,-3.246341036394969e-5,-0.0793169330190298,0,validation,isotonic
0.078,-3.2195438741170665e-5,-0.08048755875983135,0,validation,isotonic
0.079,-3.1907460526615524e-5,-0.08166072657607439,0,validation,isotonic
0.08,-3.179386839205281e-5,-0.08283644475713534,0,validation,isotonic
0.081,-3.1862531713062035e-5,-0.08401472162847064,0,validation,isotonic
0.082,-3.232110775983026e-5,-0.0851955655518132,0,validation,isotonic
0.083,-3.46121297144102e-5,-0.08637898492537023,0,validation,isotonic
0.084,-3.506738474827155e-5,-0.08756498818402239,0,validation,isotonic
0.085,-3.510815376545275e-5,-0.08875358379952406,0,validation,isotonic
0.086,-3.4507981703018614e-5,-0.08994478028070514,0,validation,isotonic
0.087,-3.4947473051537655e-5,-0.09113858617367414,0,validation,isotonic
0.088,-3.51721481468927e-5,-0.09233501006202248,0,validation,isotonic
0.089,-3.5392407016392245e-5,-0.09353406056703018,0,validation,isotonic
0.09,-3.5387065938931654e-5,-0.09473574634787307,0,validation,isotonic
0.091,-3.5595745166702256e-5,-0.09594007610183114,0,validation,isotonic
0.092,-3.602654035921209e-5,-0.09714705856449835,0,validation,isotonic
0.093,-3.599969070000692e-5,-0.09835670250999394,0,validation,isotonic
0.094,-3.5730889865717515e-5,-0.09956901675117495,0,validation,isotonic
0.095,-3.5681415075501645e-5,-0.10078401013985028,0,validation,isotonic
0.096,-3.562193584560598e-5,-0.10200169156699614,0,validation,isotonic
0.097,-3.531219989180633e-5,-0.10322206996297287,0,validation,isotonic
0.098,-3.4743937182961575e-5,-0.10444515429774336,0,validation,isotonic
0.099,-3.5137422167705985e-5,-0.10567095358109269,0,validation,isotonic
0.1,-3.55317815635276e-5,-0.10689947686284945,0,validation,isotonic
0.11,-3.4549052946385954e-5,-0.11933654963658932,0,validation,isotonic
0.12,-3.4763771027507295e-5,-0.13205628315518692,0,validation,isotonic
0.13,-9.02217650986124e-6,-0.14506842434087874,0,validation,isotonic
0.14,-8.737039148488165e-6,-0.15838317346112152,0,validation,isotonic
0.15,-8.681973775703576e-6,-0.17201121079595827,0,validation,isotonic
0.16,0,-0.18596372521019583,0,validation,isotonic
0.17,0,-0.2002524447910416,0,validation,isotonic
0.18,0,-0.21488966972751766,0,validation,isotonic
0.19,0,-0.22988830762538826,0,validation,isotonic
0.2,0,-0.24526191147070564,0,validation,isotonic
0.21,0,-0.2610247204766639,0,validation,isotonic
0.22,0,-0.2771917040725186,0,validation,isotonic
0.23,0,-0.29377860932021366,0,validation,isotonic
0.24,0,-0.310802012074427,0,validation,isotonic
0.25,0,-0.3282793722354193,0,validation,isotonic
0.26,0,-0.34622909348184394,0,validation,isotonic
0.27,0,-0.3646705879131021,0,validation,isotonic
0.28,0,-0.3836243460785619,0,validation,isotonic
0.29,0,-0.40311201292473875,0,validation,isotonic
0.3,0,-0.423156470252235,0,validation,isotonic
0.31,0,-0.4437819263428472,0,validation,isotonic
0.32,0,-0.46501401349494786,0,validation,isotonic
0.33,0,-0.48687989429337997,0,validation,isotonic
0.34,0,-0.5094083775402493,0,validation,isotonic
0.35,0,-0.5326300448870223,0,validation,isotonic
0.36,0,-0.556577389338382,0,validation,isotonic
0.37,0,-0.5812849669469278,0,validation,isotonic
0.38,0,-0.6067895631880073,0,validation,isotonic
0.39,0,-0.6331303756992861,0,validation,isotonic
0.4,0,-0.66034921529427415,0,validation,isotonic
0.41,0,-0.6884907274179057,0,validation,isotonic
0.42,0,-0.717602636511318,0,validation,isotonic
0.43,0,-0.7477360160992358,0,validation,isotonic
0.44,0,-0.7789455878152937,0,validation,isotonic
0.45,0,-0.8112900530482989,0,validation,isotonic
0.46,0,-0.8448324614380823,0,validation,isotonic
0.47,0,-0.8796406210878575,0,validation,isotonic
0.48,0,-0.9157875561087777,0,validation,isotonic
0.49,0,-0.9533520179932636,0,validation,isotonic
0.5,0,-0.9924190583531289,0,validation,isotonic
0.51,0,-1.0330806717889072,0,validation,isotonic
0.52,0,-1.0754365191178428,0,validation,isotonic
0.53,0,-1.1195947429288609,0,validation,isotonic
0.54,0,-1.1656728895142707,0,validation,isotonic
0.55,0,-1.2137989537256992,0,validation,isotonic
0.56,0,-1.264112566310374,0,validation,isotonic
0.57,0,-1.3167663469222426,0,validation,isotonic
0.58,0,-1.3719274504203913,0,validation,isotonic
0.59,0,-1.429779339455035,0,validation,isotonic
0.6,0,-1.490523822941411,0,validation,isotonic
0.61,0,-1.5543834081450372,0,validation,isotonic
0.62,0,-1.6216040241488539,0,validation,isotonic
0.63,0,-1.6924581869636877,0,validation,isotonic
0.64,0,-1.7672486921571235,0,validation,isotonic
0.65,0,-1.8463129405044703,0,validation,isotonic
0.66,0,-1.9300280269898957,0,validation,isotonic
0.67,0,-2.018816755080499,0,validation,isotonic
0.68,0,-2.1131547786767646,0,validation,isotonic
0.69,0,-2.213579126376014,0,validation,isotonic
0.7,0,-2.320698430588548,0,validation,isotonic
0.71,0,-2.435205273022636,0,validation,isotonic
0.72,0,-2.5578911756305875,0,validation,isotonic
0.73,0,-2.6896649228761644,0,validation,isotonic
0.74,0,-2.8315751122175556,0,validation,isotonic
0.75,0,-2.9848381167062583,0,validation,isotonic
0.76,0,-3.150873038235686,0,validation,isotonic
0.77,0,-3.3313457790285415,0,validation,isotonic
0.78,0,-3.528225132620748,0,validation,isotonic
0.79,0,-3.7438549008407844,0,validation,isotonic
0.8,0,-3.9810476458828234,0,validation,isotonic
0.81,0,-4.243208048297709,0,validation,isotonic
0.82,0,-4.534497384314245,0,validation,isotonic
0.83,0,-4.86005605397979,0,validation,isotonic
0.84,0,-5.2263095573535265,0,validation,isotonic
0.85,0,-5.641396861177095,0,validation,isotonic
0.86,0,-6.115782351261174,0,validation,isotonic
0.87,0,-6.66315022443511,0,validation,isotonic
0.88,0,-7.301746076471371,0,validation,isotonic
0.89,0,-8.056450265241496,0,validation,isotonic
0.9,0,-8.962095291765646,0,validation,isotonic
0.905,0,-9.486416096595418,0,validation,isotonic
0.91,0,-10.068994768628498,0,validation,isotonic
0.915,0,-10.720112107959586,0,validation,isotonic
0.92,0,-11.452619114707062,0,validation,isotonic
0.925,0,-12.282793722354201,0,validation,isotonic
0.93,0,-13.231564702522359,0,validation,isotonic
0.935,0,-14.326300448870235,0,validation,isotonic
0.94,0,-15.603492152942726,0,validation,isotonic
0.945,0,-17.112900530482975,0,validation,isotonic
0.95,0,-18.92419058353127,0,validation,isotonic
0.955,0,-21.13798953725697,0,validation,isotonic
0.96,0,-23.905238229414092,0,validation,isotonic
0.965,0,-27.463129405044672,0,validation,isotonic
0.97,0,-32.20698430588546,0,validation,isotonic
0.975,0,-38.84838116706255,0,validation,isotonic
0.98,0,-48.810476458828184,0,validation,isotonic
0.985,0,-65.41396861177091,0,validation,isotonic
0.99,0,-98.62095291765637,0,validation,isotonic
0.991,0,-109.68994768628485,0,validation,isotonic
0.992,0,-123.52619114707045,0,validation,isotonic
0.993,0,-141.31564702522334,0,validation,isotonic
0.994,0,-165.03492152942724,0,validation,isotonic
0.995,0,-198.2419058353127,0,validation,isotonic
0.996,0,-248.05238229414087,0,validation,isotonic
0.997,0,-331.06984305885453,0,validation,isotonic
0.998,0,-497.1047645882818,0,validation,isotonic
0.999,0,-995.2095291765636,0,validation,isotonic
1e-4,0.002994219825295198,0.003910431885641715,0,test,isotonic
2e-4,0.0027295500482218855,0.003810803003053762,0,test,isotonic
3e-4,0.002581403075400262,0.003711154188709764,0,test,isotonic
4e-4,0.0024494579539433574,0.003611485436627802,0,test,isotonic
5e-4,0.002331977118633799,0.003511796740823563,0,test,isotonic
6e-4,0.0022206733931743154,0.003412088095310337,0,test,isotonic
7e-4,0.002110177788769746,0.0033123594940990203,0,test,isotonic
8e-4,0.0020114998344358996,0.0032126109311981094,0,test,isotonic
9e-4,0.0019105364007857284,0.0031128424006137034,0,test,isotonic
0.001,0.0018154182263042506,0.0030130538963495006,0,test,isotonic
0.0011,0.0017416043007361045,0.0029132454124067985,0,test,isotonic
0.0012,0.0016585274614983932,0.002813416942784493,0,test,isotonic
0.0013,0.0015706424658688753,0.002713568481479074,0,test,isotonic
0.0014,0.0014904966278878706,0.0026137000224846297,0,test,isotonic
0.0015,0.0014012579794955016,0.00251381155979284,0,test,isotonic
0.0016,0.0013310575270484605,0.0024139030873929794,0,test,isotonic
0.0017,0.0012554845066616,0.0023139745992719132,0,test,isotonic
0.0018,0.001188080616133985,0.002214026089414096,0,test,isotonic
0.0019,0.0011274335637956167,0.002114057551801574,0,test,isotonic
0.002,0.0010566656270587153,0.002014068980413979,0,test,isotonic
0.0021,9.838323547573377e-4,0.001914060369228531,0,test,isotonic
0.0022,9.130622834362222e-4,0.001814031712220035,0,test,isotonic
0.0023,8.445432495332902e-4,0.001713983003360881,0,test,isotonic
0.0024,7.928826500396428e-4,0.001613914236621042,0,test,isotonic
0.0025,7.314442989265405e-4,0.0015138254059680711,0,test,isotonic
0.0026,6.469944478195029e-4,0.0014137165053671056,0,test,isotonic
0.0027,5.803259560780557e-4,0.0013135875287808591,0,test,isotonic
0.0028,5.224909542634532e-4,0.0012134384701696262,0,test,isotonic
0.0029,4.4680542691995066e-4,0.001113269323491276,0,test,isotonic
0.003,3.9162768788108886e-4,0.0010130800827012547,0,test,isotonic
0.0031,3.302912045612946e-4,9.128707417525844e-4,0,test,isotonic
0.0032,1.9918523328329735e-4,8.126412945958579e-4,0,test,isotonic
0.0033,1.7420966035741029e-4,7.123917351792427e-4,0,test,isotonic
0.0034,1.475764162822815e-4,6.121220574484762e-4,0,test,isotonic
0.0035,1.1908703008953517e-4,5.11832255346865e-4,0,test,isotonic
0.0036,9.212515820096858e-5,4.115223228152863e-4,0,test,isotonic
0.0037,5.380869107042682e-5,3.111922537921818e-4,0,test,isotonic
0.0038,2.861149435442979e-5,2.1084204221356265e-4,0,test,isotonic
0.0039,9.887972943891017e-6,1.1047168201300164e-4,0,test,isotonic
0.004,-1.293182859226044e-5,1.0081167121637168e-5,0,test,isotonic
0.0041,-3.16445411685807e-5,-9.032950853183046e-5,0,test,isotonic
0.0042,-5.443222498131199e-5,-1.907603510211374e-4,0,test,isotonic
0.0043,-7.963653499494451e-5,-2.912113664224657e-4,0,test,isotonic
0.0044,-9.750860381295423e-5,-3.916825608144322e-4,0,test,isotonic
0.0045,-1.1958688433765495e-4,-4.921739402780996e-4,0,test,isotonic
0.0046,-1.4020952585124945e-4,-5.926855108969748e-4,0,test,isotonic
0.0047,-1.6017284804895982e-4,-6.932172787570065e-4,0,test,isotonic
0.0048,-1.8325056371398883e-4,-7.937692499465918e-4,0,test,isotonic
0.0049,-2.0360335850991447e-4,-8.943414305565764e-4,0,test,isotonic
0.005,-2.304591734244603e-4,-9.949338266802502e-4,0,test,isotonic
0.0051,-0.00024813363966433207,-0.0010955464444133579,0,test,isotonic
0.0052,-2.6953133234710886e-4,-0.0011961792898540899,0,test,isotonic
0.0053,-2.8331698170795666e-4,-0.0012968323691030957,0,test,isotonic
0.0054,-0.00030375103615907834,-0.0013975056882634725,0,test,isotonic
0.0055,-3.1815820772948685e-4,-0.0014981992534407731,0,test,isotonic
0.0056,-3.596280100134465e-4,-0.00159891307074301,0,test,isotonic
0.0057,-3.709456544576211e-4,-0.0016996471462806494,0,test,isotonic
0.0058,-3.8338031145670874e-4,-0.0018004014861666149,0,test,isotonic
0.0059,-3.8556216581149316e-4,-0.001901176096516295,0,test,isotonic
0.006,-3.889888167932122e-4,-0.002001970983447535,0,test,isotonic
0.0061,-4.038610705021669e-4,-0.0021027861530806416,0,test,isotonic
0.0062,-4.164158947758332e-4,-0.002203621611538387,0,test,isotonic
0.0063,-4.253319748675295e-4,-0.0023044773649460093,0,test,isotonic
0.0064,-4.3557829224030297e-4,-0.0024053534194312083,0,test,isotonic
0.0065,-4.4886489465015993e-4,-0.0025062497811241553,0,test,isotonic
0.0066,-4.543447372935994e-4,-0.0026071664561574887,0,test,isotonic
0.0067,-4.5882599433378615e-4,-0.002708103450666314,0,test,isotonic
0.0068,-4.6523935970329834e-4,-0.002809060770788209,0,test,isotonic
0.0069,-4.6848943332284277e-4,-0.002910038422663225,0,test,isotonic
0.007,-4.721726757561394e-4,-0.0030110364124338864,0,test,isotonic
0.0071,-4.763005413851097e-4,-0.00311205474624519,0,test,isotonic
0.0072,-4.7918035698934775e-4,-0.00321309343024461,0,test,isotonic
0.0073,-4.831298312384272e-4,-0.0033141524705820984,0,test,isotonic
0.0074,-4.845427191784713e-4,-0.003415231873410084,0,test,isotonic
0.0075,-4.892025154490884e-4,-0.003516331644883474,0,test,isotonic
0.0076,-4.902450041677602e-4,-0.0036174517911596628,0,test,isotonic
0.0077,-4.904437430839159e-4,-0.0037185923183985182,0,test,isotonic
0.0078,-4.926246264300027e-4,-0.0038197532327623957,0,test,isotonic
0.0079,-4.916912130306789e-4,-0.003920934540416137,0,test,isotonic
0.008,-4.929315806758924e-4,-0.004022136247527065,0,test,isotonic
0.0081,-4.984475027922717e-4,-0.004123358360264995,0,test,isotonic
0.0082,-5.005507202713986e-4,-0.004224600884802227,0,test,isotonic
0.0083,-5.036460649355225e-4,-0.004325863827313551,0,test,isotonic
0.0084,-5.017605688285439e-4,-0.0044271471939762485,0,test,isotonic
0.0085,-5.017679337798137e-4,-0.004528450990970095,0,test,isotonic
0.0086,-5.001977423364892e-4,-0.004629775224477353,0,test,isotonic
0.0087,-5.008219438774475e-4,-0.0047311199006827885,0,test,isotonic
0.0088,-5.029095084195066e-4,-0.004832485025773658,0,test,isotonic
0.0089,-4.972976706859461e-4,-0.004933870605939712,0,test,isotonic
0.009,-4.987151014100743e-4,-0.005035276647373206,0,test,isotonic
0.0091,-4.998234408891647e-4,-0.005136703156268897,0,test,isotonic
0.0092,-5.018037948623647e-4,-0.00523815013882403,0,test,isotonic
0.0093,-5.031505375124606e-4,-0.005339617601238365,0,test,isotonic
0.0094,-5.041935289392139e-4,-0.005441105549714162,0,test,isotonic
0.0095,-5.052352175063977e-4,-0.0055426139904561815,0,test,isotonic
0.0096,-5.060462906986587e-4,-0.005644142929671698,0,test,isotonic
0.0097,-5.071885879253254e-4,-0.005745692373570483,0,test,isotonic
0.0098,-5.074350283551468e-4,-0.005847262328364825,0,test,isotonic
0.0099,-5.081410388052964e-4,-0.005948852800269519,0,test,isotonic
0.01,-5.086577625967845e-4,-0.006050463795501869,0,test,isotonic
0.011,-5.104604687121022e-4,-0.007067703900451818,0,test,isotonic
0.012,-5.000830002134794e-4,-0.00808700319589762,0,test,isotonic
0.013,-4.8275486243471523e-4,-0.009108367940776949,0,test,isotonic
0.014,-4.527527753240214e-4,-0.01013180441941871,0,test,isotonic
0.015,-4.1486106868313257e-4,-0.011157318941671927,0,test,isotonic
0.016,-4.0247269581441376e-4,-0.012184917843035416,0,test,isotonic
0.017,-4.027494533687288e-4,-0.013214607484788251,0,test,isotonic
0.018,-4.001171536137948e-4,-0.014246394254121025,0,test,isotonic
0.019,-3.943109411089429e-4,-0.01528028456426794,0,test,isotonic
0.02,-3.8612035454971527e-4,-0.016316284854639644,0,test,isotonic
0.021,-3.7763970969011633e-4,-0.017354401590956945,0,test,isotonic
0.022,-3.716877066856542e-4,-0.018394641265385325,0,test,isotonic
0.023,-3.6477067490562026e-4,-0.019437010396670264,0,test,isotonic
0.024,-3.5485205910590085e-4,-0.02048151553027341,0,test,isotonic
0.025,-3.4221321466918104e-4,-0.02152816323850959,0,test,isotonic
0.026,-3.2822941146536957e-4,-0.02257696012068465,0,test,isotonic
0.027,-3.121200004261827e-4,-0.02362791280323417,0,test,isotonic
0.028,-2.9216959242954135e-4,-0.02468102793986301,0,test,isotonic
0.029,-2.733483320601839e-4,-0.025736312211685736,0,test,isotonic
0.03,-2.626559365561853e-4,-0.026793772327367887,0,test,isotonic
0.031,-2.481210595744575e-4,-0.027853415023268168,0,test,isotonic
0.032,-2.3327429990748256e-4,-0.028915247063581454,0,test,isotonic
0.033,-2.213794923872036e-4,-0.029979275240482783,0,test,isotonic
0.034,-2.1593745213387643e-4,-0.031045506374272103,0,test,isotonic
0.035,-2.074246103292182e-4,-0.032113947313520054,0,test,isotonic
0.036,-2.0142730458098438e-4,-0.03318460493521457,0,test,isotonic
0.037,-1.950128071499094e-4,-0.034257486144908464,0,test,isotonic
0.038,-1.8769986187467416e-4,-0.03533259787686783,0,test,isotonic
0.039,-1.8146597925565124e-4,-0.03640994709422149,0,test,isotonic
0.04,-1.7323751209570733e-4,-0.037489540789111306,0,test,isotonic
0.041,-1.6422827553974373e-4,-0.03857138598284344,0,test,isotonic
0.042,-1.5413303532735902e-4,-0.039655489726040556,0,test,isotonic
0.043,-1.4440204105960544e-4,-0.04074185909879503,0,test,isotonic
0.044,-1.403553496759535e-4,-0.041830501210823066,0,test,isotonic
0.045,-1.361298691430883e-4,-0.04292142320161974,0,test,isotonic
0.046,-1.3076414850856863e-4,-0.04401463224061515,0,test,isotonic
0.047,-1.263474911680926e-4,-0.04511013552733143,0,test,isotonic
0.048,-1.2111060287236836e-4,-0.04620794029154081,0,test,isotonic
0.049,-1.1481365992368274e-4,-0.04730805379342466,0,test,isotonic
0.05,-1.0919619332917773e-4,-0.04841048332373353,0,test,isotonic
0.051,-1.0267281039849624e-4,-0.0495152362039482,0,test,isotonic
0.052,-9.742759429994746e-5,-0.05062231978644183,0,test,isotonic
0.053,-9.297228780680449e-5,-0.051731741454642925,0,test,isotonic
0.054,-8.907169813418475e-5,-0.052843508623199635,0,test,isotonic
0.055,-8.543173597204213e-5,-0.05395762873814482,0,test,isotonic
0.056,-8.230969307224887e-5,-0.05507410927706234,0,test,isotonic
0.057,-7.924938546812625e-5,-0.056192957749254355,0,test,isotonic
0.058,-7.514659151199095e-5,-0.05731418169590961,0,test,isotonic
0.059,-6.93822653534022e-5,-0.05843778869027295,0,test,isotonic
0.06,-6.436478361559666e-5,-0.05956378633781579,0,test,isotonic
0.061,-5.9026900794621234e-5,-0.06069218227640772,0,test,isotonic
0.062,-5.3412340830812794e-5,-0.061822984176489175,0,test,isotonic
0.063,-4.726583813084951e-5,-0.0629561997412453,0,test,isotonic
0.064,-4.257004776436236e-5,-0.06409183670678083,0,test,isotonic
0.065,-3.753313253909073e-5,-0.06522990284229609,0,test,isotonic
0.066,-3.2737418424831914e-5,-0.06637040595026429,0,test,isotonic
0.067,-2.532209180597812e-5,-0.06751335386660968,0,test,isotonic
0.068,-2.5252754091900785e-5,-0.06865875446088718,0,test,isotonic
0.069,-2.5111614266031487e-5,-0.06980661563646279,0,test,isotonic
0.07,-2.483960582140745e-5,-0.07095694533069555,0,test,isotonic
0.071,-2.460331890381033e-5,-0.07210975151512039,0,test,isotonic
0.072,-2.4521600059797808e-5,-0.07326504219563236,0,test,isotonic
0.073,-2.436612543474219e-5,-0.07442282541267188,0,test,isotonic
0.074,-2.3894633872796945e-5,-0.07558310924141128,0,test,isotonic
0.075,-2.44512215046285e-5,-0.07674590179194253,0,test,isotonic
0.076,-2.4488229346599946e-5,-0.07791121120946627,0,test,isotonic
0.077,-2.4265455070999484e-5,-0.07907904567448194,0,test,isotonic
0.078,-2.421616895716359e-5,-0.08024941340297922,0,test,isotonic
0.079,-2.3833918051709184e-5,-0.08142232264663066,0,test,isotonic
0.08,-2.3431282939650302e-5,-0.08259778169298569,0,test,isotonic
0.081,-2.2876069183108822e-05,-0.08377579886566577,0,test,isotonic
0.082,-2.256459363550205e-5,-0.08495638252456084,0,test,isotonic
0.083,-2.2236091089004444e-5,-0.08613954106602709,0,test,isotonic
0.084,-2.2571310981968256e-5,-0.08732528292308608,0,test,isotonic
0.085,-2.2277322038817075e-5,-0.08851361656562497,0,test,isotonic
0.086,-2.2038454283337434e-5,-0.08970455050059829,0,test,isotonic
0.087,-2.1571656176373383e-5,-0.09089809327223092,0,test,isotonic
0.088,-2.1592021850494917e-5,-0.09209425346222241,0,test,isotonic
0.089,-2.1239718979437944e-5,-0.09329303968995262,0,test,isotonic
0.09,-2.1020076471071146e-5,-0.09449446061268883,0,test,isotonic
0.091,-2.0488260656660553e-5,-0.0956985249257941,0,test,isotonic
0.092,-2.031683585459719e-5,-0.09690524136293704,0,test,isotonic
0.093,-2.005826156437018e-5,-0.09811461869630302,0,test,isotonic
0.094,-2.0176368563832534e-5,-0.09932666573680668,0,test,isotonic
0.095,-1.9976699565234713e-5,-0.1005413913343059,0,test,isotonic
0.096,-1.9527847556335636e-5,-0.1017588043778173,0,test,isotonic
0.097,-1.914357581674832e-5,-0.10297891379573294,0,test,isotonic
0.098,-1.8500849476010055e-5,-0.10420172855603863,0,test,isotonic
0.099,-1.792075260678797e-5,-0.10542725766653369,0,test,isotonic
0.1,-1.7655839223263002e-5,-0.10665551017505205,0,test,isotonic
0.11,-1.2952730895081961e-5,-0.11908984175005263,0,test,isotonic
0.12,-7.4613334281842565e-6,-0.13180677176993957,0,test,isotonic
0.13,-4.032010128409443e-6,-0.14481604500867454,0,test,isotonic
0.14,-3.294491281128825e-6,-0.1581278594855196,0,test,isotonic
0.15,-1.1904464293154578e-6,-0.17175289312652572,0,test,isotonic
0.16,0,-0.18570233233041292,0,test,isotonic
0.17,0,-0.19998790259945404,0,test,isotonic
0.18,0,-0.21462190141164247,0,test,isotonic
0.19,0,-0.22961723352783558,0,test,isotonic
0.2,0,-0.24498744894693356,0,test,isotonic
0.21,0,-0.26074678374373017,0,test,isotonic
0.22,0,-0.276910204048137,0,test,isotonic
0.23,0,-0.2934934534513595,0,test,isotonic
0.24,0,-0.3105131041546669,0,test,isotonic
0.25,0,-0.3279866122100624,0,test,isotonic
0.26,0,-0.3459323772399282,0,test,isotonic
0.27,0,-0.3643698070651327,0,test,isotonic
0.28,0,-0.38331938771881513,0,test,isotonic
0.29,0,-0.4028027593768266,0,test,isotonic
0.3,0,-0.4228427987964955,0,test,isotonic
0.31,0,-0.44346370892398096,0,test,isotonic
0.32,0,-0.4646911164081572,0,test,isotonic
0.33,0,-0.48655217784708493,0,test,isotonic
0.34,0,-0.5090756956932528,0,test,isotonic
0.35,0,-0.5322922448577644,0,test,isotonic
0.36,0,-0.556234311183667,0,test,isotonic
0.37,0,-0.5809364431072173,0,test,isotonic
0.38,0,-0.6064354179960433,0,test,isotonic
0.39,0,-0.6327704248484375,0,test,isotonic
0.4,0,-0.6599832652625781,0,test,isotonic
0.41,0,-0.6881185748432995,0,test,isotonic
0.42,0,-0.7172240675130117,0,test,isotonic
0.43,0,-0.7473508055395558,0,test,isotonic
0.44,0,-0.7785534984956194,0,test,isotonic
0.45,0,-0.8108908348319033,0,test,isotonic
0.46,0,-0.8444258502917534,0,test,isotonic
0.47,0,-0.8792263380331071,0,test,isotonic
0.48,0,-0.9153653060722055,0,test,isotonic
0.49,0,-0.9529214885442094,0,test,isotonic
0.5,0,-0.9919799183150937,0,test,isotonic
0.51,0,-1.0326325697092795,0,test,isotonic
0.52,0,-1.0749790815782228,0,test,isotonic
0.53,0,-1.1191275726756318,0,test,isotonic
0.54,0,-1.1651955633859716,0,test,isotonic
0.55,0,-1.2133110203501045,0,test,isotonic
0.56,0,-1.2636135435398794,0,test,isotonic
0.57,0,-1.3162557189710389,0,test,isotonic
0.58,0,-1.3714046646608258,0,test,isotonic
0.59,0,-1.4292438028232848,0,test,isotonic
0.6,0,-1.489974897893867,0,test,isotonic
0.61,0,-1.553820408096274,0,test,isotonic
0.62,0,-1.6210262083093339,0,test,isotonic
0.63,0,-1.6918647544798564,0,test,isotonic
0.64,0,-1.7666387754376303,0,test,isotonic
0.65,0,-1.8456855975929913,0,test,isotonic
0.66,0,-1.9293822328163146,0,test,isotonic
0.67,0,-2.018151391386506,0,test,isotonic
0.68,0,-2.1124686223673343,0,test,isotonic
0.69,0,-2.212870835992086,0,test,isotonic
0.7,0,-2.319966530525156,0,test,isotonic
0.71,0,-2.4344481350260234,0,test,isotonic
0.72,0,-2.5571069969912386,0,test,isotonic
0.73,0,-2.6888517005835064,0,test,isotonic
0.74,0,-2.8307306121444107,0,test,isotonic
0.75,0,-2.9839598366301874,0,test,isotonic
0.76,0,-3.1499581631564455,0,test,isotonic
0.77,0,-3.3303911267719433,0,test,isotonic
0.78,0,-3.527227087079759,0,test,isotonic
0.79,0,-3.7428093293216524,0,test,isotonic
0.8,0,-3.9799497957877352,0,test,isotonic
0.81,0,-4.242052416618669,0,test,isotonic
0.82,0,-4.533277550875259,0,test,isotonic
0.83,0,-4.858764465632627,0,test,isotonic
0.84,0,-5.224937244734667,0,test,isotonic
0.85,0,-5.639933061050312,0,test,isotonic
0.86,0,-6.114213993982477,0,test,isotonic
0.87,0,-6.661461224288821,0,test,isotonic
0.88,0,-7.299916326312891,0,test,isotonic
0.89,0,-8.054454174159517,0,test,isotonic
0.9,0,-8.95989959157547,0,test,isotonic
0.905,0,-9.484104833237337,0,test,isotonic
0.91,0,-10.066555101750524,0,test,isotonic
0.915,0,-10.71752893126526,0,test,isotonic
0.92,0,-11.449874489469343,0,test,isotonic
0.925,0,-12.279866122100632,0,test,isotonic
0.93,0,-13.228427987964963,0,test,isotonic
0.935,0,-14.322922448577655,0,test,isotonic
0.94,0,-15.599832652625766,0,test,isotonic
0.945,0,-17.10890834831902,0,test,isotonic
0.95,0,-18.91979918315092,0,test,isotonic
0.955,0,-21.133110203501023,0,test,isotonic
0.96,0,-23.89974897893865,0,test,isotonic
0.965,0,-27.456855975929884,0,test,isotonic
0.97,0,-32.199665305251536,0,test,isotonic
0.975,0,-38.83959836630184,0,test,isotonic
0.98,0,-48.7994979578773,0,test,isotonic
0.985,0,-65.39933061050307,0,test,isotonic
0.99,0,-98.5989959157546,0,test,isotonic
0.991,0,-109.66555101750511,0,test,isotonic
0.992,0,-123.49874489469323,0,test,isotonic
0.993,0,-141.28427987964943,0,test,isotonic
0.994,0,-164.99832652625767,0,test,isotonic
0.995,0,-198.1979918315092,0,test,isotonic
0.996,0,-247.9974897893865,0,test,isotonic
0.997,0,-330.99665305251534,0,test,isotonic
0.998,0,-496.994979578773,0,test,isotonic
0.999,0,-994.989959157546,0,test,isotonic
