threshold,tp,fp,tn,fn,n_alerts,alerts_per_day,precision,recall,specificity,f1,accuracy,kappa,split,method
1e-4,1695,445453,26,0,447148,2456.8571428571427,0.003790691225276642,1,5.836414286644264e-5,0.007552752298687961,0.003848613738723629,4.4248079057459087e-7,validation,raw
2e-4,1695,445044,435,0,446739,2454.6098901098903,0.0037941616917260414,1,9.76477005650098e-4,0.00755964088360829,0.00476324652148828,7.409795842739751e-6,validation,raw
3e-4,1695,443612,1867,0,445307,2446.7417582417584,0.0038063628013931964,1,0.004190994412755708,0.00758385868519604,0.0079655793941508235,3.1904381514221295e-5,validation,raw
4e-4,1695,441418,4061,0,443113,2434.686813186813,0.0038252093709730925,1,0.009116030160793213,0.007621265804571859,0.012871946937881004,6.973901614429635e-5,validation,raw
5e-4,1695,438840,6639,0,440535,2420.521978021978,0.003847594402260887,1,0.014903059403473565,0.007665694321959161,0.01863704061506259,1.1467528028774684e-4,validation,raw
6e-4,1695,436049,9430,0,437744,2405.186813186813,0.0038721261742022733,1,0.02116822566271362,0.007714381290691085,0.02487845894439301,1.6391864553766305e-4,validation,raw
7e-4,1695,433219,12260,0,434914,2389.6373626373625,0.003897322229222329,1,0.027520938136253337,0.007764384151494817,0.031207091646652085,2.144929218608597e-4,validation,raw
8e-4,1695,430395,15084,0,432090,2374.120879120879,0.00392279386238978,1,0.03386018196143926,0.007814931360005533,0.03752230675307598,2.6561774687610176e-4,validation,raw
9e-4,1695,427558,17921,0,429253,2358.532967032967,0.003948720218612333,1,0.0402286078580584,0.007866378310144147,0.043866593317142766,3.176525748380229e-4,validation,raw
0.001,1695,424675,20804,0,426370,2342.6923076923076,0.003975420409503483,1,0.04670029339205664,0.007919358041418943,0.05031374811594592,3.712376774614557e-4,validation,raw
0.0011,1695,421981,23498,0,423676,2327.8901098901097,0.004000698647079372,1,0.05274771650291035,0.007969513671594914,0.056338248645940954,4.219663894951694e-4,validation,raw
0.0012,1695,419451,26028,0,421146,2313.989010989011,0.004024732515564674,1,0.058426996558760345,0.008017197953840807,0.06199600155644112,4.70195497776328e-4,validation,raw
0.0013,1695,416975,28504,0,418670,2300.3846153846152,0.004048534645424797,1,0.06398505877942619,0.00806442020624933,0.06753299610442468,5.179572798958382e-4,validation,raw
0.0014,1695,414488,30991,0,416183,2286.71978021978,0.004072727622223877,1,0.06956781352207399,0.008112415585410095,0.07309458957810606,5.665010043404456e-4,validation,raw
0.0015,1695,412039,33440,0,413734,2273.263736263736,0.00409683516462268,1,0.07506526682514776,0.008160239174443768,0.07857120494483132,6.148709582610767e-4,validation,raw
0.0016,1695,409749,35730,0,411444,2260.6813186813188,0.004119637180272406,1,0.08020580094684598,0.008205470797963882,0.08369225402192434,6.606193182661262e-4,validation,raw
0.0017,1695,407532,37947,0,409227,2248.5,0.0041419554428226875,1,0.08518246651357303,0.00824974082672624,0.08865005568302271,7.053950827275733e-4,validation,raw
0.0018,1695,405287,40192,0,406982,2236.164835164835,0.004164803357396642,1,0.0902219857726178,0.008295059423456666,0.0936704727913519,7.512313781928623e-4,validation,raw
0.0019,1695,403072,42407,0,404767,2223.9945054945056,0.0041875943444006055,1,0.09519416178989358,0.008340263050420458,0.09862380192050521,7.969513747231144e-4,validation,raw
0.002,1695,400936,44543,0,402631,2212.2582417582416,0.00420980997489016,1,0.0999890006038444,0.008384323540905111,0.10340046603782868,8.415151613173813e-4,validation,raw
0.0021,1695,398841,46638,0,400536,2200.747252747253,0.0042318293486727785,1,0.1046918036540443,0.008427992869768865,0.10808544325027841,8.856833033132823e-4,validation,raw
0.0022,1695,396749,48730,0,398444,2189.252747252747,0.004254048247683489,1,0.1093878723800673,0.008472055960553709,0.11276371166481057,9.302496900446857e-4,validation,raw
0.0023,1695,394696,50783,0,396391,2177.9725274725274,0.00427608094028371,1,0.11399639489179063,0.008515747853478898,0.11735476570641405,9.744406242215982e-4,validation,raw
0.0024,1695,392673,52806,0,394368,2166.8571428571427,0.004298016066212269,1,0.118537574161745,0.008559244362639279,0.12187873176884166,0.0010184339283444016,validation,raw
0.0025,1695,390730,54749,0,392425,2156.1813186813188,0.004319296680894438,1,0.12289917145364877,0.008601441185425758,0.12622379655346688,0.0010611126877695652,validation,raw
0.0026,1695,388851,56628,0,390546,2145.8571428571427,0.004340077737321596,1,0.12711710316311206,0.008642645720360696,0.13042574031585022,0.0011027878129905148,validation,raw
0.0027,1695,387078,58401,0,388773,2136.1153846153848,0.0043598706700310975,1,0.13109708875165832,0.008681889424997693,0.13439063988514538,0.0011424797013942915,validation,raw
0.0028,1695,385205,60274,0,386900,2125.8241758241757,0.004380976996639959,1,0.13530155181276782,0.00872373550869157,0.13857916605169351,0.0011848036762857877,validation,raw
0.0029,1695,383485,61994,0,385180,2116.3736263736264,0.004400540007269329,1,0.13916256434085558,0.008762520193861067,0.14242554352444461,0.0012240312787488042,validation,raw
0.003,1695,381717,63762,0,383412,2106.6593406593406,0.004420831898845107,1,0.14313132605577367,0.008802748327088317,0.14637926176387714,0.0012647188010261202,validation,raw
0.0031,1695,380029,65450,0,381724,2097.3846153846152,0.004440381008267754,1,0.14692050579264118,0.008841502377294813,0.1501540787255073,0.0013039153950254747,validation,raw
0.0032,1695,378390,67089,0,380085,2088.379120879121,0.00445952878961285,1,0.1505996915679527,0.00887945937450888,0.15381931865448348,0.001342305823004282,validation,raw
0.0033,1695,376724,68755,0,378419,2079.2252747252746,0.004479161987109527,1,0.15433948626085628,0.008918377118443413,0.15754493776471798,0.0013816679569086331,validation,raw
0.0034,1695,375166,70313,0,376861,2070.664835164835,0.004497679515789641,1,0.1578368452833916,0.008955081942962203,0.16102904014991928,0.0014187918920161248,validation,raw
0.0035,1695,373479,72000,0,375174,2061.3956043956046,0.004517903692686593,1,0.16162378024553345,0.008995168082277927,0.1648016208455769,0.001459335739254712,validation,raw
0.0036,1695,371926,73553,0,373621,2052.8626373626375,0.004536682895233405,1,0.1651099153944406,0.009032388707116137,0.16827454190091554,0.0014969813421429848,validation,raw
0.0037,1695,370368,75111,0,372063,2044.3021978021977,0.004555680086436974,1,0.16860727441697587,0.00907003997238855,0.1717586442861168,0.0015350624915467816,validation,raw
0.0038,1695,368768,76711,0,370463,2035.510989010989,0.004575355703538545,1,0.17219891397798773,0.00910903433487927,0.17533666984216434,0.0015745020614650587,validation,raw
0.0039,1695,367253,78226,0,368948,2027.1868131868132,0.004594143348114098,1,0.17559974768732084,0.009146267432542906,0.17872461279054686,0.0016121602468350496,validation,raw
0.004,1695,365728,79751,0,367423,2018.8076923076924,0.004613211475601691,1,0.17902302914391027,0.009184054963453422,0.18213491839865467,0.0016503791844273553,validation,raw
0.0041,1695,364251,81228,0,365946,2010.6923076923076,0.0046318309258743095,1,0.18233856141366933,0.009220951961288321,0.18543788324008104,0.001687697411402677,validation,raw
0.0042,1695,362780,82699,0,364475,2002.60989010989,0.004650524727347555,1,0.1856406250350746,0.009257994920392167,0.18872743048567225,0.0017251632554120115,validation,raw
0.0043,1695,361410,84069,0,363105,1995.0824175824175,0.004668071219068865,1,0.188715966409191,0.009292763157894738,0.19179111486803793,0.0017603283998009942,validation,raw
0.0044,1695,359975,85504,0,361670,1987.1978021978023,0.004686592750297232,1,0.19193721814047351,0.009329462111100409,0.19500015653861807,0.001797446290406048,validation,raw
0.0045,1694,358555,86924,1,360249,1979.39010989011,0.004702303129224508,0.9994100294985251,0.19512479825087153,0.009360564065159251,0.19817341795363774,0.0018289243468099644,validation,raw
0.0046,1694,357145,88334,1,358839,1971.642857142857,0.0047207800712854514,0.9994100294985251,0.19828993061401323,0.009397171972684961,0.20132655297490462,0.0018659502148366948,validation,raw
0.0047,1694,355833,89646,1,357527,1964.434065934066,0.004738103695664943,0.9994100294985251,0.20123507505404295,0.009431493616760668,0.2042605339308636,0.0019006637072332586,validation,raw
0.0048,1694,354504,90975,1,356198,1957.131868131868,0.004755781896585607,0.9994100294985251,0.20421838066440842,0.009466516528683154,0.2072325314083556,0.0019360864644258435,validation,raw
0.0049,1694,353181,92298,1,354875,1949.8626373626373,0.0047735117999295525,0.9994100294985251,0.2071882176264201,0.009501640631573044,0.2101911112900124,0.001971611558327169,validation,raw
0.005,1694,351885,93594,1,353579,1942.7417582417581,0.004791008515777238,0.9994100294985251,0.2100974456708397,0.009536301558796874,0.2130893119904109,0.0020066681794120153,validation,raw
0.0051,1694,350595,94884,1,352289,1935.6538461538462,0.004808552069465694,0.9994100294985251,0.2129932050669055,0.009571054058940518,0.21597409509497423,0.0020418174095016457,validation,raw
0.0052,1694,349340,96139,1,351034,1928.7582417582419,0.004825743375285585,0.9994100294985251,0.21581039734757418,0.009605107603854517,0.218780608890499,0.0020762596961247377,validation,raw
0.0053,1694,348077,97402,1,349771,1921.8186813186812,0.004843168816168293,0.9994100294985251,0.21864554782604792,0.009639623747389504,0.22160501281380401,0.0021111698530625325,validation,raw
0.0054,1694,346792,98687,1,348486,1914.7582417582419,0.004861027415735496,0.9994100294985251,0.22153008334848556,0.009674996644592369,0.2244786145885047,0.0021469465342445547,validation,raw
0.0055,1693,345578,99901,2,347271,1908.0824175824175,0.004875155138206185,0.9988200589970502,0.2242552398654033,0.009702951003822721,0.22719120521318323,0.002175241841932526,validation,raw
0.0056,1693,344391,101088,2,346084,1901.5604395604396,0.004891875960749414,0.9988200589970502,0.226919787464729,0.009736068020208235,0.229845652922576,0.0022087369491960896,validation,raw
0.0057,1693,343215,102264,2,344908,1895.098901098901,0.0049085553248982335,0.9988200589970502,0.2295596425420727,0.0097691018254314,0.23247550170627093,0.0022421478868395665,validation,raw
0.0058,1693,341978,103501,2,343671,1888.3021978021977,0.004926223044714276,0.9988200589970502,0.23233642887767997,0.009804091890921516,0.23524176271429018,0.0022775374093076273,validation,raw
0.0059,1693,340822,104657,2,342515,1881.9505494505495,0.004942849218282411,0.9988200589970502,0.23493138846051104,0.009837018099416056,0.23782688617853454,0.0023108395045273455,validation,raw
0.006,1693,339645,105834,2,341338,1875.4835164835165,0.004959893126461162,0.9988200589970502,0.23757348831258038,0.009870770450656352,0.240458971228202,0.002344977165062794,validation,raw
0.0061,1693,338546,106933,2,340239,1869.4450549450548,0.004975913989871825,0.9988200589970502,0.2400404957360504,0.009902495803283675,0.24291662753201215,0.0023770646791884302,validation,raw
0.0062,1693,337490,107989,2,339183,1863.642857142857,0.004991405819277499,0.9988200589970502,0.24241097784631824,0.009933172572005234,0.2452781243990035,0.002408091631871022,validation,raw
0.0063,1693,336315,109164,2,338008,1857.1868131868132,0.005008757189178955,0.9988200589970502,0.24504858814893632,0.009967530460431612,0.24790573691672593,0.0024428417166357332,validation,raw
0.0064,1693,335186,110293,2,336879,1850.9835164835165,0.005025543295960865,0.9988200589970502,0.2475829388141753,0.010000767926657097,0.25043048119971195,0.0024764585808571718,validation,raw
0.0065,1693,334139,111340,2,335832,1845.2307692307693,0.005041211081731342,0.9988200589970502,0.24993321795191242,0.010031790049388641,0.2527718516729506,0.002507834806241039,validation,raw
0.0066,1693,333056,112423,2,334749,1839.2802197802198,0.0050575207095465554,0.9988200589970502,0.25236430897977236,0.010064081986898265,0.25519372772120025,0.002540495332822564,validation,raw
0.0067,1693,332045,113434,2,333738,1833.7252747252746,0.005072841570333615,0.9988200589970502,0.2546337762273867,0.010094415278162853,0.25745459261942777,0.0025711748492844373,validation,raw
0.0068,1693,330974,114505,2,332667,1827.8406593406594,0.005089173257341426,0.9988200589970502,0.257037929958539,0.01012674885303952,0.2598496334760071,0.002603877472825855,validation,raw
0.0069,1693,329924,115555,2,331617,1822.0714285714287,0.005105287123398378,0.9988200589970502,0.25939494342045305,0.010158650153609831,0.2621977127471633,0.002636142880247247,validation,raw
0.007,1693,328926,116553,2,330619,1816.5879120879122,0.005120697842531736,0.9988200589970502,0.2616352285966342,0.010189158446529486,0.26442950618774796,0.002666999373502381,validation,raw
0.0071,1693,327848,117631,2,329541,1810.6648351648353,0.005137448754479716,0.9988200589970502,0.26405509575086594,0.010222318830078856,0.26684020090613497,0.0027005382183309637,validation,raw
0.0072,1693,326820,118659,2,328513,1805.0164835164835,0.005153525126859515,0.9988200589970502,0.266362724168816,0.010254142843298768,0.2691390823258955,0.0027327254327640885,validation,raw
0.0073,1693,325906,119573,2,327599,1799.9945054945056,0.005167903442928702,0.9988200589970502,0.26841444826804406,0.010282604602573993,0.27118302942478767,0.0027615120138726867,validation,raw
0.0074,1693,324994,120485,2,326687,1794.9835164835165,0.005182330487592099,0.9988200589970502,0.2704616828178208,0.010311162000353247,0.27322250399173476,0.0027903953186690297,validation,raw
0.0075,1693,324028,121451,2,325721,1789.6758241758241,0.005197699871976324,0.9988200589970502,0.27263013520278173,0.010341583795538399,0.27538273692119847,0.002821164291087793,validation,raw
0.0076,1693,323040,122439,2,324733,1784.2472527472528,0.0052135138713958855,0.9988200589970502,0.27484797263170657,0.01037288467901038,0.2775921677020578,0.002852822376584229,validation,raw
0.0077,1693,322080,123399,2,323773,1778.9725274725274,0.005228972150241064,0.9988200589970502,0.2770029563683137,0.010403480526503374,0.27973898303568634,0.0028837673729894555,validation,raw
0.0078,1693,321116,124363,2,322809,1773.6758241758241,0.005244587356610255,0.9988200589970502,0.2791669192038233,0.010434386016813351,0.281894743433205,0.002915025538394295,validation,raw
0.0079,1693,320187,125292,2,321880,1768.5714285714287,0.005259724120790356,0.9988200589970502,0.2812523149239358,0.010464343660665997,0.2839722345216851,0.0029453250340295035,validation,raw
0.008,1693,319227,126252,2,320920,1763.2967032967033,0.005275458058083012,0.9988200589970502,0.28340729866054293,0.010495482231142385,0.2861190498553136,0.0029768189246861267,validation,raw
0.0081,1693,318274,127205,2,319967,1758.0604395604396,0.005291170651973485,0.9988200589970502,0.2855465689740706,0.010526577587654124,0.2882502113271344,0.003008269100782077,validation,raw
0.0082,1692,317342,128137,3,319034,1752.934065934066,0.005303509970724123,0.9982300884955753,0.28763869901836003,0.010550963586080458,0.2903321749475596,0.0030329571271382697,validation,raw
0.0083,1692,316419,129060,3,318111,1747.8626373626373,0.005318898120467384,0.9982300884955753,0.2897106260901187,0.010581414982833342,0.2923962484402045,0.0030637560503256204,validation,raw
0.0084,1692,315533,129946,3,317225,1742.9945054945056,0.005333753644889274,0.9982300884955753,0.29169949649702903,0.010610811488774614,0.2943775800918658,0.0030934880369564576,validation,raw
0.0085,1692,314641,130838,3,316333,1738.0934065934066,0.005348793834345452,0.9982300884955753,0.2937018355522931,0.010640572528205062,0.2963723293393623,0.0031235887104159635,validation,raw
0.0086,1692,313806,131673,3,315498,1733.5054945054944,0.005362950002852633,0.9982300884955753,0.2955762224481962,0.01066858348071994,0.29823961142642463,0.003151919318644315,validation,raw
0.0087,1692,312971,132508,3,314663,1728.9175824175825,0.005377181301900764,0.9982300884955753,0.2974506093440993,0.010696742298282326,0.3001068935134869,0.003180399473207555,validation,raw
0.0088,1692,312089,133390,3,313781,1724.0714285714287,0.005392295900644079,0.9982300884955753,0.2994305006521071,0.010726647985900669,0.3020792801012581,0.003210646425679515,validation,raw
0.0089,1692,311244,134235,3,312936,1719.4285714285713,0.005406856354014879,0.9982300884955753,0.30132733529526645,0.010755456391773222,0.3039689248480457,0.003239783568372791,validation,raw
0.009,1692,310443,135036,3,312135,1715.0274725274726,0.005420731414291893,0.9982300884955753,0.303125399850498,0.010782907943791224,0.305760173892042,0.0032675483679824972,validation,raw
0.0091,1692,309625,135854,3,311317,1710.532967032967,0.005434974639997174,0.9982300884955753,0.3049616255760653,0.010811087114870997,0.30758943945757133,0.0032960490833940357,validation,raw
0.0092,1692,308760,136719,3,310452,1705.7802197802198,0.005450117892621081,0.9982300884955753,0.30690335571373734,0.010841046045613123,0.30952380952380953,0.0033263498600481743,validation,raw
0.0093,1692,307954,137525,3,309646,1701.3516483516485,0.00546430439921717,0.9982300884955753,0.3087126441425971,0.010869111360212758,0.31132623989766844,0.003354735407180559,validation,raw
0.0094,1692,307094,138385,3,308786,1696.6263736263736,0.005479523035370775,0.9982300884955753,0.3106431504066409,0.010899217665493219,0.31324942863404404,0.0033851852264508903,validation,raw
0.0095,1692,306258,139221,3,307950,1692.032967032967,0.0054943984413054064,0.9982300884955753,0.31251978207726966,0.010928644092428426,0.3151189469870789,0.003414947403161259,validation,raw
0.0096,1692,305424,140055,3,307116,1687.4505494505495,0.005509318954401594,0.9982300884955753,0.3143919241984471,0.01095815887387431,0.31698399280816864,0.0034447989357580754,validation,raw
0.0097,1692,304643,140836,3,306335,1683.1593406593406,0.005523364943607488,0.9982300884955753,0.31614509325916595,0.010985942927636917,0.31873051653271434,0.0034728999876415725,validation,raw
0.0098,1691,303846,141633,4,305537,1678.7747252747254,0.005534517914360618,0.9976401179941002,0.317934178715495,0.011007967920008334,0.320510584246848,0.0034952010861597055,validation,raw
0.0099,1691,303096,142383,4,304787,1674.6538461538462,0.005548136895602503,0.9976401179941002,0.3196177597597193,0.01103490580197206,0.3221877837262453,0.003522446361727706,validation,raw
0.01,1691,302291,143188,4,303982,1670.2307692307693,0.00556282937805528,0.9976401179941002,0.3214248034138534,0.011063966212701644,0.3239879778341317,0.003551838380364246,validation,raw
0.011,1689,294609,150870,6,296298,1628.010989010989,0.005700342223032217,0.9964601769911504,0.33866916285616155,0.011335836747843069,0.3411625005031598,0.0038268621003377636,validation,raw
0.012,1688,287686,157793,7,289374,1589.967032967033,0.00583328149730107,0.9958702064896755,0.35420973828171476,0.01159862438116048,0.3566419335650105,0.004092674950227749,validation,raw
0.013,1686,281225,164254,9,282911,1554.456043956044,0.005959471353181743,0.9946902654867257,0.3687132277840257,0.011847958229974068,0.3710859754815799,0.0043449079779486624,validation,raw
0.014,1686,275275,170204,9,276961,1521.7637362637363,0.0060874996840710426,0.9946902654867257,0.38206963740153854,0.012100941662838769,0.38439175801813164,0.004600779213154282,validation,raw
0.015,1685,269614,175865,10,271299,1490.6538461538462,0.006210859605085164,0.9941002949852508,0.39477730712334363,0.012344593654072982,0.3970490234226498,0.004847240011970188,validation,raw
0.016,1684,264227,181252,11,265911,1461.0494505494505,0.0063329459856869405,0.9935103244837759,0.4068699085703254,0.01258566698803465,0.4090935519506948,0.00509109338254803,validation,raw
0.017,1684,259291,186188,11,260975,1433.9285714285713,0.006452725356834946,0.9935103244837759,0.417950116616047,0.012822172307458028,0.4201317607911014,0.005330298125870365,validation,raw
0.018,1684,254685,190794,11,256369,1408.6208791208792,0.00656865689689471,0.9935103244837759,0.42828954900230987,0.013051026102052204,0.4304320018605733,0.005561763597331121,validation,raw
0.019,1684,250350,195129,11,252034,1384.8021978021977,0.006681638191672552,0.9935103244837759,0.43802064743792635,0.01327400494228094,0.44012621485148956,0.0057872866777974,validation,raw
0.02,1684,246193,199286,11,247877,1361.9615384615386,0.006793692032742046,0.9935103244837759,0.4473521759723803,0.013495103617392978,0.44942237249929556,0.006010907758280577,validation,raw
0.021,1684,242330,203149,11,244014,1340.7362637362637,0.006901243371281975,0.9935103244837759,0.4560237407374983,0.013707271609912539,0.45806106795117785,0.006225495913024753,validation,raw
0.022,1683,238592,206887,12,240275,1320.1923076923076,0.007004474040162314,0.9929203539823008,0.46441470866191226,0.013910815390337644,0.46641799389052135,0.006431392721426299,validation,raw
0.023,1681,235027,210452,14,236708,1300.5934065934066,0.007101576626054041,0.991740412979351,0.47241733055879176,0.014102171533076345,0.4743858095506447,0.006624995563655412,validation,raw
0.024,1680,231622,213857,15,233302,1281.8791208791208,0.0072009669869953965,0.9911504424778761,0.4800607884995701,0.014298054868785558,0.48199805892113584,0.006823146260053792,validation,raw
0.025,1676,228439,217040,19,230115,1264.368131868132,0.007283314864306977,0.9887905604719764,0.4872059064512581,0.014460118200250205,0.4891071484478078,0.00698719074258171,validation,raw
0.026,1676,225373,220106,19,227049,1247.521978021978,0.00738166651251492,0.9887905604719764,0.49408838576004704,0.014653936278110026,0.49596353991958386,0.007183221706558393,validation,raw
0.027,1676,222491,222988,19,224167,1231.6868131868132,0.007476568808076122,0.9887905604719764,0.5005578265193197,0.01484092056211315,0.5024084584524144,0.0073723405747916845,validation,raw
0.028,1676,219690,225789,19,221366,1216.2967032967033,0.007571171724655096,0.9887905604719764,0.506845440525816,0.015027279533401178,0.5086722394414702,0.007560826720030317,validation,raw
0.029,1676,217046,228433,19,218722,1201.7692307692307,0.007662695110688454,0.9887905604719764,0.5127806249003881,0.015207538438505199,0.5145849266728387,0.007743142912380049,validation,raw
0.03,1675,214461,231018,20,216136,1187.5604395604396,0.007749750157308361,0.9882005899705014,0.5185833675661479,0.01537889464768559,0.5203634379458555,0.00791648974982151,validation,raw
0.031,1675,212063,233416,20,213738,1174.3846153846155,0.00783669726487569,0.9882005899705014,0.5239663373582144,0.015550078214572513,0.5257260037479817,0.00808962694868067,validation,raw
0.032,1674,209759,235720,21,211433,1161.7197802197802,0.007917401730098897,0.9876106194690265,0.5291382983260715,0.015708869787170152,0.5308761242827177,0.008250266492990104,validation,raw
0.033,1672,207471,238008,23,209143,1149.1373626373627,0.007994530058381107,0.9864306784660767,0.5342743428983184,0.015860518502357257,0.5359882282959206,0.008403718610449747,validation,raw
0.034,1671,205326,240153,24,206997,1137.3461538461538,0.00807258076204003,0.9858407079646018,0.5390893846847999,0.016014030245529297,0.5407827825410243,0.008559019563922778,validation,raw
0.035,1671,203271,242208,24,204942,1126.0549450549452,0.008153526363556518,0.9858407079646018,0.5437023967459745,0.01617328939154169,0.5453783091145729,0.008720096907707085,validation,raw
0.036,1669,201312,244167,26,202981,1115.2802197802198,0.008222444465245516,0.984660766961652,0.5480999104334885,0.01630870253473783,0.5497546816228135,0.00885713089214573,validation,raw
0.037,1667,199381,246098,28,201048,1104.6593406593406,0.008291552266125502,0.983480825958702,0.5524345704286846,0.01644446417385557,0.5540684386838233,0.00899451861630876,validation,raw
0.038,1666,197526,247953,29,199192,1094.4615384615386,0.008363789710430138,0.9828908554572271,0.5565986275447328,0.01658643914240344,0.5582144757968934,0.009138153581035303,validation,raw
0.039,1664,195781,249698,31,197445,1084.8626373626373,0.008427663399934159,0.9817109144542773,0.5605157594409613,0.01671186100230993,0.5621122873870127,0.009265085531840763,validation,raw
0.04,1663,194012,251467,32,195675,1075.1373626373627,0.008498786252714961,0.9811209439528024,0.564486765930605,0.016851598520545172,0.5660660056264452,0.009406458891858687,validation,raw
0.041,1662,192354,253125,33,194016,1066.021978021978,0.008566303809995053,0.9805309734513274,0.5682086024257036,0.01698422674249276,0.569771498342927,0.0095406422263387,validation,raw
0.042,1661,190757,254722,34,192418,1057.2417582417581,0.008632248542236173,0.9799410029498525,0.5717935076625386,0.017113743025969408,0.5733405788350844,0.009671678562730827,validation,raw
0.043,1661,189152,256327,34,190813,1048.423076923077,0.008704857635486053,0.9799410029498525,0.5753963710971786,0.01725642570698361,0.5769297857209945,0.009815992211674325,validation,raw
0.044,1660,187639,257840,35,189299,1040.1043956043957,0.008769195822481894,0.9793510324483776,0.5787927152570603,0.017382745007696578,0.5803110198714594,0.009943795706251334,validation,raw
0.045,1660,186264,259215,35,187924,1032.5494505494505,0.008833358166067133,0.9793510324483776,0.581879280504805,0.01750879394997337,0.5833858855836878,0.010071285509276509,validation,raw
0.046,1659,184804,260675,36,186463,1024.521978021978,0.008897207488885195,0.9787610619469026,0.5851566516042283,0.01763411600888615,0.5866485976376087,0.0101980810241862,validation,raw
0.047,1659,183455,262024,36,185114,1017.1098901098901,0.008962045010101883,0.9787610619469026,0.5881848527091064,0.017761456889122042,0.5896653204345512,0.010326877570986303,validation,raw
0.048,1658,182139,263340,37,183797,1009.8736263736264,0.009020821885014445,0.9781710914454277,0.5911389762480387,0.017876781747999917,0.5926060101884277,0.01044356226061044,validation,raw
0.049,1658,180820,264659,37,182478,1002.6263736263736,0.009086026808711187,0.9781710914454277,0.5940998341111478,0.018004810694292866,0.5955556450061945,0.010573054786007476,validation,raw
0.05,1658,179549,265930,37,181207,995.6428571428571,0.009149756907845724,0.9781710914454277,0.5969529427874266,0.018129927502159627,0.5983979390572797,0.010699601757422357,validation,raw
0.051,1655,178357,267122,40,180012,989.0769230769231,0.009193831522342955,0.976401179941003,0.5996287142603804,0.018216139169101905,0.6010568592986175,0.010786926338584989,validation,raw
0.052,1655,177185,268294,40,178840,982.6373626373627,0.009254081860881235,0.976401179941003,0.6022595902388216,0.0183343949926607,0.6036777630184224,0.010906534518506235,validation,raw
0.053,1653,176046,269433,42,177699,976.3681318681319,0.009302247058227677,0.9752212389380531,0.6048163886513169,0.01842870999030068,0.6062203974291887,0.01100201426472749,validation,raw
0.054,1652,174936,270543,43,176588,970.2637362637363,0.0093551090674338,0.9746312684365782,0.6073080885967689,0.018532333424947974,0.6087004163927241,0.011106866473662,validation,raw
0.055,1650,173897,271582,45,175547,964.5439560439561,0.00939919223911545,0.9734513274336283,0.609640409536701,0.018618611841437132,0.6110194242062373,0.011194219391135067,validation,raw
0.056,1648,172867,272612,47,174515,958.8736263736264,0.009443314328281237,0.9722713864306785,0.6119525275041023,0.018704954315873105,0.613318305625998,0.011281638048975987,validation,raw
0.057,1648,171861,273618,47,173509,953.3461538461538,0.009498066382723663,0.9722713864306785,0.6142107708780885,0.018812355882285792,0.6155679891943628,0.01139026916344049,validation,raw
0.058,1648,170881,274598,47,172529,947.9615384615385,0.009552017342012067,0.9722713864306785,0.6164106501092083,0.018918174304343834,0.617759529847442,0.011497298919851974,validation,raw
0.059,1647,169912,275567,48,171559,942.6318681318681,0.009600195850990038,0.9716814159292035,0.6185858368183461,0.01901254805083865,0.6199242353088507,0.011592797733951938,validation,raw
0.06,1646,168950,276529,49,170596,937.3406593406594,0.009648526342938873,0.9710914454277286,0.6207453101044045,0.019107208153647026,0.6220732869084518,0.011688586603299113,validation,raw
0.061,1646,167967,277512,49,169613,931.9395604395604,0.009704444824394356,0.9710914454277286,0.6229519236597011,0.01921684918392603,0.6242715363594484,0.011799482974872554,validation,raw
0.062,1645,167109,278370,50,168754,927.2197802197802,0.009747917086409803,0.9705014749262537,0.6248779403742938,0.01930196129047398,0.6261880162979064,0.011885615109655816,validation,raw
0.063,1644,166180,279299,51,167824,922.1098901098901,0.00979597673753456,0.9699115044247788,0.6269633360944062,0.01939605589933872,0.628263271120414,0.01198083300984234,validation,raw
0.064,1643,165286,280193,52,166929,917.1923076923077,0.009842507892577084,0.9693215339233038,0.6289701646991216,0.019487142992693805,0.630260256633883,0.012073009368476278,validation,raw
0.065,1643,164453,281026,52,166096,912.6153846153846,0.009891869762065311,0.9693215339233038,0.6308400620455734,0.019583887097639325,0.6321230661890003,0.012170861535689862,validation,raw
0.066,1643,163613,281866,52,165256,908,0.009942150360652564,0.9693215339233038,0.6327256728151046,0.01968242178842894,0.6340015296059253,0.01227052472060945,validation,raw
0.067,1641,162804,282675,54,164445,903.5439560439561,0.009979020341147496,0.968141592920354,0.6345416955681412,0.019754423979776094,0.6358061962457567,0.012343445175712765,validation,raw
0.068,1640,161986,283493,55,163626,899.0439560439561,0.010022857003165755,0.967551622418879,0.6363779212937085,0.019840189691569733,0.6376332255453134,0.012430240557570955,validation,raw
0.069,1640,161157,284322,55,162797,894.489010989011,0.010073895710608918,0.967551622418879,0.6382388395412578,0.019940179461615158,0.6394870900365406,0.01253137597869031,validation,raw
0.07,1640,160381,285098,55,162021,890.2252747252747,0.01012214466026009,0.967551622418879,0.6399807847283486,0.020034694226587504,0.6412224324312237,0.012626973590470032,validation,raw
0.071,1640,159581,285898,55,161221,885.8296703296703,0.010172372085522357,0.967551622418879,0.6417766045088545,0.02013307471334921,0.6430114452092474,0.012726481137486418,validation,raw
0.072,1640,158825,286654,55,160465,881.6758241758242,0.010220297261084971,0.967551622418879,0.6434736542014327,0.020226936359151453,0.6447020622844799,0.012821418003046474,validation,raw
0.073,1640,158082,287397,55,159722,877.5934065934066,0.010267840372647476,0.967551622418879,0.6451415218225774,0.02032004064008128,0.6463636079020695,0.01291558875834253,validation,raw
0.074,1639,157315,288164,56,158954,873.3736263736264,0.010311159203291518,0.9669616519174041,0.6468632640371376,0.020404733300549645,0.6480765876370272,0.01300129998288317,validation,raw
0.075,1638,156571,288908,57,158209,869.2802197802198,0.010353393296209445,0.9663716814159292,0.648533376433008,0.020487292375425258,0.6497381332546168,0.013084853572462656,validation,raw
0.076,1636,155840,289639,59,157476,865.2527472527472,0.01038888465543956,0.9651917404129794,0.6501743067574454,0.020556508409195144,0.6513683711485909,0.013154960643187767,validation,raw
0.077,1634,155127,290352,61,156761,861.3241758241758,0.010423510949789808,0.9640117994100295,0.6517748311368212,0.020624021810471047,0.6529583562550596,0.013223346407746367,validation,raw
0.078,1633,154459,291020,62,156092,857.6483516483516,0.010461778950875125,0.9634218289085545,0.6532743406535437,0.02069879014113964,0.6544499456587368,0.013299021544198342,validation,raw
0.079,1633,153827,291652,62,155460,854.1758241758242,0.010504309790299756,0.9634218289085545,0.6546930382801434,0.020782030479462952,0.6558632657533756,0.013383216418784457,validation,raw
0.08,1633,153157,292322,62,154790,850.4945054945055,0.010549777117384845,0.9634218289085545,0.6561970373463171,0.02087101000095856,0.6573615639549706,0.013473216227644738,validation,raw
0.081,1633,152468,293011,62,154101,846.7087912087912,0.010596946158688133,0.9634218289085545,0.6577436871322778,0.02096331099643123,0.6589023512100435,0.013566575529210709,validation,raw
0.082,1633,151868,293611,62,153501,843.4120879120879,0.010638367176761063,0.9634218289085545,0.6590905519676573,0.021044356813319932,0.6602441107935614,0.013648550546072844,validation,raw
0.083,1630,151240,294239,65,152870,839.945054945055,0.010662654543075816,0.9616519174041298,0.6605002704953544,0.021091450198945427,0.6616417770263924,0.013696335612314975,validation,raw
0.084,1630,150615,294864,65,152245,836.510989010989,0.010706427140464382,0.9616519174041298,0.6619032546988747,0.021177081979992202,0.6630394432592235,0.013782949685165389,validation,raw
0.085,1629,150036,295443,66,151665,833.3241758241758,0.010740777371179903,0.9610619469026549,0.6632029792650158,0.02124413145539906,0.6643320049913457,0.013850819326022265,validation,raw
0.086,1628,149398,296081,67,151026,829.8131868131868,0.01077960086342749,0.96047197640118,0.6646351455399694,0.021319923258752888,0.665756506415847,0.01392753194959526,validation,raw
0.087,1627,148804,296675,68,150431,826.5439560439561,0.010815589871768451,0.959882005899705,0.6659685417269949,0.021390163417167346,0.6670826121375572,0.013998629590949852,validation,raw
0.088,1625,148235,297244,70,149860,823.4065934065934,0.010843453890297611,0.9587020648967551,0.6672458185458798,0.021444360133284945,0.6683505749439815,0.014053551797921794,validation,raw
0.089,1624,147690,297789,71,149314,820.4065934065934,0.010876408106406632,0.9581120943952802,0.6684692207713495,0.02150865180221046,0.6695671036330377,0.014118633559524038,validation,raw
0.09,1624,147101,298378,71,148725,817.1703296703297,0.010919482265927047,0.9581120943952802,0.669791393084747,0.021592873288126577,0.6708842642908577,0.014203822068987172,validation,raw
0.091,1623,146535,298944,72,148158,814.054945054945,0.010954521524318632,0.9575221238938053,0.6710619355794549,0.021661228003443375,0.6721477545653369,0.0142730140252979,validation,raw
0.092,1622,146001,299478,73,147623,811.1153846153846,0.010987447755431064,0.9569321533923304,0.6722606452829426,0.02172544502337294,0.6733396843286953,0.014338021114609394,validation,raw
0.093,1622,145429,300050,73,147051,807.9725274725274,0.011030186805938076,0.9569321533923304,0.6735446564260044,0.021808989821575035,0.6746188284649823,0.014422525416512247,validation,raw
0.094,1622,144869,300610,73,146491,804.8956043956044,0.011072352567734537,0.9569321533923304,0.6748017302723586,0.02189140674557651,0.6758711374095989,0.014505888835475027,validation,raw
0.095,1622,144373,301106,73,145995,802.1703296703297,0.011109969519504093,0.9569321533923304,0.6759151385362722,0.021964926535310448,0.6769803253319737,0.014580252897149568,validation,raw
0.096,1622,143883,301596,73,145505,799.478021978022,0.011147383251434658,0.9569321533923304,0.677015078151832,0.022038043478260872,0.6780760956585132,0.014654209442627193,validation,raw
0.097,1621,143306,302173,74,144927,796.3021978021978,0.011184941384283121,0.9563421828908555,0.678310313168522,0.022111279344163903,0.6793641848586903,0.01472833987050156,validation,raw
0.098,1619,142808,302671,76,144427,793.554945054945,0.011209815339237122,0.9551622418879055,0.6794282109818869,0.022159565294753696,0.6804733727810651,0.014777288053681338,validation,raw
0.099,1619,142281,303198,76,143900,790.6593406593406,0.011250868658790826,0.9551622418879055,0.6806112072622952,0.022239774717538376,0.6816518849485882,0.014858418964672186,validation,raw
0.1,1618,141793,303686,77,143411,787.9725274725274,0.011282258683085676,0.9545722713864306,0.6817066573284039,0.022300938624178184,0.6827409464772102,0.014920339806890578,validation,raw
0.11,1611,137030,308449,84,138641,761.7637362637363,0.011619939267604821,0.9504424778761061,0.692398519346591,0.02295918367346939,0.6933766274425615,0.015586539299294001,validation,raw
0.12,1600,132559,312920,95,134159,737.1373626373627,0.011926147332642611,0.943952802359882,0.7024349071448934,0.02355469842625171,0.703350373680044,0.016189542070605405,validation,raw
0.13,1590,128423,317056,105,130013,714.3571428571429,0.012229546276141617,0.9380530973451328,0.7117192954101091,0.024144319251677954,0.7125772070827016,0.0167865598062565,validation,raw
0.14,1582,124683,320796,113,126265,693.7637362637363,0.012529204450956321,0.9333333333333333,0.7201147528839743,0.024726477024070024,0.7209229516921825,0.01737593608143271,validation,raw
0.15,1570,121210,324269,125,122780,674.6153846153846,0.012787098876038443,0.9262536873156342,0.7279108555060957,0.02522594898574011,0.7286626682231078,0.017881954557871407,validation,raw
0.16,1559,117797,327682,136,119356,655.8021978021978,0.013061764804450551,0.91976401179941,0.7355722716446791,0.02575773847386639,0.7362704450616538,0.018420638334485907,validation,raw
0.17,1551,114561,330918,144,116112,637.978021978022,0.013357792476229848,0.9150442477876106,0.7428363626568256,0.026331202729888717,0.7434891116209797,0.019001310488114875,validation,raw
0.18,1543,111399,334080,152,112942,620.5604395604396,0.013661879548794957,0.9103244837758112,0.7499343403392753,0.02691975540183362,0.7505422944983384,0.01959727317829781,validation,raw
0.19,1534,108360,337119,161,109894,603.8131868131868,0.013958905854732742,0.9050147492625369,0.7567562107304722,0.027493749383899847,0.7573181803951035,0.02017860898322612,validation,raw
0.2,1522,105507,339972,173,107029,588.0714285714286,0.014220444926141513,0.8979351032448377,0.7631605530227014,0.02799749825245576,0.7636714120230603,0.02068914098242563,validation,raw
0.21,1512,102639,342840,183,104151,572.2582417582418,0.014517383414465535,0.8920353982300885,0.7695985669358152,0.028569808967745594,0.7700626601725503,0.02126892366591311,validation,raw
0.22,1503,99924,345555,192,101427,557.2912087912088,0.014818539442160371,0.8867256637168142,0.7756931303159071,0.029149938907313665,0.7761139958942157,0.021856573934177753,validation,raw
0.23,1494,97307,348172,201,98801,542.8626373626373,0.015121304440238459,0.8814159292035398,0.7815677057728871,0.02973252666772807,0.7819461775505732,0.022446745144750348,validation,raw
0.24,1486,94764,350715,209,96250,528.8461538461538,0.015438961038961039,0.8766961651917404,0.7872761679001704,0.030343560161315026,0.787615111790936,0.02306564474730851,validation,raw
0.25,1476,92346,353133,219,93822,515.5054945054945,0.015731917887062737,0.8707964601769912,0.7927040331867495,0.030905493262979367,0.7930000402527875,0.023635076016549884,validation,raw
0.26,1466,89882,355597,229,91348,501.9120879120879,0.016048517756272716,0.8648967551622418,0.7982351581107078,0.03151231151188161,0.7984878369493754,0.02424996330270918,validation,raw
0.27,1457,87505,357974,238,88962,488.8021978021978,0.016377779276545042,0.8595870206489675,0.8035709876335361,0.03214313290755264,0.8037833147723258,0.02488908589811394,validation,raw
0.28,1441,85236,360243,254,86677,476.24725274725273,0.016624940872434442,0.8501474926253687,0.808664381485996,0.03261213959172589,0.8088216220084352,0.025365206485983612,validation,raw
0.29,1433,82936,362543,262,84369,463.5659340659341,0.01698491151963399,0.8454277286135693,0.8138273633549505,0.03330079940509389,0.8139471436174733,0.02606285138770162,validation,raw
0.3,1423,80667,364812,272,82090,451.04395604395603,0.017334632720185164,0.8395280235988201,0.8189207572074104,0.033967894014441724,0.8189988684494179,0.0267389228778219,validation,raw
0.31,1413,78534,366945,282,79947,439.2692307692308,0.017674209163570865,0.8336283185840708,0.8237088616971844,0.03461453663555523,0.8237464611090984,0.027394349089147115,validation,raw
0.32,1401,76383,369096,294,77784,427.38461538461536,0.018011416229558777,0.8265486725663717,0.8285373721320197,0.03525459555354244,0.8285298340243396,0.028043389419328674,validation,raw
0.33,1383,74257,371222,312,75640,415.6043956043956,0.01828397673188789,0.815929203539823,0.8333097631987142,0.03576647055020366,0.8332438826944322,0.028563477238615544,validation,raw
0.34,1374,72215,373264,321,73589,404.33516483516485,0.01867126880376143,0.8106194690265487,0.8378935931884556,0.03650177992667764,0.837790211416585,0.029308706337225248,validation,raw
0.35,1359,70138,375341,336,71497,392.84065934065933,0.019007790536665875,0.8017699115044248,0.8425559902935941,0.03713520603344628,0.8424013918519413,0.02995162906972636,validation,raw
0.36,1349,68079,377400,346,69428,381.4725274725275,0.019430201071613758,0.7958702064896755,0.8471779814536712,0.037934282862083994,0.8469835008296547,0.030761654502237838,validation,raw
0.37,1340,66083,379396,355,67423,370.45604395604397,0.019874523530545956,0.7905604719764012,0.8516585518060336,0.038774270088833586,0.8514269613170712,0.03161301726672579,validation,raw
0.38,1327,64138,381341,368,65465,359.6978021978022,0.020270373482013288,0.7828908554572271,0.8560246386473885,0.03951756998213222,0.8557474271759986,0.032367138534332436,validation,raw
0.39,1316,62227,383252,379,63543,349.1373626373626,0.020710385093558693,0.776401179941003,0.8603144031480721,0.04034458444464882,0.859996332523805,0.033205800034225165,validation,raw
0.4,1307,60383,385096,388,61690,338.95604395604397,0.021186578051548062,0.7710914454277286,0.8644537677421382,0.04124004101916857,0.864099880583397,0.034113520892841184,validation,raw
0.41,1298,58419,387060,397,59717,328.11538461538464,0.021735854111894437,0.7657817109144542,0.8688625053032802,0.04227186869015828,0.8684717805596927,0.03515934890447413,validation,raw
0.42,1281,56632,388847,414,57913,318.2032967032967,0.022119385975514997,0.7557522123893805,0.8728739177379854,0.042980807945242255,0.8724299713310703,0.035879703642696756,validation,raw
0.43,1264,54843,390636,431,56107,308.2802197802198,0.02252838326768496,0.7457227138643068,0.8768898197221418,0.04373551088197641,0.8763926346343929,0.03664654320560023,validation,raw
0.44,1255,53047,392432,440,54302,298.3626373626374,0.023111487606349675,0.7404129793510325,0.8809214351293776,0.044823829848027574,0.8803888419273035,0.03774987645598194,validation,raw
0.45,1241,51292,394187,454,52533,288.64285714285717,0.02362324634039556,0.7321533923303835,0.8848610147728625,0.0457697130633621,0.8842821809854777,0.03871001402147284,validation,raw
0.46,1223,49566,395913,472,50789,279.06043956043953,0.024080017326586465,0.7215339233038348,0.888735495949304,0.04660467952137794,0.8881017232665585,0.039558776175323884,validation,raw
0.47,1207,47767,397712,488,48974,269.0879120879121,0.024645730387552578,0.712094395280236,0.8927738456807167,0.04764254277763524,0.8920889854955789,0.04061278559974564,validation,raw
0.48,1186,46001,399478,509,47187,259.2692307692308,0.02513404115540297,0.6997050147492625,0.8967381178461835,0.048525019434556685,0.8959912696176432,0.041510727930616685,validation,raw
0.49,1172,44291,401188,523,45463,249.7967032967033,0.02577920506785738,0.6914454277286136,0.900576682627015,0.0497052461936469,0.8997839767070537,0.04270892278117277,validation,raw
0.5,1154,42636,402843,541,43790,240.6043956043956,0.026353048641242292,0.6808259587020649,0.9042917847979366,0.050742002858085083,0.9034447441040848,0.043762966528378175,validation,raw
0.51,1143,41021,404458,552,42164,231.67032967032966,0.02710843373493976,0.6743362831858407,0.9079170959798329,0.05212157139925671,0.9070317147240224,0.04516275167854157,validation,raw
0.52,1131,39454,406025,564,40585,222.9945054945055,0.027867438708882593,0.6672566371681415,0.911434657974899,0.05350047303689688,0.9105091083113062,0.046562285211391725,validation,raw
0.53,1119,37943,407536,576,39062,214.62637362637363,0.028646766678613485,0.6601769911504425,0.9148265125853295,0.054910812866501464,0.9138612710041282,0.04799385433518981,validation,raw
0.54,1100,36409,409070,595,37509,206.0934065934066,0.029326295022527926,0.6489675516224189,0.9182699970144497,0.05611672278338945,0.9172492139525107,0.049220551418617,validation,raw
0.55,1071,34892,410587,624,35963,197.5989010989011,0.029780607846953813,0.631858407079646,0.921675320273234,0.05688034414998141,0.9205767777196349,0.050002628455588,validation,raw
0.56,1048,33372,412107,647,34420,189.12087912087912,0.030447414294015106,0.6182890855457227,0.9250873778561952,0.05803682680326734,0.9239244678805119,0.051181478035582734,validation,raw
0.57,1032,31927,413552,663,32959,181.0934065934066,0.03131162960041264,0.6088495575221239,0.9283310773347341,0.05956022392797368,0.9271200919552568,0.05273027483744206,validation,raw
0.58,1010,30556,414923,685,31566,173.43956043956044,0.03199645187860356,0.5958702064896755,0.9314086634835761,0.06073178797991642,0.9301368147521993,0.05392514607642165,validation,raw
0.59,996,29194,416285,699,30190,165.87912087912088,0.03299105664127194,0.5876106194690266,0.9344660466598874,0.06247451779833777,0.9331513012831694,0.05569636260917453,validation,raw
0.6,970,27867,417612,725,28837,158.44505494505495,0.03363734091618407,0.5722713864306784,0.9374448627208016,0.06353989257172801,0.9360606833134306,0.056786406185442576,validation,raw
0.61,942,26535,418944,753,27477,150.97252747252747,0.03428321869199694,0.5557522123893806,0.940434902655344,0.06458247634718223,0.9389767741416093,0.05785512745599542,validation,raw
0.62,918,25196,420283,777,26114,143.4835164835165,0.03515355747874703,0.5415929203539823,0.9434406560129658,0.06602179150634686,0.9419174638954859,0.05932524839941952,validation,raw
0.63,895,23990,421489,800,24885,136.73076923076923,0.03596544102873217,0.528023598820059,0.9461478543320785,0.0673438675696012,0.9445629665409885,0.0606770162293187,validation,raw
0.64,871,22853,422626,824,23724,130.35164835164835,0.03671387624346653,0.5138643067846608,0.9487001631951225,0.06853141350957945,0.9470519305684141,0.06189391308499157,validation,raw
0.65,856,21655,423824,839,22511,123.68681318681318,0.03802585402692017,0.5050147492625369,0.9513894033164302,0.07072626621498802,0.9496974332139168,0.06412828255585183,validation,raw
0.66,837,20522,424957,858,21359,117.35714285714286,0.03918722786647315,0.49380530973451325,0.9539327330805717,0.07261212804719354,0.9521886335073149,0.06605248432594563,validation,raw
0.67,826,19410,426069,869,20236,111.18681318681318,0.040818343546155364,0.4873156342182891,0.956428922575475,0.07532716246409192,0.95465076234307,0.06881348775256618,validation,raw
0.68,808,18312,427167,887,19120,105.05494505494505,0.04225941422594142,0.4766961651917404,0.9588936852242194,0.07763631996156618,0.9570659295934021,0.07116829544258378,validation,raw
0.69,776,17238,428241,919,18014,98.97802197802197,0.04307760630620629,0.45781710914454277,0.9613045732795485,0.0787457506722817,0.9593961187367781,0.07231786839641081,validation,raw
0.7,752,16212,429267,943,16964,93.20879120879121,0.044329167649139356,0.44365781710914454,0.9636077121480474,0.08060453400503778,0.9616368572412528,0.07422382331510022,validation,raw
0.71,726,15227,430252,969,15953,87.65384615384616,0.045508681752648404,0.4283185840707965,0.9658188152527953,0.08227561196736174,0.9637814363089089,0.07594320689817675,validation,raw
0.72,701,14269,431210,994,14970,82.25274725274726,0.04682698730794923,0.4135693215339233,0.9679693094399512,0.08412841284128414,0.965867872461279,0.07784867038533629,validation,raw
0.73,677,13392,432087,1018,14069,77.3021978021978,0.048119980098087996,0.39941002949852505,0.9699379768743308,0.08589190560771377,0.9677754073358469,0.07966509219716622,validation,raw
0.74,656,12467,433012,1039,13123,72.1043956043956,0.04998856968680942,0.3870206489675516,0.9720143934955408,0.08854096369280605,0.9697969917750138,0.08238027259040387,validation,raw
0.75,633,11622,433857,1062,12255,67.33516483516483,0.05165238678090575,0.3734513274336283,0.9739112281387001,0.090752688172043,0.9716352024044331,0.08465666957611337,validation,raw
0.76,612,10761,434718,1083,11373,62.489010989010985,0.053811659192825115,0.36106194690265486,0.9758439791774697,0.09366391184573003,0.9735136658213581,0.0876445125157195,validation,raw
0.77,584,9879,435600,1111,10463,57.489010989010985,0.05581573162572876,0.3445427728613569,0.9778238704854775,0.09606843230794539,0.9754234369618985,0.09013241122282249,validation,raw
0.78,556,9114,436365,1139,9670,53.13186813186813,0.05749741468459152,0.328023598820059,0.9795411231505862,0.09784425868895733,0.9770715649836529,0.0919873006813468,validation,raw
0.79,522,8379,437100,1173,8901,48.90659340659341,0.05864509605662285,0.30796460176991153,0.981191032573926,0.0985277463193658,0.9786391874303962,0.09275015380501057,validation,raw
0.8,490,7632,437847,1205,8122,44.62637362637363,0.06032996798818025,0.2890855457227139,0.9828678792939735,0.0998268310074361,0.980238117600755,0.09414529330344518,validation,raw
0.81,468,6893,438586,1227,7361,40.44505494505494,0.06357831816329303,0.2761061946902655,0.9845267678162158,0.10335689045936396,0.9818415203030587,0.09779749476567845,validation,raw
0.82,443,6237,439242,1252,6680,36.7032967032967,0.06631736526946108,0.26135693215339234,0.9859993400362307,0.1057910447761194,0.983252604131725,0.10035118364191174,validation,raw
0.83,421,5612,439867,1274,6033,33.14835164835165,0.06978286093154318,0.24837758112094396,0.9874023242397509,0.10895445134575568,0.9846010725131604,0.10364967416981692,validation,raw
0.84,399,5026,440453,1296,5425,29.807692307692307,0.07354838709677419,0.23539823008849559,0.9887177622289716,0.11207865168539326,0.9858623265216672,0.10692003511003352,validation,raw
0.85,374,4463,441016,1321,4837,26.576923076923077,0.07732065329749845,0.22064896755162242,0.9899815703995025,0.11451316595223514,0.9870654376148882,0.10951420133461232,validation,raw
0.86,346,3934,441545,1349,4280,23.516483516483518,0.0808411214953271,0.20412979351032448,0.9911690562293621,0.11581589958158996,0.9881858068671255,0.11098824133595,validation,raw
0.87,320,3424,442055,1375,3744,20.571428571428573,0.08547008547008547,0.1887905604719764,0.9923138913394346,0.1176686890972605,0.9892681595978299,0.11304015043392317,validation,raw
0.88,295,2965,442514,1400,3260,17.912087912087912,0.09049079754601227,0.17404129793510326,0.9933442429384999,0.11907164480322906,0.9902386990299078,0.11465584659782221,validation,raw
0.89,275,2584,442895,1420,2859,15.708791208791208,0.09618747813920951,0.16224188790560473,0.9941995021089659,0.12077294685990338,0.991045991045991,0.11656841930460571,validation,raw
0.9,240,2240,443239,1455,2480,13.626373626373626,0.0967741935483871,0.1415929203539823,0.9949717046145834,0.11497005988023952,0.9917369972315028,0.11096659119093293,validation,raw
0.905,226,2046,443433,1469,2272,12.483516483516484,0.0994718309859155,0.13333333333333333,0.9954071909113561,0.11394000504159314,0.9921395251065581,0.11007613837013788,validation,raw
0.91,215,1834,443645,1480,2049,11.258241758241759,0.10492923377257199,0.12684365781710916,0.9958830831531902,0.11485042735042736,0.9925890145670365,0.11116276190982452,validation,raw
0.915,200,1649,443830,1495,1849,10.159340659340659,0.10816657652785289,0.11799410029498525,0.9962983664774322,0.11286681715575621,0.9929691797823667,0.10934411200021506,validation,raw
0.92,187,1515,443964,1508,1702,9.351648351648352,0.10987074030552292,0.11032448377581121,0.9965991662906669,0.11009714453929938,0.9932397679650427,0.10670415534610837,validation,raw
0.925,179,1352,444127,1516,1531,8.412087912087912,0.11691704768125408,0.1056047197640118,0.996965064570945,0.11097334159950403,0.9935863891907848,0.10776327475046887,validation,raw
0.93,170,1205,444274,1525,1375,7.554945054945055,0.12363636363636364,0.10029498525073746,0.997295046455613,0.11074918566775245,0.9938949938949939,0.10771956085668681,validation,raw
0.935,153,1062,444417,1542,1215,6.675824175824176,0.1259259259259259,0.09026548672566372,0.9976160492413784,0.10515463917525772,0.9941767634075327,0.10231324648174946,validation,raw
0.94,142,917,444562,1553,1059,5.818681318681318,0.13408876298394712,0.08377581120943953,0.9979415415765951,0.10312273057371096,0.9944764230478517,0.10050058945433381,validation,raw
0.945,126,766,444713,1569,892,4.9010989010989015,0.1412556053811659,0.074336283185840707,0.9982805025601655,0.09741012756088133,0.9947783189541431,0.09504465055359117,validation,raw
0.95,107,622,444857,1588,729,4.0054945054945055,0.1467764060356653,0.06312684365781711,0.9986037501206566,0.08828382838283828,0.9950578522007093,0.08620044589957492,validation,raw
0.955,90,472,445007,1605,562,3.087912087912088,0.1601423487544484,0.05309734513274336,0.9989404663295015,0.07975188303057155,0.9953552755750558,0.0780114655743965,validation,raw
0.96,70,346,445133,1625,416,2.2857142857142856,0.16826923076923078,0.04129793510324484,0.9992233079449312,0.06631927996210327,0.995592319768144,0.06492234582723098,validation,raw
0.965,54,249,445230,1641,303,1.664835164835165,0.1782178217821782,0.03185840707964602,0.9994410510933175,0.05405405405405405,0.9957734573119188,0.05296528392350603,validation,raw
0.97,39,167,445312,1656,206,1.1318681318681318,0.18932038834951456,0.023008849557522124,0.9996251226208194,0.041031036296685953,0.9959232871320783,0.040242594336236226,validation,raw
0.975,26,83,445396,1669,109,0.5989010989010989,0.23853211009174313,0.015339233038348082,0.9998136836977725,0.028824833702882486,0.9960820620161279,0.028379782825671544,validation,raw
0.98,13,35,445444,1682,48,0.26373626373626374,0.2708333333333333,0.007669616519174041,0.9999214328846029,0.014916810097532988,0.9961603313251665,0.014711111851281924,validation,raw
0.985,0,5,445474,1695,5,0.027472527472527472,0,0,0.9999887761263718,NA,0.9961983478466995,-2.2297384361778543e-5,validation,raw
0.99,0,0,445479,1695,0,0,NA,0,1,NA,0.9962095291765621,0,validation,raw
0.991,0,0,445479,1695,0,0,NA,0,1,NA,0.9962095291765621,0,validation,raw
0.992,0,0,445479,1695,0,0,NA,0,1,NA,0.9962095291765621,0,validation,raw
0.993,0,0,445479,1695,0,0,NA,0,1,NA,0.9962095291765621,0,validation,raw
0.994,0,0,445479,1695,0,0,NA,0,1,NA,0.9962095291765621,0,validation,raw
0.995,0,0,445479,1695,0,0,NA,0,1,NA,0.9962095291765621,0,validation,raw
0.996,0,0,445479,1695,0,0,NA,0,1,NA,0.9962095291765621,0,validation,raw
0.997,0,0,445479,1695,0,0,NA,0,1,NA,0.9962095291765621,0,validation,raw
0.998,0,0,445479,1695,0,0,NA,0,1,NA,0.9962095291765621,0,validation,raw
0.999,0,0,445479,1695,0,0,NA,0,1,NA,0.9962095291765621,0,validation,raw
1e-4,5350,1328734,67,0,1334084,2456.876611418048,0.00401024223362247,1,5.0421394926704604e-5,0.007988448852276408,0.004060260045527081,4.044039330555161e-7,test,raw
2e-4,5350,1326912,1889,0,1332262,2453.5211786372006,0.004015726636352309,1,0.001421582313679776,0.007999330149550093,0.0054259225529943765,1.1417306747804008e-5,test,raw
3e-4,5350,1321854,6947,0,1327204,2444.206261510129,0.0040310306478883425,1,0.005228021351579356,0.008029693355766445,0.00921709761488767,4.2147740357336284e-5,test,raw
4e-4,5350,1314631,14170,0,1319981,2430.90423572744,0.004053088642942588,1,0.010663748747931405,0.008073454857692154,0.014631027522371906,8.643850191409679e-5,test,raw
5e-4,5350,1306068,22733,0,1311418,2415.134438305709,0.004079553582458072,1,0.01710790404281755,0.008125956888381249,0.02104934149133044,1.395754811151593e-4,test,raw
6e-4,5350,1297414,31387,0,1302764,2399.1970534069983,0.004106653238806108,1,0.02362054212782802,0.00817971522359672,0.027535863631627903,1.939839349546198e-4,test,raw
7e-4,5350,1288517,40284,0,1293867,2382.8121546961324,0.004134891762445444,1,0.030316051839214448,0.00823572967410371,0.03420452407561063,2.506757629321048e-4,test,raw
8e-4,5350,1279815,48986,0,1285165,2366.7863720073665,0.004162889590052639,1,0.03686481271462017,0.00829126356532082,0.040727024152438514,3.068811949176381e-4,test,raw
9e-4,5350,1271096,57705,0,1276446,2350.729281767956,0.0041913249757529894,1,0.04342636707829088,0.008347662186494575,0.04726226641512093,3.6396178773591604e-4,test,raw
0.001,5350,1262659,66142,0,1268009,2335.1915285451196,0.0042192129551130945,1,0.049775700048389486,0.008402971981978374,0.053586138300687106,4.1994036351552486e-4,test,raw
0.0011,5350,1254358,74443,0,1259708,2319.90423572744,0.004247015975130744,1,0.056022685112368215,0.008458110221033344,0.059808072699417084,4.7574528357078845e-4,test,raw
0.0012,5350,1246283,82518,0,1251633,2305.033149171271,0.004274415903064237,1,0.06209959203823597,0.008512446071267471,0.06586061098031631,5.3073808871978e-4,test,raw
0.0013,5350,1238376,90425,0,1243726,2290.4714548802945,0.004301590543254704,1,0.06805006919772034,0.008566332232786477,0.07178722648335908,5.852757442731867e-4,test,raw
0.0014,5350,1230680,98121,0,1236030,2276.2983425414363,0.004328373906782198,1,0.07384175659109227,0.008619439655866859,0.07755568897373685,6.390252230439922e-4,test,raw
0.0015,5350,1223257,105544,0,1228607,2262.6279926335174,0.004354525084099309,1,0.0794279956140912,0.008671290814833903,0.08311952695009785,6.91503227511973e-4,test,raw
0.0016,5350,1216060,112741,0,1221410,2249.3738489871084,0.004380183558346501,1,0.08484415649897915,0.008722162444161857,0.08851396880862811,7.42989839109691e-4,test,raw
0.0017,5350,1208994,119807,0,1214344,2236.3609576427257,0.004405670880738901,1,0.09016173226841341,0.008772692167051734,0.09381022088204409,7.941303900327334e-4,test,raw
0.0018,5350,1201992,126809,0,1207342,2223.465930018416,0.004431221642252154,1,0.09543114431732065,0.008823345086798627,0.0990585023734195,8.453956061085706e-4,test,raw
0.0019,5350,1195372,133429,0,1200722,2211.2744014732966,0.004455652515736365,1,0.10041307915933236,0.008871775482724081,0.1040204594532403,8.944114126946491e-4,test,raw
0.002,5349,1188995,139806,1,1194344,2199.5285451197055,0.004478609177925288,0.9998130841121495,0.1052121423749681,0.008917273904845736,0.10879952868903145,9.40466519834032e-4,test,raw
0.0021,5349,1182586,146215,1,1187935,2187.7255985267034,0.004502771616292137,0.9998130841121495,0.11003528745086737,0.008965167583603245,0.11360333275618727,9.889391207182087e-4,test,raw
0.0022,5349,1176430,152371,1,1181779,2176.388581952118,0.0045262269849100385,0.9998130841121495,0.11466803531905831,0.009011657536796759,0.11821750311621398,0.0010359910103371305,test,raw
0.0023,5349,1170357,158444,1,1175706,2165.204419889503,0.0045496067894524655,0.9998130841121495,0.1192383208621908,0.009057995556518914,0.12276946162765684,0.0010828891124230876,test,raw
0.0024,5349,1164447,164354,1,1169796,2154.3204419889503,0.004572592144271309,0.9998130841121495,0.12368593942960608,0.009103549686592135,0.12719924506296515,0.0011289938329461478,test,raw
0.0025,5349,1158643,170158,1,1163992,2143.63167587477,0.004595392408195245,0.9998130841121495,0.12805378683489854,0.009148734929558675,0.13154957722176874,0.001174725191027529,test,raw
0.0026,5349,1152975,175826,1,1158324,2133.193370165746,0.004617878935427393,0.9998130841121495,0.13231928633407108,0.009193296404319422,0.13579797189373616,0.0012198252255894095,test,raw
0.0027,5349,1147386,181415,1,1152735,2122.9005524861877,0.004640268578641232,0.9998130841121495,0.13652533374071812,0.009237663902045187,0.13998715287849725,0.0012647289226092658,test,raw
0.0028,5349,1141742,187059,1,1147091,2112.5064456721916,0.004663099963298466,0.9998130841121495,0.14077277184469308,0.009282904721369686,0.14421755858219948,0.001310516479086871,test,raw
0.0029,5349,1136304,192497,1,1141653,2102.491712707182,0.004685311561393873,0.9998130841121495,0.14486518297322173,0.009326915448346691,0.1482935589749586,0.0013550590614274122,test,raw
0.003,5349,1130974,197827,1,1136323,2092.6758747697972,0.004707288332630775,0.9998130841121495,0.14887631782336105,0.009370458966796974,0.1522886090105243,0.0013991287735775559,test,raw
0.0031,5349,1125753,203048,1,1131102,2083.060773480663,0.004729016481272246,0.9998130841121495,0.15280542383697784,0.009413508005617483,0.15620195914855214,0.0014426980153955443,test,raw
0.0032,5349,1120591,208210,1,1125940,2073.5543278084715,0.004750697195232428,0.9998130841121495,0.1566901289207338,0.009456461208001485,0.16007108640626136,0.0014861702475772384,test,raw
0.0033,5349,1115600,213201,1,1120949,2064.362799263352,0.00477184956675103,0.9998130841121495,0.16044614656370668,0.009498365886855977,0.16381204226508095,0.0015285812717281216,test,raw
0.0034,5349,1110624,218177,1,1115973,2055.1988950276245,0.004793126715431287,0.9998130841121495,0.16419087583468103,0.009540515979784593,0.16754175501873475,0.0015712406608588136,test,raw
0.0035,5349,1105818,222983,1,1111167,2046.3480662983425,0.0048138578629494935,0.9998130841121495,0.16780767022300555,0.009581582725565306,0.17114404591384333,0.0016128035988608185,test,raw
0.0036,5349,1100879,227922,1,1106228,2037.2523020257827,0.004835350397928818,0.9998130841121495,0.17152455484305024,0.00962415592967835,0.17484602567475496,0.001655891182527177,test,raw
0.0037,5349,1096139,232662,1,1101488,2028.5230202578268,0.00485615821506907,0.9998130841121495,0.17509168039458128,0.009665371084115292,0.1783988469071342,0.001697604294108234,test,raw
0.0038,5349,1091505,237296,1,1096854,2019.988950276243,0.00487667456197452,0.9998130841121495,0.17857903478398948,0.009706007236409957,0.18187221686300875,0.0017387313944940456,test,raw
0.0039,5349,1086957,241844,1,1092306,2011.6132596685084,0.004896979417855436,0.9998130841121495,0.1820016691739395,0.00974622286034969,0.1852811263492663,0.0017794328725817723,test,raw
0.004,5349,1082571,246230,1,1087920,2003.53591160221,0.004916721817780719,0.9998130841121495,0.1853023891463056,0.009785322930291692,0.18856861029973368,0.0018190053067188548,test,raw
0.0041,5349,1078117,250684,1,1083466,1995.3333333333333,0.004936933877020599,0.9998130841121495,0.18865428307173157,0.009825351574554378,0.19190706299361918,0.0018595175202331818,test,raw
0.0042,5349,1073793,255008,1,1079142,1987.3701657458564,0.004956715612959184,0.9998130841121495,0.19190834443983712,0.009864526432652336,0.19514807544273474,0.0018991656206541305,test,raw
0.0043,5349,1069497,259304,1,1074846,1979.4585635359117,0.004976526869895781,0.9998130841121495,0.1951413341802121,0.009903758206843943,0.19836810076220757,0.0019388713121429584,test,raw
0.0044,5349,1065333,263468,1,1070682,1971.7900552486187,0.004995881129971364,0.9998130841121495,0.19827498624700013,0.009942083506810208,0.20148918675622174,0.0019776595670935996,test,raw
0.0045,5348,1061036,267765,2,1066384,1963.8747697974218,0.005015078995933922,0.9996261682242991,0.20150872854550833,0.009980088342816405,0.2047092120756946,0.0020161310048042243,test,raw
0.0046,5347,1056891,271910,3,1062238,1956.2394106813997,0.005033711842355479,0.9994392523364486,0.2046280820077649,0.010016972839709698,0.20781530726282108,0.0020534686170958455,test,raw
0.0047,5346,1052765,276036,4,1058111,1948.6390423572743,0.005052399984500681,0.9992523364485981,0.20773313686549003,0.010053965307613537,0.21090716118340427,0.0020909155515806688,test,raw
0.0048,5346,1048685,280116,4,1054031,1941.1252302025782,0.005071957086651152,0.9992523364485981,0.21080357404908637,0.010092686200715325,0.2139652857884902,0.0021301042173864507,test,raw
0.0049,5346,1044612,284189,4,1049958,1933.624309392265,0.00509163223671804,0.9992523364485981,0.21386874332575007,0.010131639293931249,0.21701816361116547,0.0021695278760420914,test,raw
0.005,5346,1040665,288136,4,1046011,1926.3554327808472,0.0051108449146328285,0.9992523364485981,0.2168390902776262,0.010169675306578804,0.21997659935044833,0.0022080233635225093,test,raw
0.0051,5346,1036732,292069,4,1042078,1919.1123388581952,0.0051301342126021275,0.9992523364485981,0.2197989014156371,0.010207861542750432,0.22292454152490984,0.0022466708773096946,test,raw
0.0052,5345,1032833,295968,5,1038178,1911.9300184162062,0.00514844275259156,0.9990654205607477,0.22273312557711802,0.010244095031470167,0.22584624978731793,0.002283349779490377,test,raw
0.0053,5345,1029068,299733,5,1034413,1904.9963167587478,0.005167181773624268,0.9990654205607477,0.22556650694874553,0.010281189078665041,0.22866826918392297,0.0023208919162831065,test,raw
0.0054,5344,1025315,303486,6,1030659,1898.0828729281768,0.0051850321008209315,0.9988785046728972,0.22839085762277422,0.01031651269438779,0.231480544556051,0.0023566500171052648,test,raw
0.0055,5343,1021645,307156,7,1026988,1891.3222836095765,0.005202592435354649,0.9986915887850467,0.23115274597174446,0.01035126092423218,0.2342306080795952,0.002391825826554913,test,raw
0.0056,5343,1018018,310783,7,1023361,1884.6427255985268,0.005221031483513638,0.9986915887850467,0.2338822743209856,0.01038775710573718,0.23694919090867525,0.002428762898161365,test,raw
0.0057,5343,1014352,314449,7,1019695,1877.891344383057,0.005239802097686073,0.9986915887850467,0.2366411524374229,0.01042490817476306,0.2396970058111863,0.002466362757412885,test,raw
0.0058,5343,1010631,318170,7,1015974,1871.0386740331492,0.005258992848242179,0.9986915887850467,0.2394414212511881,0.010462889347552783,0.24248604543263844,0.0025048027365106606,test,raw
0.0059,5343,1007064,321737,7,1012407,1864.4696132596684,0.005277521787186379,0.9986915887850467,0.2421257961124352,0.010499559325064826,0.24515965584105548,0.002541915670093944,test,raw
0.006,5343,1003539,325262,7,1008882,1857.9779005524863,0.005295961271982254,0.9986915887850467,0.24477856353208644,0.010536050923260161,0.2478017855550084,0.002578848058685578,test,raw
0.0061,5343,1000061,328740,7,1005404,1851.572744014733,0.005314281622114095,0.9986915887850467,0.24739596071947567,0.010572305427433381,0.2504086868727753,0.002615540478538045,test,raw
0.0062,5343,996644,332157,7,1001987,1845.2799263351749,0.005332404512234191,0.9986915887850467,0.2499674518607376,0.010608167872320782,0.2529698662295347,0.002651836092852608,test,raw
0.0063,5343,993339,335462,7,998682,1839.1933701657458,0.005350051367702632,0.9986915887850467,0.2524546564910773,0.010643087072921976,0.25544709706772323,0.0026871770596515144,test,raw
0.0064,5343,990078,338723,7,995421,1833.1878453038673,0.005367578140304454,0.9986915887850467,0.25490874856355467,0.010677767441302756,0.2578913481307588,0.0027222762996437742,test,raw
0.0065,5343,986685,342116,7,992028,1826.9392265193371,0.005385936687270924,0.9986915887850467,0.257462178309619,0.010714092350142075,0.2604345385192531,0.00275903993238901,test,raw
0.0066,5343,983237,345564,7,988580,1820.5893186003684,0.005404721924376378,0.9986915887850467,0.2600569987530112,0.010751260149105065,0.2630189536266884,0.002796656624301546,test,raw
0.0067,5343,979990,348811,7,985333,1814.609576427256,0.005422532280964913,0.9986915887850467,0.2625005550116233,0.010786497800002624,0.26545271112490265,0.0028323198463929625,test,raw
0.0068,5343,976772,352029,7,982115,1808.683241252302,0.0054402997612295915,0.9986915887850467,0.26492228708437154,0.010821649374914555,0.26786473195312976,0.002867895942808412,test,raw
0.0069,5342,973603,355198,8,978945,1802.8453038674033,0.005456894922595243,0.9985046728971962,0.26730714380859133,0.01085446944259597,0.27023927576413764,0.002901120565974953,test,raw
0.007,5342,970564,358237,8,975906,1797.2486187845304,0.005473887853953147,0.9985046728971962,0.2695941679754907,0.010888086289408676,0.27251712887072005,0.002935143406163443,test,raw
0.0071,5342,967564,361237,8,972906,1791.7237569060774,0.005490766836672813,0.9985046728971962,0.2718518423751939,0.010921476586905676,0.2747657499038714,0.00296893695181473,test,raw
0.0072,5342,964465,364336,8,969807,1786.0165745856355,0.005508312478668436,0.9985046728971962,0.2741840200300873,0.010956184491317808,0.27708857543111687,0.0030040640071807598,test,raw
0.0073,5342,961414,367387,8,966756,1780.3977900552486,0.005525696246002094,0.9985046728971962,0.2764800748945854,0.010990570987114574,0.2793754230218319,0.0030388657626967915,test,raw
0.0074,5342,958421,370380,8,963763,1774.8858195211787,0.005542856490651747,0.9985046728971962,0.27873248138735596,0.011024514169142298,0.2816187972725726,0.003073218841375613,test,raw
0.0075,5342,955330,373471,8,960672,1769.1933701657458,0.005560690849738517,0.9985046728971962,0.2810586385771835,0.011059789528602868,0.28393562647706294,0.0031089201748100317,test,raw
0.0076,5342,952351,376450,8,957693,1763.707182320442,0.00557798793559105,0.9985046728971962,0.28330050925608874,0.011094000994763473,0.2861685071629823,0.00314354475796882,test,raw
0.0077,5342,949416,379385,8,954758,1758.3020257826888,0.005595135102298174,0.9985046728971962,0.2855092673771317,0.011127914776254336,0.28836840807374875,0.0031778680523313215,test,raw
0.0078,5342,946518,382283,8,951860,1752.965009208103,0.005612169856911731,0.9985046728971962,0.287690180847245,0.011161605081434585,0.290540575991773,0.003211965162548893,test,raw
0.0079,5342,943570,385231,8,948912,1747.53591160221,0.005629605274250931,0.9985046728971962,0.28990872222402,0.011196086609337897,0.2927502209270165,0.0032468630397460927,test,raw
0.008,5342,940714,388087,8,946056,1742.2762430939226,0.005646600201256585,0.9985046728971962,0.29205802825253746,0.011229695839631031,0.29489090815057667,0.0032808780773463404,test,raw
0.0081,5342,937958,390843,8,943300,1737.2007366482505,0.005663097635958868,0.9985046728971962,0.29413207846773143,0.011262320139145101,0.29695664133969846,0.003313896282982726,test,raw
0.0082,5342,935172,393629,8,940514,1732.0699815837938,0.005679872920551953,0.9985046728971962,0.2962287054269225,0.011295492798118967,0.2990448607391517,0.003347469460033702,test,raw
0.0083,5342,932410,396391,8,937752,1726.9834254143645,0.00569660208669243,0.9985046728971962,0.29830727099091586,0.011328573155395705,0.3011150911703398,0.003380949211981184,test,raw
0.0084,5342,929631,399170,8,934973,1721.865561694291,0.005713533973708332,0.9985046728971962,0.30039863004317424,0.0113620532519145,0.3031980637873824,0.003414833520279653,test,raw
0.0085,5342,926932,401869,8,932274,1716.8950276243095,0.0057300750637688065,0.9985046728971962,0.3024297844447739,0.011394759519807514,0.3052210731768743,0.0034479346484980323,test,raw
0.0086,5342,924155,404646,8,929497,1711.780847145488,0.005747194450331739,0.9985046728971962,0.30451963838076584,0.011428608103785967,0.3073025467132281,0.003482191874668384,test,raw
0.0087,5342,921472,407329,8,926814,1706.8397790055249,0.005763831793650074,0.9985046728971962,0.3065387518522337,0.0114615024823958,0.30931356345720984,0.003515483366685101,test,raw
0.0088,5341,918892,409909,9,924233,1702.086556169429,0.0057788458105261335,0.9983177570093458,0.30848035183597844,0.011491173999524517,0.3112466280053757,0.003545521761113208,test,raw
0.0089,5341,916241,412560,9,921582,1697.2044198895028,0.00579546909553355,0.9983177570093458,0.31047538344718284,0.011524038440791773,0.3132336594583372,0.003578782962057448,test,raw
0.009,5338,913693,415108,12,919031,1692.5064456721916,0.005808291559261875,0.9977570093457944,0.31239290157066407,0.011549350321999262,0.31514123963479396,0.0036044266049599133,test,raw
0.0091,5337,911179,417622,13,916516,1687.8747697974218,0.005823138930471481,0.9975700934579439,0.31428483271761537,0.011578689310593948,0.31702483452023045,0.00363412860151244,test,raw
0.0092,5337,908675,420126,13,914012,1683.2633517495397,0.005839091828116042,0.9975700934579439,0.3161692382832343,0.011610225351928837,0.31890168354256754,0.0036660454370444637,test,raw
0.0093,5337,906208,422593,13,911545,1678.7200736648251,0.005854894711725697,0.9975700934579439,0.31802579919792356,0.011641463853549208,0.32075079957216235,0.003697661132060781,test,raw
0.0094,5337,903741,425060,13,909078,1674.1767955801106,0.005870783365123785,0.9975700934579439,0.3198823601126128,0.011672870909464715,0.3225999156017572,0.003729447408534463,test,raw
0.0095,5337,901288,427513,13,906625,1669.659300184162,0.005886667585826555,0.9975700934579439,0.3217283852134368,0.01170426820910661,0.3244385380665307,0.003761223802846863,test,raw
0.0096,5337,898816,429985,13,904153,1665.1068139963168,0.005902762032532104,0.9975700934579439,0.3235887089187922,0.011736080034920172,0.3262914017978475,0.0037934197201219587,test,raw
0.0097,5337,896470,432331,13,901807,1660.7863720073665,0.005918117734725945,0.9975700934579439,0.3253542102993601,0.011766430728087862,0.3280498234457719,0.00382413685550611,test,raw
0.0098,5337,894036,434765,13,899373,1656.3038674033148,0.005934134113432358,0.9975700934579439,0.3271859367956526,0.011798086265077818,0.3298742046440021,0.0038561745808289773,test,raw
0.0099,5337,891633,437168,13,896970,1651.878453038674,0.005950031773637915,0.9975700934579439,0.32899433398981487,0.011829506161893787,0.33167535009155635,0.0038879738128843335,test,raw
0.01,5337,889280,439521,13,894617,1647.5451197053408,0.0059656814033267865,0.9975700934579439,0.3307651032773154,0.011860434882612361,0.33343901852189145,0.003919275930920839,test,raw
0.011,5332,866941,461860,18,872273,1606.3959484346224,0.006112765154945757,0.9966355140186915,0.3475764994156386,0.012151003335145046,0.3501792525733594,0.00421339796197452,test,raw
0.012,5329,846459,482342,21,851788,1568.670349907919,0.006256251555551381,0.9960747663551401,0.36299039510054554,0.012434403794954838,0.36552908928599537,0.004500248150256604,test,raw
0.013,5328,827610,501191,22,832938,1533.9558011049724,0.006396634563436894,0.9958878504672897,0.3771753633538807,0.0127116217815357,0.37965642569694136,0.004780822581004156,test,raw
0.014,5323,810000,518801,27,815323,1501.5156537753223,0.006528700895228026,0.9949532710280374,0.3904279120801384,0.012972280067700534,0.39285208345981826,0.005044676581246121,test,raw
0.015,5319,793443,535358,31,798762,1471.0165745856355,0.0066590548874383105,0.9942056074766356,0.4028880170921003,0.013229500368107926,0.40525922478040344,0.005305042505971934,test,raw
0.016,5318,778252,550549,32,783570,1443.0386740331492,0.006786885664331202,0.9940186915887851,0.41432012769406407,0.013481721847589109,0.41664474261159345,0.005560319531312844,test,raw
0.017,5315,763843,564958,35,769158,1416.4972375690609,0.006910153700540071,0.9934579439252337,0.4251637378358385,0.0137248420933031,0.42744262081278656,0.005806406192418342,test,raw
0.018,5313,750410,578391,37,755723,1391.7550644567218,0.007030353714257738,0.9930841121495327,0.43527285123957615,0.013961866995675844,0.4375096971782055,0.006046313923673401,test,raw
0.019,5311,737837,590964,39,743148,1368.596685082873,0.007146624898405163,0.9927102803738318,0.4447347646487322,0.014191086682930348,0.4469321688474543,0.006278322472350386,test,raw
0.02,5308,725915,602886,42,731223,1346.635359116022,0.007259071446056812,0.9921495327102804,0.4537067627131527,0.014412692292549413,0.45586594021216487,0.0065026362814553235,test,raw
0.021,5306,714784,614017,44,720090,1326.132596685083,0.007368523379022066,0.9917757009345795,0.46208348729418475,0.014628363475959416,0.4642075747048123,0.006720933480791495,test,raw
0.022,5304,703924,624877,46,709228,1306.1289134438305,0.007478554146198402,0.9914018691588785,0.4702562686211103,0.014845125374696674,0.4723460837641316,0.006940334844986051,test,raw
0.023,5303,693632,635169,47,698935,1287.1731123388581,0.007587257756443732,0.991214953271028,0.4780015969283587,0.015059244481992376,0.4800596034481854,0.007157050293570939,test,raw
0.024,5295,683718,645083,55,689013,1268.9005524861877,0.007684905800035703,0.9897196261682243,0.4854624582612445,0.015251388682864726,0.4874845500996514,0.007351607159495244,test,raw
0.025,5294,674526,654275,56,679820,1251.9705340699816,0.007787355476449648,0.9895327102803738,0.4923799726219351,0.01545309923084782,0.49437357540488297,0.007555765288351739,test,raw
0.026,5290,665583,663218,60,670873,1235.4935543278084,0.007885248027570046,0.9887850467289719,0.4991101000074503,0.015645726335838914,0.5010737165433298,0.007750766239146318,test,raw
0.027,5290,657094,671707,60,662384,1219.8600368324126,0.007986304017005242,0.9887850467289719,0.5054985660004772,0.015844632742978492,0.507436564526804,0.007952074637625456,test,raw
0.028,5285,648985,679816,65,654270,1204.9171270718232,0.008077704923044004,0.9878504672897196,0.5116010599028749,0.016024377671992968,0.5135108394776903,0.008134051354240288,test,raw
0.029,5282,641344,687457,68,646626,1190.8397790055249,0.008168554929743005,0.9872897196261682,0.5173513565989188,0.016203050419033832,0.5192358286280938,0.00831491922422225,test,raw
0.03,5279,634069,694732,71,639348,1177.4364640883978,0.008256849165086932,0.9867289719626168,0.5228262170181991,0.016376660079603162,0.5246864860124528,0.008490663438731463,test,raw
0.031,5274,627108,701693,76,632382,1164.6077348066299,0.00833989582246174,0.9857943925233645,0.5280647741836437,0.01653986314000238,0.5299002886479867,0.00865590140960734,test,raw
0.032,5268,620236,708565,82,625504,1151.9410681399631,0.008422008492351767,0.9846728971962617,0.5332363536752305,0.016701170159815107,0.5350466326525258,0.008819234461804328,test,raw
0.033,5265,613722,715079,85,618987,1139.9392265193371,0.008505832917331058,0.9841121495327103,0.5381385173551194,0.01686589133753085,0.5399268898348089,0.008985985230626365,test,raw
0.034,5258,607379,721422,92,612637,1128.2449355432782,0.008582570102687235,0.982803738317757,0.5429119935942252,0.01701653918286307,0.5446759774568246,0.009138545854337786,test,raw
0.035,5250,601149,727652,100,606399,1116.756906077348,0.008657665992193258,0.9813084112149533,0.5476004307642754,0.017163902188642725,0.5493396174795806,0.009287796914613145,test,raw
0.036,5244,595184,733617,106,600428,1105.7605893186003,0.008733769910796964,0.9801869158878505,0.5520894400290186,0.017313273179283502,0.5538061283917638,0.009439055216376979,test,raw
0.037,5238,589557,739244,112,594795,1095.3867403314916,0.008806395480795905,0.9790654205607476,0.5563240846447286,0.01745578151946613,0.5580192946675451,0.009583369191224605,test,raw
0.038,5232,584178,744623,118,589410,1085.4696132596684,0.008876673283452945,0.9779439252336448,0.5603720948433965,0.017593651220660433,0.5620465749379193,0.009722989706218304,test,raw
0.039,5228,578913,749888,122,584141,1075.7661141804788,0.008949893946838178,0.9771962616822429,0.5643343134148755,0.017737336108608955,0.5659899066897225,0.009868469318814795,test,raw
0.04,5228,573870,754931,122,579098,1066.4788213627992,0.009027832940193197,0.9771962616822429,0.5681294640807766,0.017890385457731056,0.56976983864645,0.010023371481962931,test,raw
0.041,5227,568760,760041,123,573987,1057.0662983425414,0.009106478021279228,0.9770093457943925,0.5719750361416044,0.018044764964088262,0.5735992402659069,0.010179633841227644,test,raw
0.042,5227,563884,764917,123,569111,1048.086556169429,0.009184500036021092,0.9770093457943925,0.5756445095992553,0.018197928144817486,0.5772539989851224,0.01033465093742448,test,raw
0.043,5226,559217,769584,124,564443,1039.4898710865561,0.009258685110808355,0.9768224299065421,0.5791566984070602,0.018343503693446568,0.5807513542320172,0.010482002747118094,test,raw
0.044,5220,554590,774211,130,559810,1030.9576427255986,0.009324592272378128,0.9757009345794393,0.5826387848895358,0.018472644914714415,0.5842149801634148,0.01061279383746547,test,raw
0.045,5215,550177,778624,135,555392,1022.8213627992634,0.009389764346623647,0.974766355140187,0.5859598239314991,0.018600354530247422,0.5875189540014586,0.010742122604756665,test,raw
0.046,5214,545703,783098,136,550917,1014.5801104972376,0.009464220563170133,0.9745794392523365,0.5893267690195898,0.018746393368652105,0.5908716479618874,0.0108899445449829,test,raw
0.047,5211,541619,787182,139,546830,1007.0534069981584,0.009529469853519375,0.9740186915887851,0.5924002164357192,0.018874280126045858,0.5939305221073177,0.011019424380024564,test,raw
0.048,5205,537500,791301,145,542705,999.4567219152855,0.009590845855483181,0.9728971962616823,0.5955000033865115,0.018994443988285845,0.5970133815437683,0.011141133243557774,test,raw
0.049,5204,533437,795364,146,538641,991.9723756906077,0.009661351438156397,0.9727102803738318,0.598557647081843,0.019132669474311154,0.6000580144226553,0.011281048191692424,test,raw
0.05,5204,529545,799256,146,534749,984.804788213628,0.009731668502418892,0.9727102803738318,0.6014866033363913,0.01927054114153146,0.6029752254429971,0.011420589878999467,test,raw
0.051,5201,525824,802977,149,531025,977.9465930018416,0.0097942658066946,0.9721495327102804,0.6042868721501564,0.019393148450244698,0.6057620164434161,0.011544728126510532,test,raw
0.052,5198,522156,806645,152,527354,971.1860036832412,0.009856756562005787,0.971588785046729,0.6070472553828602,0.019515528323421634,0.6085090818055827,0.011668636679374927,test,raw
0.053,5195,518533,810268,155,523728,964.5082872928177,0.009919271072006844,0.9710280373831776,0.6097737734995684,0.01963793618332269,0.6112224178522521,0.011792574054565578,test,raw
0.054,5193,515023,813778,157,520216,958.0405156537753,0.009982391929506205,0.9706542056074766,0.6124152525472212,0.019761552307417145,0.6138518053803504,0.011917719171271992,test,raw
0.055,5191,511527,817274,159,516718,951.598526703499,0.010046098645682944,0.9702803738317757,0.6150461957810086,0.019886298336615153,0.6164706993436275,0.012044008163477898,test,raw
0.056,5188,508191,820610,162,513379,945.4493554327809,0.010105594502307262,0.9697196261682243,0.6175567297134785,0.020002737460215258,0.6189689173114588,0.012161905742892458,test,raw
0.057,5185,504887,823914,165,510072,939.3591160220994,0.010165231575150174,0.9691588785046729,0.620043181785685,0.02011943611254467,0.6214431499882697,0.012280066480256037,test,raw
0.058,5185,501563,827238,165,506748,933.2375690607735,0.010231910140740565,0.9691588785046729,0.6225446850205562,0.020250030267644086,0.6239346220930014,0.012412243347267248,test,raw
0.059,5184,498375,830426,166,503559,927.3646408839779,0.010294722167610945,0.9689719626168224,0.6249438403493074,0.020372993993032152,0.6263234071705527,0.012536713362813095,test,raw
0.06,5182,495267,833534,168,500449,921.6372007366482,0.01035470147807269,0.9685981308411215,0.6272827910273999,0.020490352887214087,0.6286514794802087,0.012655526985479029,test,raw
0.061,5182,492309,836492,168,497491,916.1896869244936,0.010416268837024187,0.9685981308411215,0.6295088579855073,0.020610888929104825,0.6308686198188961,0.012777523750745094,test,raw
0.062,5178,489373,839428,172,494551,910.7753222836096,0.010470103184504732,0.9678504672897196,0.6317183686646834,0.020716101788154057,0.6330662721086294,0.012884077461214189,test,raw
0.063,5173,486522,842279,177,491695,905.5156537753223,0.010520749651714985,0.9669158878504673,0.6338639119025347,0.02081501674898651,0.6351994639287457,0.012984274190626977,test,raw
0.064,5169,483674,845127,181,488843,900.2633517495395,0.010573947054575804,0.9661682242990655,0.6360071974659862,0.020918952716853536,0.6373311566681732,0.013089536950639361,test,raw
0.065,5164,480861,847940,186,486025,895.0736648250461,0.01062496785144797,0.9652336448598131,0.6381241434947746,0.0210185703383363,0.639435865955203,0.013190446470552246,test,raw
0.066,5159,478175,850626,191,483334,890.1178637200736,0.010673778380995336,0.9642990654205608,0.6401455146406422,0.021113848622013407,0.641445383618496,0.013286964867577513,test,raw
0.067,5157,475598,853203,193,480755,885.3683241252302,0.01072687751557446,0.9639252336448598,0.6420848569499873,0.02121763816459407,0.6433754500052843,0.013392047545079283,test,raw
0.068,5153,472985,855816,197,478138,880.548802946593,0.010777223312098181,0.963177570093458,0.6440512913521287,0.02131593752068304,0.6453310007637816,0.013491607921426015,test,raw
0.069,5152,470479,858322,198,475631,875.9318600368324,0.010831926430363034,0.9629906542056075,0.6459372020340142,0.021422883648210638,0.647208599326463,0.013599868978502393,test,raw
0.07,5150,467920,860881,200,473070,871.2154696132596,0.01088633817405458,0.9626168224299065,0.6478629982969609,0.021529200284269055,0.6491251739870525,0.013707510293066412,test,raw
0.071,5148,465398,863403,202,470546,866.5672191528545,0.010940481908251266,0.9622429906542056,0.6497609499089781,0.021634979071057544,0.6510140156548996,0.013814607496252374,test,raw
0.072,5142,462932,865869,208,468074,862.0147329650092,0.0109854424727714,0.9611214953271028,0.6516167582655341,0.02172259961472169,0.6528578849020839,0.013903396363880249,test,raw
0.073,5137,460581,868220,213,465718,857.6758747697975,0.011030280126600218,0.9601869158878504,0.6533860224367681,0.021810014690023524,0.6546163065500082,0.013991960650592912,test,raw
0.074,5134,458304,870497,216,463438,853.4769797421731,0.011078073010845032,0.959626168224299,0.6550995973061429,0.021903291039873034,0.656320761293137,0.014086422753440993,test,raw
0.075,5128,455925,872876,222,461053,849.0847145488029,0.011122365541488722,0.9585046728971962,0.6568899331051076,0.021989566962476656,0.6580994205303597,0.014173853279873045,test,raw
0.076,5125,453586,875215,225,458711,844.7716390423573,0.011172611949571734,0.9579439252336449,0.6586501665787428,0.022087613481848293,0.6598503467748403,0.014273144646168384,test,raw
0.077,5124,451345,877456,226,456469,840.6427255985267,0.011225296789048106,0.9577570093457944,0.6603366493553211,0.022190511867203385,0.6615293171462601,0.014377311242010506,test,raw
0.078,5119,449161,879640,231,454280,836.6114180478821,0.01126838073434886,0.9568224299065421,0.661980236318305,0.022274438135021647,0.6631625655566724,0.014462347693656364,test,raw
0.079,5116,446932,881869,234,452048,832.5009208103131,0.01131738222489647,0.9562616822429907,0.6636576883972845,0.022370014735525735,0.6648310423632707,0.014559140449425328,test,raw
0.08,5112,444784,884017,238,449896,828.537753222836,0.011362626029126731,0.9555140186915888,0.665274183267472,0.022458187441515138,0.6664380568616296,0.014648458055092793,test,raw
0.081,5108,442574,886227,242,447682,824.4604051565377,0.011409884694939712,0.9547663551401869,0.66693733674192,0.02255028342368751,0.6680915428613403,0.014741747253340425,test,raw
0.082,5102,440491,888310,248,445593,820.6132596685082,0.011449910568613062,0.9536448598130841,0.6685049153334472,0.02262813703727522,0.6696483381566255,0.01482065851867624,test,raw
0.083,5097,438456,890345,253,443553,816.8563535911602,0.01149129867231199,0.9527102803738318,0.6700363711345793,0.022708692078244073,0.6711699050557246,0.014902286414196312,test,raw
0.084,5094,436438,892363,256,441532,813.1344383057091,0.011537102633557703,0.9521495327102804,0.6715550334474463,0.022797964563352292,0.672680228849658,0.014992701178554713,test,raw
0.085,5092,434437,894364,258,439529,809.4456721915285,0.011585128626324997,0.9517757009345794,0.6730609022720483,0.022891617720773513,0.6741785599980812,0.015087531549452412,test,raw
0.086,5085,432436,896365,265,437521,805.7476979742173,0.011622299272492063,0.9504672897196261,0.6745667710966503,0.022963797584398166,0.6756731434447825,0.015160722015452382,test,raw
0.087,5082,430502,898299,268,435584,802.1804788213628,0.011667095210108728,0.9499065420560747,0.6760222185263256,0.02305106886744955,0.6771205058497877,0.01524911275512458,test,raw
0.088,5080,428526,900275,270,433606,798.537753222836,0.011715705040981905,0.9495327102803738,0.6775092733975968,0.023145827827846074,0.6786000984896012,0.015345063678654186,test,raw
0.089,5076,426621,902180,274,431697,795.0220994475138,0.011758247103871465,0.948785046728972,0.6789428966414083,0.02322862300850938,0.6800249746842749,0.015428943759807606,test,raw
0.09,5074,424799,904002,276,429873,791.6629834254144,0.01180348614590821,0.9484112149532711,0.6803140575601614,0.023316782431075562,0.6813891381110534,0.015518215449664663,test,raw
0.091,5073,423071,905730,277,428144,788.4788213627993,0.011848817220374454,0.9482242990654206,0.6816144780143905,0.023405168237622665,0.6826835942858043,0.015607697165226123,test,raw
0.092,5071,421219,907582,279,426290,785.0644567219152,0.011895657885477022,0.9478504672897197,0.6830082156771405,0.02349643221202854,0.6840702439229143,0.015700111634610974,test,raw
0.093,5063,419472,909329,287,424535,781.8324125230203,0.011925989612163897,0.9463551401869159,0.684322934735901,0.02355513683892204,0.6853736945817978,0.015759687569681765,test,raw
0.094,5062,417698,911103,288,422760,778.5635359116022,0.011973696660043524,0.9461682242990654,0.6856579728642588,0.02364812781761697,0.6867026296123901,0.015853831463885613,test,raw
0.095,5058,415964,912837,292,421022,775.3627992633518,0.012013623991145356,0.9454205607476636,0.6869629086672873,0.023725760603416735,0.6879993344081742,0.015932489242374753,test,raw
0.096,5055,414229,914572,295,419284,772.1620626151013,0.01205626735100791,0.9448598130841122,0.688268597028449,0.023808738819783626,0.6892975382846469,0.0160165383722055,test,raw
0.097,5052,412568,916233,298,417620,769.097605893186,0.012097121785355108,0.9442990654205607,0.6895185960877512,0.023888219022625716,0.6905402761756353,0.016097047251184937,test,raw
0.098,5049,410880,917921,301,415929,765.9834254143647,0.012139091046789235,0.9437383177570093,0.6907889142166509,0.023969863202295865,0.691803251655922,0.01617974690097679,test,raw
0.099,5045,409103,919698,305,414148,762.7034990791897,0.012181635550576123,0.9429906542056075,0.6921262100194084,0.02405255805748776,0.6931321866865144,0.01626353055302637,test,raw
0.1,5041,407456,921345,309,412497,759.6629834254144,0.012220694938387431,0.9422429906542056,0.69336567326484555,0.02412844892987146,0.6943636814723371,0.016340427819250575,test,raw
0.11,5008,391939,936862,342,396947,731.0257826887661,0.01261629386290865,0.9360747663551402,0.7050431178182437,0.024897028812046824,0.705969564164776,0.01711907376287466,test,raw
0.12,4987,377905,950896,363,382892,705.1418047882137,0.01302456045046645,0.9321495327102803,0.7156045186600551,0.02569016232143869,0.7164728730106262,0.017922355912512532,test,raw
0.13,4959,365100,963701,391,370059,681.5082872928177,0.0134005658557149,0.9269158878504673,0.7252410255561217,0.026419185475041886,0.7260497499908182,0.018660928279306214,test,raw
0.14,4927,353371,975430,423,358298,659.8489871086556,0.013751123366583124,0.9209345794392524,0.7340677799008279,0.027097632875747978,0.7348171233990756,0.019348435949298724,test,raw
0.15,4905,342069,986732,445,346974,638.9944751381215,0.014136505905341611,0.9168224299065421,0.742573191922643,0.02784368933141086,0.7432719384837249,0.020104180479228986,test,raw
0.16,4868,331621,997180,482,336489,619.6850828729282,0.014467040527327788,0.9099065420560748,0.750435919298676,0.028481244094442117,0.7510754030091047,0.02075049793900386,test,raw
0.17,4843,321830,1006971,507,326673,601.6077348066299,0.014825222776293112,0.9052336448598131,0.757804215981174,0.02917267779641772,0.7583954140123569,0.021451093819969746,test,raw
0.18,4808,312478,1016323,542,317286,584.3204419889503,0.01515352079827033,0.8986915887850467,0.764842139643182,0.02980448555027957,0.7653788814009809,0.02209163282741108,test,raw
0.19,4772,303596,1025205,578,308368,567.8968692449355,0.01547501686296892,0.8919626168224299,0.77152636098257,0.03042222633065364,0.7720093152874,0.022718008492056862,test,raw
0.2,4740,295152,1033649,610,299892,552.2872928176796,0.01580569004841743,0.8859813084112149,0.7778809618596012,0.031057325007698807,0.7783144486643566,0.02336189224696381,test,raw
0.21,4709,286858,1041943,641,291567,536.9558011049724,0.01615066176899306,0.8801869158878505,0.7841226790166473,0.03171930202716584,0.78450790053,0.024033003859899742,test,raw
0.22,4678,279079,1049722,672,283757,522.572744014733,0.016485936910807488,0.874392523364486,0.7899768287350777,0.032361720746989876,0.7903153391182857,0.02468435983854372,test,raw
0.23,4643,271349,1057452,707,275992,508.2725598526703,0.016822951389895358,0.8678504672897196,0.7957941031049796,0.0330060922293863,0.7960830520683191,0.025337867927945276,test,raw
0.24,4619,264075,1064726,731,268694,494.83241252302025,0.017190558776898627,0.8633644859813084,0.8012682109661267,0.03370991519609989,0.8015172195651017,0.02605125919995167,test,raw
0.25,4595,256970,1071831,755,261565,481.70349907918967,0.01756733507923461,0.8588785046728972,0.806615136502757,0.03443043665586423,0.8068247147436834,0.02678159349935366,test,raw
0.26,4561,249888,1078913,789,254449,468.5985267034991,0.017925006582851573,0.8525233644859813,0.811944753202323,0.03511175947559459,0.8121074750909005,0.02747262952865746,test,raw
0.27,4529,243234,1085567,821,247763,456.2854511970534,0.018279565552564346,0.8465420560747664,0.8169522750208646,0.03578638789789541,0.8170709312514101,0.028156872406407532,test,raw
0.28,4497,236622,1092179,853,241119,444.0497237569061,0.01865054184863076,0.8405607476635514,0.8219281893978105,0.036491404598549916,0.8220029067174556,0.028871940535241503,test,raw
0.29,4472,230120,1098681,878,234592,432.02946593001843,0.01906288364479607,0.8358878504672898,0.8268213223801005,0.03727567495478074,0.8268576795280295,0.029667044407194372,test,raw
0.3,4435,223842,1104959,915,228277,420.3996316758748,0.01942815088686114,0.8289719626168224,0.831545882340546,0.03796650215942506,0.8315355608173288,0.030368055295500906,test,raw
0.31,4413,217780,1111021,937,222193,409.195211786372,0.01986111173619331,0.8248598130841122,0.836107889744213,0.03878827298576533,0.836062784497407,0.031201111696432998,test,raw
0.32,4384,211660,1117141,966,216044,397.8710865561694,0.020292162707596602,0.8194392523364487,0.8407135455196075,0.0396036026269908,0.8406282347350488,0.03202798658244336,test,raw
0.33,4344,205777,1123024,1006,210121,386.96316758747696,0.020673802237758245,0.8119626168224299,0.8451408450174255,0.04032097126759518,0.8450077989672833,0.03275620742619602,test,raw
0.34,4305,200035,1128766,1045,204340,376.316758747698,0.02106782812958794,0.8046728971962617,0.8494620338184574,0.04106061328627974,0.8492824275513041,0.033507027576078895,test,raw
0.35,4256,194293,1134508,1094,198549,365.65193370165747,0.021435514658849956,0.7955140186915888,0.8537832226194892,0.04174615863736458,0.8535495607318812,0.03420362998565122,test,raw
0.36,4220,188772,1140029,1130,192992,355.4180478821363,0.02186619134471895,0.788785046728972,0.8579380960730764,0.042552762400298476,0.8576607895208264,0.035022316724192544,test,raw
0.37,4188,183271,1145530,1162,187459,345.22836095764274,0.022340885206898576,0.782803738317757,0.8620779183639988,0.04344195551037556,0.8617600256642614,0.035924535499261966,test,raw
0.38,4164,177908,1150893,1186,182072,335.30755064456724,0.022870073377564918,0.7783177570093458,0.8661138876325349,0.04443448474565419,0.8657618215629266,0.0369310733752966,test,raw
0.39,4121,172707,1156094,1229,176828,325.6500920810313,0.0233051326712964,0.7702803738317757,0.870027942483487,0.04524146713653679,0.8696279506592582,0.03775078337224062,test,raw
0.4,4083,167580,1161221,1267,171663,316.1381215469613,0.023784974047989373,0.763177570093458,0.8738863080325797,0.0461322049792953,0.8734423614718274,0.03865516809480079,test,raw
0.41,4037,162560,1166241,1313,166597,306.8084714548803,0.02423212902993451,0.7545794392523365,0.8776641498614164,0.0469563295666688,0.8771705751447925,0.039492666075531015,test,raw
0.42,4002,157581,1171220,1348,161583,297.57458563535914,0.02476745697257756,0.7480373831775701,0.8814111368067905,0.047947380086621576,0.880876302607426,0.040498725828220866,test,raw
0.43,3956,152683,1176118,1394,156639,288.4696132596685,0.025255523847828445,0.7394392523364486,0.8850971665433726,0.04884282266079795,0.8845130723583762,0.041408752968084064,test,raw
0.44,3912,147868,1180933,1438,151780,279.52117863720076,0.025774146791408617,0.731214953271028,0.8887207339548961,0.04979316489530961,0.8880891293414314,0.04237442808246354,test,raw
0.45,3865,143146,1185655,1485,147011,270.73848987108653,0.026290549686758133,0.7224299065420561,0.8922743134600291,0.05073476808369595,0.8915932304514257,0.04333162357019931,test,raw
0.46,3835,138549,1190252,1515,142384,262.2173112338858,0.026934206090571976,0.7168224299065421,0.8957338231985075,0.0519176357507412,0.8950163812042266,0.044532209332614474,test,raw
0.47,3792,133973,1194828,1558,137765,253.71086556169428,0.027525133379305337,0.7087850467289719,0.8991775292161881,0.05299234881039724,0.8984140475853183,0.04562431005388562,test,raw
0.48,3752,129519,1199282,1598,133271,245.43462246777165,0.028153161603049426,0.7013084112149532,0.9025294231416141,0.05413321213957481,0.9017225186654284,0.0467833867183961,test,raw
0.49,3715,125152,1203649,1635,128867,237.32412523020258,0.028828171680880286,0.694392523364486,0.9058158445094487,0.055358114098810134,0.9049680283566103,0.048027550558139974,test,raw
0.5,3672,120872,1207929,1678,124544,229.36279926335175,0.02948355601233299,0.6863551401869159,0.909036793319692,0.056538408240565385,0.9081438307957646,0.04922719820678815,test,raw
0.51,3625,116658,1212143,1725,120283,221.51565377532228,0.03013725962937406,0.677570093457944,0.9122080732931417,0.05770776786353903,0.9112671654108119,0.05041634064488417,test,raw
0.52,3589,112512,1216289,1761,116101,213.81399631675876,0.030912739769683294,0.6708411214953272,0.9153281793135315,0.059102024684852324,0.9143477762262293,0.051832623026413414,test,raw
0.53,3526,108423,1220378,1824,111949,206.16758747697975,0.03149648500656549,0.6590654205607477,0.918405389520327,0.06011986461947672,0.9173654256527185,0.052870262478836826,test,raw
0.54,3477,104401,1224400,1873,107878,198.67034990791896,0.032230853371401025,0.6499065420560748,0.9214321783321957,0.061415904193309064,0.9203433494409553,0.05418883390468829,test,raw
0.55,3428,100496,1228305,1922,103924,191.38858195211787,0.032985643354759245,0.6407476635514019,0.924370917842476,0.0627413657411644,0.9232335770088993,0.0555375515879093,test,raw
0.56,3376,96610,1232191,1974,99986,184.13627992633516,0.03376472706178865,0.6310280373831776,0.9272953587482249,0.06409964304701148,0.9261073146892668,0.05692021913002332,test,raw
0.57,3325,92804,1235997,2025,96129,177.0331491712707,0.03458893778152274,0.6214953271028038,0.930159595003315,0.0655307994757536,0.928921838682428,0.05837704427274483,test,raw
0.58,3277,88937,1239864,2073,92214,169.8232044198895,0.03553690329017286,0.6125233644859813,0.9330697373045325,0.06717641753105653,0.9317843332576298,0.060051330185366625,test,raw
0.59,3221,85259,1243542,2129,88480,162.94659300184162,0.03640370705244123,0.6020560747663551,0.9358376461185686,0.06865608014494298,0.9344991683849879,0.06155884433915363,test,raw
0.6,3158,81765,1247036,2192,84923,156.39594843462245,0.037186627886438305,0.5902803738317757,0.9384670842360895,0.06996554894597498,0.9370708413065687,0.06289530567148456,test,raw
0.61,3101,78331,1250470,2249,81432,149.9668508287293,0.03808085273602515,0.579626168224299,0.9410513688656165,0.07146643313129451,0.9396020390495529,0.06442562423531796,test,raw
0.62,3045,74925,1253876,2305,77970,143.59116022099448,0.03905348210850327,0.569158878504673,0.9436145818674128,0.07309169467114739,0.9421129992032387,0.06608254137093526,test,raw
0.63,2992,71613,1257188,2358,74605,137.39410681399633,0.04010455063333557,0.5592523364485982,0.9461070544046851,0.0748420986805078,0.9445557511855854,0.06786653676373954,test,raw
0.64,2941,68350,1260451,2409,71291,131.29097605893185,0.0412534541526981,0.5497196261682243,0.948562651593429,0.07674743283621038,0.9469632747717462,0.06980798456390114,test,raw
0.65,2882,65306,1263495,2468,68188,125.57642725598527,0.04226550126121898,0.5386915887850467,0.9508534385509945,0.07838124507057576,0.9492006526997319,0.07147617673654635,test,raw
0.66,2847,62311,1266490,2503,65158,119.9963167587477,0.043693790478529115,0.5321495327102804,0.9531073501600315,0.08075679355534122,0.9514192921191079,0.07389291886909116,test,raw
0.67,2794,59327,1269474,2556,62121,114.40331491712708,0.04497673894496225,0.5222429906542057,0.955352983629603,0.08282076744082643,0.9536161948684969,0.07599780333491167,test,raw
0.68,2747,56447,1272354,2603,59194,109.01289134438306,0.04640673041186607,0.5134579439252337,0.957520351053318,0.08512022806147745,0.9557396426641362,0.07834114738921047,test,raw
0.69,2692,53683,1275118,2658,56375,103.82136279926335,0.04775166297117517,0.503177570093458,0.9596004217335778,0.08722559740785744,0.9577701474570719,0.08049024085935859,test,raw
0.7,2616,50872,1277929,2734,53488,98.50460405156538,0.048908166317678733,0.4889719626168224,0.9617158626460998,0.08892212515721133,0.9598201402989617,0.08223082183192187,test,raw
0.71,2563,48213,1280588,2787,50776,93.51012891344384,0.05047660311958405,0.4790654205607477,0.96371691472237,0.09133022128781669,0.9617734424364258,0.08468909372624406,test,raw
0.72,2498,45593,1283208,2852,48091,88.56537753222837,0.05194319103366534,0.4669158878504673,0.9656886170314442,0.09348627458318519,0.9636885180163265,0.08689623295773892,test,raw
0.73,2443,43025,1285776,2907,45468,83.73480662983425,0.053730095891616085,0.45663551401869157,0.9676211863175901,0.09614703451532923,0.965572112901763,0.0896143379951374,test,raw
0.74,2374,40502,1288299,2976,42876,78.96132596685082,0.05536897098609945,0.44373831775700934,0.9695198904877405,0.09845311657612076,0.9674114849068809,0.09197859175756187,test,raw
0.75,2309,37950,1290851,3041,40259,74.14180478821363,0.057353635212002284,0.431588785046729,0.9714404188437546,0.10125194588787301,0.9692755917433634,0.09484406206331678,test,raw
0.76,2229,35541,1293260,3121,37770,69.55801104972376,0.05901509134233519,0.4166355140186916,0.9732533313867163,0.10338589981447126,0.9710212712054332,0.09704261401675854,test,raw
0.77,2168,33189,1295612,3182,35357,65.11418047882137,0.061317419464321066,0.40523364485981306,0.9750233481160836,0.10651730660574348,0.9727384681344166,0.10024962190711093,test,raw
0.78,2094,30934,1297867,3256,33028,60.82504604051565,0.06340075087804287,0.3914018691588785,0.9767203667065272,0.10912501954244619,0.9743732156255176,0.10293341214757702,test,raw
0.79,2018,28662,1300139,3332,30680,56.500920810313076,0.06577574967405476,0.377196261682243,0.9784301787852357,0.11201776297529838,0.9760192062217845,0.10591185547192838,test,raw
0.8,1947,26487,1302314,3403,28434,52.3646408839779,0.06847436167967925,0.3639252336448598,0.9800669927250205,0.11526166232536111,0.9775962391063681,0.1092490670928724,test,raw
0.81,1860,24340,1304461,3490,26200,48.25046040515654,0.07099236641221374,0.34766355140186916,0.9816827350370748,0.1179080824088748,0.9791402922157987,0.11199387322204478,test,raw
0.82,1774,22237,1306564,3576,24011,44.21915285451197,0.07388280371496397,0.33158878504672895,0.9832653647912667,0.12084057082524437,0.9806521150904208,0.1150363540143933,test,raw
0.83,1704,20222,1308579,3646,21926,40.37937384898711,0.0777159536623187,0.31850467289719625,0.984781769429734,0.1249450065992081,0.9821099710602473,0.11926692241694949,test,raw
0.84,1624,18268,1310533,3726,19892,36.63351749539595,0.08164086064749648,0.30355140186915885,0.986252268022074,0.12867443150305047,0.9835146096656225,0.12313241909697473,test,raw
0.85,1548,16466,1312335,3802,18014,33.17495395948435,0.08593316309537027,0.2893457943925234,0.9876083777781625,0.1325115562403698,0.984808316300029,0.12711397368476185,test,raw
0.86,1452,14655,1314146,3898,16107,29.662983425414364,0.09014714099459863,0.2714018691588785,0.9889712605574499,0.13534044833853753,0.9860937779906472,0.13010333327484297,test,raw
0.87,1363,13043,1315758,3987,14406,26.53038674033149,0.09461335554630015,0.2547663551401869,0.9901843842682237,0.13798339744887628,0.9872353279351438,0.13291248493935048,test,raw
0.88,1264,11403,1317398,4086,12667,23.32780847145488,0.09978684771453383,0.23626168224299066,0.9914185796067282,0.14031192762391076,0.9883903696058393,0.13543701629189525,test,raw
0.89,1152,9860,1318941,4198,11012,20.279926335174952,0.1046131492916818,0.21532710280373832,0.9925797768063088,0.14081408140814083,0.9894629618386525,0.1361512866805149,test,raw
0.9,1053,8423,1320378,4297,9476,17.451197053406997,0.11112283663993246,0.19682242990654206,0.9936612028437667,0.14204775394577093,0.990465846819438,0.13762721838427427,test,raw
0.905,1005,7724,1321077,4345,8729,16.075506445672193,0.11513346316874785,0.18785046728971963,0.9941872409788975,0.14276582143618155,0.9909537975836319,0.1384819556660153,test,raw
0.91,958,7013,1321788,4392,7971,14.679558011049723,0.12018567306486012,0.17906542056074767,0.9947223098116271,0.14383304556714963,0.9914514923723027,0.1397044489781783,test,raw
0.915,917,6382,1322419,4433,7299,13.441988950276244,0.12563364844499247,0.1714018691588785,0.9951971739936981,0.14499169894853348,0.9918937211754891,0.14101639042618253,test,raw
0.92,855,5739,1323062,4495,6594,12.143646408839778,0.12966333030027297,0.15981308411214953,0.9956810688733678,0.14316811788345613,0.9923292041155761,0.1393574530522633,test,raw
0.925,809,5142,1323659,4541,5951,10.959484346224677,0.13594353890102504,0.15121495327102805,0.9961303460789087,0.14317317051588355,0.9927422008453316,0.1395391869116551,test,raw
0.93,752,4518,1324283,4598,5270,9.705340699815839,0.1426944971537002,0.1405607476635514,0.996599942354047,0.14161958568738228,0.9931671902205972,0.13818972438657637,test,raw
0.935,693,3942,1324859,4657,4635,8.535911602209945,0.14951456310679612,0.12953271028037383,0.99703341583879,0.13880821231847773,0.9935547025786436,0.13559010747263514,test,raw
0.94,642,3384,1325417,4708,4026,7.414364640883978,0.15946348733233978,0.12,0.9974533432771348,0.1369453924914676,0.9939347195332462,0.13396295442890338,test,raw
0.945,593,2907,1325894,4757,3500,6.445672191528545,0.16942857142857143,0.1108411214953271,0.9978123135066876,0.13401129943502824,0.9942555228006426,0.1312558308248391,test,raw
0.95,532,2424,1326377,4818,2956,5.443830570902394,0.17997293640054127,0.0994392523364486,0.9981757990850398,0.12810016855285336,0.9945718288259725,0.12560442910441105,test,raw
0.955,460,1957,1326844,4890,2417,4.4511970534069984,0.19031857674803476,0.08598130841121496,0.9985272437332603,0.11844985193768506,0.9948678972620041,0.11624421306386538,test,raw
0.96,387,1521,1327280,4963,1908,3.5138121546961325,0.2028301886792453,0.07233644859813085,0.9988553590793505,0.10664094791953709,0.9951399804070153,0.10475346579851866,test,raw
0.965,301,1145,1327656,5049,1446,2.6629834254143647,0.20816044260027664,0.056261682242990656,0.9991383209374466,0.08858151854031784,0.9953573471068867,0.08702356938417388,test,raw
0.97,207,766,1328035,5143,973,1.7918968692449355,0.21274409044193218,0.03869158878504673,0.9994235404699424,0.06547524909062154,0.995570966105036,0.06432047887344607,test,raw
0.975,143,450,1328351,5207,593,1.0920810313075506,0.2411467116357504,0.026728971962616824,0.9996613488400445,0.04812384317684672,0.9957598502718208,0.0473614905727043,test,raw
0.98,78,198,1328603,5272,276,0.5082872928176796,0.2826086956521739,0.014579439252336448,0.9998509934896196,0.027728403839317455,0.9959000143162205,0.027345714247560386,test,raw
0.985,28,51,1328750,5322,79,0.14548802946593,0.35443037974683544,0.005233644859813084,0.999961619535205,0.01031497513354209,0.9959727197296258,0.010199461371783961,test,raw
0.99,4,5,1328796,5346,9,0.016574585635359115,0.4444444444444444,7.476635514018691e-4,0.9999962372093338,0.0014928158238477326,0.9959892096172023,0.001479366681582816,test,raw
0.991,0,0,1328801,5350,0,0,NA,0,1,NA,0.9959899591575466,0,test,raw
0.992,0,0,1328801,5350,0,0,NA,0,1,NA,0.9959899591575466,0,test,raw
0.993,0,0,1328801,5350,0,0,NA,0,1,NA,0.9959899591575466,0,test,raw
0.994,0,0,1328801,5350,0,0,NA,0,1,NA,0.9959899591575466,0,test,raw
0.995,0,0,1328801,5350,0,0,NA,0,1,NA,0.9959899591575466,0,test,raw
0.996,0,0,1328801,5350,0,0,NA,0,1,NA,0.9959899591575466,0,test,raw
0.997,0,0,1328801,5350,0,0,NA,0,1,NA,0.9959899591575466,0,test,raw
0.998,0,0,1328801,5350,0,0,NA,0,1,NA,0.9959899591575466,0,test,raw
0.999,0,0,1328801,5350,0,0,NA,0,1,NA,0.9959899591575466,0,test,raw
1e-4,1694,351993,93486,1,353687,1943.3351648351647,0.004789545558643659,0.9994100294985251,0.2098550100004714,0.009533403492579815,0.21284779526537767,0.0020037370288324796,validation,platt
2e-4,1689,295223,150256,6,296912,1631.3846153846155,0.005688554184404807,0.9964601769911504,0.33729087117462325,0.011312527837592555,0.3397894331960266,0.0038032871580115477,validation,platt
3e-4,1684,258251,187228,11,259935,1428.2142857142858,0.0064785427126012275,0.9935103244837759,0.4202846823307047,0.012873141459312771,0.42245747740253237,0.0053818489723503424,validation,platt
4e-4,1680,232546,212933,15,234226,1286.956043956044,0.007172559835372674,0.9911504424778761,0.4779866166530858,0.01424205560335875,0.4799317491625184,0.00676650801067232,validation,platt
5e-4,1675,213537,231942,20,215212,1182.4835164835165,0.0077830232514915524,0.9882005899705014,0.5206575394126323,0.015444407050026048,0.5224297477044729,0.007982749839328649,validation,platt
6e-4,1667,199112,246367,28,200779,1103.1813186813188,0.008302661134879643,0.983480825958702,0.5530384148298797,0.016466311723974437,0.5546699942304338,0.009016615727079937,validation,platt
7e-4,1660,187721,257758,35,189381,1040.5549450549452,0.008765398852049572,0.9793510324483776,0.5786086437295586,0.017375285226820743,0.580127646061712,0.009936250648970715,validation,platt
8e-4,1655,178588,266891,40,180243,990.3461538461538,0.009182048678728162,0.976401179941003,0.5991101712987593,0.01819301080587893,0.6005402818589631,0.010763533469834524,validation,platt
9e-4,1648,171188,274291,47,172836,949.6483516483516,0.009535050568168668,0.9722713864306785,0.6157215042684392,0.018884897238885926,0.6170729961938753,0.011463640931706863,validation,platt
0.001,1643,164822,280657,52,166465,914.6428571428571,0.009869942630583006,0.9693215339233038,0.630011740171815,0.01954091341579448,0.6312978840451368,0.012127395662361639,validation,platt
0.0011,1640,159276,286203,55,160916,884.1538461538462,0.010191652787789903,0.967551622418879,0.6424612608001724,0.020170837151238234,0.643693506330869,0.012764676166481666,validation,platt
0.0012,1633,154275,291204,62,155908,856.6373626373627,0.010474125766477667,0.9634218289085545,0.6536873792030601,0.020722955781298583,0.6548614185976823,0.013323464303080965,validation,platt
0.0013,1629,149971,295508,66,151600,832.967032967033,0.01074538258575198,0.9610619469026549,0.663348889622182,0.02125313937179947,0.6644773622795601,0.013859930586152062,validation,platt
0.0014,1622,146054,299425,73,147676,811.4065934065934,0.010983504428613993,0.9569321533923304,0.6721416722224841,0.02171773637453053,0.6732211622321512,0.014330223929861776,validation,platt
0.0015,1619,142432,303047,76,144051,791.489010989011,0.011239075049808749,0.9551622418879055,0.6802722462787247,0.022216733220808808,0.6813142087867362,0.014835112760387546,validation,platt
0.0016,1614,139136,306343,81,140750,773.3516483516484,0.011467140319715808,0.952212389380531,0.6876710237744091,0.022661378075748535,0.6886737601023315,0.015285141473600192,validation,platt
0.0017,1609,136069,309410,86,137678,756.4725274725274,0.011686689231394994,0.9492625368731563,0.6945557478579237,0.02308912056137128,0.6955212065102175,0.015718084093127922,validation,platt
0.0018,1603,133044,312435,92,134647,739.8186813186813,0.011905203977808641,0.9457227138643067,0.7013461914029617,0.023514397617755353,0.7022724934812847,0.016148601694323632,validation,platt
0.0019,1596,130276,315203,99,131872,724.5714285714286,0.01210264498908032,0.9415929203539823,0.7075597278435123,0.02389811854724595,0.7084468238314392,0.016537157305151536,validation,platt
0.002,1589,127683,317796,106,129272,710.2857142857143,0.012291911628194815,0.9374631268436578,0.7133804287070771,0.024265654706910902,0.7142298076364011,0.016909356861952662,validation,platt
0.0021,1583,125208,320271,112,126791,696.6538461538462,0.012485113296685096,0.9339233038348083,0.7189362461530173,0.024640816898339118,0.7197511483225769,0.01728922330546423,validation,platt
0.0022,1578,122957,322522,117,124535,684.2582417582418,0.012671136628257116,0.9309734513274336,0.7239892340604158,0.02500198051176424,0.7247738016968787,0.01765487816901321,validation,platt
0.0023,1570,120744,324735,125,122314,672.054945054945,0.012835816014520007,0.9262536873156342,0.7289569205282403,0.025320742849309328,0.7297047681663066,0.017977846420167018,validation,platt
0.0024,1563,118569,326910,132,120132,660.065934065934,0.013010688242932774,0.9221238938053097,0.7338393055564909,0.025659336600261026,0.7345529927947511,0.018320826627524024,validation,platt
0.0025,1556,116545,328934,139,118101,648.9065934065934,0.013175163631129288,0.9179941002949853,0.7383827296011709,0.025977495074960767,0.7390635412613434,0.018643149481628856,validation,platt
0.0026,1551,114493,330986,144,116044,637.6043956043956,0.013365619937265176,0.9150442477876106,0.7429890073381685,0.026346410280365898,0.7436411777071118,0.019016694785672986,validation,platt
0.0027,1547,112507,332972,148,114054,626.6703296703297,0.01356375050414716,0.9126843657817109,0.7474471299432746,0.02673025252917952,0.7480734568646656,0.019405280385690404,validation,platt
0.0028,1541,110675,334804,154,112216,616.5714285714286,0.013732444571184145,0.9091445427728614,0.7515595572406332,0.027056210550341932,0.752156878530505,0.019735460726102036,validation,platt
0.0029,1534,108821,336658,161,110355,606.3461538461538,0.013900593539033121,0.9050147492625369,0.7557213695819556,0.02738063364569389,0.7562872617817673,0.020064174645637534,validation,platt
0.003,1526,107051,338428,169,108577,596.5769230769231,0.014054541937979498,0.9002949852507375,0.759694620846325,0.02767701683110853,0.7602275624253646,0.02036461236822647,validation,platt
0.0031,1522,105398,340081,173,106920,587.4725274725274,0.014234942012719791,0.8979351032448377,0.7634052334677953,0.02802559499148368,0.7639151650140661,0.02071756599848645,validation,platt
0.0032,1517,103780,341699,178,105297,578.554945054945,0.014406868191876311,0.8949852507374632,0.7670372789738685,0.02835726035591446,0.7675222620277565,0.021053495107719748,validation,platt
0.0033,1510,102068,343411,185,103578,569.1098901098901,0.014578385371410917,0.8908554572271387,0.7708803333041513,0.028687317735791702,0.7713350955109197,0.021387967089320267,validation,platt
0.0034,1506,100476,345003,189,101982,560.3406593406594,0.014767311878566806,0.8884955752212389,0.7744540146673581,0.029051766544170837,0.7748862858752968,0.021757006636391057,validation,platt
0.0035,1496,98996,346483,199,100492,552.1538461538462,0.014886757154798392,0.8825958702064897,0.7777762812612941,0.029279653967725836,0.7781735968549155,0.021988386904626355,validation,platt
0.0036,1494,97537,347942,201,99031,544.1263736263736,0.015086185133947955,0.8814159292035398,0.7810514075859917,0.029664634751702636,0.7814318363768913,0.02237805585091317,validation,platt
0.0037,1491,96097,349382,204,97588,536.1978021978022,0.015278517850555395,0.879646017699115,0.7842838831909024,0.030035353484483746,0.7846453505794165,0.022753383996365086,validation,platt
0.0038,1486,94686,350793,209,96172,528.4175824175824,0.015451482760054902,0.8766961651917404,0.7874512603287697,0.03036774397907364,0.7877895405367933,0.023090112993836922,validation,platt
0.0039,1479,93375,352104,216,94854,521.1758241758242,0.015592384085014866,0.8725663716814159,0.7903941599940738,0.030637292980766243,0.7907056313649721,0.023363448729611398,validation,platt
0.004,1476,92057,353422,219,93533,513.9175824175824,0.015780526659040124,0.8707964601769912,0.7933527730824573,0.030999285924307972,0.7936463211188486,0.023729973906667503,validation,platt
0.0041,1471,90737,354742,224,92208,506.6373626373626,0.0159530626409856,0.8678466076696165,0.796315875720292,0.031330202442946445,0.7965870108727252,0.024065245025675256,validation,platt
0.0042,1463,89436,356043,232,90899,499.44505494505495,0.016094786521303864,0.8631268436578171,0.7992363276383398,0.03160031967514094,0.799478502775206,0.02433928969619551,validation,platt
0.0043,1458,88180,357299,237,89638,492.5164835164835,0.016265423146433432,0.8601769911504424,0.8020557646937342,0.03192712382161979,0.8022760715068408,0.02467042696101743,validation,platt
0.0044,1456,87011,358468,239,88467,486.0824175824176,0.01645811432511558,0.8589970501474926,0.8046799063479985,0.032297420199197,0.8048857938967829,0.025045293931078173,validation,platt
0.0045,1447,85846,359633,248,87293,479.63186813186815,0.01657635778355653,0.8536873156342183,0.8072950689033602,0.03252123881871714,0.8074709173610273,0.025272636310055566,validation,platt
0.0046,1438,84681,360798,257,86119,473.18131868131866,0.016697825102474483,0.848377581120944,0.809910231458722,0.0327510419750837,0.8100560408252716,0.02550605654917542,validation,platt
0.0047,1435,83548,361931,260,84983,466.93956043956047,0.01688573008719391,0.8466076696165191,0.8124535612228635,0.03311105470823046,0.8125830213742302,0.02587064804377824,validation,platt
0.0048,1429,82422,363057,266,83851,460.7197802197802,0.017042134261964676,0.8430678466076696,0.8149811775639255,0.033408926191756484,0.8150876392634634,0.026172674748488778,validation,platt
0.0049,1426,81276,364203,269,82702,454.4065934065934,0.017242630166138667,0.8412979351032448,0.8175536893995003,0.03379267035558136,0.8176436912700649,0.026561297312465357,validation,platt
0.005,1421,80250,365229,274,81671,448.74175824175825,0.017399076783680866,0.8383480825958702,0.8198568282679992,0.03409063647050356,0.8199269188280177,0.026863339559204034,validation,platt
0.0051,1416,79185,366294,279,80601,442.8626373626374,0.017568020247887742,0.8353982300884956,0.8222475133507977,0.034412365121026536,0.8222973607588993,0.027189439654534707,validation,platt
0.0052,1411,78194,367285,284,79605,437.3901098901099,0.017725017272784374,0.8324483775811209,0.8244720851038994,0.03471094710947109,0.8245023190078136,0.02749212932401816,validation,platt
0.0053,1407,77213,368266,288,78620,431.97802197802196,0.017896209615873824,0.8300884955752212,0.8266742091097448,0.035037041648509,0.8266871508629751,0.02782256108339933,validation,platt
0.0054,1400,76178,369301,295,77578,426.25274725274727,0.018046353347598545,0.8259587020648967,0.8289975509507743,0.035320979400300226,0.8289860322827356,0.028110680837755763,validation,platt
0.0055,1396,75203,370276,299,76599,420.8736263736264,0.018224781002362956,0.8235988200589971,0.8311862063082659,0.035660459294454244,0.8311574465420619,0.028454682001421282,validation,platt
0.0056,1383,74241,371238,312,75624,415.5164835164835,0.018287845128530624,0.815929203539823,0.8333456795943243,0.0357738718814263,0.8332796629499927,0.028570967509755265,validation,platt
0.0057,1378,73355,372124,317,74733,410.6208791208791,0.01843897608820735,0.8129793510324483,0.8353345500012346,0.03606008269220704,0.8352498132717913,0.02886121194940123,validation,platt
0.0058,1375,72398,373081,320,73773,405.34615384615387,0.01863825518821249,0.8112094395280236,0.8374827994136649,0.036439285524990726,0.8373832110095847,0.029245338387501565,validation,platt
0.0059,1369,71490,373989,326,72859,400.3241758241758,0.0187897171248576,0.807669616519174,0.8395210548645391,0.036725058346969985,0.8394003229168064,0.02953528566053736,validation,platt
0.006,1363,70600,374879,332,71963,395.4010989010989,0.01894028875950141,0.8041297935103244,0.8415189043703519,0.03700887887262755,0.8413771820365227,0.02982327381799402,validation,platt
0.0061,1357,69732,375747,338,71089,390.5989010989011,0.019088747907552505,0.800589970501475,0.8434673688322009,0.037288415036271706,0.8433048433048433,0.030106942732352447,validation,platt
0.0062,1349,68828,376651,346,70177,385.5879120879121,0.019222822292203998,0.7958702064896755,0.8454966451841726,0.037538958147818345,0.8453085376162299,0.030361543217057228,validation,platt
0.0063,1348,67984,377495,347,69332,380.94505494505495,0.019442681590030576,0.7952802359882006,0.8473912350526063,0.03795739648302758,0.8471937098310725,0.030785178884054826,validation,platt
0.0064,1341,67154,378325,354,68495,376.34615384615387,0.019578071392072415,0.7911504424778761,0.8492543980748812,0.03821057130645391,0.8490341567264644,0.031042347135890914,validation,platt
0.0065,1340,66330,379149,355,67670,371.8131868131868,0.019801980198019802,0.7905604719764012,0.8511040924488023,0.0386361998125856,0.8508746036218564,0.03147327240767242,validation,platt
0.0066,1337,65563,379916,358,66900,367.5824175824176,0.01998505231689088,0.7887905604719764,0.8528258346633624,0.038982433121947664,0.852583110824869,0.031824113715795306,validation,platt
0.0067,1332,64731,380748,363,66063,362.9835164835165,0.020162572090277463,0.7858407079646018,0.8546934872350885,0.039316390684494815,0.8544325027841512,0.03216281509093911,validation,platt
0.0068,1326,63954,381525,369,65280,358.68131868131866,0.0203125,0.7823008849557522,0.8564376771969049,0.039596864501679735,0.8561566638489715,0.03244753852560577,validation,platt
0.0069,1322,63187,382292,373,64509,354.44505494505495,0.020493264505727884,0.7799410029498525,0.858159419411465,0.03993716391758806,0.8578629347860117,0.032792548323114554,validation,platt
0.007,1317,62456,383023,378,63773,350.4010989010989,0.020651372838034907,0.7769911504424779,0.8598003497359022,0.040233396468503706,0.8594864638820683,0.033093110887935345,validation,platt
0.0071,1313,61699,383780,382,63012,346.2197802197802,0.020837300831587635,0.7746312684365781,0.861499644203206,0.040582935385661524,0.8611703721593832,0.03344749795406284,validation,platt
0.0072,1310,60999,384480,385,62309,342.35714285714283,0.02102425010833106,0.7728613569321534,0.8630709865111487,0.040934941566152114,0.8627290495422364,0.033804245209388,validation,platt
0.0073,1307,60326,385153,388,61633,338.64285714285717,0.021206172018236984,0.7710914454277286,0.8645817199014992,0.04127716018191006,0.8642273477438313,0.0341510935105165,validation,platt
0.0074,1301,59552,385927,394,60853,334.35714285714283,0.021379389676762034,0.7675516224188791,0.8663191755391387,0.04160005116070858,0.865944800010734,0.03447884574998371,validation,platt
0.0075,1299,58841,386638,396,60140,330.43956043956047,0.021599600931160624,0.7663716814159292,0.8679152103690634,0.04201504002587531,0.8675303125852576,0.034899221259882075,validation,platt
0.0076,1297,58171,387308,398,59468,326.74725274725273,0.02181004910203807,0.7651917404129793,0.8694192094352371,0.04241126171051125,0.8690241382549075,0.03530060497748644,validation,platt
0.0077,1289,57513,387966,406,58802,323.0879120879121,0.02192102309445257,0.7604719764011799,0.8708962712047033,0.04261368332313999,0.8704777111370517,0.035506776966128126,validation,platt
0.0078,1283,56856,388623,412,58139,319.44505494505495,0.02206780302378782,0.7569321533923303,0.8723710881994438,0.042885316041046895,0.8719335202851687,0.03578271226339581,validation,platt
0.0079,1274,56218,389261,421,57492,315.8901098901099,0.022159604814582897,0.751622418879056,0.8738032544743972,0.04304999408653927,0.8733401315818898,0.035950892349426715,validation,platt
0.008,1269,55644,389835,426,56913,312.7087912087912,0.02229719044857941,0.7486725663716814,0.8750917551669102,0.04330466830466831,0.8746125669202592,0.036209538339198766,validation,platt
0.0081,1264,54999,390480,431,56263,309.1373626373626,0.02246591898761175,0.7457227138643068,0.8765396348649431,0.04361779219434763,0.8760437771426782,0.036527371071904506,validation,platt
0.0082,1264,54350,391129,431,55614,305.57142857142856,0.02272809004926817,0.7457227138643068,0.8779964936618786,0.0441117451011185,0.87749511375885,0.037027421740356066,validation,platt
0.0083,1260,53769,391710,435,55029,302.35714285714283,0.022897017935997382,0.7433628318584071,0.879300707777471,0.04442563994076581,0.8787854392249996,0.03734588545088366,validation,platt
0.0084,1255,53149,392330,440,54404,298.9230769230769,0.023068156753179914,0.7404129793510325,0.8806924681073631,0.04474233052282572,0.8801607427981054,0.037667369068310246,validation,platt
0.0085,1252,52584,392895,443,53836,295.8021978021978,0.023255813953488372,0.7386430678466077,0.8819607658273454,0.04509193063333993,0.8814175242746671,0.038021828930113806,validation,platt
0.0086,1246,52005,393474,449,53251,292.5879120879121,0.023398621622129162,0.7351032448377581,0.8832604903934865,0.04535361991773741,0.8826989046769267,0.0382878426059413,validation,platt
0.0087,1244,51396,394083,451,52640,289.2307692307692,0.0236322188449848,0.7339233038348083,0.8846275582013967,0.04579000644152019,0.8840563181222522,0.038730005659757975,validation,platt
0.0088,1234,50860,394619,461,52094,286.2307692307692,0.02368794870810458,0.728023598820059,0.8858307574543357,0.045882987227871874,0.8852325940238028,0.03882599881795288,validation,platt
0.0089,1232,50294,395185,463,51526,283.1098901098901,0.023910258898420213,0.7268436578171091,0.8871012999490436,0.04629751413915559,0.8864938480323096,0.03924605933163473,validation,platt
0.009,1224,49738,395741,471,50962,280.010989010989,0.024017895686982458,0.7221238938053097,0.8883493946964952,0.04648954554949959,0.8877193217852558,0.03944201297150514,validation,platt
0.0091,1220,49161,396318,475,50381,276.81868131868134,0.024215478057204105,0.7197640117994101,0.8896446297131851,0.04685459712727552,0.8890007021875154,0.03981239617457431,validation,platt
0.0092,1216,48590,396889,479,49806,273.65934065934067,0.0244147291490985,0.7174041297935103,0.8909263960815212,0.047222384031378024,0.8902686649939398,0.040185564167078275,validation,platt
0.0093,1209,48040,397439,486,49249,270.5989010989011,0.0245487218014579,0.7132743362831858,0.8921610221806191,0.047463881909547735,0.8914829574170233,0.04043148265401401,validation,platt
0.0094,1205,47489,397990,490,48694,267.54945054945057,0.024746375323448474,0.7109144542772862,0.8933978930544425,0.04782789894619858,0.892706194903997,0.040800871642837896,validation,platt
0.0095,1200,46959,398520,495,48159,264.6098901098901,0.024917460910733196,0.7079646017699115,0.8945876236590277,0.048140570465760014,0.8938802345395752,0.04111849411545293,validation,platt
0.0096,1196,46426,399053,499,47622,261.65934065934067,0.02511444290453992,0.7056047197640118,0.8957840885877898,0.048502544761441294,0.8950632192390434,0.04148584872424299,validation,platt
0.0097,1186,45909,399570,509,47095,258.7637362637363,0.025183140460770782,0.6997050147492625,0.8969446371209417,0.04861651977864316,0.8961970060871159,0.04160338137659006,validation,platt
0.0098,1183,45394,400085,512,46577,255.91758241758242,0.025398801983811753,0.6979351032448378,0.8981006961046424,0.049013921113689095,0.8973419742650511,0.042006439561407156,validation,platt
0.0099,1178,44921,400558,517,46099,253.2912087912088,0.025553699646413155,0.6949852507374631,0.8991624745498665,0.049294890572038334,0.8983885467401951,0.042292047849479104,validation,platt
0.01,1173,44439,401040,522,45612,250.6153846153846,0.0257169166008945,0.6920353982300885,0.9002444559676214,0.04959096962394572,0.8994552456090917,0.042592977162267155,validation,platt
0.011,1136,39993,405486,559,41129,225.9835164835165,0.027620413819932407,0.6702064896755162,0.910224724397783,0.05305436203997758,0.9093149422819753,0.046109194346154216,validation,platt
0.012,1095,36179,409300,600,37274,204.8021978021978,0.02937704566185545,0.6460176991150443,0.918786295201345,0.056198516769740046,0.9177523737963298,0.0493048358454925,validation,platt
0.013,1040,32703,412776,655,33743,185.4010989010989,0.030821207361526836,0.6135693215339233,0.9265891321476433,0.0586940572267058,0.925402639688354,0.05184998318979047,validation,platt
0.014,1004,29814,415665,691,30818,169.32967032967034,0.03257836329417873,0.592330383480826,0.9330742863299953,0.061759911420047366,0.9317827065079812,0.054969180334847,validation,platt
0.015,957,27274,418205,738,28231,155.1153846153846,0.033898905458538485,0.5646017699115045,0.9387760141331016,0.06395776248078594,0.9373577175774978,0.05721538238008212,validation,platt
0.016,912,24941,420538,783,25853,142.04945054945054,0.03527637024716667,0.5380530973451327,0.9440130735680021,0.06621170320894439,0.9424742941226457,0.05952066852222654,validation,platt
0.017,879,23008,422471,816,23887,131.24725274725276,0.03679825846694855,0.5185840707964602,0.9483522231126496,0.06872019388632633,0.9467231994704522,0.062080996139377106,validation,platt
0.018,853,21230,424249,842,22083,121.33516483516483,0.0386269981433682,0.5032448377581121,0.9523434325748239,0.07174699301875682,0.9506411374543242,0.06516525259793944,validation,platt
0.019,828,19662,425817,867,20490,112.58241758241758,0.0404099560761347,0.48849557522123893,0.9558632393446156,0.0746450304259635,0.9540916958499376,0.06812025525989031,validation,platt
0.02,808,18222,427257,887,19030,104.56043956043956,0.04245927482921703,0.4766961651917404,0.9590957149495263,0.07797346200241254,0.9572671935309298,0.07151030822321755,validation,platt
0.021,769,16947,428532,926,17716,97.34065934065934,0.04340708963648679,0.45368731563421827,0.9619578027247075,0.07923342434701973,0.9600312182729765,0.07281828976462597,validation,platt
0.022,738,15777,429702,957,16515,90.74175824175825,0.0446866485013624,0.4353982300884956,0.9645841891536975,0.08105436573311367,0.9625783252156879,0.07469259780475024,validation,platt
0.023,710,14759,430720,985,15469,84.99450549450549,0.04589824810912147,0.41887905604719766,0.9668693698243913,0.08273129806571895,0.9647922285284922,0.07642113074189406,validation,platt
0.024,690,13847,431632,1005,14537,79.87362637362638,0.04746508908302951,0.40707964601769914,0.968916604374168,0.08501724987678659,0.9667869777759888,0.07876268022452253,validation,platt
0.025,667,12991,432488,1028,13658,75.04395604395604,0.04883584712256553,0.3935103244837758,0.9708381315393094,0.08688855598254412,0.968649787331106,0.08068872861157277,validation,platt
0.026,648,12211,433268,1047,12859,70.65384615384616,0.05039272105140369,0.3823008849557522,0.9725890558253026,0.08904768448536486,0.9703515857362012,0.082904941668073,validation,platt
0.027,632,11485,433994,1063,12117,66.57692307692308,0.05215812494841958,0.3728613569321534,0.9742187622761118,0.0915146249637996,0.9719393345766972,0.08543218817458147,validation,platt
0.028,613,10804,434675,1082,11417,62.73076923076923,0.05369186301129894,0.3616519174041298,0.9757474538642674,0.09350213544844417,0.9734197426505119,0.08747863069043123,validation,platt
0.029,594,10146,435333,1101,10740,59.010989010989015,0.0553072625698324,0.3504424778761062,0.9772245156337336,0.09553679131483715,0.9748487166069584,0.08957570398214838,validation,platt
0.03,574,9610,435869,1121,10184,55.956043956043956,0.05636292223095051,0.3386430678466077,0.9784277148866726,0.09664113140836772,0.9760026298487837,0.09073159020632718,validation,platt
0.031,555,9072,436407,1140,9627,52.895604395604394,0.05765035836709255,0.3274336283185841,0.9796354036890628,0.09803921568627452,0.9771632518885266,0.09218744688963912,validation,platt
0.032,534,8602,436877,1161,9136,50.1978021978022,0.058450087565674255,0.31504424778761064,0.98069044781011006,0.09860585356846091,0.9781673353101924,0.09280473874331277,validation,platt
0.033,511,8152,437327,1184,8663,47.5989010989011,0.0589864942860441,0.3014749262536873,0.9817005964366446,0.09866769646649934,0.9791222208804626,0.09291643836433977,validation,platt
0.034,493,7736,437743,1202,8229,45.214285714285715,0.05991007412808361,0.2908554572271386,0.9826344227225077,0.09935509875050381,0.9800122547375295,0.0936577119615912,validation,platt
0.035,483,7326,438153,1212,7809,42.90659340659341,0.06185170956588552,0.2849557522123894,0.983554780360017,0.10164141414141414,0.9809067611265413,0.09601054397274383,validation,platt
0.036,471,6946,438533,1224,7417,40.752747252747255,0.06350276392072267,0.2778761061946903,0.9844077947557572,0.1033801580333626,0.9817297070044323,0.09781299049549198,validation,platt
0.037,461,6633,438846,1234,7094,38.97802197802198,0.06498449393853961,0.271976401179941,0.9851104092448802,0.10490385709409489,0.9824072955941088,0.09939311436309771,validation,platt
0.038,447,6308,439171,1248,6755,37.11538461538461,0.06617320503330866,0.26371681415929205,0.9858399610307108,0.10579881656804735,0.9831027743115656,0.10034667672386005,validation,platt
0.039,435,6025,439454,1260,6460,35.494505494505496,0.0673374613003096,0.25663716814159293,0.9864752322780648,0.1066830165542612,0.983708802390121,0.1012860067101455,validation,platt
0.04,425,5753,439726,1270,6178,33.94505494505494,0.06879248947879572,0.25073746312684364,0.9870858110034367,0.1079639273466277,0.9842947040749238,0.10262560889094449,validation,platt
0.041,413,5502,439977,1282,5915,32.5,0.06982248520710059,0.24365781710914455,0.9876492494595704,0.10854139290407361,0.9848291716423585,0.10325741442074964,validation,platt
0.042,408,5272,440207,1287,5680,31.208791208791208,0.07183098591549296,0.2407079646017699,0.9881655476464659,0.11064406779661017,0.9853323314861776,0.10542096974853542,validation,platt
0.043,400,5039,440440,1295,5439,29.884615384615383,0.07354293068578782,0.2359882005899705,0.9886885801575382,0.112139052425007,0.9858354913299968,0.10697760560039048,validation,platt
0.044,389,4822,440657,1306,5211,28.63186813186813,0.07464977931299174,0.22949852507374632,0.9891756962730005,0.11265566174341153,0.986296162120338,0.10755059697650618,validation,platt
0.045,382,4634,440845,1313,5016,27.560439560439562,0.07615629984051037,0.22536873156342183,0.9895977139214194,0.11384294441960961,0.9867009262613659,0.1087931703402971,validation,platt
0.046,374,4454,441025,1321,4828,26.52747252747253,0.07746478873239436,0.22064896755162242,0.9900017733720332,0.11467116357504215,0.9870855640086409,0.10967552108466366,validation,platt
0.047,360,4275,441204,1335,4635,25.467032967032967,0.07766990291262135,0.21238938053097345,0.9904035880479215,0.11374407582938388,0.9874545478941084,0.10879703144707016,validation,platt
0.048,354,4103,441376,1341,4457,24.48901098901099,0.07942562261610948,0.2088495575221239,0.9907896893007302,0.11508452535760727,0.9878257680455482,0.11019751708371577,validation,platt
0.049,350,3954,441525,1345,4304,23.64835164835165,0.08131970260223048,0.20648967551622419,0.9911241607348494,0.11668611435239208,0.988150026611565,0.11185552440527616,validation,platt
0.05,342,3807,441672,1353,4149,22.796703296703296,0.0824295010845987,0.20176991150442478,0.9914541426195174,0.11704312114989734,0.9884608675817467,0.11226519283298332,validation,platt
0.051,338,3676,441803,1357,4014,22.054945054945055,0.08420528151469855,0.19941002949852507,0.9917482081085752,0.11840952881415308,0.988744873360258,0.11368532726281393,validation,platt
0.052,329,3530,441949,1366,3859,21.203296703296704,0.08525524747343871,0.19410029498525075,0.9920759452185176,0.11847317248829674,0.9890512417984946,0.11380527599882699,validation,platt
0.053,319,3401,442078,1376,3720,20.439560439560438,0.08575268817204301,0.1882005899705015,0.9923655211581242,0.11782086795937212,0.9893173574492256,0.11320246193057337,validation,platt
0.054,312,3291,442188,1383,3603,19.796703296703296,0.08659450457951708,0.184070796460177,0.9926124463779438,0.11778029445073615,0.9895476928443961,0.11320839114208778,validation,platt
0.055,303,3180,442299,1392,3483,19.13736263736264,0.08699397071490095,0.17876106194690267,0.9928616163724889,0.11703360370799537,0.9897757919735942,0.11250797373665261,validation,platt
0.056,299,3072,442407,1396,3371,18.521978021978022,0.08869771581133194,0.17640117994100296,0.9931040520428572,0.1180418476115278,0.9900083636347372,0.11357026729690528,validation,platt
0.057,295,2962,442517,1400,3257,17.895604395604394,0.09057414798894689,0.17404129793510326,0.9933509772626768,0.11914378029079159,0.9902454078278254,0.11472974145124525,validation,platt
0.058,288,2883,442596,1407,3171,17.423076923076923,0.09082308420056764,0.16991150442477876,0.9935283144660018,0.1183723797780518,0.9904064189778475,0.11399531160136965,validation,platt
0.059,285,2800,442679,1410,3085,16.95054945054945,0.09238249594813615,0.168141592920354,0.9937146307682293,0.1192468619246862,0.9905853202556499,0.11491639504307613,validation,platt
0.06,284,2722,442757,1411,3006,16.516483516483518,0.09447771124417831,0.16755162241887905,0.9938897231968286,0.1208253563071687,0.9907575127355347,0.11654275727704329,validation,platt
0.061,279,2640,442839,1416,2919,16.03846153846154,0.09558067831449127,0.16460176991150444,0.9940737947243304,0.12093628088426531,0.9909297052154195,0.11669996921434324,validation,platt
0.062,272,2569,442910,1423,2841,15.60989010989011,0.09574093629003871,0.16047197640117994,0.9942331737298503,0.11992945326278659,0.9910728262376614,0.11573084051504581,validation,platt
0.063,265,2510,442969,1430,2775,15.247252747252746,0.09549549549549549,0.15634218289085547,0.9943656154386626,0.1185682326621924,0.9911891120682329,0.11440034449942109,validation,platt
0.064,257,2450,443029,1438,2707,14.873626373626374,0.0949390469154045,0.15162241887905606,0.9945003019222006,0.11676510676965016,0.9913053978988045,0.11262828363591211,validation,platt
0.065,251,2384,443095,1444,2635,14.478021978021978,0.0952561669829222,0.1480825958702065,0.9946484570540923,0.11593533487297922,0.9914395738571563,0.1118379373977478,validation,platt
0.066,247,2327,443152,1448,2574,14.142857142857142,0.09595959595959595,0.1457227138643068,0.9947764092134533,0.11571796673694074,0.9915580959537004,0.11165740584420648,validation,platt
0.067,241,2265,443214,1454,2506,13.76923076923077,0.09616919393455706,0.14218289085545724,0.9949155852464426,0.1147345870030945,0.991683326848162,0.11071303707961297,validation,platt
0.068,235,2205,443274,1460,2440,13.406593406593407,0.09631147540983606,0.13864306784660768,0.9950502717299805,0.11366384522370013,0.9918040852106786,0.10968109508506341,validation,platt
0.069,233,2144,443335,1462,2377,13.06043956043956,0.09802271771140092,0.13746312684365783,0.9951872029882441,0.1144400785854617,0.9919360249030579,0.11050377418402392,validation,platt
0.07,228,2077,443402,1467,2305,12.664835164835164,0.09891540130151844,0.13451327433628318,0.9953376028948615,0.114,0.9920746733933548,0.11011251082012953,validation,platt
0.071,226,2024,443455,1469,2250,12.362637362637363,0.10044444444444445,0.13333333333333333,0.99545657595532,0.11457541191381496,0.9921887229579537,0.11073044961162197,validation,platt
0.072,223,1953,443526,1472,2176,11.956043956043956,0.10248161764705882,0.13156342182890857,0.9956159549608399,0.11521570653577888,0.9923407890440857,0.11142909317343276,validation,platt
0.073,220,1901,443578,1475,2121,11.653846153846153,0.10372465818010372,0.12979351032448377,0.9957326832465728,0.11530398322851153,0.9924503660767398,0.11156043574042968,validation,platt
0.074,216,1850,443629,1479,2066,11.351648351648352,0.10454985479186835,0.12743362831858407,0.99584716675758,0.11486306833289019,0.9925554705774486,0.1111616093442338,validation,platt
0.075,208,1783,443696,1487,1991,10.93956043956044,0.10447011551983927,0.12271386430678466,0.9959975666641974,0.11285946825827456,0.9926874102698279,0.10921181514406567,validation,platt
0.076,204,1732,443747,1491,1936,10.637362637362637,0.10537190082644628,0.12035398230088495,0.9961120501752047,0.11236573946571193,0.9927925147705368,0.10876331142766445,validation,platt
0.077,203,1696,443783,1492,1899,10.434065934065934,0.10689836756187467,0.11976401179941003,0.9961928620653274,0.11296605453533666,0.9928707840795753,0.10939864146648465,validation,platt
0.078,200,1651,443828,1495,1851,10.17032967032967,0.10804970286331712,0.11799410029498525,0.9962938769279809,0.11280315848843768,0.9929647072504215,0.10927837180497457,validation,platt
0.079,195,1619,443860,1500,1814,9.967032967032967,0.10749724366041896,0.11504424778761062,0.9963657097192011,0.11114277571957822,0.9930250864316799,0.10764562438871275,validation,platt
0.08,192,1592,443887,1503,1784,9.802197802197803,0.10762331838565023,0.11327433628318584,0.9964263186367932,0.11037654498419086,0.9930787568150206,0.10690469154971494,validation,platt
0.081,190,1556,443923,1505,1746,9.593406593406593,0.10882016036655212,0.11209439528023599,0.996507130526916,0.1104330136588201,0.9931547898580866,0.10699794693107859,validation,platt
0.082,188,1525,443954,1507,1713,9.412087912087912,0.10974897840046702,0.11091445427728613,0.9965767185434106,0.11032863849765258,0.99321964157129,0.10692558655808476,validation,platt
0.083,185,1489,443990,1510,1674,9.197802197802197,0.11051373954599761,0.10914454277286136,0.9966575304335333,0.10982487384980705,0.9932934383483834,0.10645904476062033,validation,platt
0.084,184,1454,444025,1511,1638,9,0.11233211233211234,0.10855457227138643,0.9967360975489304,0.11041104110411042,0.9933694713914494,0.10708435234120489,validation,platt
0.085,183,1419,444060,1512,1602,8.802197802197803,0.11423220973782772,0.1079646017699115,0.9968146646643277,0.11101000909918107,0.9934455044345154,0.1077232619928194,validation,platt
0.086,182,1380,444099,1513,1562,8.582417582417582,0.11651728553137004,0.10737463126843658,0.9969022108786273,0.11175928768805649,0.9935304825414716,0.10851813914291991,validation,platt
0.087,180,1353,444126,1515,1533,8.423076923076923,0.11741682974559686,0.10619469026548672,0.9969628197962194,0.11152416356877323,0.9935863891907848,0.10831387708392938,validation,platt
0.088,178,1333,444146,1517,1511,8.302197802197803,0.11780277961614824,0.10501474926253687,0.997007715290732,0.11104179663131628,0.9936266419782903,0.10785422522011334,validation,platt
0.089,175,1304,444175,1520,1479,8.126373626373626,0.11832319134550372,0.10324483775811209,0.9970728137577753,0.11027095148078135,0.9936847848935761,0.10711682543616206,validation,platt
0.09,174,1278,444201,1521,1452,7.978021978021978,0.11983471074380166,0.10265486725663717,0.9971311779006418,0.1105815061963775,0.9937406915428894,0.10745959234893097,validation,platt
0.091,173,1250,444229,1522,1423,7.818681318681318,0.12157413914265636,0.10206489675516224,0.9971940315929595,0.11096856959589481,0.9938010707241477,0.10788201304267242,validation,platt
0.092,171,1217,444262,1524,1388,7.626373626373627,0.12319884726224783,0.10088495575221239,0.9972681091589054,0.11093091144988647,0.9938703949692961,0.10788610705471353,validation,platt
0.093,169,1193,444286,1526,1362,7.483516483516484,0.12408223201174744,0.09970501474926254,0.9973219837523205,0.11056591429506052,0.9939195928206918,0.10755160414574216,validation,platt
0.094,166,1169,444310,1529,1335,7.335164835164835,0.12434456928838951,0.09793510324483776,0.9973758583457357,0.10957095709570956,0.9939665544061148,0.10658685188842074,validation,platt
0.095,162,1148,444331,1533,1310,7.197802197802198,0.12366412213740458,0.09557522123893805,0.997422998614974,0.10782029950083194,0.9940045709276478,0.10486201485224005,validation,platt
0.096,160,1119,444360,1535,1279,7.027472527472527,0.12509773260359655,0.0943952802359882,0.9974880970820174,0.10759919300605246,0.9940649501089062,0.1046802143721923,validation,platt
0.097,156,1099,444380,1539,1255,6.895604395604396,0.12430278884462151,0.0920353982300885,0.9975329925765299,0.10576271186440678,0.9941007303644667,0.10286936467117175,validation,platt
0.098,154,1074,444405,1541,1228,6.747252747252747,0.1254071661237785,0.09085545722713864,0.9975891119446708,0.10537119397878891,0.9941521644818349,0.10251280739371747,validation,platt
0.099,151,1051,444428,1544,1202,6.604395604395604,0.12562396006655574,0.08908554572271386,0.9976407417633604,0.10424577148774594,0.9941968898012854,0.10141935481592777,validation,platt
0.1,150,1024,444455,1545,1174,6.450549450549451,0.12776831345826234,0.08849557522123894,0.9977013506809524,0.10456605088881142,0.9942550327165712,0.1017796500476504,validation,platt
0.11,132,822,444657,1563,954,5.241758241758242,0.13836477987421383,0.07787610619469026,0.9981547951755302,0.09966024915062287,0.9946665056555166,0.09719543990601981,validation,platt
0.12,111,662,444817,1584,773,4.247252747252747,0.14359637774902975,0.06548672566371681,0.9985139591316313,0.08995137763371151,0.9949773466256983,0.08778539728324325,validation,platt
0.13,92,521,444958,1603,613,3.368131868131868,0.1500815660685155,0.054277286135693215,0.9988304723679455,0.07972270363951474,0.9952501710743469,0.07786600312616952,validation,platt
0.14,80,401,445078,1615,481,2.642857142857143,0.16632016632016633,0.0471976401179941,0.9990998453350214,0.07352941176470588,0.9954916877993801,0.07197427225388597,validation,platt
0.15,66,314,445165,1629,380,2.087912087912088,0.1736842105263158,0.03893805309734513,0.9992951407361514,0.0636144578313253,0.9956549352153747,0.0623126505203934,validation,platt
0.16,54,256,445223,1641,310,1.7032967032967032,0.17419354838709677,0.03185840707964602,0.9994253376702381,0.05386533665835412,0.9957578034501111,0.052755056019866305,validation,platt
0.17,43,212,445267,1652,255,1.401098901098901,0.16862745098039217,0.02536873156342183,0.9995241077581659,0.0441025641025641,0.9958316002272046,0.04315399107258343,validation,platt
0.18,40,172,445307,1655,212,1.164835164835165,0.18867924528301888,0.02359882005899705,0.9996138987471912,0.04195070791819612,0.9959143420681882,0.04114261306638021,validation,platt
0.19,32,145,445334,1663,177,0.9725274725274725,0.1807909604519774,0.01887905604719764,0.9996745076647833,0.034188034188034185,0.9959568311216663,0.033495255425020236,validation,platt
0.2,31,110,445369,1664,141,0.7747252747252747,0.2198581560283688,0.018289085545722714,0.9997530747801804,0.03376906318082789,0.9960328641647322,0.033206199214710436,validation,platt
0.21,24,77,445402,1671,101,0.554945054945055,0.2376237623762376,0.01415929203539823,0.9998271523461263,0.026726057906458798,0.9960910070800181,0.026310952413681053,validation,platt
0.22,22,60,445419,1673,82,0.45054945054945056,0.2682926829268293,0.012979351032448377,0.999865313516462,0.024760832864378163,0.9961245510696061,0.024419551427631216,validation,platt
0.23,17,43,445436,1678,60,0.32967032967032966,0.2833333333333333,0.010029498525073746,0.9999034746867979,0.019373219373219376,0.9961513862612764,0.019118997094738705,validation,platt
0.24,14,36,445443,1681,50,0.27472527472527475,0.28,0.008259587020648967,0.9999191881098772,0.016045845272206302,0.9961603313251665,0.01583206533859048,validation,platt
0.25,13,32,445447,1682,45,0.24725274725274726,0.28888888888888886,0.007669616519174041,0.9999281672087798,0.014942528735632185,0.9961670401230841,0.01474936164262645,validation,platt
0.26,13,22,445457,1682,35,0.19230769230769232,0.37142857142857144,0.007669616519174041,0.9999506149560361,0.015028901734104047,0.9961894027828094,0.014877811916901849,validation,platt
0.27,8,17,445462,1687,25,0.13736263736263737,0.32,0.00471976401179941,0.9999618388296643,0.009302325581395349,0.9961894027828094,0.009193150451915084,validation,platt
0.28,5,11,445468,1690,16,0.08791208791208792,0.3125,0.0029498525073746312,0.999975307478018,0.0058445353594389245,0.996196111580727,0.005774053359330222,validation,platt
0.29,2,7,445472,1693,9,0.04945054945054945,0.2222222222222222,0.0011799410029498525,0.9999842865769206,0.002347417840375587,0.9961983478466995,0.002307470047134497,validation,platt
0.3,0,3,445476,1695,3,0.016483516483516484,0,0,0.9999932656758231,NA,0.9962028203786446,-1.3394069212461208e-5,validation,platt
0.31,0,2,445477,1695,2,0.01098901098901099,0,0,0.9999955104505487,NA,0.9962050566446171,-8.9346015033153055e-06,validation,platt
0.32,0,1,445478,1695,1,0.005494505494505495,0,0,0.9999977552252743,NA,0.9962072929105896,-4.469914802010853e-6,validation,platt
0.33,0,1,445478,1695,1,0.005494505494505495,0,0,0.9999977552252743,NA,0.9962072929105896,-4.469914802010853e-6,validation,platt
0.34,0,0,445479,1695,0,0,NA,0,1,NA,0.9962095291765621,0,validation,platt
0.35,0,0,445479,1695,0,0,NA,0,1,NA,0.9962095291765621,0,validation,platt
0.36,0,0,445479,1695,0,0,NA,0,1,NA,0.9962095291765621,0,validation,platt
0.37,0,0,445479,1695,0,0,NA,0,1,NA,0.9962095291765621,0,validation,platt
0.38,0,0,445479,1695,0,0,NA,0,1,NA,0.9962095291765621,0,validation,platt
0.39,0,0,445479,1695,0,0,NA,0,1,NA,0.9962095291765621,0,validation,platt
0.4,0,0,445479,1695,0,0,NA,0,1,NA,0.9962095291765621,0,validation,platt
0.41,0,0,445479,1695,0,0,NA,0,1,NA,0.9962095291765621,0,validation,platt
0.42,0,0,445479,1695,0,0,NA,0,1,NA,0.9962095291765621,0,validation,platt
0.43,0,0,445479,1695,0,0,NA,0,1,NA,0.9962095291765621,0,validation,platt
0.44,0,0,445479,1695,0,0,NA,0,1,NA,0.9962095291765621,0,validation,platt
0.45,0,0,445479,1695,0,0,NA,0,1,NA,0.9962095291765621,0,validation,platt
0.46,0,0,445479,1695,0,0,NA,0,1,NA,0.9962095291765621,0,validation,platt
0.47,0,0,445479,1695,0,0,NA,0,1,NA,0.9962095291765621,0,validation,platt
0.48,0,0,445479,1695,0,0,NA,0,1,NA,0.9962095291765621,0,validation,platt
0.49,0,0,445479,1695,0,0,NA,0,1,NA,0.9962095291765621,0,validation,platt
0.5,0,0,445479,1695,0,0,NA,0,1,NA,0.9962095291765621,0,validation,platt
0.51,0,0,445479,1695,0,0,NA,0,1,NA,0.9962095291765621,0,validation,platt
0.52,0,0,445479,1695,0,0,NA,0,1,NA,0.9962095291765621,0,validation,platt
0.53,0,0,445479,1695,0,0,NA,0,1,NA,0.9962095291765621,0,validation,platt
0.54,0,0,445479,1695,0,0,NA,0,1,NA,0.9962095291765621,0,validation,platt
0.55,0,0,445479,1695,0,0,NA,0,1,NA,0.9962095291765621,0,validation,platt
0.56,0,0,445479,1695,0,0,NA,0,1,NA,0.9962095291765621,0,validation,platt
0.57,0,0,445479,1695,0,0,NA,0,1,NA,0.9962095291765621,0,validation,platt
0.58,0,0,445479,1695,0,0,NA,0,1,NA,0.9962095291765621,0,validation,platt
0.59,0,0,445479,1695,0,0,NA,0,1,NA,0.9962095291765621,0,validation,platt
0.6,0,0,445479,1695,0,0,NA,0,1,NA,0.9962095291765621,0,validation,platt
0.61,0,0,445479,1695,0,0,NA,0,1,NA,0.9962095291765621,0,validation,platt
0.62,0,0,445479,1695,0,0,NA,0,1,NA,0.9962095291765621,0,validation,platt
0.63,0,0,445479,1695,0,0,NA,0,1,NA,0.9962095291765621,0,validation,platt
0.64,0,0,445479,1695,0,0,NA,0,1,NA,0.9962095291765621,0,validation,platt
0.65,0,0,445479,1695,0,0,NA,0,1,NA,0.9962095291765621,0,validation,platt
0.66,0,0,445479,1695,0,0,NA,0,1,NA,0.9962095291765621,0,validation,platt
0.67,0,0,445479,1695,0,0,NA,0,1,NA,0.9962095291765621,0,validation,platt
0.68,0,0,445479,1695,0,0,NA,0,1,NA,0.9962095291765621,0,validation,platt
0.69,0,0,445479,1695,0,0,NA,0,1,NA,0.9962095291765621,0,validation,platt
0.7,0,0,445479,1695,0,0,NA,0,1,NA,0.9962095291765621,0,validation,platt
0.71,0,0,445479,1695,0,0,NA,0,1,NA,0.9962095291765621,0,validation,platt
0.72,0,0,445479,1695,0,0,NA,0,1,NA,0.9962095291765621,0,validation,platt
0.73,0,0,445479,1695,0,0,NA,0,1,NA,0.9962095291765621,0,validation,platt
0.74,0,0,445479,1695,0,0,NA,0,1,NA,0.9962095291765621,0,validation,platt
0.75,0,0,445479,1695,0,0,NA,0,1,NA,0.9962095291765621,0,validation,platt
0.76,0,0,445479,1695,0,0,NA,0,1,NA,0.9962095291765621,0,validation,platt
0.77,0,0,445479,1695,0,0,NA,0,1,NA,0.9962095291765621,0,validation,platt
0.78,0,0,445479,1695,0,0,NA,0,1,NA,0.9962095291765621,0,validation,platt
0.79,0,0,445479,1695,0,0,NA,0,1,NA,0.9962095291765621,0,validation,platt
0.8,0,0,445479,1695,0,0,NA,0,1,NA,0.9962095291765621,0,validation,platt
0.81,0,0,445479,1695,0,0,NA,0,1,NA,0.9962095291765621,0,validation,platt
0.82,0,0,445479,1695,0,0,NA,0,1,NA,0.9962095291765621,0,validation,platt
0.83,0,0,445479,1695,0,0,NA,0,1,NA,0.9962095291765621,0,validation,platt
0.84,0,0,445479,1695,0,0,NA,0,1,NA,0.9962095291765621,0,validation,platt
0.85,0,0,445479,1695,0,0,NA,0,1,NA,0.9962095291765621,0,validation,platt
0.86,0,0,445479,1695,0,0,NA,0,1,NA,0.9962095291765621,0,validation,platt
0.87,0,0,445479,1695,0,0,NA,0,1,NA,0.9962095291765621,0,validation,platt
0.88,0,0,445479,1695,0,0,NA,0,1,NA,0.9962095291765621,0,validation,platt
0.89,0,0,445479,1695,0,0,NA,0,1,NA,0.9962095291765621,0,validation,platt
0.9,0,0,445479,1695,0,0,NA,0,1,NA,0.9962095291765621,0,validation,platt
0.905,0,0,445479,1695,0,0,NA,0,1,NA,0.9962095291765621,0,validation,platt
0.91,0,0,445479,1695,0,0,NA,0,1,NA,0.9962095291765621,0,validation,platt
0.915,0,0,445479,1695,0,0,NA,0,1,NA,0.9962095291765621,0,validation,platt
0.92,0,0,445479,1695,0,0,NA,0,1,NA,0.9962095291765621,0,validation,platt
0.925,0,0,445479,1695,0,0,NA,0,1,NA,0.9962095291765621,0,validation,platt
0.93,0,0,445479,1695,0,0,NA,0,1,NA,0.9962095291765621,0,validation,platt
0.935,0,0,445479,1695,0,0,NA,0,1,NA,0.9962095291765621,0,validation,platt
0.94,0,0,445479,1695,0,0,NA,0,1,NA,0.9962095291765621,0,validation,platt
0.945,0,0,445479,1695,0,0,NA,0,1,NA,0.9962095291765621,0,validation,platt
0.95,0,0,445479,1695,0,0,NA,0,1,NA,0.9962095291765621,0,validation,platt
0.955,0,0,445479,1695,0,0,NA,0,1,NA,0.9962095291765621,0,validation,platt
0.96,0,0,445479,1695,0,0,NA,0,1,NA,0.9962095291765621,0,validation,platt
0.965,0,0,445479,1695,0,0,NA,0,1,NA,0.9962095291765621,0,validation,platt
0.97,0,0,445479,1695,0,0,NA,0,1,NA,0.9962095291765621,0,validation,platt
0.975,0,0,445479,1695,0,0,NA,0,1,NA,0.9962095291765621,0,validation,platt
0.98,0,0,445479,1695,0,0,NA,0,1,NA,0.9962095291765621,0,validation,platt
0.985,0,0,445479,1695,0,0,NA,0,1,NA,0.9962095291765621,0,validation,platt
0.99,0,0,445479,1695,0,0,NA,0,1,NA,0.9962095291765621,0,validation,platt
0.991,0,0,445479,1695,0,0,NA,0,1,NA,0.9962095291765621,0,validation,platt
0.992,0,0,445479,1695,0,0,NA,0,1,NA,0.9962095291765621,0,validation,platt
0.993,0,0,445479,1695,0,0,NA,0,1,NA,0.9962095291765621,0,validation,platt
0.994,0,0,445479,1695,0,0,NA,0,1,NA,0.9962095291765621,0,validation,platt
0.995,0,0,445479,1695,0,0,NA,0,1,NA,0.9962095291765621,0,validation,platt
0.996,0,0,445479,1695,0,0,NA,0,1,NA,0.9962095291765621,0,validation,platt
0.997,0,0,445479,1695,0,0,NA,0,1,NA,0.9962095291765621,0,validation,platt
0.998,0,0,445479,1695,0,0,NA,0,1,NA,0.9962095291765621,0,validation,platt
0.999,0,0,445479,1695,0,0,NA,0,1,NA,0.9962095291765621,0,validation,platt
1e-4,5346,1040996,287805,4,1046342,1926.965009208103,0.0051092281491137695,0.9992523364485981,0.21658999353552563,0.010166474595223697,0.21972850149645728,0.0022047839880475406,test,platt
2e-4,5332,868666,460135,18,873998,1609.572744014733,0.006100700459268786,0.9966355140186915,0.34627833663580926,0.012127166946419392,0.34888629547929734,0.004189273768905053,test,platt
3e-4,5314,760975,567826,36,766289,1411.2136279926335,0.006934720451422374,0.9932710280373832,0.4273220745619547,0.013773279992328018,0.4295915529801349,0.005855439398288469,test,platt
4e-4,5296,686378,642423,54,691674,1273.8011049723757,0.007656786289494762,0.9899065420560748,0.48346065362684104,0.015196033422091635,0.48549152232393483,0.0072955717657625695,test,platt
5e-4,5278,631386,697415,72,636664,1172.4935543278084,0.00829008707889876,0.9865420560747663,0.524845330489667,0.01644200905276209,0.5266967532160902,0.00855681440116525,test,platt
6e-4,5237,588864,739937,113,594101,1094.108655616943,0.008814999469787125,0.9788785046728972,0.55684560743106,0.017472654145209536,0.5585379765858587,0.009600459638979653,test,platt
7e-4,5220,554872,773929,130,560092,1031.4769797421732,0.009319897445419681,0.9757009345794393,0.5824265634959637,0.01846343214688686,0.5840036097862985,0.010603469533729381,test,platt
8e-4,5202,526600,802201,148,531802,979.3775322283609,0.009781836096893204,0.9723364485981308,0.6037028870387665,0.019368819254140354,0.6051811226765186,0.011520088911426947,test,platt
9e-4,5185,502660,826141,165,507845,935.2578268876612,0.01020980811074245,0.9691588785046729,0.621719128748398,0.020206744025175617,0.6231123763352124,0.012368432521075143,test,platt
0.001,5165,482150,846651,185,487315,897.4493554327809,0.01059889393923848,0.9654205607476636,0.6371540960610355,0.020967594612972304,0.6384704579916366,0.01313883569053697,test,platt
0.0011,5144,464349,864452,206,469493,864.6279926335175,0.010956499883917331,0.9614953271028037,0.650550383390741,0.02166610858746996,0.6517972853147808,0.013846184587697305,test,platt
0.0012,5118,448564,880237,232,453682,835.5101289134439,0.011281029443530932,0.9566355140186916,0.6624295135238459,0.022299098973492047,0.6636092916019252,0.0144873263832664,test,platt
0.0013,5092,434218,894583,258,439310,809.0423572744015,0.011590903917506999,0.9517757009345794,0.6732257125032266,0.022902892097332796,0.6743427093335013,0.01509894313142589,test,platt
0.0014,5071,421368,907433,279,426439,785.3388581952117,0.011891501480868307,0.9478504672897197,0.6828960845152886,0.023488324158327332,0.6839585624116011,0.015691904813121462,test,platt
0.0015,5045,409656,919145,305,414701,763.7219152854512,0.01216539145070786,0.9429906542056075,0.6917100453717299,0.02402089270112439,0.6927176908760703,0.016231478948144664,test,platt
0.0016,5023,398822,929979,327,403845,743.7292817679559,0.012437940298877044,0.9388785046728972,0.6998632601871914,0.024550642114395338,0.700821721079548,0.016768142188372654,test,platt
0.0017,4999,388769,940032,351,393768,725.171270718232,0.012695292659637147,0.934392523364486,0.7074287271005967,0.02505023576987257,0.7083388611933732,0.017274344290222583,test,platt
0.0018,4987,379538,949263,363,384525,708.1491712707183,0.012969247773226708,0.9321495327102803,0.7143755912284834,0.0255825585123437,0.7152488736282475,0.017813435935836362,test,platt
0.0019,4974,370754,958047,376,375728,691.9484346224677,0.013238300046842396,0.9297196261682243,0.7209860618708144,0.026104891911892057,0.7218230919888379,0.018342447784550853,test,platt
0.002,4952,362800,966001,398,367752,677.2596685082873,0.013465596380169245,0.925607476635514,0.7269719092625607,0.02654501986052072,0.7277684460004902,0.018788464380635833,test,platt
0.0021,4933,355079,973722,417,360012,663.0055248618785,0.013702321033743319,0.9220560747663551,0.7327824106092635,0.027003355576113552,0.7335414057329342,0.019252860534106027,test,platt
0.0022,4918,347758,981043,432,352676,649.4953959484346,0.013944810534314782,0.9192523364485982,0.7382918887026726,0.02747286509918274,0.7390175474890024,0.019728487618538747,test,platt
0.0023,4901,340633,988168,449,345534,636.3425414364641,0.014183842979272662,0.9160747663551402,0.7436538654019677,0.027935158057933677,0.7443452802568825,0.02019687100081539,test,platt
0.0024,4876,334007,994794,474,338883,624.0939226519337,0.01438844675005828,0.9114018691588786,0.7486403155927788,0.028329648813449033,0.74929299607016,0.020596834596503282,test,platt
0.0025,4857,327703,1001098,493,332560,612.4493554327809,0.014604883329324032,0.9078504672897196,0.7533844420646884,0.02874729957681039,0.7540038571346122,0.02102011067709093,test,platt
0.0026,4843,321683,1007118,507,326526,601.3370165745856,0.014831897000545134,0.9052336448598131,0.7579148420267595,0.029185599440754984,0.7585055964429813,0.021464174695752864,test,platt
0.0027,4822,315914,1012887,528,320736,590.6740331491712,0.015034171405766737,0.9013084112149533,0.7622563498973887,0.029575020086725592,0.7628139543424994,0.0218589559355762,test,platt
0.0028,4803,310251,1018550,547,315054,580.2099447513813,0.015245005618084518,0.8977570093457944,0.766518086605895,0.029980899114867482,0.7670443600462017,0.022270361849299328,test,platt
0.0029,4777,304916,1023885,573,309693,570.3370165745856,0.015424953098713888,0.8928971962616823,0.7705329842467006,0.030326018987884198,0.7710236697345353,0.022620470008099875,test,platt
0.003,4751,299771,1029030,599,304522,560.8139963167588,0.015601500055825194,0.8880373831775701,0.7744048958421915,0.030664274280993442,0.774860566757436,0.022963651480992255,test,platt
0.0031,4740,294829,1033972,610,299569,551.6924493554328,0.015822731991627974,0.8859813084112149,0.778124038136636,0.031090223961117547,0.7785565501955926,0.023395199062215453,test,platt
0.0032,4722,289913,1038888,628,294635,542.6058931860036,0.016026609194427003,0.8826168224299066,0.7818236139196163,0.03148157407870394,0.7822277988023845,0.02379193458767772,test,platt
0.0033,4701,285231,1043570,649,289932,533.9447513812155,0.01621414676544845,0.8786915887850467,0.7853470910994197,0.03184074884347844,0.7857214063475574,0.024156201763944358,test,platt
0.0034,4688,280751,1048050,662,285439,525.670349907919,0.016423824354765817,0.8762616822429906,0.7887185515363098,0.03224331044159167,0.7890696030659198,0.02456416603105014,test,platt
0.0035,4668,276268,1052533,682,280936,517.3775322283609,0.016615884044764644,0.8725233644859813,0.7920922696475996,0.03261074589745919,0.7924148016229048,0.024936798066701772,test,platt
0.0036,4649,272012,1056789,701,276661,509.50460405156537,0.01680395863529735,0.8689719626168224,0.7952951570626452,0.03297034512838152,0.795590604062059,0.02530148192000466,test,platt
0.0037,4628,267804,1060997,722,272432,501.71639042357276,0.016987725377341868,0.8650467289719627,0.7984619216872956,0.03332109351937851,0.798728929483994,0.02565728665662276,test,platt
0.0038,4619,263890,1064911,731,268509,494.49171270718233,0.01720240289897173,0.8633644859813084,0.801407434220775,0.033732687258771855,0.8016558845288128,0.026074315577498425,test,platt
0.0039,4604,260023,1068778,746,264627,487.3425414364641,0.0173980735147963,0.8605607476635514,0.8043175765219924,0.034106609081514354,0.8045431139353791,0.02645341165078725,test,platt
0.004,4592,256154,1072647,758,260746,480.195211786372,0.017611008414318917,0.8583177570093458,0.8072292239394763,0.0345138596596717,0.8074340910436675,0.026866162639224624,test,platt
0.0041,4570,252281,1076520,780,256851,473.0220994475138,0.01779241661508034,0.8542056074766355,0.8101438815894931,0.03485875339910984,0.8103205709098895,0.027216136917381388,test,platt
0.0042,4557,248755,1080046,793,253312,466.50460405156537,0.017989672814552805,0.8517757009345794,0.8127974015672775,0.035235171768562834,0.8129537061397099,0.027597730421604252,test,platt
0.0043,4538,245231,1083570,812,249769,459.97974217311236,0.01816878796007511,0.8482242990654205,0.8154494164287955,0.035575554937107776,0.8155808450467751,0.02794306525860071,test,platt
0.0044,4521,241787,1087014,829,246308,453.6058931860037,0.018355067638891144,0.8450467289719626,0.8180412266396548,0.03592971413585103,0.8181495198069784,0.028302292635896918,test,platt
0.0045,4506,238424,1090377,844,242930,447.38489871086557,0.018548553081134483,0.8422429906542056,0.8205720796417221,0.03629772837119382,0.8206589808799754,0.02867548953369862,test,platt
0.0046,4491,235076,1093725,859,239567,441.1915285451197,0.0187463214883519,0.8394392523364486,0.8230916442717909,0.0366736486238195,0.8231571988478066,0.02905670534093054,test,platt
0.0047,4479,231807,1096994,871,236286,435.1491712707182,0.01895584164952642,0.837196261682243,0.8255517568093341,0.0370722905527322,0.8255984517494647,0.029460826274296532,test,platt
0.0048,4461,228674,1100127,889,233135,429.3462246777164,0.019134836039204753,0.8338317757009346,0.8279095214407575,0.037411157934461294,0.8279332699222202,0.02980466646339817,test,platt
0.0049,4445,225604,1103197,905,230049,423.6629834254144,0.019321970536711745,0.8308411214953271,0.8302198749097871,0.037765665954400826,0.8302223661339684,0.03016428142334835,test,platt
0.005,4431,222577,1106224,919,227008,418.0626151012891,0.01951913588948407,0.8282242990654206,0.8324978683790876,0.03813942278725071,0.8324807311915967,0.030543321779032725,test,platt
0.0051,4417,219730,1109071,933,224147,412.7937384898711,0.019705818056900158,0.825607476635514,0.834640401384406,0.03849287790254338,0.834604178987236,0.030901816771237628,test,platt
0.0052,4410,216838,1111963,940,221248,407.4548802946593,0.01993238356956899,0.8242990654205608,0.8368167995057199,0.0389235562538063,0.8367666028807833,0.03133823057068865,test,platt
0.0053,4395,213906,1114895,955,218301,402.02762430939225,0.02013275248395564,0.8214953271028037,0.839023299952363,0.03930230582470009,0.8389530120653509,0.03172240443958934,test,platt
0.0054,4377,211107,1117694,973,215484,396.83977900552486,0.02031241298657905,0.8181308411214954,0.8411297101672861,0.03964063504713948,0.8410374837630823,0.032065790568663974,test,platt
0.0055,4361,208389,1120412,989,212750,391.804788213628,0.020498237367802586,0.8151401869158879,0.8431751631734172,0.039990829894543785,0.8430627417736073,0.032421122823884554,test,platt
0.0056,4344,205741,1123060,1006,210085,386.89686924493554,0.020677344884213533,0.8119626168224299,0.8451679371102219,0.040327709053774925,0.8450347824196811,0.032763030763034856,test,platt
0.0057,4324,203118,1125683,1026,207442,382.02946593001843,0.020844380597950272,0.8082242990654206,0.8471418970936957,0.040640625587428106,0.8469858359361122,0.03308082466521522,test,platt
0.0058,4308,200611,1128190,1042,204919,377.3830570902394,0.021022940771719557,0.8052336448598131,0.8490285603337144,0.04097608301746811,0.8488529409339722,0.03342128254829054,test,platt
0.0059,4284,198083,1130718,1066,202367,372.683241252302,0.021169459447439552,0.8007476635514019,0.850931027294531,0.04124842935339909,0.8507297899563093,0.033698215985428326,test,platt
0.006,4271,195553,1133248,1079,199824,368,0.02137380895187765,0.7983177570093458,0.852834999371614,0.04163295544269742,0.8526163830031234,0.034088262698530485,test,platt
0.0061,4249,193159,1135642,1101,197408,363.55064456721914,0.021523950397147027,0.7942056074766355,0.8546366235425771,0.0419120330640468,0.8543942927000018,0.03437196252694502,test,platt
0.0062,4237,190791,1138010,1113,195028,359.16758747697975,0.021725085628730233,0.7919626168224299,0.8564186812020762,0.04229007176436535,0.85616020975137,0.03475542161002033,test,platt
0.0063,4219,188463,1140338,1131,192682,354.84714548802947,0.021896181272770678,0.7885981308411215,0.8581706365362458,0.04260927526864345,0.8578916479468965,0.03507960340868594,test,platt
0.0064,4205,186144,1142657,1145,190349,350.55064456721914,0.022091001266095436,0.7859813084112149,0.8599158188472164,0.04297415929565302,0.8596193384407013,0.035449868191350244,test,platt
0.0065,4194,183939,1144862,1156,188133,346.4696132596685,0.022292739710736552,0.7839252336448598,0.8615752095309982,0.04335264596889649,0.8612638299562793,0.03583377077952009,test,platt
0.0066,4179,181729,1147072,1171,185908,342.3720073664825,0.022478860511650923,0.7811214953271028,0.8632383630054463,0.04370013280490227,0.8629090710122018,0.036186494796666455,test,platt
0.0067,4170,179536,1149265,1180,183706,338.316758747698,0.022699313032780638,0.7794392523364486,0.8648887229916293,0.044113913337846984,0.864546067124336,0.03660606352840408,test,platt
0.0068,4161,177413,1151388,1189,181574,334.390423572744,0.0229162765594193,0.7777570093457944,0.866486403908486,0.04452076779867754,0.8661305954123634,0.03701862590917145,test,platt
0.0069,4145,175315,1153486,1205,179460,330.49723756906076,0.023097068984731975,0.7747663551401869,0.8680652708720117,0.044856880038958935,0.8676911384093704,0.03735992466520794,test,platt
0.007,4124,173352,1155449,1226,177476,326.84346224677716,0.02323694471365142,0.7708411214953271,0.8695425424875508,0.04511393346679356,0.8691467457581638,0.037621439439858476,test,platt
0.0071,4116,171293,1157508,1234,175409,323.03683241252304,0.02346515857225114,0.7693457943925234,0.8710920596838805,0.04554130084809054,0.870684053004495,0.038054761986447194,test,platt
0.0072,4098,169328,1159473,1252,173426,319.38489871086557,0.02362967490457025,0.7659813084112149,0.872570836415686,0.045845079876493486,0.8721434080550102,0.038363475604246695,test,platt
0.0073,4081,167441,1161360,1269,171522,315.878453038674,0.023792866221242756,0.762803738317757,0.8739909136130993,0.046146365733411736,0.8735450484990079,0.03866962706964088,test,platt
0.0074,4062,165529,1163272,1288,169591,312.3222836095764,0.023951742722196342,0.7592523364485981,0.8754298047638435,0.04643851355599888,0.8749639283709265,0.03896665842324927,test,platt
0.0075,4047,163640,1165161,1303,167687,308.8158379373849,0.024134250120760703,0.7564485981308411,0.8768513870775233,0.04677612302571126,0.8763685669763018,0.03930952632793465,test,platt
0.0076,4033,161890,1166911,1317,165923,305.56721915285453,0.024306455404012706,0.7538317757009346,0.8781683638106834,0.04709440483905812,0.8776697690141521,0.03963277313094382,test,platt
0.0077,4019,160043,1168758,1331,164062,302.1399631675875,0.024496836561787617,0.751214953271028,0.8795583386827674,0.04744646187991406,0.8790436764654076,0.039990249537810524,test,platt
0.0078,4010,158274,1170527,1340,162284,298.865561694291,0.024709768060930223,0.7495327102803738,0.8808896140204591,0.04784232315640025,0.880362867471523,0.04039180745442803,test,platt
0.0079,3993,156451,1172350,1357,160444,295.4769797421731,0.0248871880531525,0.7463551401869158,0.8822615274973453,0.0481682087409677,0.8817165373334802,0.040722989357140506,test,platt
0.008,3978,154743,1174058,1372,158721,292.30386740331494,0.025062846126221484,0.7435514018691589,0.8835468967889097,0.04849120197963077,0.8829855091365221,0.04105113566135958,test,platt
0.0081,3961,153056,1175745,1389,157017,289.16574585635357,0.025226567823866206,0.7403738317757009,0.8848164623596761,0.0487907025442362,0.884237241511643,0.04135562971869603,test,platt
0.0082,3947,151375,1177426,1403,155322,286.04419889502765,0.025411725319014693,0.7377570093457944,0.8860815125816431,0.04913114917347142,0.8854867252657308,0.041701429872895046,test,platt
0.0083,3932,149742,1179059,1418,153674,283.00920810313073,0.02558663144058201,0.7349532710280374,0.8873104400132149,0.04945165509608612,0.8866994815429438,0.042027112005004315,test,platt
0.0084,3915,148137,1180664,1435,152052,280.0220994475138,0.025747770499565937,0.7317757009345794,0.8885182958170561,0.049745238307010074,0.8878897516098253,0.04232567187127578,test,platt
0.0085,3897,146513,1182288,1453,150410,276.9981583793739,0.02590918157037431,0.728411214953271,0.8897404502254288,0.05003852080123267,0.8890935134029057,0.04262401698890462,test,platt
0.0086,3887,144961,1183840,1463,148848,274.121546961326,0.026113887993120498,0.7265420560747664,0.8909084204482086,0.05041569929571071,0.8902493046139455,0.04300683069669097,test,platt
0.0087,3869,143434,1185367,1481,147303,271.27624309392263,0.026265588616660895,0.723177570093458,0.8920575767176575,0.0506901272821366,0.8913803609936206,0.04328611523492909,test,platt
0.0088,3858,141951,1186850,1492,145809,268.52486187845307,0.026459272061395388,0.7211214953271028,0.8931736204292441,0.05104558775858533,0.8924836843805536,0.04364702561744799,test,platt
0.0089,3844,140416,1188385,1506,144260,265.6721915285451,0.02664633300984334,0.7185046728971962,0.8943287971637589,0.051386939375710185,0.8936237352443615,0.04399387013779829,test,platt
0.009,3840,138975,1189826,1510,142815,263.0110497237569,0.026887931939922276,0.7177570093457943,0.8954132334337497,0.05183410387068471,0.894700824719241,0.044447213155829494,test,platt
0.0091,3826,137566,1191235,1524,141392,260.390423572744,0.02705952246237411,0.7151401869158879,0.896473587843477,0.05214594322007333,0.8957464334996563,0.044764185407002687,test,platt
0.0092,3813,136160,1192641,1537,139973,257.77716390423575,0.027240967900952328,0.7127102803738318,0.8975316845788045,0.052476208170764434,0.896790543199383,0.045099770014679665,test,platt
0.0093,3796,134704,1194097,1554,138500,255.0644567219153,0.027407942238267147,0.7095327102803738,0.8986274092207938,0.05277719847062912,0.8978691317549513,0.045406012070648295,test,platt
0.0094,3787,133317,1195484,1563,137104,252.49355432780848,0.02762136772085424,0.7078504672897197,0.8996712073515899,0.05316804020947113,0.8989019983495121,0.045802706151530356,test,platt
0.0095,3776,131904,1196897,1574,135680,249.87108655616942,0.027830188679245284,0.7057943925233645,0.9007345719938501,0.05354889030702688,0.8999528539123383,0.046189442223265056,test,platt
0.0096,3764,130571,1198230,1586,134335,247.39410681399633,0.028019503480105706,0.7035514018691589,0.9017377319854516,0.05389268711744282,0.9009429967072693,0.04653872722559628,test,platt
0.0097,3750,129330,1199471,1600,133080,245.08287292817678,0.0281785392245266,0.7009345794392523,0.9026716566287954,0.05417900744058369,0.9018626827098282,0.04682994811088786,test,platt
0.0098,3740,128055,1200746,1610,131795,242.71639042357273,0.028377404302135895,0.6990654205607477,0.9036311682486693,0.054540814466440636,0.9028108512454737,0.047197355012486834,test,platt
0.0099,3728,126800,1202001,1622,130528,240.38305709023942,0.02856092179455749,0.6968224299065421,0.9045756287058785,0.05487275349946276,0.9037425298935428,0.047534672445646145,test,platt
0.01,3718,125481,1203320,1632,129199,237.9355432780847,0.028777312517898744,0.6949532710280374,0.9055682528836146,0.0552661112308527,0.9047236782043412,0.04793407688920235,test,platt
0.011,3598,113909,1214892,1752,117507,216.40331491712706,0.03061945245815143,0.6725233644859813,0.914276855601403,0.058572161130419916,0.9133074142282246,0.05129480036646457,test,platt
0.012,3473,103745,1225056,1877,107218,197.4548802946593,0.03239194911302207,0.6491588785046729,0.9219258564675975,0.06170492502309715,0.9208320497454936,0.05448219712711054,test,platt
0.013,3352,94983,1233818,1998,98335,181.09576427255985,0.03408755783800275,0.6265420560747663,0.9285197708309972,0.06465737570526113,0.9273088278613141,0.057488390400415,test,platt
0.014,3250,87013,1241788,2100,90263,166.2302025782689,0.036005893887861025,0.6074766355140186,0.9345176591528754,0.06798238733226653,0.9332062112909258,0.060871948193902445,test,platt
0.015,3136,80240,1248561,2214,83376,153.54696132596686,0.03761274227595471,0.5861682242990655,0.939614735389272,0.07068953857944683,0.9381974004441777,0.06363261813712832,test,platt
0.016,3035,74217,1254584,2315,77252,142.26887661141805,0.03928700875058251,0.5672897196261683,0.9441473930257428,0.07348490351323213,0.9426361783636185,0.06648293388618909,test,platt
0.017,2948,68836,1259965,2402,71784,132.1988950276243,0.041067647386604254,0.5510280373831775,0.948196908340677,0.07643840589104674,0.9466042449467864,0.06949328025210483,test,platt
0.018,2867,64194,1264607,2483,67061,123.50092081031308,0.04275212120308376,0.5358878504672897,0.9516902831951511,0.07918686387427325,0.950022898457521,0.07229631922130828,test,platt
0.019,2811,59976,1268825,2539,62787,115.62983425414365,0.044770414257728514,0.5254205607476635,0.9548645734011338,0.08251023672894316,0.9531424853708463,0.07567917430016034,test,platt
0.02,2741,56251,1272550,2609,58992,108.64088397790056,0.046463927312177924,0.5123364485981309,0.9576678524474319,0.08520095738397937,0.9558820553295692,0.07842441252933363,test,platt
0.021,2673,52889,1275912,2677,55562,102.32412523020258,0.04810841942334689,0.49962616822429906,0.960197952891366,0.08776595744680851,0.9583510412239694,0.08104317730171702,test,platt
0.022,2592,49686,1279115,2758,52278,96.27624309392266,0.04958108573396075,0.4844859813084112,0.9626083965921157,0.08995627125702783,0.9606911061791357,0.08328670272336902,test,platt
0.023,2530,46931,1281870,2820,49461,91.08839779005525,0.051151412223772265,0.47289719626168225,0.9646816942491765,0.09231723559139589,0.9627096183265612,0.08570021361626343,test,platt
0.024,2471,44271,1284530,2879,46742,86.08103130755065,0.05286466133242052,0.46186915887850466,0.96668349888358,0.09487061352990862,0.9646591727623035,0.08830972935352487,test,platt
0.025,2415,41889,1286912,2935,44304,81.59116022099448,0.05450975081256772,0.4514018691588785,0.9684760923569443,0.09727313006001531,0.9664026036033403,0.09076669913356182,test,platt
0.026,2344,39644,1289157,3006,41988,77.32596685082873,0.05582547394493665,0.4381308411214953,0.9701655853660556,0.09903248975453126,0.9680321043120307,0.0925773793261216,test,platt
0.027,2292,37588,1291213,3058,39880,73.44383057090239,0.05747241725175527,0.428411214953271,0.9717128448879855,0.10134866239221756,0.9695341831621758,0.09494865357489896,test,platt
0.028,2234,35682,1293119,3116,37916,69.82688766114181,0.058919717269754195,0.41757009345794394,0.9731472206899302,0.10326815513336107,0.9709193337185971,0.09692098247834295,test,platt
0.029,2187,33914,1294887,3163,36101,66.48434622467772,0.060580039334090466,0.408785046728972,0.9744777434694887,0.10552218281826736,0.9722092926512816,0.09923035609998682,test,platt
0.03,2140,32377,1296424,3210,34517,63.56721915285451,0.06199843555349538,0.4,0.9756344253202699,0.10735696189831188,0.9733261077644135,0.10111527067190203,test,platt
0.031,2091,30821,1297980,3259,32912,60.61141804788214,0.06353305785123967,0.3908411214953271,0.9768054057755826,0.109299043437353,0.9744556650633999,0.10311170667933944,test,platt
0.032,2037,29379,1299422,3313,31416,57.85635359116022,0.06483957219251336,0.3807476635514019,0.9778905946037066,0.11080889952673666,0.9754960270614046,0.10467318864752592,test,platt
0.033,1994,28019,1300782,3356,30013,55.27255985267035,0.06643787692000133,0.37271028037383175,0.9789140736649055,0.11277323756468625,0.976483171694958,0.10669272810922914,test,platt
0.034,1958,26797,1302004,3392,28755,52.95580110497237,0.0680925056511911,0.36598130841121496,0.9798336997037178,0.1148218736255681,0.9773721265433972,0.10879556389213958,test,platt
0.035,1905,25655,1303146,3445,27560,50.75506445672192,0.06912191582002902,0.3560747663551402,0.9806931210918716,0.11577028258887875,0.9781883759784312,0.10979137390012347,test,platt
0.036,1865,24535,1304266,3485,26400,48.61878453038674,0.0706439393939394,0.3485981308411215,0.9815359862010941,0.11748031496062993,0.9789978795503658,0.11155557552696851,test,platt
0.037,1828,23457,1305344,3522,25285,46.56537753222836,0.07229582756575044,0.3416822429906542,0.9823472438687207,0.11934062346988737,0.9797781510488692,0.1134722710257385,test,platt
0.038,1787,22469,1306332,3563,24256,44.67034990791897,0.07367249340369393,0.33401869158878505,0.9830907713043563,0.12071877322164427,0.9804879657550007,0.11490297781141609,test,platt
0.039,1746,21564,1307237,3604,23310,42.92817679558011,0.0749034749034749,0.3263551401869159,0.9837718364149335,0.12184228890439637,0.9811355686125484,0.11607648902567509,test,platt
0.04,1718,20702,1308099,3632,22420,41.28913443830571,0.07662801070472793,0.3211214953271028,0.9844205415257815,0.12373064458048255,0.9817606852597645,0.11801983951293375,test,platt
0.041,1684,19849,1308952,3666,21533,39.65561694290976,0.07820554497747643,0.3147663551401869,0.9850624736134305,0.12528363649890265,0.9823745588018148,0.11962812670322687,test,platt
0.042,1648,19082,1309719,3702,20730,38.1767955801105,0.07949831162566329,0.30803738317757007,0.9856396857016212,0.1263803680981595,0.9829224727935594,0.1207754364671772,test,platt
0.043,1629,18337,1310464,3721,19966,36.76979742173112,0.08158870079134528,0.3044859813084112,0.9862003415108809,0.12869331647969662,0.983466639083582,0.12314703963282286,test,platt
0.044,1595,17697,1311104,3755,19292,35.52854511970534,0.0826767572050591,0.29813084112149535,0.9866819787161508,0.12945377810242678,0.9839208605322786,0.12395321193461334,test,platt
0.045,1572,17045,1311756,3778,18617,34.285451197053405,0.08443895364451845,0.2938317757009346,0.9871726466190197,0.13118037301289273,0.984392321408896,0.1257338609143402,test,platt
0.046,1547,16443,1312358,3803,17990,33.13075506445672,0.08599221789883268,0.2891588785046729,0.9876256866152268,0.13256212510711224,0.9848248061876055,0.12716651571617044,test,platt
0.047,1518,15878,1312923,3832,17396,32.03683241252302,0.08726143941135893,0.28373831775700936,0.9880508819605043,0.13347401740965442,0.9852265598121952,0.12812619736998807,test,platt
0.048,1491,15312,1313489,3859,16803,30.944751381215468,0.08873415461524728,0.27869158878504674,0.9884768298639149,0.13460930799440257,0.9856305620578181,0.12931273129440454,test,platt
0.049,1457,14727,1314074,3893,16184,29.804788213627994,0.09002718734552645,0.27233644859813083,0.988917076371857,0.13532088789820748,0.9860435587875735,0.1300773964006134,test,platt
0.05,1438,14295,1314506,3912,15733,28.974217311233886,0.0914002415305409,0.26878504672897197,0.9892421814854143,0.13641322392448893,0.986353118949804,0.13121361197234052,test,platt
0.051,1411,13809,1314992,3939,15220,28.029465930018418,0.09270696452036793,0.26373831775700934,0.9896079247381662,0.1371900826446281,0.9866971579678762,0.13203946714860146,test,platt
0.052,1383,13365,1315436,3967,14748,27.16022099447514,0.09377542717656631,0.25850467289719625,0.9899420605493223,0.13762563439148173,0.9870089667511399,0.13252036851045515,test,platt
0.053,1359,12962,1315839,3991,14321,26.373848987108655,0.09489560784861392,0.25401869158878504,0.9902453414770157,0.1381729449443343,0.9872930425416613,0.13311133092441216,test,platt
0.054,1333,12563,1316238,4017,13896,25.591160220994475,0.09592688543465745,0.2491588785046729,0.9905456121721763,0.13852229034604593,0.9875726210901165,0.13350471015768053,test,platt
0.055,1305,12147,1316654,4045,13452,24.773480662983424,0.09701159678858162,0.24392523364485982,0.9908586763556018,0.13881501967875756,0.9878634427437374,0.13384501023989004,test,platt
0.056,1285,11770,1317031,4065,13055,24.042357274401475,0.09842972041363462,0.24018691588785046,0.9911423907718312,0.13963596848682425,0.9881310286466825,0.1347135361412913,test,platt
0.057,1264,11396,1317405,4086,12660,23.314917127071823,0.09984202211690363,0.23626168224299066,0.9914238475136609,0.14036646307606884,0.9883956163882499,0.13549266573653498,test,platt
0.058,1238,11049,1317752,4112,12287,22.627992633517497,0.100756897533979,0.2314018691588785,0.9916849851858931,0.14038668707830132,0.9886362188387972,0.13555680648470558,test,platt
0.059,1214,10684,1318117,4136,11898,21.91160220994475,0.10203395528660279,0.2269158878504673,0.9919596689045237,0.1407699443413729,0.988891812096232,0.13598988996524455,test,platt
0.06,1193,10379,1318422,4157,11572,21.311233885819522,0.10309367438645005,0.22299065420560749,0.9921891991351602,0.14099988181066067,0.989104681554037,0.1362627312849312,test,platt
0.061,1162,10092,1318709,4188,11254,20.7255985267035,0.103252177003732,0.21719626168224299,0.9924051833193984,0.1399662731871838,0.9892965638821992,0.1352656472785462,test,platt
0.062,1149,9810,1318991,4201,10959,20.18232044198895,0.10484533260333972,0.2147663551401869,0.9926174047129706,0.1409037954503648,0.9894981902348385,0.13624888848894082,test,platt
0.063,1129,9526,1319275,4221,10655,19.62246777163904,0.10595964335992492,0.21102803738317757,0.9928311312228091,0.14108091221493285,0.9896960688857558,0.13647035069978,test,platt
0.064,1104,9255,1319546,4246,10359,19.07734806629834,0.10657399362872864,0.2063551401869159,0.9930350744769156,0.14055636896046853,0.9898804558104742,0.13598687164565967,test,platt
0.065,1089,8993,1319808,4261,10082,18.567219152854513,0.10801428288038088,0.20355140186915888,0.9932322447078231,0.1411353032659409,0.990065592275537,0.13661143905636788,test,platt
0.066,1074,8752,1320049,4276,9826,18.09576427255985,0.10930185222878079,0.20074766355140186,0.9934136112179326,0.1415392725355825,0.9902349883933678,0.13705822317218813,test,platt
0.067,1062,8515,1320286,4288,9577,17.63720073664825,0.11089067557690299,0.19850467289719625,0.9935919674955092,0.1422924901185771,0.9904036349708542,0.13785624604275892,test,platt
0.068,1045,8308,1320493,4305,9353,17.224677716390424,0.11172885705121352,0.19532710280373833,0.9937477470290886,0.14214786098075224,0.9905460476362871,0.1377488244970595,test,platt
0.069,1032,8079,1320722,4318,9111,16.77900552486188,0.11326967402041488,0.19289719626168225,0.9939200828415993,0.14272871862250192,0.990707948350674,0.13837495520164114,test,platt
0.07,1017,7881,1320920,4333,8898,16.386740331491712,0.11429534726904922,0.19009345794392524,0.9940690893519797,0.142756878158338,0.9908451142336961,0.13844166778144865,test,platt
0.071,1001,7666,1321135,4349,8667,15.96132596685083,0.11549555786315911,0.18710280373831775,0.9942308893506251,0.14282656773917385,0.9909942727622285,0.13855467605155566,test,platt
0.072,989,7458,1321343,4361,8447,15.556169429097606,0.11708298804309222,0.18485981308411215,0.9943874214423378,0.14336449952888308,0.9911411826697278,0.13913751748825923,test,platt
0.073,975,7237,1321564,4375,8212,15.123388581952117,0.11872868972235752,0.1822429906542056,0.9945537367897826,0.14378410263972866,0.9912963375210152,0.13960578479150143,test,platt
0.074,960,7036,1321765,4390,7996,14.725598526703498,0.12006003001500751,0.17943925233644858,0.9947050009745628,0.14386332983665517,0.9914357520250706,0.13972966362979108,test,platt
0.075,951,6872,1321929,4399,7823,14.406998158379373,0.1215646171545443,0.1777570093457944,0.9948284205084132,0.1443862445912093,0.9915519307784502,0.14029157737241615,test,platt
0.076,940,6693,1322108,4410,7633,14.057090239410682,0.12314948251015329,0.17570093457943925,0.9949631284142622,0.14480474466610183,0.9916778535563066,0.14075323478213314,test,platt
0.077,929,6538,1322263,4421,7467,13.751381215469614,0.12441408865675639,0.1736448598130841,0.9950797749249135,0.14496372005929625,0.9917857873658978,0.14094990787124362,test,platt
0.078,918,6387,1322414,4432,7305,13.453038674033149,0.12566735112936345,0.17158878504672898,0.995193411203032,0.14508099565389176,0.9918907230141116,0.1411047145322931,test,platt
0.079,903,6233,1322568,4447,7136,13.141804788213628,0.1265414798206278,0.16878504672897196,0.99530930515555,0.14464199903892358,0.991994909121981,0.1407032940845629,test,platt
0.08,890,6078,1322723,4460,6968,12.832412523020258,0.1277267508610792,0.16635514018691588,0.9954259516662013,0.14450397791849323,0.9921013438508834,0.14060510118009117,test,platt
0.081,876,5920,1322881,4474,6796,12.515653775322283,0.1288993525603296,0.16373831775700934,0.9955448558512524,0.1442450189362753,0.9922092776604747,0.1403875576332128,test,platt
0.082,860,5788,1323013,4490,6648,12.243093922651934,0.12936221419975932,0.16074766355140188,0.9956441935248393,0.1433572262043674,0.9922962243404232,0.13953342814955874,test,platt
0.083,848,5655,1323146,4502,6503,11.976058931860036,0.13040135322159002,0.15850467289719627,0.9957442837565594,0.14308613853032986,0.9923869187220937,0.1392989529018712,test,platt
0.084,838,5520,1323281,4512,6358,11.70902394106814,0.13180245360176157,0.15663551401869158,0.9958458791045461,0.14314998291766312,0.9924806112651416,0.13940183243835189,test,platt
0.085,831,5386,1323415,4519,6217,11.449355432780846,0.1336657551873894,0.15532710280373832,0.9959467218943996,0.1436846200397683,0.9925758028888784,0.13997739637120107,test,platt
0.086,820,5258,1323543,4530,6078,11.193370165745856,0.13491280026324448,0.15327102803738318,0.9960430493354535,0.14350717535876792,0.9926634991091713,0.13983816086865497,test,platt
0.087,810,5153,1323648,4540,5963,10.98158379373849,0.13583766560456145,0.15140186915887852,0.9961220679394431,0.14319809069212408,0.9927347054418878,0.13956073279425701,test,platt
0.088,792,5015,1323786,4558,5807,10.694290976058932,0.1363871189943172,0.1480373831775701,0.9962259209618295,0.14197364883033073,0.9928246502832139,0.13837697977674335,test,platt
0.089,782,4886,1323915,4568,5668,10.438305709023942,0.13796753705010587,0.14616822429906542,0.9963230009610168,0.1419495371210746,0.9929138455841955,0.138394745038365,test,platt
0.09,774,4768,1324033,4576,5542,10.206261510128913,0.13966077228437387,0.1446728971962617,0.9964118028207384,0.14212265883217043,0.9929962950220778,0.1386075502809169,test,platt
0.091,768,4660,1324141,4582,5428,9.996316758747698,0.1414885777450258,0.14355140186915888,0.9964930790991278,0.14251252551493782,0.9930727481372048,0.13903503518945495,test,platt
0.092,762,4556,1324245,4588,5318,9.793738489871087,0.14328694998119593,0.14242990654205606,0.9965713451449841,0.14285714285714288,0.9931462030909545,0.13941651958308782,test,platt
0.093,748,4458,1324343,4602,5206,9.587476979742172,0.14368036880522475,0.13981308411214954,0.9966450958420411,0.14172034861690036,0.9932091644798827,0.13831208186864494,test,platt
0.094,737,4344,1324457,4613,5081,9.357274401473296,0.1450501869710687,0.13775700934579438,0.9967308874692298,0.14130955804812578,0.9932863671353542,0.13794181754939772,test,platt
0.095,727,4253,1324548,4623,4980,9.171270718232044,0.1459839357429719,0.1358878504672897,0.9967993702593541,0.14075508228460795,0.9933470799032493,0.13741999503816146,test,platt
0.096,714,4170,1324631,4636,4884,8.994475138121548,0.14619164619164618,0.13345794392523364,0.9968618325844125,0.1395348837209302,0.9933995477273562,0.13622884656301468,test,platt
0.097,711,4061,1324740,4639,4772,8.788213627992633,0.14899413243922882,0.13289719626168225,0.9969438614209352,0.14048606994665086,0.9934789990038608,0.13722386669335948,test,platt
0.098,695,3983,1324818,4655,4678,8.615101289134438,0.14856776400171012,0.12990654205607477,0.9970025609553274,0.13861188671719185,0.9935254705052127,0.13537705688701057,test,platt
0.099,689,3887,1324914,4661,4576,8.427255985267035,0.15056818181818182,0.12878504672897195,0.9970748065361179,0.1388273221841628,0.9935929291362072,0.13563144932446716,test,platt
0.1,685,3794,1325007,4665,4479,8.248618784530386,0.15293592319714222,0.1280373831775701,0.9971447944425087,0.1393834571166955,0.9936596382268574,0.13622663341995586,test,platt
0.11,608,3092,1325709,4742,3700,6.813996316758748,0.1643243243243243,0.11364485981308411,0.9976730902520392,0.1343646408839779,0.9941281009420972,0.13151694711640488,test,platt
0.12,548,2546,1326255,4802,3094,5.697974217311234,0.17711700064641242,0.10242990654205608,0.9980839869927852,0.1297963050686878,0.9944923775494678,0.12723152620156522,test,platt
0.13,475,2095,1326706,4875,2570,4.732965009208103,0.18482490272373542,0.08878504672897196,0.9984233907108739,0.11994949494949496,0.9947757037996449,0.11765320860006903,test,platt
0.14,418,1718,1327083,4932,2136,3.9337016574585637,0.1956928838951311,0.07813084112149532,0.9987071051271033,0.11167512690355329,0.9950155567098476,0.10963762973374924,test,platt
0.15,367,1428,1327373,4983,1795,3.305709023941068,0.20445682451253483,0.0685981308411215,0.9989253469857413,0.10272918124562633,0.9951946968521554,0.10091767234315843,test,platt
0.16,318,1186,1327615,5032,1504,2.7697974217311234,0.21143617021276595,0.059439252336448596,0.999107466053984,0.09279252990954187,0.9953393581386215,0.09119314083886258,test,platt
0.17,255,973,1327828,5095,1228,2.261510128913444,0.20765472312703584,0.04766355140186916,0.9992677609363629,0.07753116448768624,0.9954517891902791,0.07614796216229305,test,platt
0.18,212,799,1328002,5138,1011,1.861878453038674,0.20969337289812068,0.03962616822429907,0.9993987060515457,0.06665618613425563,0.9955499789753933,0.0654649437177863,test,platt
0.19,193,660,1328141,5157,853,1.570902394106814,0.22626025791324736,0.03607476635514019,0.9995033116320653,0.06222795421570208,0.9956399238167194,0.06119256756613959,test,platt
0.2,164,529,1328272,5186,693,1.276243093922652,0.23665223665223664,0.030654205607476635,0.999601896747519,0.054277676650670195,0.9957163769318466,0.05340706857948626,test,platt
0.21,140,434,1328367,5210,574,1.0570902394106814,0.24390243902439024,0.026168224299065422,0.9996733897701763,0.04726536124240379,0.9957695942962977,0.04652441754217576,test,platt
0.22,114,344,1328457,5236,458,0.8434622467771639,0.24890829694323144,0.02130841121495327,0.9997411200021674,0.03925619834710743,0.9958175648783384,0.03864820335208252,test,platt
0.23,92,274,1328527,5258,366,0.6740331491712708,0.25136612021857924,0.017196261682242992,0.9997937990714938,0.032190342897130866,0.9958535428148688,0.031693086144238304,test,platt
0.24,80,217,1328584,5270,297,0.5469613259668509,0.26936026936026936,0.014953271028037384,0.9998366948850881,0.028333628475296618,0.9958872721303661,0.027923596378303744,test,platt
0.25,67,159,1328642,5283,226,0.4162062615101289,0.29646017699115046,0.012523364485981308,0.9998803432568157,0.024031563845050216,0.9959210014458634,0.023714211703730056,test,platt
0.26,59,124,1328677,5291,183,0.3370165745856354,0.3224043715846995,0.01102803738317757,0.999906682791479,0.02132658593891198,0.9959412390351617,0.02106691567614203,test,platt
0.27,48,98,1328703,5302,146,0.26887661141804786,0.3287671232876712,0.00897196261682243,0.999926249302943,0.017467248908296942,0.9959524821403275,0.017257874066563848,test,platt
0.28,38,72,1328729,5312,110,0.20257826887661143,0.34545454545454546,0.007102803738317757,0.9999458158144071,0.01391941391941392,0.9959644747858376,0.013760060487850079,test,platt
0.29,32,55,1328746,5318,87,0.16022099447513813,0.367816091954023,0.005981308411214953,0.9999586093026721,0.011771197351480593,0.9959727197296258,0.011644358600481922,test,platt
0.3,24,42,1328759,5326,66,0.12154696132596685,0.36363636363636365,0.004485981308411215,0.9999683925584042,0.008862629246676515,0.9959764674313477,0.008765752316107963,test,platt
0.31,21,25,1328776,5329,46,0.0847145488029466,0.45652173913043476,0.003925233644859813,0.9999811860466692,0.007783543365455893,0.9959869609961691,0.00771570102816776,test,platt
0.32,17,18,1328783,5333,35,0.06445672191528545,0.4857142857142857,0.003177570093457944,0.9999864539536018,0.006313834726090994,0.9959892096172023,0.006262034338358183,test,platt
0.33,11,14,1328787,5339,25,0.04604051565377532,0.44,0.00205607476635514,0.9999894641861348,0.004093023255813953,0.9959877105365135,0.004055871845281367,test,platt
0.34,8,13,1328788,5342,21,0.03867403314917127,0.38095238095238093,0.0014953271028037382,0.9999902167442679,0.0029789610873207964,0.9959862114558247,0.0029476959114752023,test,platt
0.35,8,10,1328791,5342,18,0.03314917127071823,0.4444444444444444,0.0014953271028037382,0.9999924744186677,0.002980625931445603,0.9959884600768578,0.002953812396862096,test,platt
0.36,4,8,1328793,5346,12,0.022099447513812154,0.3333333333333333,7.476635514018691e-4,0.9999939795349341,0.0014919806042521448,0.9959869609961691,0.0014740583522328615,test,platt
0.37,4,6,1328795,5346,10,0.01841620626151013,0.4,7.476635514018691e-4,0.9999954846512006,0.0014925373134328358,0.9959884600768578,0.0014775965834931508,test,platt
0.38,1,2,1328799,5349,3,0.0055248618784530384,0.3333333333333333,1.8691588785046728e-4,0.9999984948837335,3.7362226788716606e-4,0.9959892096172023,3.6912920535496214e-4,test,platt
0.39,0,0,1328801,5350,0,0,NA,0,1,NA,0.9959899591575466,0,test,platt
0.4,0,0,1328801,5350,0,0,NA,0,1,NA,0.9959899591575466,0,test,platt
0.41,0,0,1328801,5350,0,0,NA,0,1,NA,0.9959899591575466,0,test,platt
0.42,0,0,1328801,5350,0,0,NA,0,1,NA,0.9959899591575466,0,test,platt
0.43,0,0,1328801,5350,0,0,NA,0,1,NA,0.9959899591575466,0,test,platt
0.44,0,0,1328801,5350,0,0,NA,0,1,NA,0.9959899591575466,0,test,platt
0.45,0,0,1328801,5350,0,0,NA,0,1,NA,0.9959899591575466,0,test,platt
0.46,0,0,1328801,5350,0,0,NA,0,1,NA,0.9959899591575466,0,test,platt
0.47,0,0,1328801,5350,0,0,NA,0,1,NA,0.9959899591575466,0,test,platt
0.48,0,0,1328801,5350,0,0,NA,0,1,NA,0.9959899591575466,0,test,platt
0.49,0,0,1328801,5350,0,0,NA,0,1,NA,0.9959899591575466,0,test,platt
0.5,0,0,1328801,5350,0,0,NA,0,1,NA,0.9959899591575466,0,test,platt
0.51,0,0,1328801,5350,0,0,NA,0,1,NA,0.9959899591575466,0,test,platt
0.52,0,0,1328801,5350,0,0,NA,0,1,NA,0.9959899591575466,0,test,platt
0.53,0,0,1328801,5350,0,0,NA,0,1,NA,0.9959899591575466,0,test,platt
0.54,0,0,1328801,5350,0,0,NA,0,1,NA,0.9959899591575466,0,test,platt
0.55,0,0,1328801,5350,0,0,NA,0,1,NA,0.9959899591575466,0,test,platt
0.56,0,0,1328801,5350,0,0,NA,0,1,NA,0.9959899591575466,0,test,platt
0.57,0,0,1328801,5350,0,0,NA,0,1,NA,0.9959899591575466,0,test,platt
0.58,0,0,1328801,5350,0,0,NA,0,1,NA,0.9959899591575466,0,test,platt
0.59,0,0,1328801,5350,0,0,NA,0,1,NA,0.9959899591575466,0,test,platt
0.6,0,0,1328801,5350,0,0,NA,0,1,NA,0.9959899591575466,0,test,platt
0.61,0,0,1328801,5350,0,0,NA,0,1,NA,0.9959899591575466,0,test,platt
0.62,0,0,1328801,5350,0,0,NA,0,1,NA,0.9959899591575466,0,test,platt
0.63,0,0,1328801,5350,0,0,NA,0,1,NA,0.9959899591575466,0,test,platt
0.64,0,0,1328801,5350,0,0,NA,0,1,NA,0.9959899591575466,0,test,platt
0.65,0,0,1328801,5350,0,0,NA,0,1,NA,0.9959899591575466,0,test,platt
0.66,0,0,1328801,5350,0,0,NA,0,1,NA,0.9959899591575466,0,test,platt
0.67,0,0,1328801,5350,0,0,NA,0,1,NA,0.9959899591575466,0,test,platt
0.68,0,0,1328801,5350,0,0,NA,0,1,NA,0.9959899591575466,0,test,platt
0.69,0,0,1328801,5350,0,0,NA,0,1,NA,0.9959899591575466,0,test,platt
0.7,0,0,1328801,5350,0,0,NA,0,1,NA,0.9959899591575466,0,test,platt
0.71,0,0,1328801,5350,0,0,NA,0,1,NA,0.9959899591575466,0,test,platt
0.72,0,0,1328801,5350,0,0,NA,0,1,NA,0.9959899591575466,0,test,platt
0.73,0,0,1328801,5350,0,0,NA,0,1,NA,0.9959899591575466,0,test,platt
0.74,0,0,1328801,5350,0,0,NA,0,1,NA,0.9959899591575466,0,test,platt
0.75,0,0,1328801,5350,0,0,NA,0,1,NA,0.9959899591575466,0,test,platt
0.76,0,0,1328801,5350,0,0,NA,0,1,NA,0.9959899591575466,0,test,platt
0.77,0,0,1328801,5350,0,0,NA,0,1,NA,0.9959899591575466,0,test,platt
0.78,0,0,1328801,5350,0,0,NA,0,1,NA,0.9959899591575466,0,test,platt
0.79,0,0,1328801,5350,0,0,NA,0,1,NA,0.9959899591575466,0,test,platt
0.8,0,0,1328801,5350,0,0,NA,0,1,NA,0.9959899591575466,0,test,platt
0.81,0,0,1328801,5350,0,0,NA,0,1,NA,0.9959899591575466,0,test,platt
0.82,0,0,1328801,5350,0,0,NA,0,1,NA,0.9959899591575466,0,test,platt
0.83,0,0,1328801,5350,0,0,NA,0,1,NA,0.9959899591575466,0,test,platt
0.84,0,0,1328801,5350,0,0,NA,0,1,NA,0.9959899591575466,0,test,platt
0.85,0,0,1328801,5350,0,0,NA,0,1,NA,0.9959899591575466,0,test,platt
0.86,0,0,1328801,5350,0,0,NA,0,1,NA,0.9959899591575466,0,test,platt
0.87,0,0,1328801,5350,0,0,NA,0,1,NA,0.9959899591575466,0,test,platt
0.88,0,0,1328801,5350,0,0,NA,0,1,NA,0.9959899591575466,0,test,platt
0.89,0,0,1328801,5350,0,0,NA,0,1,NA,0.9959899591575466,0,test,platt
0.9,0,0,1328801,5350,0,0,NA,0,1,NA,0.9959899591575466,0,test,platt
0.905,0,0,1328801,5350,0,0,NA,0,1,NA,0.9959899591575466,0,test,platt
0.91,0,0,1328801,5350,0,0,NA,0,1,NA,0.9959899591575466,0,test,platt
0.915,0,0,1328801,5350,0,0,NA,0,1,NA,0.9959899591575466,0,test,platt
0.92,0,0,1328801,5350,0,0,NA,0,1,NA,0.9959899591575466,0,test,platt
0.925,0,0,1328801,5350,0,0,NA,0,1,NA,0.9959899591575466,0,test,platt
0.93,0,0,1328801,5350,0,0,NA,0,1,NA,0.9959899591575466,0,test,platt
0.935,0,0,1328801,5350,0,0,NA,0,1,NA,0.9959899591575466,0,test,platt
0.94,0,0,1328801,5350,0,0,NA,0,1,NA,0.9959899591575466,0,test,platt
0.945,0,0,1328801,5350,0,0,NA,0,1,NA,0.9959899591575466,0,test,platt
0.95,0,0,1328801,5350,0,0,NA,0,1,NA,0.9959899591575466,0,test,platt
0.955,0,0,1328801,5350,0,0,NA,0,1,NA,0.9959899591575466,0,test,platt
0.96,0,0,1328801,5350,0,0,NA,0,1,NA,0.9959899591575466,0,test,platt
0.965,0,0,1328801,5350,0,0,NA,0,1,NA,0.9959899591575466,0,test,platt
0.97,0,0,1328801,5350,0,0,NA,0,1,NA,0.9959899591575466,0,test,platt
0.975,0,0,1328801,5350,0,0,NA,0,1,NA,0.9959899591575466,0,test,platt
0.98,0,0,1328801,5350,0,0,NA,0,1,NA,0.9959899591575466,0,test,platt
0.985,0,0,1328801,5350,0,0,NA,0,1,NA,0.9959899591575466,0,test,platt
0.99,0,0,1328801,5350,0,0,NA,0,1,NA,0.9959899591575466,0,test,platt
0.991,0,0,1328801,5350,0,0,NA,0,1,NA,0.9959899591575466,0,test,platt
0.992,0,0,1328801,5350,0,0,NA,0,1,NA,0.9959899591575466,0,test,platt
0.993,0,0,1328801,5350,0,0,NA,0,1,NA,0.9959899591575466,0,test,platt
0.994,0,0,1328801,5350,0,0,NA,0,1,NA,0.9959899591575466,0,test,platt
0.995,0,0,1328801,5350,0,0,NA,0,1,NA,0.9959899591575466,0,test,platt
0.996,0,0,1328801,5350,0,0,NA,0,1,NA,0.9959899591575466,0,test,platt
0.997,0,0,1328801,5350,0,0,NA,0,1,NA,0.9959899591575466,0,test,platt
0.998,0,0,1328801,5350,0,0,NA,0,1,NA,0.9959899591575466,0,test,platt
0.999,0,0,1328801,5350,0,0,NA,0,1,NA,0.9959899591575466,0,test,platt
1e-4,1693,334306,111173,2,335999,1846.1483516483515,0.005038705472337715,0.9988200589970502,0.24955834057273182,0.010026829022724714,0.2523983952555381,0.002502817152337141,validation,beta
2e-4,1686,279460,166019,9,281146,1544.7582417582419,0.005996884181172771,0.9946902654867257,0.37267525517476696,0.011921892512047404,0.37503298492309484,0.004419686270224662,validation,beta
3e-4,1684,245560,199919,11,247244,1358.4835164835165,0.006811085405510346,0.9935103244837759,0.4487731183737056,0.013529418853614741,0.45083792885990687,0.006045614445974098,validation,beta
4e-4,1676,222371,223108,19,224047,1231.0274725274726,0.007480573272572273,0.9887905604719764,0.5008271994863955,0.014848809703112403,0.502676810369118,0.00738031977102234,validation,beta
5e-4,1671,205448,240031,24,207119,1138.0164835164835,0.008067825742688986,0.9858407079646018,0.5388155221682728,0.01600467401611003,0.5405099580923757,0.008549556512004626,validation,beta
6e-4,1662,192667,252812,33,194329,1067.7417582417581,0.008552506316607403,0.9805309734513274,0.5675059879365806,0.01695710729298453,0.5690715470935251,0.009513212797636604,validation,beta
7e-4,1659,182599,262880,36,184258,1012.4065934065934,0.009003679623137122,0.9787610619469026,0.5901063798742477,0.01784321844767226,0.5915795641070366,0.010409573699602461,validation,beta
8e-4,1652,174444,271035,43,176096,967.5604395604396,0.009381246592767581,0.9746312684365782,0.6084125177617801,0.018583617843422894,0.6098006592512087,0.011158737611914552,validation,beta
9e-4,1646,167770,277709,49,169416,930.8571428571429,0.009715729328988997,0.9710914454277286,0.6233941442806508,0.019238973531800995,0.6247120807560368,0.011821860625147349,validation,beta
0.001,1640,162031,283448,55,163671,899.2912087912088,0.010020101300780224,0.967551622418879,0.6362769064310551,0.019834790706674894,0.6375325935765496,0.012424779710547517,validation,beta
0.0011,1639,156852,288627,56,158491,870.8296703296703,0.010341281208396691,0.9669616519174041,0.6479025947351054,0.02046371093603686,0.6491119787823084,0.013060953246449028,validation,beta
0.0012,1633,152339,293140,62,153972,846,0.01060582443561167,0.9634218289085545,0.6580332630718844,0.020980683124875537,0.6591908295204999,0.013584146835618602,validation,beta
0.0013,1625,148353,297126,70,149978,824.054945054945,0.010834922455293444,0.9587020648967551,0.6669809351282552,0.02142767664646971,0.6680866955592231,0.014036676776829446,validation,beta
0.0014,1622,144717,300762,73,146339,804.0604395604396,0.011083853244862956,0.9569321533923304,0.6751429360306547,0.02191388464812138,0.6762110498374234,0.014528624869918632,validation,beta
0.0015,1618,141442,304037,77,143060,786.0439560439561,0.011309939885362785,0.9545722713864306,0.6824945732571008,0.022355013643742875,0.6835258758335682,0.014975036141318336,validation,beta
0.0016,1614,138345,307134,81,139959,769.0054945054945,0.01153194864210233,0.952212389380531,0.6894466405823844,0.022787919861069927,0.6904426464866026,0.01541313800761837,validation,beta
0.0017,1609,135420,310059,86,137029,752.9065934065934,0.01174204000613009,0.9492625368731563,0.6960126066548592,0.02319713964418558,0.6969725431263892,0.015827345910734196,validation,beta
0.0018,1600,132637,312842,95,134237,737.565934065934,0.011919217503370903,0.943952802359882,0.7022598147162942,0.023541182355883823,0.7031759449341867,0.016175870251866814,validation,beta
0.0019,1595,130003,315476,100,131598,723.065934065934,0.012120244988525661,0.9410029498525073,0.7081725513436099,0.02393223950244949,0.7090550881759673,0.01657173152136921,validation,beta
0.002,1588,127571,317908,107,129159,709.6648351648352,0.012294923311577203,0.9368731563421829,0.7136318434763479,0.024271325293838932,0.7144780331593519,0.016915154122726716,validation,beta
0.0021,1583,125249,320230,112,126832,696.8791208791209,0.01248107733064211,0.9339233038348083,0.7188442103892664,0.024632956499412575,0.7196594614177032,0.017281272072580903,validation,beta
0.0022,1578,123134,322345,117,124712,685.2307692307693,0.012653152864199114,0.9309734513274336,0.723591908933979,0.02496697176580411,0.7243779826197408,0.017619464532178875,validation,beta
0.0023,1570,121047,324432,125,122617,673.7197802197802,0.012804097311139564,0.9262536873156342,0.7282767537863738,0.02525902567732801,0.7290271795766301,0.017915414385782702,validation,beta
0.0024,1565,119001,326478,130,120566,662.4505494505495,0.012980442247399764,0.9233038348082596,0.7328695628750177,0.025600968420019465,0.7335913984265633,0.01826164848731789,validation,beta
0.0025,1557,117048,328431,138,118605,651.6758241758242,0.013127608448210447,0.9185840707964602,0.7372536079141778,0.025885286783042392,0.7379409357431336,0.018549802498545598,validation,beta
0.0026,1555,115137,330342,140,116692,641.1648351648352,0.013325677852809104,0.9174041297935103,0.7415433724148613,0.026269776242323902,0.7422099674846928,0.01893889337409061,validation,beta
0.0027,1551,113274,332205,144,114825,630.9065934065934,0.013507511430437623,0.9150442477876106,0.7457253877287144,0.026622039134912463,0.7463671859276255,0.019295526749657576,validation,beta
0.0028,1543,111496,333983,152,113039,621.0934065934066,0.013650156140800963,0.9103244837758112,0.7497165971908889,0.026896996531106734,0.7503253766990031,0.019574249436690994,validation,beta
0.0029,1539,109795,335684,156,111334,611.7252747252747,0.013823270519338208,0.9079646017699115,0.7535349589991897,0.027231949322740184,0.754120320054386,0.01991339102731197,validation,beta
0.003,1532,108064,337415,163,109596,602.1758241758242,0.01397861235811526,0.9038348082595871,0.7574206640492593,0.027531426620301728,0.7579756425910272,0.020216874003031023,validation,beta
0.0031,1524,106403,339076,171,107927,593.0054945054945,0.014120655628341378,0.8991150442477877,0.7611492348685348,0.027804637755195122,0.7616721902436188,0.02049387494624612,validation,beta
0.0032,1522,104912,340567,173,106434,584.8021978021978,0.01429994174793769,0.8979351032448377,0.7644961939844527,0.028151559711085832,0.7650019902767156,0.02084500238276457,validation,beta
0.0033,1516,103428,342051,179,104944,576.6153846153846,0.014445799664583016,0.8943952802359882,0.7678274396772912,0.02843237464717411,0.7683071913841144,0.02112956611021177,validation,beta
0.0034,1510,101833,343646,185,103343,567.8186813186813,0.014611536340148825,0.8908554572271387,0.7714078553646749,0.02875149945733925,0.7718606180144642,0.0214529003666362,validation,beta
0.0035,1506,100368,345111,189,101874,559.7472527472528,0.01478296719477001,0.8884955752212389,0.7746964503377264,0.029082061234539294,0.7751278026003301,0.02178765630775293,validation,beta
0.0036,1496,99000,346479,199,100496,552.1758241758242,0.0148861646234676,0.8825958702064897,0.7777673021623915,0.029278507892084433,0.7781646517910255,0.02198722737062181,validation,beta
0.0037,1494,97638,347841,201,99132,544.6813186813187,0.015070814671347294,0.8814159292035398,0.7808246853387029,0.029634919218066588,0.7812059735136658,0.022347991301197512,validation,beta
0.0038,1492,96287,349192,203,97779,537.2472527472528,0.015258900172838749,0.88023598820059,0.7838573759930322,0.02999778836680942,0.7842226963106084,0.02271529217299466,validation,beta
0.0039,1487,94987,350492,208,96474,530.0769230769231,0.015413479279391339,0.8772861356932153,0.7867755831363543,0.03029469588159195,0.7871186607450343,0.023016119050113797,validation,beta
0.004,1481,93706,351773,214,95187,523.0054945054945,0.015558847321588031,0.8737463126843658,0.7896511395598894,0.030573274705311612,0.7899698998600098,0.02329849993037052,validation,beta
0.0041,1477,92554,352925,218,94031,516.6538461538462,0.015707585796173602,0.8713864306784661,0.792237120043818,0.030858909805068637,0.7925371331964739,0.023587854136481325,validation,beta
0.0042,1472,91240,354239,223,92712,509.4065934065934,0.015877124859780826,0.8684365781710914,0.795186754033299,0.0311841282955713,0.7954644053545152,0.023917356923852544,validation,beta
0.0043,1467,90073,355406,228,91540,502.967032967033,0.016025781079309593,0.8654867256637168,0.797806406138112,0.031468868986968414,0.7980629464145947,0.024205915419597872,validation,beta
0.0044,1460,88852,356627,235,90312,496.2197802197802,0.016166179466737533,0.8613569321533924,0.8005472760781092,0.03173671568467617,0.8007777733052458,0.024477578577824455,validation,beta
0.0045,1457,87723,357756,238,89180,490,0.016337743888764297,0.8595870206489675,0.8030816267433482,0.03206602475928473,0.8032958087903143,0.02481106575920741,validation,beta
0.0046,1454,86632,358847,241,88086,483.989010989011,0.016506595826805623,0.8578171091445428,0.8055306759690132,0.03238992659916909,0.8057288661684266,0.025139087601383447,validation,beta
0.0047,1444,85557,359922,251,87001,478.0274725274725,0.016597510373443983,0.8519174041297936,0.807943808799068,0.03256065662487598,0.8081104894291707,0.025312816262247958,validation,beta
0.0048,1438,84486,360993,257,85924,472.1098901098901,0.016735719938550348,0.848377581120944,0.8103479625302202,0.03282393088257113,0.8104921126899148,0.025579811123795503,validation,beta
0.0049,1435,83415,362064,260,84850,466.2087912087912,0.01691219799646435,0.8466076696165191,0.8127521162613726,0.03316193887572939,0.8128804447485766,0.025922136827045486,validation,beta
0.005,1429,82372,363107,266,83801,460.44505494505495,0.01705230247849071,0.8430678466076696,0.8150934163002072,0.03342846448956677,0.8151994525620899,0.02619244550168565,validation,beta
0.0051,1426,81294,364185,269,82720,454.5054945054945,0.017238878143133463,0.8412979351032448,0.817513283454439,0.03378546466860156,0.8176034384825593,0.026554005856362244,validation,beta
0.0052,1421,80333,365146,274,81754,449.1978021978022,0.017381412530273747,0.8383480825958702,0.8196705119657717,0.034056729259787415,0.8197413087522978,0.026829028332139297,validation,beta
0.0053,1417,79344,366135,278,80761,443.74175824175825,0.01754559750374562,0.8359882005899705,0.8218905941694221,0.034369845735907636,0.8219440307352395,0.027146305251247366,validation,beta
0.0054,1412,78418,367061,283,79830,438.6263736263736,0.017687586120506076,0.8330383480825959,0.8239692555653577,0.03463968107942349,0.8240036316959394,0.027419902917782964,validation,beta
0.0055,1410,77462,368017,285,78872,433.3626373626374,0.017877066639618622,0.831858407079646,0.8261152602030624,0.035001923864609576,0.8261370294337327,0.027786690585862372,validation,beta
0.0056,1402,76529,368950,293,77931,428.1923076923077,0.01799027344702365,0.8271386430678466,0.8282096350220773,0.035214628387712554,0.8282055754583227,0.02800283122795353,validation,beta
0.0057,1400,75619,369860,295,77019,423.18131868131866,0.018177332865916204,0.8259587020648967,0.8302523800224029,0.035571816957593316,0.8302361049613797,0.028364520076141837,validation,beta
0.0058,1388,74681,370798,307,76069,417.96153846153845,0.01824659190997647,0.8188790560471977,0.832357978715046,0.03569775217324212,0.8323068872519422,0.0284933483560292,validation,beta
0.0059,1380,73842,371637,315,75222,413.3076923076923,0.018345696737656538,0.8141592920353983,0.8342413447098517,0.035882834743944776,0.8341652242751144,0.028681594311206673,validation,beta
0.006,1376,72975,372504,319,74351,408.52197802197804,0.018506812282282688,0.8117994100294985,0.836187564396975,0.03618862267574889,0.8360951218094075,0.028991538085225855,validation,beta
0.0061,1373,72112,373367,322,73485,403.7637362637363,0.018684085187453223,0.8100294985250738,0.8381248049851957,0.03652567172120245,0.838018310545783,0.029333007396661913,validation,beta
0.0062,1368,71225,374254,327,72593,398.8626373626374,0.01884479219759481,0.8070796460176991,0.8401159201668317,0.03682963601119966,0.8399906971335542,0.0296412471989178,validation,beta
0.0063,1360,70404,375075,335,71764,394.3076923076923,0.018951006075469595,0.8023598820058997,0.8419588802165758,0.03702745749329558,0.8418087813692209,0.02984245297191898,validation,beta
0.0064,1354,69579,375900,341,70933,389.74175824175825,0.019088435565956605,0.7988200589970501,0.8438108193652226,0.03728589524701217,0.8436402832007227,0.030104774681983148,validation,beta
0.0065,1349,68737,376742,346,70086,385.0879120879121,0.019247781297263362,0.7958702064896755,0.8457009196842051,0.037586547972304644,0.8455120378197302,0.0304097093370086,validation,beta
0.0066,1347,67947,377532,348,69294,380.7362637362637,0.01943891245995324,0.7946902654867256,0.8474742917174547,0.037949541478257194,0.8472742154060835,0.03077735987948893,validation,beta
0.0067,1341,67156,378323,354,68497,376.35714285714283,0.019577499744514358,0.7911504424778761,0.8492499085254299,0.038209482562115336,0.8490296841945194,0.03104124518511258,validation,beta
0.0068,1340,66373,379106,355,67713,372.04945054945057,0.019789405284066575,0.7905604719764012,0.8510075671356001,0.03861226371599816,0.8507784441850376,0.03144904598361933,validation,beta
0.0069,1337,65653,379826,358,66990,368.0769230769231,0.019958202716823407,0.7887905604719764,0.8526238049380555,0.03893135327946422,0.8523818468873414,0.03177241396397761,validation,beta
0.007,1334,64855,380624,361,66189,363.6758241758242,0.02015440632129206,0.7870206489675516,0.85441513516911,0.03930233928466207,0.8541596783355025,0.032148315844724815,validation,beta
0.0071,1327,64136,381343,368,65463,359.6868131868132,0.0202709927745444,0.7828908554572271,0.8560291281968399,0.03951874683582001,0.8557518997079436,0.03236832970376333,validation,beta
0.0072,1322,63413,382066,373,64735,355.6868131868132,0.020421719317216345,0.7799410029498525,0.85765210032347206,0.03980129459581515,0.85735753867622,0.0326550243778713,validation,beta
0.0073,1318,62706,382773,377,64024,351.7802197802198,0.020586030238660503,0.7775811209439528,0.8592391560544942,0.04011016600982973,0.8589296336549084,0.03296823333473785,validation,beta
0.0074,1314,62009,383470,381,63323,347.92857142857144,0.02075075407040096,0.7752212389380531,0.86080376403826,0.04041957611738287,0.8604793659738714,0.03328199864517994,validation,beta
0.0075,1311,61313,384166,384,62624,344.0879120879121,0.020934466019417477,0.7734513274336283,0.8623661272473001,0.040765559166031806,0.8620290982928346,0.03363264621267402,validation,beta
0.0076,1309,60629,384850,386,61938,340.31868131868134,0.021134037263069522,0.7722713864306785,0.8639015531596327,0.04114217465780334,0.8635542316860998,0.03401415819780699,validation,beta
0.0077,1303,59981,385498,392,61284,336.72527472527474,0.021261666993016123,0.7687315634218289,0.8653561671818425,0.04137887232252021,0.8649899144404639,0.03425465563491705,validation,beta
0.0078,1300,59271,386208,395,60571,332.8076923076923,0.021462416007660433,0.7669616519174042,0.8669499572370415,0.041756335720939196,0.8665709544830424,0.03463719641605572,validation,beta
0.0079,1298,58594,386885,397,59892,329.0769230769231,0.021672343551726442,0.7657817109144542,0.8684696697262946,0.04215175280497508,0.8680804340145,0.03503776300541683,validation,beta
0.008,1296,57974,387505,399,59270,325.65934065934067,0.021866036780833473,0.7646017699115044,0.8698614300561867,0.042516197818420406,0.8694624463855233,0.035406983346636924,validation,beta
0.0081,1287,57366,388113,408,58653,322.2692307692308,0.021942611631118613,0.7592920353982301,0.8712262530893712,0.042652614833963015,0.8708019697030686,0.03554650701173725,validation,beta
0.0082,1281,56747,388732,414,58028,318.83516483516485,0.02207554973461088,0.7557522123893805,0.8726157686445377,0.04289804597893609,0.8721728007442293,0.0357959243774118,validation,beta
0.0083,1273,56131,389348,422,57404,315.4065934065934,0.02217615497177897,0.7510324483775811,0.8739985498755273,0.04308025516506202,0.8735324504555274,0.035981691871478226,validation,beta
0.0084,1269,55575,389904,426,56844,312.3296703296703,0.022324255858138062,0.7486725663716814,0.8752466446229789,0.04335571157689745,0.8747668692723638,0.03626121106740551,validation,beta
0.0085,1264,54956,390523,431,56220,308.9010989010989,0.02248310209889719,0.7457227138643068,0.8766361601781453,0.04365017698351032,0.8761399365794971,0.03656015572307558,validation,beta
0.0086,1264,54340,391139,431,55604,305.5164835164835,0.022732177541184086,0.7457227138643068,0.8780189414091348,0.044119443620307515,0.8775174764185754,0.037035215276389595,validation,beta
0.0087,1260,53779,391700,435,55039,302.4120879120879,0.02289285779174767,0.7433628318584071,0.8792782600302147,0.04441780942644622,0.8787630765652744,0.03733795819867329,validation,beta
0.0088,1256,53185,392294,439,54441,299.1263736263736,0.02307084733932147,0.7410029498525074,0.8806116562172404,0.044748468006270484,0.8800824734890669,0.03767340564710258,validation,beta
0.0089,1252,52640,392839,443,53892,296.1098901098901,0.023231648482149484,0.7386430678466077,0.8818350584427099,0.04504650367891773,0.8812922933802054,0.03797583971261449,validation,beta
0.009,1246,52102,393377,449,53348,293.1208791208791,0.023356077078803328,0.7351032448377581,0.8830427472451002,0.04527369511109496,0.8824819868775913,0.03820692692860137,validation,beta
0.0091,1245,51501,393978,450,52746,289.8131868131868,0.023603685587532702,0.7345132743362832,0.8843918568552053,0.04573758748002424,0.8838237464611091,0.03867675293423672,validation,beta
0.0092,1238,50979,394500,457,52217,286.9065934065934,0.023708753854108814,0.7303834808259587,0.8855636292619854,0.04592669535539397,0.8849754234369619,0.038869502508461475,validation,beta
0.0093,1234,50438,395041,461,51672,283.9120879120879,0.023881405790370028,0.728023598820059,0.8867780523885526,0.04624580733412034,0.8861762982642104,0.03919333088837335,validation,beta
0.0094,1227,49925,395554,468,51152,281.05494505494505,0.02398733187363153,0.7238938053097345,0.887929621822802,0.046435937706965386,0.8873078488463104,0.03938715988845027,validation,beta
0.0095,1221,49351,396128,474,50572,277.86813186813185,0.0241437949853674,0.720353982300885,0.889218122515315,0.046721640805862205,0.8885780479187073,0.039677585202859425,validation,beta
0.0096,1216,48832,396647,479,50048,274.989010989011,0.024296675191815855,0.7174041297935103,0.8903831605979182,0.047001526776568804,0.8897274886285875,0.03996194719103657,validation,beta
0.0097,1211,48265,397214,484,49476,271.84615384615387,0.02447651386530843,0.7144542772861356,0.8916559478673518,0.04733149635535752,0.8909842701051492,0.04029703795605039,validation,beta
0.0098,1207,47754,397725,488,48961,269.0164835164835,0.024652274259104184,0.712094395280236,0.8928030277521499,0.047654769425142136,0.8921180569532218,0.04062516539657741,validation,beta
0.0099,1202,47206,398273,493,48408,265.97802197802196,0.024830606511320442,0.7091445427728613,0.8940331643017965,0.04798115881284554,0.8933323493763055,0.04095666890893097,validation,beta
0.01,1200,46706,398773,495,47906,263.2197802197802,0.025049054398196467,0.7079646017699115,0.8951555516646127,0.04838612124755549,0.8944460098306252,0.04136712598072962,validation,beta
0.011,1148,42026,403453,547,43174,237.21978021978023,0.026590077361374902,0.6772861356932154,0.9056610973805723,0.051171187233947715,0.9047954487514928,0.04419904059652643,validation,beta
0.012,1120,38060,407419,575,39180,215.27472527472528,0.02858601327207759,0.6607669616519174,0.9145638739424305,0.054801223241590216,0.9136018641513147,0.04788258972532148,validation,beta
0.013,1065,34502,410977,630,35567,195.42307692307693,0.02994348694014114,0.6283185840707964,0.9225507824162306,0.05716279319413879,0.9214355038530863,0.05029060631735862,validation,beta
0.014,1021,31349,414130,674,32370,177.85714285714286,0.03154155081865925,0.6023598820058997,0.9296285571261496,0.05994422427711727,0.9283880547616812,0.05312317879524201,validation,beta
0.015,981,28608,416871,714,29589,162.57692307692307,0.033154212714184325,0.5787610619469027,0.935781484649108,0.06271576524741082,0.9344282091534839,0.055946716032649335,validation,beta
0.016,935,26142,419337,760,27077,148.77472527472528,0.03453115190013665,0.551622418879056,0.9413170991225176,0.06499374391769776,0.9398399728070058,0.05827516113674817,validation,beta
0.017,895,23977,421502,800,24872,136.65934065934067,0.035984239305242846,0.528023598820059,0.9461770364035117,0.06737682086799412,0.9445920379986315,0.06071042887118113,validation,beta
0.018,861,22117,423362,834,22978,126.25274725274726,0.037470624075202366,0.5079646017699115,0.950352317393188,0.06979289101446925,0.9486754596644706,0.06317880056097988,validation,beta
0.019,836,20416,425063,859,21252,116.76923076923077,0.039337474120082816,0.49321533923303834,0.9541706792014887,0.07286355514882119,0.9524234414344305,0.06630813365278371,validation,beta
0.02,818,18877,426602,877,19695,108.21428571428571,0.041533384107641534,0.4825958702064897,0.957625387504237,0.07648433847592333,0.9558248019786482,0.06999269418699607,validation,beta
0.021,784,17449,428030,911,18233,100.18131868131869,0.04299895793341743,0.4625368731563422,0.9608309258124401,0.07868325973504617,0.9589421567443546,0.07224824783425679,validation,beta
0.022,751,16194,429285,944,16945,93.1043956043956,0.044319858365299496,0.4430678466076696,0.9636481180931088,0.0805793991416309,0.9616748737627858,0.07419916839792788,validation,beta
0.023,720,15078,430401,975,15798,86.8021978021978,0.04557538928978352,0.4247787610619469,0.9661532866869146,0.08231864174241126,0.9641012223429806,0.07599253600717748,validation,beta
0.024,695,14081,431398,1000,14776,81.18681318681318,0.047035733622089876,0.41002949852507375,0.9683913270883701,0.08439074737417279,0.9662748728682795,0.07812123330760842,validation,beta
0.025,672,13176,432303,1023,13848,76.08791208791209,0.04852686308492201,0.39646017699115044,0.9704228482150674,0.0864697934761629,0.9682472594560506,0.08025764901812786,validation,beta
0.026,650,12308,433171,1045,12958,71.1978021978022,0.05016206204661213,0.3834808259587021,0.9723713126769163,0.08871903364498737,0.9701391404688108,0.08256856517531004,validation,beta
0.027,632,11551,433928,1063,12183,66.93956043956044,0.05187556431092506,0.3728613569321534,0.97407060714422,0.09107940625450353,0.9717917410225102,0.08498998015015148,validation,beta
0.028,613,10817,434662,1082,11430,62.8021978021978,0.05363079615048119,0.3616519174041298,0.9757182717928342,0.0934095238095238,0.973390671192869,0.08738451193762753,validation,beta
0.029,591,10100,435379,1104,10691,58.74175824175824,0.055280142175661774,0.3486725663716814,0.9773277752711127,0.09543032455998708,0.9749448760437771,0.08947228231179577,validation,beta
0.03,570,9522,435957,1125,10092,55.45054945054945,0.05648038049940547,0.336283185840708,0.9786252550625282,0.09671672181216595,0.9761904761904762,0.09081540157763798,validation,beta
0.031,550,8961,436518,1145,9511,52.25824175824176,0.05782777836189675,0.32448377581120946,0.9798845736836079,0.09816169908977335,0.9774002960816147,0.09232145785931052,validation,beta
0.032,524,8461,437018,1171,8985,49.36813186813187,0.05831942125765164,0.30914454277286135,0.9810069610464242,0.09812734082397002,0.9784602861525938,0.09233846929230388,validation,beta
0.033,502,7979,437500,1193,8481,46.5989010989011,0.05919113312109421,0.296165191740413,0.982088942464179,0.09866352201257862,0.9794889684999575,0.09293249138603221,validation,beta
0.034,488,7529,437950,1207,8017,44.04945054945055,0.060870649869028313,0.287905604719764,0.9830990910907136,0.10049423393739704,0.9804639804639804,0.09482979875088395,validation,beta
0.035,475,7081,438398,1220,7556,41.51648351648352,0.06286394917946003,0.28023598820059,0.9841047501677969,0.10269160090800994,0.9814367561620309,0.09710090798939812,validation,beta
0.036,464,6708,438771,1231,7172,39.40659340659341,0.06469604015616286,0.2737463126843658,0.9849420511404579,0.1046577196346002,0.9822462844440867,0.09913380425741232,validation,beta
0.037,451,6346,439133,1244,6797,37.34615384615385,0.06635280270707665,0.26607669616519175,0.9857546595911367,0.10621761658031087,0.9830267412684995,0.10076122584199781,validation,beta
0.038,436,6029,439450,1259,6465,35.52197802197802,0.0674400618716164,0.25722713864306784,0.9864662531791623,0.10686274509803922,0.9837020935922035,0.10146594832226973,validation,beta
0.039,422,5731,439748,1273,6153,33.80769230769231,0.06858443035917439,0.24896755162241888,0.9871351960474006,0.1075433231396534,0.984337193128402,0.10220718331887921,validation,beta
0.04,411,5439,440040,1284,5850,32.142857142857146,0.07025641025641026,0.2424778761061947,0.9877906702672853,0.10894632206759443,0.9849655838666828,0.10367785948473565,validation,beta
0.041,405,5184,440295,1290,5589,30.708791208791208,0.07246376811594203,0.23893805309734514,0.9883630878223216,0.1112026359143328,0.9855224140938427,0.10600239237836678,validation,beta
0.042,392,4946,440533,1303,5338,29.32967032967033,0.07343574372424129,0.2312684365781711,0.9888973442070221,0.1114744774633869,0.9860255739376619,0.10633241781787581,validation,beta
0.043,382,4711,440768,1313,5093,27.983516483516482,0.07500490869821323,0.22536873156342183,0.9894248662675457,0.11255156157925753,0.986528733781481,0.1074749326677498,validation,beta
0.044,376,4501,440978,1319,4877,26.796703296703296,0.07709657576378921,0.22182890855457227,0.9898962689599285,0.11442483262325015,0.9869849320398771,0.10941464599780722,validation,beta
0.045,361,4288,441191,1334,4649,25.543956043956044,0.07765110776511078,0.2129793510324484,0.9903744059764882,0.11380832282471627,0.987427712702438,0.10885762268560807,validation,beta
0.046,354,4096,441383,1341,4450,24.45054945054945,0.07955056179775281,0.2088495575221239,0.9908054027238097,0.11521562245728235,0.987841421907356,0.11033146667189886,validation,beta
0.047,346,3927,441552,1349,4273,23.478021978021978,0.08097355487947577,0.20412979351032448,0.9911847696524415,0.11595174262734584,0.9882014607289332,0.11112708047467637,validation,beta
0.048,338,3757,441722,1357,4095,22.5,0.08253968253968254,0.19941002949852507,0.991566381355799,0.11675302245250431,0.988563735816483,0.11199183307413713,validation,beta
0.049,332,3604,441875,1363,3936,21.626373626373628,0.08434959349593496,0.1958702064896755,0.9919098318888208,0.11791866453560645,0.988892466914445,0.11321962836659225,validation,beta
0.05,322,3442,442037,1373,3764,20.681318681318682,0.08554729011689692,0.18997050147492625,0.9922734853943732,0.11797032423520792,0.9892323793422695,0.11333565313487602,validation,beta
0.051,314,3315,442164,1381,3629,19.939560439560438,0.08652521355745385,0.18525073746312684,0.9925585717845286,0.1179564237415477,0.9894984949930005,0.11337487714222619,validation,beta
0.052,303,3179,442300,1392,3482,19.13186813186813,0.08701895462377944,0.17876106194690267,0.9928638611472146,0.11705621016032451,0.9897780282395667,0.11253112364653421,validation,beta
0.053,299,3048,442431,1396,3347,18.39010989010989,0.08933373170002988,0.17640117994100296,0.9931579266362724,0.11860372867909559,0.990062034018078,0.11414574679377879,validation,beta
0.054,292,2933,442546,1403,3225,17.71978021978022,0.09054263565891472,0.17227138643067846,0.9934160757297201,0.1186991869918699,0.9903035507431112,0.11429794322381669,validation,beta
0.055,288,2832,442647,1407,3120,17.142857142857142,0.09230769230769231,0.16991150442477876,0.993642797977009,0.11962616822429907,0.9905204685424466,0.11528019339764016,validation,beta
0.056,284,2743,442736,1411,3027,16.63186813186813,0.09382226627023456,0.16755162241887905,0.9938425829275903,0.12028801355357899,0.9907105511501116,0.11599199856507592,validation,beta
0.057,279,2649,442830,1416,2928,16.087912087912088,0.09528688524590163,0.16460176991150444,0.9940535917517997,0.12070084360804674,0.9909095788216667,0.11645858397438909,validation,beta
0.058,272,2568,442911,1423,2840,15.604395604395604,0.09577464788732394,0.16047197640117994,0.994235418504576,0.11995589856670343,0.991075062503634,0.11575796696764791,validation,beta
0.059,261,2491,442988,1434,2752,15.12087912087912,0.09484011627906977,0.15398230088495576,0.9944082661584497,0.11738250505959073,0.9912226560578209,0.11322225688950248,validation,beta
0.06,255,2425,443054,1440,2680,14.725274725274724,0.09514925373134328,0.1504424778761062,0.9945564212903414,0.11657142857142858,0.9913568320161726,0.1124497621977798,validation,beta
0.061,248,2352,443127,1447,2600,14.285714285714286,0.09538461538461539,0.1463126843657817,0.9947202898453126,0.11548311990686845,0.9915044255703597,0.11140521500508234,validation,beta
0.062,242,2275,443204,1453,2517,13.82967032967033,0.09614620580055622,0.14277286135693215,0.9948931374991863,0.11490978157644825,0.9916632004544093,0.110881892874997,validation,beta
0.063,235,2205,443274,1460,2440,13.406593406593407,0.09631147540983606,0.13864306784660768,0.9950502717299805,0.11366384522370013,0.9918040852106786,0.10968109508506341,validation,beta
0.064,233,2131,443348,1462,2364,12.989010989010989,0.09856175972927242,0.13746312684365783,0.9952163850596774,0.11480660261148065,0.9919650963607007,0.11088095340810497,validation,beta
0.065,228,2055,443424,1467,2283,12.543956043956044,0.09986859395532194,0.13451327433628318,0.9953869879388254,0.11463046757164404,0.9921238712447503,0.11076161225235653,validation,beta
0.066,224,1977,443502,1471,2201,12.093406593406593,0.10177192185370286,0.13215339233038348,0.9955620803674248,0.11498973305954824,0.9922893549267175,0.11118313928861717,validation,beta
0.067,221,1904,443575,1474,2125,11.675824175824175,0.104,0.13038348082595871,0.9957259489223959,0.11570680628272251,0.9924458935447946,0.11196181885685143,validation,beta
0.068,216,1850,443629,1479,2066,11.351648351648352,0.10454985479186835,0.12743362831858407,0.99584716675758,0.11486306833289019,0.9925554705774486,0.1111616093442338,validation,beta
0.069,208,1771,443708,1487,1979,10.873626373626374,0.10510358767054068,0.12271386430678466,0.996024503960905,0.11322808927599347,0.9927142454614982,0.10959213188670205,validation,beta
0.07,204,1722,443757,1491,1926,10.582417582417582,0.1059190031152648,0.12035398230088495,0.996134497922461,0.11267605633802816,0.9928148774302621,0.10908363017595181,validation,beta
0.071,201,1668,443811,1494,1869,10.26923076923077,0.10754414125200643,0.11858407079646018,0.9962557157576452,0.11279461279461278,0.992928926994861,0.10925342530939168,validation,beta
0.072,196,1621,443858,1499,1817,9.983516483516484,0.10787011557512383,0.11563421828908554,0.9963612201697498,0.11161731207289294,0.9930228501657073,0.10811922693409341,validation,beta
0.073,191,1589,443890,1504,1780,9.780219780219781,0.10730337078651686,0.11268436578171091,0.9964330529609701,0.10992805755395682,0.9930832293469656,0.10645826757872802,validation,beta
0.074,189,1541,443938,1506,1730,9.505494505494505,0.1092485549132948,0.11150442477876106,0.9965408021478005,0.11036496350364962,0.993186097581702,0.10694527337748598,validation,beta
0.075,187,1510,443969,1508,1697,9.324175824175825,0.11019446081319977,0.11032448377581121,0.9966103901642951,0.11025943396226415,0.9932509492949053,0.10687206247951592,validation,beta
0.076,184,1457,444022,1511,1641,9.016483516483516,0.11212675198049969,0.10855457227138643,0.9967293632247536,0.11031175059952036,0.9933627625935318,0.10698158286670333,validation,beta
0.077,183,1419,444060,1512,1602,8.802197802197803,0.11423220973782772,0.1079646017699115,0.9968146646643277,0.11101000909918107,0.9934455044345154,0.1077232619928194,validation,beta
0.078,181,1376,444103,1514,1557,8.554945054945055,0.11624919717405266,0.10678466076696165,0.9969111899775298,0.1113161131611316,0.9935371913393891,0.10807877753137332,validation,beta
0.079,178,1344,444135,1517,1522,8.362637362637363,0.11695137976346912,0.10501474926253687,0.9969830227687501,0.1106621075536214,0.9936020430525925,0.10746089879506618,validation,beta
0.08,176,1317,444162,1519,1493,8.203296703296703,0.11788345612860013,0.10383480825958702,0.9970436316863421,0.11041405269761606,0.9936579497019058,0.10724450581293023,validation,beta
0.081,174,1282,444197,1521,1456,8,0.11950549450549451,0.10265486725663717,0.9971221988017392,0.11044112980006349,0.9937317464789992,0.10731407990809791,validation,beta
0.082,172,1247,444232,1523,1419,7.7967032967032965,0.12121212121212122,0.10147492625368731,0.9972007659171364,0.11046885035324341,0.9938055432560927,0.10738530049157766,validation,beta
0.083,170,1208,444271,1525,1378,7.571428571428571,0.12336719883889695,0.10029498525073746,0.9972883121314361,0.11064106736088512,0.9938882850970763,0.10760741533347393,validation,beta
0.084,167,1179,444300,1528,1346,7.395604395604396,0.12407132243684993,0.09852507374631268,0.9973534105984794,0.1098322920092075,0.9939464280123621,0.10683531551771511,validation,beta
0.085,163,1156,444323,1532,1319,7.247252747252747,0.12357846853677028,0.09616519174041298,0.9974050404171689,0.10816191108161911,0.9939889170658401,0.1051932957185414,validation,beta
0.086,160,1118,444361,1535,1278,7.021978021978022,0.12519561815336464,0.0943952802359882,0.997490341856743,0.10763538513286243,0.9940671863748787,0.1047178302553917,validation,beta
0.087,155,1092,444387,1540,1247,6.851648351648351,0.12429831595829992,0.09144542772861357,0.9975487059996094,0.1053704962610469,0.9941141479603018,0.1024865450645757,validation,beta
0.088,153,1062,444417,1542,1215,6.675824175824176,0.1259259259259259,0.09026548672566372,0.9976160492413784,0.10515463917525772,0.9941767634075327,0.10231324648174946,validation,beta
0.089,150,1029,444450,1545,1179,6.478021978021978,0.1272264631043257,0.08849557522123894,0.9976901268073243,0.10438413361169102,0.9942438513867086,0.10159014454399595,validation,beta
0.09,149,999,444480,1546,1148,6.3076923076923075,0.1297909407665505,0.08790560471976401,0.9977574700490932,0.10481885332395358,0.9943087030999119,0.1020701327090789,validation,beta
0.091,148,977,444502,1547,1125,6.181318681318682,0.13155555555555556,0.08731563421828908,0.9978068550930571,0.1049645390070922,0.994355664685335,0.10224946143541436,validation,beta
0.092,146,954,444525,1549,1100,6.043956043956044,0.13272727272727272,0.08613569321533923,0.9978584849117467,0.10447227191413237,0.9944026262707581,0.10179242033164534,validation,beta
0.093,143,927,444552,1552,1070,5.8791208791208796,0.1336448598130841,0.08436578171091445,0.9979190938293387,0.10343580470162748,0.9944562966540988,0.10079783904205003,validation,beta
0.094,141,904,444575,1554,1045,5.741758241758242,0.13492822966507176,0.0831858407079646,0.9979707236480283,0.10291970802919707,0.994503258239522,0.10031848446782454,validation,beta
0.095,139,870,444609,1556,1009,5.543956043956044,0.1377601585728444,0.08200589970501475,0.9980470459886998,0.10281065088757395,0.9945748187506429,0.10026545020868248,validation,beta
0.096,139,845,444634,1556,984,5.406593406593407,0.14126016260162602,0.08200589970501475,0.9981031653568406,0.10377006345651363,0.9946307253999561,0.10126755265858818,validation,beta
0.097,132,826,444653,1563,958,5.263736263736264,0.13778705636743216,0.07787610619469026,0.9981458160766277,0.09950998869204673,0.9946575605916266,0.0970381460698257,validation,beta
0.098,132,802,444677,1563,934,5.131868131868132,0.14132762312633834,0.07787610619469026,0.9981996906700428,0.100418410041841,0.9947112309749673,0.09798905353560516,validation,beta
0.099,130,778,444701,1565,908,4.989010989010989,0.14317180616740088,0.07669616519174041,0.998253565263458,0.09988474836726854,0.9947604288263628,0.09749813018738501,validation,beta
0.1,126,761,444718,1569,887,4.873626373626373,0.14205186020293123,0.074336283185840707,0.9982917264337937,0.09759876065065841,0.9947895002840058,0.09524250328070587,validation,beta
0.11,98,568,444911,1597,666,3.659340659340659,0.14714714714714713,0.05781710914454277,0.9987249679558408,0.08301567132570944,0.9951584841694732,0.08105053345191338,validation,beta
0.12,81,411,445068,1614,492,2.7032967032967035,0.16463414634146342,0.047787610619469026,0.999077397587765,0.07407407407407407,0.9954715614056273,0.0724922542331638,validation,beta
0.13,64,304,445175,1631,368,2.021978021978022,0.17391304347826086,0.03775811209439528,0.9993175884834078,0.06204556471158507,0.995672825343155,0.060775455172047556,validation,beta
0.14,50,236,445243,1645,286,1.5714285714285714,0.17482517482517482,0.029498525073746312,0.9994702331647507,0.05047955577990914,0.9957935837056716,0.04943919345897082,validation,beta
0.15,41,182,445297,1654,223,1.2252747252747254,0.18385650224215247,0.024188790560471976,0.9995914509999348,0.042752867570385815,0.9958942156744355,0.041908393246315456,validation,beta
0.16,32,145,445334,1663,177,0.9725274725274725,0.1807909604519774,0.01887905604719764,0.9996745076647833,0.034188034188034185,0.9959568311216663,0.033495255425020236,validation,beta
0.17,29,98,445381,1666,127,0.6978021978021978,0.2283464566929134,0.01710914454277286,0.999780012076888,0.03183315038419319,0.9960552268244576,0.03132128205373339,validation,beta
0.18,23,63,445416,1672,86,0.4725274725274725,0.26744186046511625,0.013569321533923304,0.9998585791922852,0.025828186412128015,0.9961200785376609,0.02547144604566913,validation,beta
0.19,17,44,445435,1678,61,0.33516483516483514,0.2786885245901639,0.010029498525073746,0.9999012299120722,0.0193621867881549,0.9961491499953038,0.019103870674588068,validation,beta
0.2,13,35,445444,1682,48,0.26373626373626374,0.2708333333333333,0.007669616519174041,0.9999214328846029,0.014916810097532988,0.9961603313251665,0.014711111851281924,validation,beta
0.21,13,27,445452,1682,40,0.21978021978021978,0.325,0.007669616519174041,0.9999393910824079,0.014985590778097984,0.9961782214529468,0.014813403063936966,validation,beta
0.22,8,17,445462,1687,25,0.13736263736263737,0.32,0.00471976401179941,0.9999618388296643,0.009302325581395349,0.9961894027828094,0.009193150451915084,validation,beta
0.23,4,11,445468,1691,15,0.08241758241758242,0.26666666666666666,0.002359882005899705,0.999975307478018,0.004678362573099415,0.9961938753147545,0.0046121697919088815,validation,beta
0.24,0,5,445474,1695,5,0.027472527472527472,0,0,0.9999887761263718,NA,0.9961983478466995,-2.2297384361778543e-5,validation,beta
0.25,0,3,445476,1695,3,0.016483516483516484,0,0,0.9999932656758231,NA,0.9962028203786446,-1.3394069212461208e-5,validation,beta
0.26,0,1,445478,1695,1,0.005494505494505495,0,0,0.9999977552252743,NA,0.9962072929105896,-4.469914802010853e-6,validation,beta
0.27,0,0,445479,1695,0,0,NA,0,1,NA,0.9962095291765621,0,validation,beta
0.28,0,0,445479,1695,0,0,NA,0,1,NA,0.9962095291765621,0,validation,beta
0.29,0,0,445479,1695,0,0,NA,0,1,NA,0.9962095291765621,0,validation,beta
0.3,0,0,445479,1695,0,0,NA,0,1,NA,0.9962095291765621,0,validation,beta
0.31,0,0,445479,1695,0,0,NA,0,1,NA,0.9962095291765621,0,validation,beta
0.32,0,0,445479,1695,0,0,NA,0,1,NA,0.9962095291765621,0,validation,beta
0.33,0,0,445479,1695,0,0,NA,0,1,NA,0.9962095291765621,0,validation,beta
0.34,0,0,445479,1695,0,0,NA,0,1,NA,0.9962095291765621,0,validation,beta
0.35,0,0,445479,1695,0,0,NA,0,1,NA,0.9962095291765621,0,validation,beta
0.36,0,0,445479,1695,0,0,NA,0,1,NA,0.9962095291765621,0,validation,beta
0.37,0,0,445479,1695,0,0,NA,0,1,NA,0.9962095291765621,0,validation,beta
0.38,0,0,445479,1695,0,0,NA,0,1,NA,0.9962095291765621,0,validation,beta
0.39,0,0,445479,1695,0,0,NA,0,1,NA,0.9962095291765621,0,validation,beta
0.4,0,0,445479,1695,0,0,NA,0,1,NA,0.9962095291765621,0,validation,beta
0.41,0,0,445479,1695,0,0,NA,0,1,NA,0.9962095291765621,0,validation,beta
0.42,0,0,445479,1695,0,0,NA,0,1,NA,0.9962095291765621,0,validation,beta
0.43,0,0,445479,1695,0,0,NA,0,1,NA,0.9962095291765621,0,validation,beta
0.44,0,0,445479,1695,0,0,NA,0,1,NA,0.9962095291765621,0,validation,beta
0.45,0,0,445479,1695,0,0,NA,0,1,NA,0.9962095291765621,0,validation,beta
0.46,0,0,445479,1695,0,0,NA,0,1,NA,0.9962095291765621,0,validation,beta
0.47,0,0,445479,1695,0,0,NA,0,1,NA,0.9962095291765621,0,validation,beta
0.48,0,0,445479,1695,0,0,NA,0,1,NA,0.9962095291765621,0,validation,beta
0.49,0,0,445479,1695,0,0,NA,0,1,NA,0.9962095291765621,0,validation,beta
0.5,0,0,445479,1695,0,0,NA,0,1,NA,0.9962095291765621,0,validation,beta
0.51,0,0,445479,1695,0,0,NA,0,1,NA,0.9962095291765621,0,validation,beta
0.52,0,0,445479,1695,0,0,NA,0,1,NA,0.9962095291765621,0,validation,beta
0.53,0,0,445479,1695,0,0,NA,0,1,NA,0.9962095291765621,0,validation,beta
0.54,0,0,445479,1695,0,0,NA,0,1,NA,0.9962095291765621,0,validation,beta
0.55,0,0,445479,1695,0,0,NA,0,1,NA,0.9962095291765621,0,validation,beta
0.56,0,0,445479,1695,0,0,NA,0,1,NA,0.9962095291765621,0,validation,beta
0.57,0,0,445479,1695,0,0,NA,0,1,NA,0.9962095291765621,0,validation,beta
0.58,0,0,445479,1695,0,0,NA,0,1,NA,0.9962095291765621,0,validation,beta
0.59,0,0,445479,1695,0,0,NA,0,1,NA,0.9962095291765621,0,validation,beta
0.6,0,0,445479,1695,0,0,NA,0,1,NA,0.9962095291765621,0,validation,beta
0.61,0,0,445479,1695,0,0,NA,0,1,NA,0.9962095291765621,0,validation,beta
0.62,0,0,445479,1695,0,0,NA,0,1,NA,0.9962095291765621,0,validation,beta
0.63,0,0,445479,1695,0,0,NA,0,1,NA,0.9962095291765621,0,validation,beta
0.64,0,0,445479,1695,0,0,NA,0,1,NA,0.9962095291765621,0,validation,beta
0.65,0,0,445479,1695,0,0,NA,0,1,NA,0.9962095291765621,0,validation,beta
0.66,0,0,445479,1695,0,0,NA,0,1,NA,0.9962095291765621,0,validation,beta
0.67,0,0,445479,1695,0,0,NA,0,1,NA,0.9962095291765621,0,validation,beta
0.68,0,0,445479,1695,0,0,NA,0,1,NA,0.9962095291765621,0,validation,beta
0.69,0,0,445479,1695,0,0,NA,0,1,NA,0.9962095291765621,0,validation,beta
0.7,0,0,445479,1695,0,0,NA,0,1,NA,0.9962095291765621,0,validation,beta
0.71,0,0,445479,1695,0,0,NA,0,1,NA,0.9962095291765621,0,validation,beta
0.72,0,0,445479,1695,0,0,NA,0,1,NA,0.9962095291765621,0,validation,beta
0.73,0,0,445479,1695,0,0,NA,0,1,NA,0.9962095291765621,0,validation,beta
0.74,0,0,445479,1695,0,0,NA,0,1,NA,0.9962095291765621,0,validation,beta
0.75,0,0,445479,1695,0,0,NA,0,1,NA,0.9962095291765621,0,validation,beta
0.76,0,0,445479,1695,0,0,NA,0,1,NA,0.9962095291765621,0,validation,beta
0.77,0,0,445479,1695,0,0,NA,0,1,NA,0.9962095291765621,0,validation,beta
0.78,0,0,445479,1695,0,0,NA,0,1,NA,0.9962095291765621,0,validation,beta
0.79,0,0,445479,1695,0,0,NA,0,1,NA,0.9962095291765621,0,validation,beta
0.8,0,0,445479,1695,0,0,NA,0,1,NA,0.9962095291765621,0,validation,beta
0.81,0,0,445479,1695,0,0,NA,0,1,NA,0.9962095291765621,0,validation,beta
0.82,0,0,445479,1695,0,0,NA,0,1,NA,0.9962095291765621,0,validation,beta
0.83,0,0,445479,1695,0,0,NA,0,1,NA,0.9962095291765621,0,validation,beta
0.84,0,0,445479,1695,0,0,NA,0,1,NA,0.9962095291765621,0,validation,beta
0.85,0,0,445479,1695,0,0,NA,0,1,NA,0.9962095291765621,0,validation,beta
0.86,0,0,445479,1695,0,0,NA,0,1,NA,0.9962095291765621,0,validation,beta
0.87,0,0,445479,1695,0,0,NA,0,1,NA,0.9962095291765621,0,validation,beta
0.88,0,0,445479,1695,0,0,NA,0,1,NA,0.9962095291765621,0,validation,beta
0.89,0,0,445479,1695,0,0,NA,0,1,NA,0.9962095291765621,0,validation,beta
0.9,0,0,445479,1695,0,0,NA,0,1,NA,0.9962095291765621,0,validation,beta
0.905,0,0,445479,1695,0,0,NA,0,1,NA,0.9962095291765621,0,validation,beta
0.91,0,0,445479,1695,0,0,NA,0,1,NA,0.9962095291765621,0,validation,beta
0.915,0,0,445479,1695,0,0,NA,0,1,NA,0.9962095291765621,0,validation,beta
0.92,0,0,445479,1695,0,0,NA,0,1,NA,0.9962095291765621,0,validation,beta
0.925,0,0,445479,1695,0,0,NA,0,1,NA,0.9962095291765621,0,validation,beta
0.93,0,0,445479,1695,0,0,NA,0,1,NA,0.9962095291765621,0,validation,beta
0.935,0,0,445479,1695,0,0,NA,0,1,NA,0.9962095291765621,0,validation,beta
0.94,0,0,445479,1695,0,0,NA,0,1,NA,0.9962095291765621,0,validation,beta
0.945,0,0,445479,1695,0,0,NA,0,1,NA,0.9962095291765621,0,validation,beta
0.95,0,0,445479,1695,0,0,NA,0,1,NA,0.9962095291765621,0,validation,beta
0.955,0,0,445479,1695,0,0,NA,0,1,NA,0.9962095291765621,0,validation,beta
0.96,0,0,445479,1695,0,0,NA,0,1,NA,0.9962095291765621,0,validation,beta
0.965,0,0,445479,1695,0,0,NA,0,1,NA,0.9962095291765621,0,validation,beta
0.97,0,0,445479,1695,0,0,NA,0,1,NA,0.9962095291765621,0,validation,beta
0.975,0,0,445479,1695,0,0,NA,0,1,NA,0.9962095291765621,0,validation,beta
0.98,0,0,445479,1695,0,0,NA,0,1,NA,0.9962095291765621,0,validation,beta
0.985,0,0,445479,1695,0,0,NA,0,1,NA,0.9962095291765621,0,validation,beta
0.99,0,0,445479,1695,0,0,NA,0,1,NA,0.9962095291765621,0,validation,beta
0.991,0,0,445479,1695,0,0,NA,0,1,NA,0.9962095291765621,0,validation,beta
0.992,0,0,445479,1695,0,0,NA,0,1,NA,0.9962095291765621,0,validation,beta
0.993,0,0,445479,1695,0,0,NA,0,1,NA,0.9962095291765621,0,validation,beta
0.994,0,0,445479,1695,0,0,NA,0,1,NA,0.9962095291765621,0,validation,beta
0.995,0,0,445479,1695,0,0,NA,0,1,NA,0.9962095291765621,0,validation,beta
0.996,0,0,445479,1695,0,0,NA,0,1,NA,0.9962095291765621,0,validation,beta
0.997,0,0,445479,1695,0,0,NA,0,1,NA,0.9962095291765621,0,validation,beta
0.998,0,0,445479,1695,0,0,NA,0,1,NA,0.9962095291765621,0,validation,beta
0.999,0,0,445479,1695,0,0,NA,0,1,NA,0.9962095291765621,0,validation,beta
1e-4,5343,987228,341573,7,992571,1827.9392265193371,0.005382990234451742,0.9986915887850467,0.2570535392432727,0.010708262477691119,0.26002753811225265,0.002753139648805881,test,beta
2e-4,5328,822504,506297,22,827832,1524.5524861878453,0.006436088481720929,0.9958878504672897,0.38101792518217553,0.012789522577300039,0.3834835786953651,0.0048596638052665325,test,beta
3e-4,5308,724221,604580,42,729529,1343.5156537753223,0.007275927344903356,0.9921495327102804,0.45498159619085177,0.014445915586103291,0.4571356615555511,0.00653626069003382,test,beta
4e-4,5290,656728,672073,60,662018,1219.1860036832413,0.007990719285578337,0.9887850467289719,0.5057740022772409,0.015853322304935205,0.5077108962928484,0.007960869127162255,test,beta
5e-4,5259,607756,721045,91,613015,1128.9410681399631,0.008578909162092281,0.9829906542056075,0.5426282791779958,0.017009371487713566,0.5443941502873363,0.009131278322716959,test,beta
6e-4,5228,569769,759032,122,574997,1058.926335174954,0.009092221350720091,0.9771962616822429,0.5712157049851708,0.018016807186045588,0.572843703598768,0.010151323522652345,test,beta
7e-4,5207,538956,789845,143,544163,1002.1418047882137,0.009568824047206444,0.9732710280373832,0.5944042787445223,0.01895132599228772,0.5959235498830342,0.011097463008256616,test,beta
8e-4,5193,513450,815351,157,518643,955.1436464088398,0.010012667673139327,0.9706542056074766,0.6135990264907989,0.019820875469710474,0.6150308323420662,0.011977761117899284,test,beta
9e-4,5180,491721,837080,170,496901,915.1031307550645,0.010424611743586751,0.9682242990654205,0.6299513621678491,0.020627136630887746,0.6313078504607049,0.012794001152332073,test,beta
0.001,5153,473137,855664,197,478290,880.828729281768,0.010773798323193041,0.963177570093458,0.6439369025158771,0.021309238276403936,0.6452170706314353,0.01348482738326169,test,beta
0.0011,5131,456850,871951,219,461981,850.7937384898711,0.011106517367597369,0.9590654205607476,0.6561938168318657,0.021958740164893832,0.6574083443328379,0.014142598594550517,test,beta
0.0012,5107,442121,886680,243,447228,823.6243093922652,0.011419231354029712,0.9545794392523365,0.6672782455762751,0.022568485432345367,0.6684303350970018,0.014760189026818745,test,beta
0.0013,5080,428960,899841,270,434040,799.3370165745856,0.011703990415629896,0.9495327102803738,0.6771826631677731,0.023122965930039374,0.6782747979801387,0.015321923385321186,test,beta
0.0014,5062,417168,911633,288,422230,777.5874769797422,0.011988726523458778,0.9461682242990654,0.686056828674873,0.023677440478974698,0.6870998859949137,0.015883501365991714,test,beta
0.0015,5041,406177,922624,309,411218,757.3075506445672,0.012258704628688433,0.9422429906542056,0.6943281951172523,0.024202531159378544,0.695322343572804,0.016415413849810066,test,beta
0.0016,5020,396151,932650,330,401171,738.804788213628,0.01251336711776275,0.9383177570093458,0.7018733429610604,0.024697371107519663,0.702821494718364,0.01691672531460999,test,beta
0.0017,4992,386782,942019,358,391774,721.4990791896869,0.012742040053704431,0.9330841121495327,0.7089240601113335,0.025140762079350534,0.7098229510752531,0.017366127262031607,test,beta
0.0018,4987,378153,950648,363,383140,705.598526703499,0.01301612987419742,0.9321495327102803,0.7154178842430131,0.02567376251640969,0.7162869870052191,0.01790575551806694,test,beta
0.0019,4971,369965,958836,379,374936,690.4898710865561,0.013258262743508225,0.9291588785046729,0.7215798302379363,0.026143481484987612,0.7224122306995235,0.018381576955637472,test,beta
0.002,4952,362471,966330,398,367423,676.65377532228365,0.01347765382134488,0.925607476635514,0.7272195008883948,0.02656844782213304,0.7280150447737924,0.018812179399729408,test,beta
0.0021,4933,355192,973609,417,360125,663.2136279926335,0.01369802152030545,0.9220560747663551,0.7326973715402081,0.026995006498392503,0.7334567076740189,0.019244409055824748,test,beta
0.0022,4920,348330,980471,430,353250,650.5524861878453,0.013927813163481953,0.9196261682242991,0.7378614254504625,0.02744004461795873,0.7385903094927035,0.019695216232267235,test,beta
0.0023,4905,341604,987197,445,346509,638.1381215469613,0.01415547648113036,0.9168224299065421,0.742923131454597,0.02788048621749053,0.7436204747438633,0.02014142926964333,test,beta
0.0024,4878,335331,993470,472,340209,626.5359116022099,0.014338245019973016,0.9117757009345795,0.7476439286243765,0.02823251601029057,0.7483021037348846,0.020498456559253874,test,beta
0.0025,4862,329314,999487,488,334176,615.4254143646409,0.014549219572919658,0.908785046728972,0.7521720709120477,0.02863992742823819,0.7528000953415318,0.020911287851076977,test,beta
0.0026,4850,323637,1005164,500,328487,604.9484346224677,0.01476466344178004,0.9065420560747663,0.7564443434344195,0.0290560962385835,0.7570462413924661,0.02133289232152081,test,beta
0.0027,4827,318154,1010647,523,322981,594.8084714548803,0.014945151572383514,0.9022429906542057,0.7605706196789437,0.029403254642418775,0.7611387316728017,0.021684937542876946,test,beta
0.0028,4809,312802,1015999,541,317611,584.9189686924493,0.015141163246864875,0.8988785046728972,0.7645983108080141,0.029780685593616567,0.7651367798697449,0.022067511749027647,test,beta
0.0029,4793,307659,1021142,557,312452,575.4180478821363,0.015339956217274974,0.8958878504672897,0.7684687172872386,0.03016343509480746,0.7689796732154006,0.02245542912033133,test,beta
0.003,4765,302773,1026028,585,307538,566.3683241252302,0.015494020251155954,0.8906542056074767,0.7721457163262219,0.030458183119838406,0.7726209402084172,0.02275460836634071,test,beta
0.0031,4745,298122,1030679,605,302867,557.7661141804788,0.015666942915537184,0.8869158878504673,0.7756458642038951,0.03078999536041166,0.7760920615432586,0.02309110343707647,test,beta
0.0032,4732,293498,1035303,618,298230,549.2265193370166,0.015866948328471315,0.8844859813084112,0.779125693011971,0.031174649186375913,0.7795481920712123,0.023480905689991165,test,beta
0.0033,4717,288952,1039849,633,293669,540.8268876611418,0.01606230143460835,0.8816822429906542,0.7825468222856545,0.031549834625893336,0.7829443593716153,0.02386119172498368,test,beta
0.0034,4699,284625,1044176,651,289324,532.8250460405156,0.01624130732327771,0.8783177570093458,0.7858031413281598,0.031892871444375824,0.7861741287155651,0.024209032957895723,test,beta
0.0035,4685,280465,1048336,665,285150,525.1381215469613,0.0164299491495704,0.8757009345794392,0.7889337831624148,0.032254733218588634,0.7892817229833804,0.024575823769660315,test,beta
0.0036,4668,276277,1052524,682,280945,517.3941068139964,0.016615351759241132,0.8725233644859813,0.7920854966244005,0.032609720742590685,0.7924080557598053,0.024935760149172804,test,beta
0.0037,4649,272329,1056472,701,276978,510.08839779005524,0.016784726584782906,0.8689719626168224,0.7950565961344099,0.032933325777110306,0.7953529997728893,0.02526400115546681,test,beta
0.0038,4630,268420,1060381,720,273050,502.8545119705341,0.016956601355063175,0.8654205607476636,0.7979983458772232,0.033261494252873565,0.7982687117125423,0.025596878132162448,test,beta
0.0039,4619,264700,1064101,731,269319,495.98342541436466,0.01715066519629139,0.8633644859813084,0.8007978621328551,0.03363320942661895,0.8010487568498619,0.02597359570366717,test,beta
0.004,4607,261087,1067714,743,265694,489.30755064456724,0.017339495810970516,0.8611214953271028,0.803516854668231,0.03399448060093565,0.803747851629988,0.026339780731226625,test,beta
0.0041,4597,257495,1071306,753,262092,482.6740331491713,0.017539642568258473,0.8592523364485981,0.806220043482809,0.03437754728127968,0.8064327051435707,0.026727974413829864,test,beta
0.0042,4579,253888,1074913,771,258467,475.9981583793739,0.017715994691778834,0.8558878504672898,0.8089345206693854,0.034713456676408266,0.8091228054395642,0.027068706661168767,test,beta
0.0043,4561,250415,1078386,789,254976,469.56906077348066,0.017887958082329316,0.8525233644859813,0.8115481550661084,0.0350406797630663,0.8117124673294103,0.027400659316747154,test,beta
0.0044,4548,247178,1081623,802,251726,463.5837937384899,0.018067263612022596,0.8500934579439252,0.8139841857433883,0.03538253279185922,0.8141289853997037,0.027747260881652858,test,beta
0.0045,4530,243957,1084844,820,248487,457.61878453038673,0.018230329956899154,0.8467289719626169,0.8164081754905362,0.03569219617313473,0.8165297631227649,0.028061461716030658,test,beta
0.0046,4515,240750,1088051,835,245265,451.68508287292815,0.018408660020793836,0.8439252336448598,0.8188216294238189,0.03603136284739541,0.818922295902038,0.028405440435057598,test,beta
0.0047,4499,237546,1091255,851,242045,445.7550644567219,0.018587452746390135,0.8409345794392523,0.821232825682702,0.036370985670688576,0.8213118305199336,0.02874993144485306,test,beta
0.0048,4490,234473,1094328,860,238963,440.0791896869245,0.018789519716441456,0.8392523364485981,0.8235454368261312,0.036756128409049044,0.8236084221351256,0.029140261106616286,test,beta
0.0049,4477,231461,1097340,873,235938,434.50828729281767,0.01897532402580339,0.8368224299065421,0.8258121419234332,0.037109180730081896,0.8258562936279327,0.029498258563074906,test,beta
0.005,4461,228511,1100290,889,232972,429.0460405156538,0.019148223820888346,0.8338317757009346,0.8280321884164747,0.03743674524382977,0.8280554449983547,0.02983057629312572,test,beta
0.0051,4445,225666,1103135,905,230111,423.77716390423575,0.01931676451799349,0.8308411214953271,0.8301732163055265,0.03775572175434573,0.8301758946326165,0.03015421175090157,test,beta
0.0052,4432,222837,1105964,918,227269,418.54327808471453,0.019501119818365022,0.8284112149532711,0.8323022032644467,0.038105227861868554,0.8322866002424013,0.03050865435016284,test,beta
0.0053,4418,220136,1108665,932,224554,413.54327808471453,0.01967455489548171,0.8257943925233645,0.8343348627823127,0.03843343308511379,0.8343006151477607,0.030841579333503403,test,beta
0.0054,4413,217424,1111377,937,221837,408.5395948434622,0.019892984488611008,0.8248598130841122,0.8363758004396444,0.03884905386311717,0.8363296208600076,0.031262660844217256,test,beta
0.0055,4399,214696,1114105,951,219095,403.48987108655615,0.020078048335197062,0.8222429906542056,0.8384287790271079,0.03919891287397804,0.8383638733546652,0.031617533300512285,test,beta
0.0056,4387,212055,1116746,963,216442,398.6040515653775,0.02026870940020883,0.82,0.84041628505698,0.039559587361131146,0.8403344149200502,0.03198328481186851,test,beta
0.0057,4365,209525,1119276,985,213890,393.90423572744015,0.020407686193837954,0.8158878504672897,0.842320257134063,0.03981937602627258,0.8422142621037648,0.032247319249790324,test,beta
0.0058,4350,206973,1121828,1000,211323,389.1767955801105,0.02058460271716756,0.8130841121495327,0.8442407854900772,0.040152672460343465,0.8441158459574666,0.03258550486250514,test,beta
0.0059,4338,204515,1124286,1012,208853,384.6279926335175,0.020770589840701355,0.810841121495327,0.8460905733815673,0.04050363440287951,0.8459492216398293,0.03294145936895792,test,beta
0.006,4317,202145,1126656,1033,206462,380.22467771639043,0.02090941674497002,0.8069158878504673,0.8478741361573328,0.04076256302759051,0.847709891908787,0.03320463204628822,test,beta
0.0061,4301,199738,1129063,1049,204039,375.76243093922653,0.02107930346649415,0.8039252336448598,0.849685543584028,0.04108143216692376,0.8495020428722087,0.03352829697357334,test,beta
0.0062,4279,197333,1131468,1071,201612,371.292817679558,0.021223935083229173,0.7998130841121496,0.8514954458944567,0.04135058609793102,0.8512881975128752,0.03380191103941898,test,beta
0.0063,4266,195001,1133800,1084,199267,366.9742173112339,0.021408462013278666,0.7973831775700935,0.8532504114611593,0.041697415170782494,0.8530263815715012,0.03415378404503287,test,beta
0.0064,4249,192744,1136057,1101,196993,362.7863720073665,0.021569294340408034,0.7942056074766355,0.8549489351678694,0.04199799350607632,0.854705351942921,0.03445902183702538,test,beta
0.0065,4235,190533,1138268,1115,194768,358.68876611418045,0.021743818286371477,0.791588785046729,0.8566128412004507,0.042325028233342325,0.8563520920795322,0.034790923735745584,test,beta
0.0066,4219,188334,1140467,1131,192553,354.609576427256,0.021910850519077863,0.7885981308411215,0.8582677165354331,0.04263704946362612,0.8579883386513221,0.03510773338760832,test,beta
0.0067,4205,186156,1142645,1145,190361,350.57274401473296,0.022089608690855796,0.7859813084112149,0.8599067881496176,0.04297152433945972,0.8596103439565687,0.0354471994498651,test,beta
0.0068,4195,184060,1144741,1155,188255,346.69429097605894,0.022283604685134524,0.7841121495327102,0.8614841499968768,0.04333565765346969,0.8611738851149533,0.035816513144752725,test,beta
0.0069,4179,181996,1146805,1171,186175,342.8637200736648,0.022446622801127972,0.7811214953271028,0.8630374299838727,0.04363921159117609,0.8627089437402513,0.036124791104122894,test,beta
0.007,4172,179909,1148892,1178,184081,339.0073664825046,0.022663935984702385,0.7798130841121496,0.8646080188079329,0.04404770074591803,0.8642679876565696,0.03653889461165393,test,beta
0.0071,4164,177906,1150895,1186,182070,335.30386740331494,0.022870324600428406,0.7783177570093458,0.8661153927488013,0.044434958915804075,0.8657633206436153,0.03693155364004994,test,beta
0.0072,4153,175898,1152903,1197,180051,331.585635359116,0.023065686944254683,0.7762616822429906,0.867626529480336,0.044800189858738626,0.8672601527113498,0.03730207144949094,test,beta
0.0073,4129,174034,1154767,1221,178163,328.1086556169429,0.023175406790411027,0.7717757009345795,0.86902929784068494,0.044999536817555155,0.868639306945016,0.037505292909550306,test,beta
0.0074,4119,172098,1156703,1231,176217,324.52486187845307,0.02337458928480226,0.7699065420560748,0.8704862503866267,0.04537168097727009,0.8700829216482991,0.03788278735654274,test,beta
0.0075,4107,170187,1158614,1243,174294,320.98342541436466,0.023563633860029604,0.7676635514018691,0.8719243889792376,0.04572376477923003,0.871506298762284,0.03824008520673454,test,beta
0.0076,4086,168378,1160423,1264,172464,317.6132596685083,0.023691900918452545,0.7637383177570094,0.8732857666422587,0.045958136029783936,0.8728464768980423,0.03847867653763537,test,beta
0.0077,4074,166569,1162232,1276,170643,314.2596685082873,0.02387440445843076,0.7614953271028038,0.8746471443052797,0.04629729591517844,0.8741934008969,0.0388229140221697,test,beta
0.0078,4056,164751,1164050,1294,168807,310.878453038674,0.02402743962039489,0.7581308411214953,0.8760152949914999,0.04657866178218504,0.8755425735167909,0.03910897406559315,test,beta
0.0079,4038,163022,1165779,1312,167060,307.6611418047882,0.02417095654255956,0.7547663551401869,0.8773164680038621,0.04684183052027145,0.8768250370460315,0.03937662156148972,test,beta
0.008,4027,161317,1167484,1323,165344,304.50092081031306,0.02435528353009483,0.7527102803738318,0.8785995796210267,0.04718384946160965,0.8780947583894176,0.039723740549204876,test,beta
0.0081,4018,159593,1169208,1332,163611,301.30939226519337,0.024558250973345314,0.7510280373831776,0.8798969898427229,0.04756127153603495,0.8793802200800359,0.04010661189353231,test,beta
0.0082,4006,157887,1170914,1344,161893,298.1454880294659,0.024744738808966417,0.748785046728972,0.8811808540180207,0.047906339876706346,0.8806499414234221,0.040456903791433727,test,beta
0.0083,3993,156177,1172624,1357,160170,294.97237569060775,0.02492976212773928,0.7463551401869158,0.8824677284258515,0.04824794586756888,0.8819219113878414,0.04080376433439791,test,beta
0.0084,3976,154549,1174252,1374,158525,291.9429097605893,0.02508121747358461,0.743177570093458,0.8836928930667571,0.04852479023646072,0.8831294208826437,0.041085288830638785,test,beta
0.0085,3959,152933,1175868,1391,156892,288.9355432780847,0.025233918874129974,0.74,0.8849090270100639,0.048803639008394864,0.8843279358933134,0.04136886400457532,test,beta
0.0086,3947,151339,1177462,1403,155286,285.9779005524862,0.025417616526924515,0.7377570093457944,0.8861086046744396,0.0491421599143405,0.8855137087181286,0.0417125844474317,test,beta
0.0087,3932,149779,1179022,1418,153711,283.0773480662983,0.02558047244504297,0.7349532710280374,0.8872825953622853,0.04944015189141272,0.8866717485502016,0.04201545835489396,test,beta
0.0088,3916,148249,1180552,1434,152165,280.23020257826886,0.025735221634410017,0.7319626168224299,0.8884340093061339,0.049722248674729394,0.8878065526315987,0.042302313987312705,test,beta
0.0089,3904,146683,1182118,1446,150587,277.3241252302026,0.025925212667760166,0.7297196261682243,0.889612515342779,0.050071503235280916,0.8889713383267711,0.04265695517390451,test,beta
0.009,3889,145183,1183618,1461,149072,274.5340699815838,0.02608806482773425,0.7269158878504672,0.8907413525426305,0.050368470813744154,0.890084405738181,0.04295884441484035,test,beta
0.0091,3874,143731,1185070,1476,147605,271.83241252302025,0.026245723383354222,0.7241121495327103,0.8918340669520869,0.05065542152920794,0.8911614952130605,0.04325060368960928,test,beta
0.0092,3860,142296,1186505,1490,146156,269.16390423572744,0.02641013711376885,0.7214953271028037,0.8929139878732782,0.050955077686692274,0.8922265920424299,0.0435551832214775,test,beta
0.0093,3849,140827,1187974,1501,144676,266.43830570902395,0.026604274378611518,0.7194392523364486,0.8940194957709996,0.05131110607494701,0.8933194218645416,0.04391667958373432,test,beta
0.0094,3841,139409,1189392,1509,143250,263.8121546961326,0.02681326352530541,0.7179439252336448,0.895086623203926,0.05169582772543741,0.8943762737501227,0.044307043259381694,test,beta
0.0095,3832,138067,1190734,1518,141899,261.3241252302026,0.02700512336239156,0.7162616822429907,0.8960965562187265,0.052047891666496884,0.8953754110291864,0.04466440093995381,test,beta
0.0096,3817,136743,1192058,1533,140560,258.8581952117864,0.027155663062037563,0.7134579439252337,0.8970929431871288,0.05231992324035364,0.8963565593399847,0.044941125140538024,test,beta
0.0097,3801,135333,1193468,1549,139134,256.23204419889504,0.02731898745094657,0.7104672897196261,0.8981540501549894,0.052614822402480554,0.8974014185800557,0.04524111304186073,test,beta
0.0098,3792,133941,1194860,1558,137733,253.65193370165747,0.027531528391888653,0.7087850467289719,0.8992016110764516,0.053004200359232055,0.8984380328763386,0.04563631830128607,test,beta
0.0099,3780,132593,1196208,1570,136373,251.14732965009208,0.027718096690693906,0.7065420560747664,0.9002160594400516,0.05334349399885692,0.8994394187764354,0.04598101846157006,test,beta
0.01,3771,131267,1197534,1579,135038,248.68876611418048,0.02792547282987011,0.7048598130841122,0.9012139515247204,0.053722540388067355,0.9004265634099888,0.046365779703352476,test,beta
0.011,3657,119323,1209478,1693,122980,226.48250460405157,0.0297365425272402,0.6835514018691589,0.910202505868072,0.056993688147744095,0.9092936256840493,0.049689861639635104,test,beta
0.012,3534,108744,1220057,1816,112278,206.77348066298342,0.031475444877892375,0.6605607476635514,0.9181638183595587,0.0600877342129425,0.9171308195249264,0.052836907710830536,test,beta
0.013,3416,99443,1229358,1934,102859,189.42725598526704,0.03321051147687611,0.6385046728971963,0.9251633615567718,0.06313707732258869,0.9240138485074029,0.0559399810615362,test,beta
0.014,3309,91145,1237656,2041,94454,173.94843462246777,0.0350329260804201,0.6185046728971962,0.9314080889463509,0.06630996753637129,0.9301533334682506,0.05916890458855183,test,beta
0.015,3191,83729,1245072,2159,86920,160.07366482504605,0.036711919005982516,0.5964485981308412,0.9369890600624172,0.06916657635201041,0.9356234789015636,0.062080537379444765,test,beta
0.016,3087,77317,1251484,2263,80404,148.07366482504605,0.038393612258096614,0.5770093457943926,0.9418144628127161,0.07199664155607903,0.9403515793939367,0.06496543714076804,test,beta
0.017,2992,71575,1257226,2358,74567,137.32412523020258,0.04012498826558665,0.5592523364485982,0.946135651613748,0.07487768559880875,0.9445842337186721,0.0679026316400148,test,beta
0.018,2906,66490,1262311,2444,69396,127.8011049723757,0.04187561242722924,0.5431775700934579,0.9499624097212449,0.07775666925320418,0.9483311859002467,0.07083809399192215,test,beta
0.019,2843,62004,1266797,2507,64847,119.42357274401473,0.043841658056656435,0.5314018691588785,0.9533383855069344,0.08100061256179039,0.9516464028434563,0.07414107328897106,test,beta
0.02,2768,57902,1270899,2582,60670,111.73112338858195,0.045623866820504365,0.5173831775700934,0.9564253789694619,0.08385337776431384,0.9546648018102898,0.07705109114541951,test,beta
0.021,2708,54217,1274584,2642,56925,104.8342541436464,0.047571365832235396,0.5061682242990654,0.9591985556904307,0.0869690887193898,0.9573818855586811,0.0802261509392516,test,beta
0.022,2615,50817,1277984,2735,53432,98.40147329650092,0.04894070968707891,0.48878504672897194,0.9617572533434277,0.08897281480725393,0.9598606154775584,0.08228252601785335,test,beta
0.023,2550,47810,1280991,2800,50360,92.74401473296501,0.050635424940428914,0.4766355140186916,0.9640201956500635,0.09154550350026926,0.9620657631707356,0.08491121139946252,test,beta
0.024,2486,44962,1283839,2864,47448,87.38121546961327,0.05239419996627887,0.4646728971962617,0.966163481213515,0.09417023372097427,0.9641524834895001,0.08759415063316463,test,beta
0.025,2432,42397,1286404,2918,44829,82.55801104972376,0.05425059671194985,0.45457943925233646,0.9680937928252613,0.096932979931844,0.9660345792942479,0.09041581455696453,test,beta
0.026,2352,40017,1288784,2998,42369,78.02762430939227,0.05551228492529916,0.43962616822429906,0.9698848811823592,0.09857708669502714,0.9677585220863305,0.09211209604159791,test,beta
0.027,2299,37740,1291061,3051,40039,73.7366482504604,0.05741901645895252,0.4297196261682243,0.9715984560517339,0.10130207759589327,0.9694254998122401,0.09489870778530968,test,beta
0.028,2235,35698,1293103,3115,37933,69.85819521178637,0.05891967416233886,0.4177570093457944,0.9731351797597985,0.10327380264769079,0.9709080906134313,0.09692631572142894,test,beta
0.029,2186,33811,1294990,3164,35997,66.29281767955801,0.06072728282912465,0.4085981308411215,0.9745552569572118,0.10573923138317169,0.9722857457664088,0.09945129263130784,test,beta
0.03,2134,32136,1296665,3216,34270,63.11233885819521,0.06227020717829005,0.3988785046728972,0.9758157918303794,0.1077233720343261,0.9735022497453437,0.10149031374664855,test,beta
0.031,2080,30480,1298321,3270,32560,59.96316758747698,0.06388206388206388,0.38878504672897196,0.9770620280990155,0.1097335795304669,0.9747030133770466,0.1035586603274078,test,beta
0.032,2026,28910,1299891,3324,30936,56.972375690607734,0.06549004396172743,0.3786915887850467,0.9782435443681936,0.11166841205974756,0.9758393165391324,0.10555253577595894,test,beta
0.033,1980,27483,1301318,3370,29463,54.25966850828729,0.06720293249159963,0.37009345794392523,0.979317444824319,0.11375061040415935,0.9768744317547264,0.10769402131045526,test,beta
0.034,1936,26165,1302636,3414,28101,51.751381215469614,0.06889434539696096,0.3618691588785047,0.980309316443922,0.11575139756658993,0.9778293461534714,0.10975346257388148,test,beta
0.035,1875,24920,1303881,3475,26795,49.34622467771639,0.06997574174286247,0.35046728971962615,0.9812462513197988,0.11665888940737283,0.9787168019212218,0.11071376850216211,test,beta
0.036,1834,23712,1305089,3516,25546,47.04604051565378,0.07179206137947232,0.342803738317757,0.9821553415447459,0.11872087001553598,0.9795915155031177,0.11283782106595754,test,beta
0.037,1796,22600,1306201,3554,24396,44.92817679558011,0.073618626004263,0.3357009345794392,0.9829921861889026,0.12075573186310766,0.9803965218329859,0.11493410388248639,test,beta
0.038,1747,21578,1307223,3603,23325,42.95580110497237,0.07489817792068595,0.32654205607476633,0.9837613006010681,0.12184829991281604,0.9811258245880714,0.11608184271668726,test,beta
0.039,1717,20600,1308201,3633,22317,41.09944751381215,0.07693686427387193,0.32093457943925235,0.9844973024553714,0.12411898651823472,0.9818363888345473,0.11841581641742631,test,beta
0.04,1674,19688,1309113,3676,21362,39.34069981583794,0.07836344911525138,0.3128971962616822,0.9851836354728812,0.12533692722371967,0.9824877393938167,0.11969081469276818,test,beta
0.041,1643,18812,1309989,3707,20455,37.67034990791897,0.08032265949645563,0.3071028037383178,0.9858428763975945,0.12733966285603565,0.9831211009848211,0.12175638277805666,test,beta
0.042,1612,18019,1310782,3738,19631,36.15285451197053,0.08211502215883042,0.3013084112149533,0.9864396549972494,0.1290580841439494,0.9836922507272415,0.1235341768517001,test,beta
0.043,1581,17279,1311522,3769,18860,34.7329650092081,0.08382820784729586,0.2955140186915888,0.9869965480158428,0.13060718711276334,0.9842236748314096,0.1251412626686524,test,beta
0.044,1555,16578,1312223,3795,18133,33.394106813996316,0.08575525285391275,0.2906542056074766,0.9875240912672402,0.13243623046459138,0.9847296145638688,0.12703000452417998,test,beta
0.045,1521,15920,1312881,3829,17441,32.11970534069982,0.08720830227624563,0.28429906542056077,0.9880192745189084,0.13347373963406609,0.9851973277387642,0.12812265046653942,test,beta
0.046,1490,15271,1313530,3860,16761,30.867403314917127,0.08889684386373128,0.27850467289719627,0.9885076847473775,0.13477454660576182,0.9856605436715934,0.1294822035589106,test,beta
0.047,1452,14637,1314164,3898,16089,29.629834254143645,0.09024799552489278,0.2714018691588785,0.9889848066038481,0.13545407901487944,0.9861072697168461,0.130219121337924,test,beta
0.048,1426,14112,1314689,3924,15538,28.61510128913444,0.09177500321791736,0.26654205607476633,0.9893798996237962,0.13653772500957487,0.9864812903486937,0.13135546568989503,test,beta
0.049,1392,13553,1315248,3958,14945,27.52302025782689,0.09314151890264302,0.2601869158878505,0.9898005796202742,0.1371766444937177,0.9868747990294952,0.1320506274141488,test,beta
0.05,1368,13084,1315717,3982,14452,26.61510128913444,0.09465817879878217,0.25570093457943927,0.9901535293847612,0.13816786183213817,0.987208344482746,0.13309363497087107,test,beta
0.051,1338,12631,1316170,4012,13969,25.7255985267035,0.09578352065287422,0.25009345794392523,0.9904944382191163,0.13851648636057767,0.9875254000484203,0.13349153018322124,test,beta
0.052,1304,12144,1316657,4046,13448,24.766114180478823,0.09696609161213564,0.24373831775700935,0.9908609340300015,0.1387381636344292,0.9878649418244262,0.1337681337174502,test,beta
0.053,1284,11701,1317100,4066,12985,23.913443830570902,0.09888332691567193,0.24,0.9911943172830243,0.1400599945459504,0.9881819973901005,0.13514772984518755,test,beta
0.054,1255,11279,1317522,4095,12534,23.082872928176794,0.10012765278442635,0.23457943925233646,0.9915118968152492,0.14034891523149184,0.9884765667454434,0.13548961159419348,test,beta
0.055,1225,10854,1317947,4125,12079,22.244935543278086,0.10141568010596903,0.22897196261682243,0.9918317340218739,0.14057031384474153,0.988772635181475,0.13576669764939256,test,beta
0.056,1197,10482,1318319,4153,11679,21.50828729281768,0.10249165168250707,0.22373831775700934,0.992111685647437,0.14058371014152327,0.989030477059943,0.13583042050042454,test,beta
0.057,1165,10128,1318673,4185,11293,20.79742173112339,0.10316125033206411,0.2177570093457944,0.992378091226602,0.1399987982935769,0.9892718290508346,0.13529308526873618,test,beta
0.058,1147,9790,1319011,4203,10937,20.141804788213626,0.1048733656395721,0.21439252336448597,0.9926324558756352,0.14084852950205684,0.9895116819610374,0.13619640946359263,test,beta
0.059,1124,9458,1319343,4226,10582,19.48802946593002,0.10621810621810622,0.21009345794392523,0.9928823051758691,0.14109967361285464,0.989743289927452,0.13649987672592043,test,beta
0.06,1098,9150,1319651,4252,10248,18.87292817679558,0.10714285714285714,0.20523364485981307,0.9931140930809053,0.14078728042056673,0.9899546603045682,0.1362358894090461,test,beta
0.061,1083,8850,1319951,4267,9933,18.29281767955801,0.10903050437934159,0.2024299065420561,0.9933398605208756,0.14172610089642088,0.9901682793027176,0.13722885925045447,test,beta
0.062,1065,8554,1320247,4285,9619,17.71454880294659,0.11071836989292026,0.19906542056074766,0.993562617728313,0.14229407442046896,0.9903766515184563,0.1378508491466351,test,beta
0.063,1045,8307,1320494,4305,9352,17.222836095764272,0.11174080410607357,0.19532710280373833,0.9937484995872219,0.14215752958781117,0.9905467971766314,0.1377587147128956,test,beta
0.064,1030,8035,1320766,4320,9065,16.69429097605893,0.1136238279095422,0.1925233644859813,0.9939531953994616,0.14290669441553938,0.9907394290451381,0.1385620327463911,test,beta
0.065,1012,7782,1321019,4338,8794,16.195211786372006,0.11507846258812827,0.1891588785046729,0.9941435926071699,0.14309954751131224,0.9909155710260683,0.13880522764498748,test,beta
0.066,992,7538,1321263,4358,8530,15.70902394106814,0.11629542790152403,0.18542056074766355,0.9943272167916791,0.1429394812680115,0.9910834680632102,0.1386943055131734,test,beta
0.067,980,7274,1321527,4370,8254,15.20073664825046,0.11873031257572086,0.18317757009345795,0.994525892138853,0.14407527197882977,0.991272352229995,0.13988993275212985,test,beta
0.068,960,7034,1321767,4390,7994,14.721915285451198,0.120090067550663,0.17943925233644858,0.9947065060908292,0.14388489208633093,0.9914372511057594,0.13975174651300298,test,beta
0.069,950,6829,1321972,4400,7779,14.32596685082873,0.12212366628101298,0.17757009345794392,0.9948607805081423,0.1447178002894356,0.9915834114729143,0.1406341456277654,test,beta
0.07,935,6632,1322169,4415,7567,13.935543278084715,0.12356283864146954,0.17476635514018693,0.9950090344603895,0.14477045753657972,0.9917198278155921,0.14073336396899072,test,beta
0.071,922,6437,1322364,4428,7359,13.552486187845304,0.1252887620600625,0.17233644859813085,0.9951557832963702,0.14509402785427652,0.9918562441582699,0.1411053762927295,test,beta
0.072,903,6251,1322550,4447,7154,13.174953959484347,0.12622309197651663,0.16878504672897196,0.9952957591091518,0.1444337811900192,0.991981417395782,0.14048984595936048,test,beta
0.073,889,6067,1322734,4461,6956,12.810313075506446,0.12780333525014376,0.16616822429906541,0.9954342298056669,0.14448236632536973,0.9921088392543272,0.14058632356443904,test,beta
0.074,872,5882,1322919,4478,6754,12.438305709023942,0.1291086763399467,0.1629906542056075,0.9955734530603153,0.1440846001321877,0.9922347620321837,0.1402370021964464,test,beta
0.075,854,5715,1323086,4496,6569,12.097605893186003,0.1300045669051606,0.15962616822429906,0.9956991302685654,0.14330061246748887,0.992346443543497,0.139497049613054,test,beta
0.076,841,5555,1323246,4509,6396,11.779005524861878,0.13148843026891807,0.157196261682243,0.9958195395698829,0.1431976843180657,0.9924566259741213,0.13943949494054617,test,beta
0.077,831,5389,1323412,4519,6220,11.4548802946593,0.13360128617363343,0.15532710280373832,0.9959444642199998,0.143647363872083,0.9925735542678452,0.13993914809502278,test,beta
0.078,818,5237,1323564,4532,6055,11.151012891344383,0.13509496284062758,0.15289719626168224,0.9960588530562514,0.14344585708022797,0.9926777403757145,0.13978312114502933,test,beta
0.079,805,5100,1323701,4545,5905,10.874769797421731,0.1363251481795089,0.15046728971962617,0.9961619535205046,0.14304753442914261,0.9927706833784182,0.13942642875687536,test,beta
0.08,786,4926,1323875,4564,5712,10.519337016574585,0.13760504201680673,0.1469158878504673,0.9962928986356874,0.14210811788103417,0.9928868621317977,0.13854058356894955,test,beta
0.081,775,4787,1324014,4575,5562,10.243093922651934,0.1393383674937073,0.14485981308411214,0.996397504216207,0.14204545454545453,0.9929828032958788,0.13852378411732102,test,beta
0.082,767,4651,1324150,4583,5418,9.977900552486188,0.14156515319306018,0.1433644859813084,0.9964998521223268,0.1424591381872214,0.9930787444599599,0.13898462750838952,test,beta
0.083,752,4526,1324275,4598,5278,9.720073664825046,0.1424782114437287,0.1405607476635514,0.9965939218889811,0.1415129845690629,0.9931611938978422,0.13808006556436164,test,beta
0.084,742,4394,1324407,4608,5136,9.458563535911603,0.14447040498442368,0.13869158878504673,0.996693259562568,0.14152202937249667,0.993252637819857,0.13813645416981776,test,beta
0.085,728,4268,1324533,4622,4996,9.20073664825046,0.14571657325860687,0.13607476635514018,0.9967880818873556,0.14073071718538566,0.9933365863384279,0.1373899727826175,test,beta
0.086,714,4166,1324635,4636,4880,8.987108655616943,0.14631147540983608,0.13345794392523364,0.9968648428169455,0.13958944281524927,0.9934025458887338,0.1362850366524439,test,beta
0.087,704,4037,1324764,4646,4741,8.731123388581953,0.14849187935034802,0.13158878504672897,0.9969619228161327,0.1395302745020315,0.9934917411897154,0.13627573414099198,test,beta
0.088,691,3933,1324868,4659,4624,8.515653775322283,0.14943771626297578,0.1291588785046729,0.9970401888619891,0.13856025666733507,0.9935599493610543,0.1353453383701927,test,beta
0.089,686,3814,1324987,4664,4500,8.287292817679559,0.15244444444444444,0.12822429906542057,0.997129743279844,0.13928934010152283,0.9936453969603141,0.13612410165313285,test,beta
0.09,680,3700,1325101,4670,4380,8.066298342541437,0.1552511415525114,0.12710280373831775,0.9972155349070327,0.13977389516957864,0.9937263473175075,0.1366569910825422,test,beta
0.091,668,3607,1325194,4682,4275,7.87292817679558,0.15625730994152046,0.12485981308411215,0.9972855228134235,0.13880519480519476,0.9937870600854026,0.13572650903049152,test,beta
0.092,656,3516,1325285,4694,4172,7.683241252302026,0.15723873441994246,0.12261682242990654,0.9973540056035478,0.13778617937408108,0.9938462737726089,0.13474572375443522,test,beta
0.093,645,3414,1325387,4705,4059,7.475138121546961,0.1589061345158906,0.1205607476635514,0.9974307665331378,0.13710277393984482,0.9939144819439478,0.1341069337932097,test,beta
0.094,638,3340,1325461,4712,3978,7.3259668508287294,0.16038210155857216,0.11925233644859813,0.9974864558349971,0.13679245283018868,0.9939647011470216,0.13382995395694242,test,beta
0.095,630,3256,1325545,4720,3886,7.156537753222836,0.16212043232115286,0.11775700934579439,0.9975496707181888,0.13642269380684277,0.9940216662131948,0.13349876462400326,test,beta
0.096,616,3179,1325622,4734,3795,6.988950276243094,0.16231884057971013,0.11514018691588786,0.9976076176944478,0.13471842536905412,0.994068887254891,0.13182899562602415,test,beta
0.097,610,3107,1325694,4740,3717,6.845303867403315,0.16411084207694376,0.11401869158878504,0.9976618018800407,0.13455387669570973,0.9941183569176203,0.13169906144960397,test,beta
0.098,602,3025,1325776,4748,3627,6.679558011049724,0.1659773917838434,0.11252336448598131,0.9977235116469659,0.13412053024395676,0.9941738229031046,0.13130563572103573,test,beta
0.099,596,2959,1325842,4754,3555,6.54696132596685,0.16765119549929677,0.11140186915887851,0.9977731804837594,0.13385738349242,0.9942187953237677,0.13107532277464437,test,beta
0.1,589,2895,1325906,4761,3484,6.416206261510129,0.1690585533869116,0.11009345794392524,0.9978213442042865,0.13334842653384651,0.9942615191233976,0.13059850738949427,test,beta
0.11,497,2239,1326562,4853,2736,5.038674033149171,0.18165204678362573,0.09289719626168225,0.9983150223396882,0.12292851842691072,0.9946842598776301,0.12054193685614524,test,beta
0.12,423,1752,1327049,4927,2175,4.005524861878453,0.19448275862068964,0.07906542056074767,0.9986815181505734,0.11242524916943522,0.9949938200398606,0.1103629845400349,test,beta
0.13,354,1376,1327425,4996,1730,3.1860036832412524,0.2046242774566474,0.06616822429906542,0.9989644800086694,0.09999999999999999,0.9952239289255864,0.09823279849617705,test,beta
0.14,285,1084,1327717,5065,1369,2.5211786372007365,0.20818115412710006,0.05327102803738318,0.9991842269835739,0.08483405268641167,0.995391076422384,0.08333613582312575,test,beta
0.15,222,842,1327959,5128,1064,1.9594843462246778,0.20864661654135339,0.041495327102803736,0.9993663460518166,0.06922357343311507,0.9955252441440287,0.06798359245801083,test,beta
0.16,190,657,1328144,5160,847,1.5598526703499078,0.2243211334120425,0.03551401869158879,0.999505569306465,0.06131999354526384,0.9956399238167194,0.06028990490410917,test,beta
0.17,151,497,1328304,5199,648,1.1933701657458564,0.2330246913580247,0.02822429906542056,0.9996259786077825,0.05035011670556852,0.9957306181983898,0.04952657174091109,test,beta
0.18,123,366,1328435,5227,489,0.9005524861878453,0.25153374233128833,0.022990654205607478,0.9997245637232363,0.04213050179825313,0.9958078208538613,0.04148670721900299,test,beta
0.19,92,275,1328526,5258,367,0.6758747697974218,0.2506811989100817,0.017196261682242992,0.9997930465133605,0.03218471226167571,0.9958527932745244,0.031686180544711104,test,beta
0.2,78,198,1328603,5272,276,0.5082872928176796,0.2826086956521739,0.014579439252336448,0.9998509934896196,0.027728403839317455,0.9959000143162205,0.027345714247560386,test,beta
0.21,63,138,1328663,5287,201,0.3701657458563536,0.31343283582089554,0.01177570093457944,0.9998961469776136,0.02269861286254729,0.9959337436317178,0.022414717514370058,test,beta
0.22,48,102,1328699,5302,150,0.27624309392265195,0.32,0.00897196261682243,0.9999232390704101,0.017454545454545455,0.9959494839789499,0.017239586760243612,test,beta
0.23,33,66,1328735,5317,99,0.18232044198895028,0.3333333333333333,0.006168224299065421,0.9999503311632065,0.01211231418608919,0.995965224326182,0.011968345501357338,test,beta
0.24,27,48,1328753,5323,75,0.13812154696132597,0.36,0.005046728971962617,0.9999638772096048,0.009953917050691242,0.9959742188103146,0.00984413183025805,test,beta
0.25,23,27,1328774,5327,50,0.09208103130755065,0.46,0.004299065420560748,0.9999796809304027,0.008518518518518519,0.9959869609961691,0.00844488562026325,test,beta
0.26,17,18,1328783,5333,35,0.06445672191528545,0.4857142857142857,0.003177570093457944,0.9999864539536018,0.006313834726090994,0.9959892096172023,0.006262034338358183,test,beta
0.27,9,13,1328788,5341,22,0.040515653775322284,0.4090909090909091,0.0016822429906542056,0.9999902167442679,0.0033507073715562173,0.9959869609961691,0.0033179716366065017,test,beta
0.28,8,10,1328791,5342,18,0.03314917127071823,0.4444444444444444,0.0014953271028037382,0.9999924744186677,0.002980625931445603,0.9959884600768578,0.002953812396862096,test,beta
0.29,5,9,1328792,5345,14,0.02578268876611418,0.35714285714285715,9.345794392523365e-4,0.9999932269768009,0.001864280387770321,0.9959869609961691,0.0018433866207951226,test,beta
0.3,4,5,1328796,5346,9,0.016574585635359115,0.4444444444444444,7.476635514018691e-4,0.9999962372093338,0.0014928158238477326,0.9959892096172023,0.001479366681582816,test,beta
0.31,1,1,1328800,5349,2,0.003683241252302026,0.5,1.8691588785046728e-4,0.9999992474418667,3.736920777279521e-4,0.9959899591575466,3.706961477410311e-4,test,beta
0.32,0,0,1328801,5350,0,0,NA,0,1,NA,0.9959899591575466,0,test,beta
0.33,0,0,1328801,5350,0,0,NA,0,1,NA,0.9959899591575466,0,test,beta
0.34,0,0,1328801,5350,0,0,NA,0,1,NA,0.9959899591575466,0,test,beta
0.35,0,0,1328801,5350,0,0,NA,0,1,NA,0.9959899591575466,0,test,beta
0.36,0,0,1328801,5350,0,0,NA,0,1,NA,0.9959899591575466,0,test,beta
0.37,0,0,1328801,5350,0,0,NA,0,1,NA,0.9959899591575466,0,test,beta
0.38,0,0,1328801,5350,0,0,NA,0,1,NA,0.9959899591575466,0,test,beta
0.39,0,0,1328801,5350,0,0,NA,0,1,NA,0.9959899591575466,0,test,beta
0.4,0,0,1328801,5350,0,0,NA,0,1,NA,0.9959899591575466,0,test,beta
0.41,0,0,1328801,5350,0,0,NA,0,1,NA,0.9959899591575466,0,test,beta
0.42,0,0,1328801,5350,0,0,NA,0,1,NA,0.9959899591575466,0,test,beta
0.43,0,0,1328801,5350,0,0,NA,0,1,NA,0.9959899591575466,0,test,beta
0.44,0,0,1328801,5350,0,0,NA,0,1,NA,0.9959899591575466,0,test,beta
0.45,0,0,1328801,5350,0,0,NA,0,1,NA,0.9959899591575466,0,test,beta
0.46,0,0,1328801,5350,0,0,NA,0,1,NA,0.9959899591575466,0,test,beta
0.47,0,0,1328801,5350,0,0,NA,0,1,NA,0.9959899591575466,0,test,beta
0.48,0,0,1328801,5350,0,0,NA,0,1,NA,0.9959899591575466,0,test,beta
0.49,0,0,1328801,5350,0,0,NA,0,1,NA,0.9959899591575466,0,test,beta
0.5,0,0,1328801,5350,0,0,NA,0,1,NA,0.9959899591575466,0,test,beta
0.51,0,0,1328801,5350,0,0,NA,0,1,NA,0.9959899591575466,0,test,beta
0.52,0,0,1328801,5350,0,0,NA,0,1,NA,0.9959899591575466,0,test,beta
0.53,0,0,1328801,5350,0,0,NA,0,1,NA,0.9959899591575466,0,test,beta
0.54,0,0,1328801,5350,0,0,NA,0,1,NA,0.9959899591575466,0,test,beta
0.55,0,0,1328801,5350,0,0,NA,0,1,NA,0.9959899591575466,0,test,beta
0.56,0,0,1328801,5350,0,0,NA,0,1,NA,0.9959899591575466,0,test,beta
0.57,0,0,1328801,5350,0,0,NA,0,1,NA,0.9959899591575466,0,test,beta
0.58,0,0,1328801,5350,0,0,NA,0,1,NA,0.9959899591575466,0,test,beta
0.59,0,0,1328801,5350,0,0,NA,0,1,NA,0.9959899591575466,0,test,beta
0.6,0,0,1328801,5350,0,0,NA,0,1,NA,0.9959899591575466,0,test,beta
0.61,0,0,1328801,5350,0,0,NA,0,1,NA,0.9959899591575466,0,test,beta
0.62,0,0,1328801,5350,0,0,NA,0,1,NA,0.9959899591575466,0,test,beta
0.63,0,0,1328801,5350,0,0,NA,0,1,NA,0.9959899591575466,0,test,beta
0.64,0,0,1328801,5350,0,0,NA,0,1,NA,0.9959899591575466,0,test,beta
0.65,0,0,1328801,5350,0,0,NA,0,1,NA,0.9959899591575466,0,test,beta
0.66,0,0,1328801,5350,0,0,NA,0,1,NA,0.9959899591575466,0,test,beta
0.67,0,0,1328801,5350,0,0,NA,0,1,NA,0.9959899591575466,0,test,beta
0.68,0,0,1328801,5350,0,0,NA,0,1,NA,0.9959899591575466,0,test,beta
0.69,0,0,1328801,5350,0,0,NA,0,1,NA,0.9959899591575466,0,test,beta
0.7,0,0,1328801,5350,0,0,NA,0,1,NA,0.9959899591575466,0,test,beta
0.71,0,0,1328801,5350,0,0,NA,0,1,NA,0.9959899591575466,0,test,beta
0.72,0,0,1328801,5350,0,0,NA,0,1,NA,0.9959899591575466,0,test,beta
0.73,0,0,1328801,5350,0,0,NA,0,1,NA,0.9959899591575466,0,test,beta
0.74,0,0,1328801,5350,0,0,NA,0,1,NA,0.9959899591575466,0,test,beta
0.75,0,0,1328801,5350,0,0,NA,0,1,NA,0.9959899591575466,0,test,beta
0.76,0,0,1328801,5350,0,0,NA,0,1,NA,0.9959899591575466,0,test,beta
0.77,0,0,1328801,5350,0,0,NA,0,1,NA,0.9959899591575466,0,test,beta
0.78,0,0,1328801,5350,0,0,NA,0,1,NA,0.9959899591575466,0,test,beta
0.79,0,0,1328801,5350,0,0,NA,0,1,NA,0.9959899591575466,0,test,beta
0.8,0,0,1328801,5350,0,0,NA,0,1,NA,0.9959899591575466,0,test,beta
0.81,0,0,1328801,5350,0,0,NA,0,1,NA,0.9959899591575466,0,test,beta
0.82,0,0,1328801,5350,0,0,NA,0,1,NA,0.9959899591575466,0,test,beta
0.83,0,0,1328801,5350,0,0,NA,0,1,NA,0.9959899591575466,0,test,beta
0.84,0,0,1328801,5350,0,0,NA,0,1,NA,0.9959899591575466,0,test,beta
0.85,0,0,1328801,5350,0,0,NA,0,1,NA,0.9959899591575466,0,test,beta
0.86,0,0,1328801,5350,0,0,NA,0,1,NA,0.9959899591575466,0,test,beta
0.87,0,0,1328801,5350,0,0,NA,0,1,NA,0.9959899591575466,0,test,beta
0.88,0,0,1328801,5350,0,0,NA,0,1,NA,0.9959899591575466,0,test,beta
0.89,0,0,1328801,5350,0,0,NA,0,1,NA,0.9959899591575466,0,test,beta
0.9,0,0,1328801,5350,0,0,NA,0,1,NA,0.9959899591575466,0,test,beta
0.905,0,0,1328801,5350,0,0,NA,0,1,NA,0.9959899591575466,0,test,beta
0.91,0,0,1328801,5350,0,0,NA,0,1,NA,0.9959899591575466,0,test,beta
0.915,0,0,1328801,5350,0,0,NA,0,1,NA,0.9959899591575466,0,test,beta
0.92,0,0,1328801,5350,0,0,NA,0,1,NA,0.9959899591575466,0,test,beta
0.925,0,0,1328801,5350,0,0,NA,0,1,NA,0.9959899591575466,0,test,beta
0.93,0,0,1328801,5350,0,0,NA,0,1,NA,0.9959899591575466,0,test,beta
0.935,0,0,1328801,5350,0,0,NA,0,1,NA,0.9959899591575466,0,test,beta
0.94,0,0,1328801,5350,0,0,NA,0,1,NA,0.9959899591575466,0,test,beta
0.945,0,0,1328801,5350,0,0,NA,0,1,NA,0.9959899591575466,0,test,beta
0.95,0,0,1328801,5350,0,0,NA,0,1,NA,0.9959899591575466,0,test,beta
0.955,0,0,1328801,5350,0,0,NA,0,1,NA,0.9959899591575466,0,test,beta
0.96,0,0,1328801,5350,0,0,NA,0,1,NA,0.9959899591575466,0,test,beta
0.965,0,0,1328801,5350,0,0,NA,0,1,NA,0.9959899591575466,0,test,beta
0.97,0,0,1328801,5350,0,0,NA,0,1,NA,0.9959899591575466,0,test,beta
0.975,0,0,1328801,5350,0,0,NA,0,1,NA,0.9959899591575466,0,test,beta
0.98,0,0,1328801,5350,0,0,NA,0,1,NA,0.9959899591575466,0,test,beta
0.985,0,0,1328801,5350,0,0,NA,0,1,NA,0.9959899591575466,0,test,beta
0.99,0,0,1328801,5350,0,0,NA,0,1,NA,0.9959899591575466,0,test,beta
0.991,0,0,1328801,5350,0,0,NA,0,1,NA,0.9959899591575466,0,test,beta
0.992,0,0,1328801,5350,0,0,NA,0,1,NA,0.9959899591575466,0,test,beta
0.993,0,0,1328801,5350,0,0,NA,0,1,NA,0.9959899591575466,0,test,beta
0.994,0,0,1328801,5350,0,0,NA,0,1,NA,0.9959899591575466,0,test,beta
0.995,0,0,1328801,5350,0,0,NA,0,1,NA,0.9959899591575466,0,test,beta
0.996,0,0,1328801,5350,0,0,NA,0,1,NA,0.9959899591575466,0,test,beta
0.997,0,0,1328801,5350,0,0,NA,0,1,NA,0.9959899591575466,0,test,beta
0.998,0,0,1328801,5350,0,0,NA,0,1,NA,0.9959899591575466,0,test,beta
0.999,0,0,1328801,5350,0,0,NA,0,1,NA,0.9959899591575466,0,test,beta
1e-4,1216,303201,142278,479,304417,1672.6208791208792,0.003994520673943965,0.7174041297935103,0.3193820584135279,0.007944804515994146,0.32089074946217805,4.0892283055501174e-4,validation,isotonic
2e-4,1097,254919,190560,598,256016,1406.6813186813188,0.004284888444472221,0.6471976401179941,0.4277642717165119,0.008513412310689108,0.4285960274971264,9.89785695352635e-4,validation,isotonic
3e-4,1071,247580,197899,624,248651,1366.2142857142858,0.004307241877169205,0.631858407079646,0.44423867342792817,0.008556158276944708,0.44494984055423614,0.001034332501211675,validation,isotonic
4e-4,1041,240470,205009,654,241511,1326.9835164835165,0.004310362674992029,0.6141592920353982,0.4601990217271746,0.008560644063057654,0.4607826036397465,0.0010403690436350337,validation,isotonic
5e-4,1016,219493,225986,679,220509,1211.5879120879122,0.004607521688457161,0.5994100294985251,0.5072876611467656,0.009144749869489299,0.5076368482961889,0.0016339288286086307,validation,isotonic
6e-4,998,213999,231480,697,214997,1181.3021978021977,0.004641925236166086,0.5887905604719764,0.5196204534893901,0.009211230686873533,0.5198826407617616,0.0017023931887917261,validation,isotonic
7e-4,974,208420,237059,721,209394,1150.5164835164835,0.004651518190588078,0.5746312684365782,0.5321440516836933,0.00922833496771504,0.5323050982391642,0.001721210296982586,validation,isotonic
8e-4,949,203031,242448,746,203980,1120.7692307692307,0.004652416903618002,0.559882005899705,0.5442411426801264,0.009228151209432359,0.5443004289158135,0.0017226368808031943,validation,isotonic
9e-4,907,174577,270902,788,175484,964.1978021978022,0.005168562376057077,0.5351032448377581,0.6081139627232709,0.010238233650714813,0.6078372177273276,0.002750467472642048,validation,isotonic
0.001,891,171575,273904,804,172466,947.6153846153846,0.005166235663840989,0.5256637168141592,0.6148527764496194,0.01023191185167747,0.6145147079213014,0.0027453606291795232,validation,isotonic
0.0011,871,168533,276946,824,169404,930.7912087912088,0.005141555099053151,0.5138643067846608,0.6216813811649932,0.010181240100760379,0.6212727036902861,0.0026956323832466413,validation,isotonic
0.0012,855,165566,279913,840,166421,914.4010989010989,0.005137572782281082,0.504424778761062,0.6283416277759446,0.01017154821670751,0.6278719245752212,0.0026872062416750876,validation,isotonic
0.0013,841,162317,283162,854,163158,896.4725274725274,0.005154512803540127,0.49616519174041296,0.6356349008595242,0.010203029365555978,0.6351062449963549,0.002720445598258548,validation,isotonic
0.0014,821,152854,292625,874,153675,844.3681318681319,0.005342443468358549,0.48436578171091443,0.6568772040881837,0.010568320782647873,0.6562233045749529,0.0030932771061363508,validation,isotonic
0.0015,808,150527,294952,887,151335,831.510989010989,0.0053391482472659995,0.4766961651917404,0.6621007948747304,0.010560020910932498,0.6613980240353867,0.0030861847859603208,validation,isotonic
0.0016,789,148124,297355,906,148913,818.2032967032967,0.00529839570756079,0.4654867256637168,0.667494988540425,0.010477531074046531,0.6667292821138975,0.003004428303572497,validation,isotonic
0.0017,774,145749,299730,921,146523,805.0714285714286,0.0052824471243422535,0.45663716814159294,0.672826328513802,0.010444075618345951,0.6720068698090677,0.0029721022119042115,validation,isotonic
0.0018,762,143384,302095,933,144146,792.010989010989,0.005286306938798163,0.4495575221238938,0.6781352207399226,0.010449736356717245,0.67726880364243,0.0029792251191667284,validation,isotonic
0.0019,736,141101,304378,959,141837,779.3241758241758,0.005189055042055317,0.4342182890855457,0.6832600414385415,0.010255552768720566,0.6823160559424296,0.002784999671611298,validation,isotonic
0.002,722,138671,306808,973,139393,765.8956043956044,0.005179600123392136,0.4259587020648968,0.6887148440218281,0.010234747108187798,0.6877188745320614,0.002765595152906871,validation,isotonic
0.0021,704,136320,309159,991,137024,752.8791208791209,0.005137786081270434,0.4153392330383481,0.69399230940179,0.010150015498958326,0.6929360830459732,0.002681787024334886,validation,isotonic
0.0022,689,133915,311564,1006,134604,739.5824175824176,0.005118718611631155,0.40648967551622417,0.6993909926169359,0.010110125532835898,0.6982807587203191,0.002643248797878651,validation,isotonic
0.0023,667,129727,315752,1028,130394,716.4505494505495,0.005115266039848459,0.3935103244837758,0.7087921091678845,0.010099251262406407,0.707597042761878,0.002635311989040027,validation,isotonic
0.0024,652,127484,317995,1043,128136,704.0439560439561,0.005088343634887932,0.3846607669616519,0.713827138877478,0.010043826204835519,0.7125794433486741,0.002581169267142416,validation,isotonic
0.0025,633,125158,320321,1062,125791,691.1593406593406,0.005032156513582053,0.3734513274336283,0.719048484889299,0.009930502172787601,0.7177385089473002,0.002468820669100614,validation,isotonic
0.0026,525,108098,337381,1170,108623,596.8296703296703,0.004833230531287112,0.30973451327433627,0.7573443417085879,0.009517939048931272,0.7556476897136237,0.0020689194644692775,validation,isotonic
0.0027,501,106235,339244,1194,106736,586.4615384615385,0.004693824014390646,0.29557522123893804,0.761526357022441,0.00924089974269351,0.7597601828371059,0.0017918352936706185,validation,isotonic
0.0028,492,104376,341103,1203,104868,576.1978021978022,0.004691612312621582,0.2902654867256637,0.7656993932373917,0.009233974268742435,0.7638972748862859,0.0017869469796025859,validation,isotonic
0.0029,474,102508,342971,1221,102982,565.8351648351648,0.004602746110970849,0.27964601769911507,0.769892632424873,0.009056430734545316,0.7680343669354658,0.0016102543418692122,validation,isotonic
0.003,462,100687,344792,1233,101149,555.7637362637363,0.004567519204342109,0.27256637168141595,0.7739803672002497,0.008984481350394771,0.7720797720797721,0.0015399652473483002,validation,isotonic
0.0031,446,98834,346645,1249,99280,545.4945054945055,0.004492344883158743,0.26312684365781713,0.7781399347668465,0.008833869769744986,0.7761877926713091,0.0013905490509147631,validation,isotonic
0.0032,326,84831,360648,1369,85157,467.8956043956044,0.0038282231642730487,0.19233038348082596,0.8095735152498771,0.007507023442177497,0.8072338731679392,7.458552912481783e-5,validation,isotonic
0.0033,322,83738,361741,1373,84060,461.86813186813185,0.003830597192481561,0.18997050147492625,0.8120270540249933,0.007509766194390998,0.8096691668120239,7.925544879959238e-5,validation,isotonic
0.0034,316,82747,362732,1379,83063,456.3901098901099,0.0038043412831224492,0.1864306784660767,0.8142516257780951,0.007456523278038651,0.8118718887949657,2.7389640219991867e-5,validation,isotonic
0.0035,309,81734,363745,1386,82043,450.7857142857143,0.0037663176626890776,0.18230088495575222,0.8165255825751607,0.007380161933650193,0.8141215723633306,-4.7682681790322124e-5,validation,isotonic
0.0036,305,80445,365034,1390,80750,443.68131868131866,0.0037770897832817337,0.17994100294985252,0.8194190971965009,0.007398871975256231,0.8169951741380312,-2.640795568921409e-5,validation,isotonic
0.0037,299,79427,366052,1396,79726,438.05494505494505,0.0037503449313900108,0.17640117994100296,0.8217042778671947,0.0073445425627295165,0.8192582753022314,-7.916880433774703e-5,validation,isotonic
0.0038,296,78434,367045,1399,78730,432.5824175824176,0.003759684999364918,0.17463126843657817,0.8239333391697476,0.007360895244016165,0.8214721786150357,-6.072464047960395e-5,validation,isotonic
0.0039,291,77499,367980,1404,77790,427.4175824175824,0.003740840725028924,0.17168141592920355,0.8260322035382139,0.007322136252123043,0.8235519059694884,-9.786961719964734e-5,validation,isotonic
0.004,279,76554,368925,1416,76833,422.15934065934067,0.003631252196321893,0.16460176991150444,0.8281535156539366,0.0071057457212713926,0.8256383421218586,-3.138921302157558e-4,validation,isotonic
0.0041,274,75578,369901,1421,75852,416.7692307692308,0.003612297632231187,0.1616519174041298,0.8303444157861538,0.007066682141153107,0.8278097563811849,-3.511614117886931e-4,validation,isotonic
0.0042,266,74568,370911,1429,74834,411.1758241758242,0.003554534035331534,0.15693215339233038,0.8326116382590425,0.006951613113982935,0.8300504948856597,-4.648683858806816e-4,validation,isotonic
0.0043,258,73617,371862,1437,73875,405.9065934065934,0.0034923857868020304,0.15221238938053097,0.834746419023119,0.006828106391425169,0.8321592936977552,-5.871495648702083e-4,validation,isotonic
0.0044,251,72664,372815,1444,72915,400.63186813186815,0.0034423643969005006,0.1480825958702065,0.8368856893366466,0.0067283206004557046,0.8342748013077683,-6.854746837818282e-4,validation,isotonic
0.0045,238,68777,376702,1457,69015,379.2032967032967,0.003448525682822575,0.14041297935103245,0.8456111286951798,0.006731721114410974,0.8429380956853484,-6.724724147091432e-4,validation,isotonic
0.0046,231,67894,377585,1464,68125,374.3131868131868,0.0033908256880733944,0.13628318584070798,0.8475932647779132,0.006617015181896305,0.8448970646772844,-7.856978609258033e-4,validation,isotonic
0.0047,220,66992,378487,1475,67212,369.2967032967033,0.003273225019341784,0.12979351032448377,0.8496180515804337,0.006385418027196075,0.8468895776588085,-0.0010165617269744741,validation,isotonic
0.0048,211,66139,379340,1484,66350,364.56043956043953,0.0031801055011303693,0.12448377581120944,0.8515328444213981,0.00620177823499155,0.8487769861396235,-0.0011991867704212438,validation,isotonic
0.0049,208,65227,380252,1487,65435,359.532967032967,0.003178726980973485,0.12271386430678466,0.8535800789711748,0.006196931327275435,0.850809751908653,-0.0012014735337834267,validation,isotonic
0.005,206,64376,381103,1489,64582,354.84615384615387,0.0031897432721191663,0.1215339233038348,0.855490382262688,0.006216334475006412,0.8527083417193307,-0.001179441115524091,validation,isotonic
0.0051,202,63294,382185,1493,63496,348.8791208791209,0.003181302759228928,0.1191740412979351,0.8579192285158223,0.0061971744565967705,0.8551190364377178,-0.0011954860230620253,validation,isotonic
0.0052,200,62436,383043,1495,62636,344.15384615384613,0.0031930519190242032,0.11799410029498525,0.859845245230415,0.006217842097899924,0.8570332801102032,-0.0011720069110132817,validation,isotonic
0.0053,190,61574,383905,1505,61764,339.3626373626374,0.003076225633054854,0.11209439528023599,0.86178024104391,0.0059881183126112925,0.8589385787187985,-0.001400669953216196,validation,isotonic
0.0054,183,60706,384773,1512,60889,334.55494505494505,0.003005468968122321,0.1079646017699115,0.863728705505759,0.005848140099705995,0.8608640037211466,-0.0015388322040598653,validation,isotonic
0.0055,173,59826,385653,1522,59999,329.66483516483515,0.002883381389689828,0.10206489675516224,0.8657041072643155,0.005608324958666969,0.8628095551172474,-0.0017774400191291468,validation,isotonic
0.0056,141,54447,391032,1554,54588,299.9340659340659,0.0025829852714882393,0.0831858407079646,0.8777787505134922,0.0050103939022440175,0.8747668692723638,-0.0023595918633630484,validation,isotonic
0.0057,135,53736,391743,1560,53871,295.9945054945055,0.0025059865233613633,0.07964601769911504,0.8793747853434168,0.004859086491739553,0.8763434367829972,-0.0025090448036776316,validation,isotonic
0.0058,130,52959,392520,1565,53089,291.6978021978022,0.0024487181902088945,0.07669616519174041,0.8811189753052332,0.0047459112149532716,0.8780698341137901,-0.0026197239572615977,validation,isotonic
0.0059,126,52185,393294,1569,52311,287.4230769230769,0.0024086712163789645,0.074336283185840707,0.8828564309428727,0.004666148205754916,0.87979175891263806,-0.0026966641768963098,validation,isotonic
0.006,120,51398,394081,1575,51518,283.0659340659341,0.0023292829690593577,0.07079646017699115,0.8846230686519454,0.00451017608479131,0.8815382826371837,-0.002850207930099776,validation,isotonic
0.0061,115,50654,394825,1580,50769,278.95054945054943,0.0022651618113415668,0.06784660766961652,0.886293181047816,0.004383958523940226,0.8831908831908832,-0.0029738754616535556,validation,isotonic
0.0062,112,49943,395536,1583,50055,275.0274725274725,0.002237538707421836,0.06607669616519174,0.8878892158777406,0.004328502415458937,0.8847741594994343,-0.0030263268858564006,validation,isotonic
0.0063,102,49227,396252,1593,49329,271.03846153846155,0.0020677491941859757,0.06017699115044248,0.8894964745812934,0.003998118532455315,0.8863529632760402,-0.0033555802010503256,validation,isotonic
0.0064,58,38651,406828,1637,38709,212.6868131868132,0.0014983595546255392,0.03421828908554572,0.9132372120795818,0.002871002871002871,0.9099053164987231,-0.004424039889105723,validation,isotonic
0.0065,52,38094,407385,1643,38146,209.5934065934066,0.0013631835579090861,0.030678466076696165,0.914487551601759,0.0026103762455761655,0.911137499049587,-0.004682025055618035,validation,isotonic
0.0066,34,34528,410951,1661,34562,189.9010989010989,9.83739366934784e-4,0.020058997050147492,0.9224924182733641,0.0018754999034669168,0.9190717707201224,-0.005389986737107755,validation,isotonic
0.0067,34,34309,411170,1661,34343,188.6978021978022,9.90012520746586e-4,0.020058997050147492,0.9229840239382777,0.0018868971641045566,0.9195615129681064,-0.005376325477809721,validation,isotonic
0.0068,34,34064,411415,1661,34098,187.35164835164835,9.971259311396562e-4,0.020058997050147492,0.9235339937460576,0.001899812812561115,0.9201093981313762,-0.005360844283545468,validation,isotonic
0.0069,34,33831,411648,1661,33865,186.07142857142858,0.0010039864166543628,0.020058997050147492,0.9240570262571299,0.0019122609673790775,0.9206304481029756,-0.005345923517217077,validation,isotonic
0.007,32,33622,411857,1663,33654,184.9120879120879,9.508527961015035e-4,0.01887905604719764,0.9245261841747872,0.0018105179778777336,0.9210933551592893,-0.0054462219411308185,validation,isotonic
0.0071,32,33386,412093,1663,33418,183.6153846153846,9.575677778442755e-4,0.01887905604719764,0.9250559510100363,0.0018226867541936036,0.9216211139288062,-0.00543149036609507,validation,isotonic
0.0072,30,33149,412330,1665,33179,182.3021978021978,9.041863829530728e-4,0.017699115044247787,0.9255879626200113,0.0017204794402706888,0.9221466364323507,-0.00553190030017663,validation,isotonic
0.0073,28,32898,412581,1667,32926,180.9120879120879,8.503917876450222e-4,0.016519174041297935,0.926151401076145,0.0016175153808382196,0.9227034666595106,-0.005632884941282592,validation,isotonic
0.0074,26,32645,412834,1669,32671,179.51098901098902,7.958128003428117e-4,0.015339233038348082,0.92671932908173,0.0015131234359541405,0.9232647694186156,-0.005735245083030927,validation,isotonic
0.0075,26,32423,413056,1669,32449,178.2912087912088,8.012573576997751e-4,0.015339233038348082,0.9272176690708204,0.0015229615745079663,0.9237612204645171,-0.005722872766005296,validation,isotonic
0.0076,26,32143,413336,1669,32169,176.75274725274724,8.082315272467282e-4,0.015339233038348082,0.9278462059939975,0.001535553980628396,0.9243873749368254,-0.0057070368057786066,validation,isotonic
0.0077,25,31921,413558,1670,31946,175.52747252747253,7.825705878670256e-4,0.014749262536873156,0.9283445459830879,0.001486281620641479,0.9248815897167546,-0.005754118445946222,validation,isotonic
0.0078,23,31697,413782,1672,31720,174.28571428571428,7.25094577553594e-4,0.013569321533923304,0.9288473755216295,0.0013766272632051474,0.9253780407626562,-0.005861950544665457,validation,isotonic
0.0079,23,31440,414039,1672,31463,172.87362637362637,7.31017385500429e-4,0.013569321533923304,0.9294242826261171,0.0013872971831835454,0.9259527611175963,-0.00584818357289743,validation,isotonic
0.008,23,31236,414243,1672,31259,171.75274725274724,7.357880930292076e-4,0.013569321533923304,0.929882216670146,0.0013958851732718337,0.9264089593759923,-0.005837102892190099,validation,isotonic
0.0081,22,31006,414473,1673,31028,170.4835164835165,7.090369988397577e-4,0.012979351032448377,0.9303985148570415,0.0013446199920545182,0.9269210642837017,-0.005885950532708708,validation,isotonic
0.0082,22,30811,414668,1673,30833,169.4120879120879,7.135212272565109e-4,0.012979351032448377,0.9308362459285399,0.0013526807673389081,0.9273571361483449,-0.0058754463624689605,validation,isotonic
0.0083,21,30595,414884,1674,30616,168.21978021978023,6.859158609877189e-4,0.012389380530973451,0.9313211172692765,0.0012998669183869273,0.9278379333324388,-0.005925954389256114,validation,isotonic
0.0084,20,30379,415100,1675,30399,167.02747252747253,6.579163788282509e-4,0.011799410029498525,0.9318059886100131,0.0012463388795413474,0.9283187305165327,-0.0059771451493795535,validation,isotonic
0.0085,19,30167,415312,1676,30186,165.85714285714286,6.294308619890015e-4,0.011209439528023599,0.9322818808518472,0.001191932498980584,0.9287905826367365,-0.006029234476582363,validation,isotonic
0.0086,18,29945,415534,1677,29963,164.63186813186815,6.007409137936789e-4,0.010619469026548672,0.9327802208409375,0.001137153326173479,0.9292847974166656,-0.006081532663278942,validation,isotonic
0.0087,17,29712,415767,1678,29729,163.34615384615384,5.71832217699889e-4,0.010029498525073746,0.9333032533520098,0.0010819755600814664,0.9298036111222925,-0.006134046194225978,validation,isotonic
0.0088,17,29517,415962,1678,29534,162.27472527472528,5.756077740908783e-4,0.010029498525073746,0.9337409844235082,0.0010887316276537832,0.9302396829869357,-0.006124653790031278,validation,isotonic
0.0089,4,24305,421174,1691,24309,133.56593406593407,1.645481097535892e-4,0.002359882005899705,0.9454407502935043,3.0764497769573913e-4,0.9418660297781177,-0.006827539004527653,validation,isotonic
0.009,4,24212,421267,1691,24216,133.05494505494505,1.6518004625041294e-4,0.002359882005899705,0.9456495143429882,3.087491798849909e-4,0.942074002513563,-0.006824628489239506,validation,isotonic
0.0091,4,24117,421362,1691,24121,132.53296703296704,1.658306040379752e-4,0.002359882005899705,0.9458627679419231,3.098853424233034e-4,0.9422864477809533,-0.006821633742004853,validation,isotonic
0.0092,4,24017,421462,1691,24021,131.9835164835165,1.6652096082594398e-4,0.002359882005899705,0.9460872454144864,3.110903717529943e-4,0.9425100743782062,-0.006818457484679014,validation,isotonic
0.0093,4,23919,421560,1691,23923,131.44505494505495,1.672031099778456e-4,0.002359882005899705,0.9463072333375984,3.122804278241861e-4,0.9427292284435141,-0.006815320706530615,validation,isotonic
0.0094,4,23783,421696,1691,23787,130.6978021978022,1.681590784882499e-4,0.002359882005899705,0.9466125227002844,3.1394709991366455e-4,0.9430333606157782,-0.006810927672826142,validation,isotonic
0.0095,4,23678,421801,1691,23682,130.12087912087912,1.6890465332319906e-4,0.002359882005899705,0.9468482240464758,3.1524608897820863e-4,0.9432681685428939,-0.00680750379874686,validation,isotonic
0.0096,4,23589,421890,1691,23593,129.63186813186815,1.695418132496927e-4,0.002359882005899705,0.9470480089970571,3.1635558367605187e-4,0.943467196214449,-0.006804579405125267,validation,isotonic
0.0097,4,23483,421996,1691,23487,129.04945054945054,1.70306978328437e-4,0.002359882005899705,0.9472859551179741,3.176872369152569e-4,0.9437042404075371,-0.0068010694623819095,validation,isotonic
0.0098,3,23384,422095,1692,23387,128.5,1.2827639286783256e-4,0.0017699115044247787,0.9475081878158117,2.3921537357467508e-4,0.943923394472845,-0.006878037126427114,validation,isotonic
0.0099,3,23289,422190,1692,23292,127.97802197802197,1.2879958784131891e-4,0.0017699115044247787,0.9477214414147468,2.4012486492976348e-4,0.9441358397402353,-0.006875146026413683,validation,isotonic
0.01,3,23185,422294,1692,23188,127.4065934065934,1.2937726410212178e-4,0.0017699115044247787,0.9479548979862126,2.4112848129244864e-4,0.9443684114013784,-0.0068719557340659885,validation,isotonic
0.011,3,22060,423419,1692,22063,121.22527472527473,1.3597425554095092e-4,0.0017699115044247787,0.950480269552549,2.525465106490445e-4,0.9468842106204743,-0.006835661112824399,validation,isotonic
0.012,3,20914,424565,1692,20917,114.92857142857143,1.4342400917913658e-4,0.0017699115044247787,0.9530527813881238,2.653458340704051e-4,0.9494469714249935,-0.00679497788126863,validation,isotonic
0.013,3,19824,425655,1692,19827,108.93956043956044,1.5130882130428205e-4,0.0017699115044247787,0.9554995858390631,2.7878449958182325e-4,0.9518845013350508,-0.0067522648889383405,validation,isotonic
0.014,2,18765,426714,1693,18767,103.11538461538461,1.0657004316086748e-4,0.0011799410029498525,0.9578768022735078,1.9548431238393117e-4,0.9542504707339872,-0.006804792303396472,validation,isotonic
0.015,2,15611,429868,1693,15613,85.78571428571429,1.2809837955549862e-4,0.0011799410029498525,0.9649568217581524,2.31107002542177e-4,0.961303653611346,-0.006652917117235982,validation,isotonic
0.016,2,11059,434420,1693,11061,60.77472527472528,1.808154778049001e-4,0.0011799410029498525,0.9751750363092312,3.1357792411414236e-4,0.9714831363183012,-0.006301441600053392,validation,isotonic
0.017,2,10688,434791,1693,10690,58.73626373626374,1.8709073900841907e-4,0.0011799410029498525,0.9760078477324408,3.229713362939039e-4,0.9723127909941097,-0.006261420540369601,validation,isotonic
0.018,2,10341,435138,1693,10343,56.82967032967033,1.9336749492410325e-4,0.0011799410029498525,0.9767867845622352,3.3228110981890676e-4,0.9730887752865774,-0.0062217582257678115,validation,isotonic
0.019,2,10000,435479,1693,10002,54.956043956043956,1.999600079984003e-4,0.0011799410029498525,0.9775522527436759,3.4196802598957e-4,0.9738513419832101,-0.0061804917098354385,validation,isotonic
0.02,2,9698,435781,1693,9700,53.2967032967033,2.061855670103093e-4,0.0011799410029498525,0.9782301747108169,3.5103115401491884e-4,0.9745266943069141,-0.0061418848883565335,validation,isotonic
0.021,2,8568,436911,1693,8570,47.08791208791209,2.3337222870478414e-4,0.0011799410029498525,0.9807667701507815,3.8967364831953244e-4,0.9770536748558727,-0.00597730222002891,validation,isotonic
0.022,2,8298,437181,1693,8300,45.604395604395606,2.4096385542168674e-4,0.0011799410029498525,0.9813728593267023,4.00200100050025e-4,0.9776574666684557,-0.005932476021184369,validation,isotonic
0.023,2,8056,437423,1693,8058,44.27472527472528,2.482005460412013e-4,0.0011799410029498525,0.9819160948103053,4.1013021634368914e-4,0.9781986430338079,-0.005890192073766447,validation,isotonic
0.024,2,7845,437634,1693,7847,43.11538461538461,2.548744743213967e-4,0.0011799410029498525,0.9823897422774137,4.191993292810731e-4,0.9786704951540116,-0.00585157678152569,validation,isotonic
0.025,1,7593,437886,1694,7594,41.72527472527472,1.316829075585989e-4,5.899705014749262e-4,0.9829554255082731,2.1530842932500805e-4,0.9792317979131165,-0.006019616558339254,validation,isotonic
0.026,1,7331,438148,1694,7332,40.285714285714285,1.3638843426077467e-4,5.899705014749262e-4,0.9835435564863888,2.215575495735017e-4,0.9798176995979194,-0.00597268713817847,validation,isotonic
0.027,1,7092,438387,1694,7093,38.972527472527474,1.4098406880022558e-4,5.899705014749262e-4,0.984080057645815,2.2758306781975424e-4,0.980352167165354,-0.005927440506878803,validation,isotonic
0.028,1,6848,438631,1694,6849,37.63186813186813,1.460067163089502e-4,5.899705014749262e-4,0.9846277826788693,2.340823970037453e-4,0.9808978160626513,-0.00587863990078279,validation,isotonic
0.029,1,5352,440127,1694,5353,29.412087912087912,1.8681113394358303e-4,5.899705014749262e-4,0.9879859656684153,2.837684449489216e-4,0.9842432699575556,-0.005505704657873257,validation,isotonic
0.03,1,5193,440286,1694,5194,28.53846153846154,1.9252984212552945e-4,5.899705014749262e-4,0.9883428848497909,2.903178980984178e-4,0.9845988362471879,-0.005456563411291181,validation,isotonic
0.031,1,5028,440451,1694,5029,27.63186813186813,1.9884668920262477e-4,5.899705014749262e-4,0.9887132726795202,2.97441998810232e-4,0.9849678201326553,-0.005403115245302478,validation,isotonic
0.032,1,4844,440635,1694,4845,26.62087912087912,2.063983488132095e-4,5.899705014749262e-4,0.9891263112290366,3.0581039755351685e-4,0.9853792930716008,-0.005340338087695457,validation,isotonic
0.033,1,3629,441850,1694,3630,19.945054945054945,2.754820936639118e-4,5.899705014749262e-4,0.99185371252068,3.7558685446009384e-4,0.9880963562282243,-0.0048171607037982705,validation,isotonic
0.034,1,3529,441950,1694,3530,19.395604395604394,2.8328611898016995e-4,5.899705014749262e-4,0.9920781899932433,3.827751196172249e-4,0.9883199828254773,-0.004763290548759826,validation,isotonic
0.035,1,3436,442043,1694,3437,18.884615384615383,2.909514111143439e-4,5.899705014749262e-4,0.992286954042727,3.8971161340607945e-4,0.9885279555609225,-0.004711311955277039,validation,isotonic
0.036,1,3103,442376,1694,3104,17.054945054945055,3.2216494845360824e-4,5.899705014749262e-4,0.9930344640263626,4.1675349031048136e-4,0.989272632129775,-0.004508718194367781,validation,isotonic
0.037,1,3034,442445,1694,3035,16.675824175824175,3.2948929159802305e-4,5.899705014749262e-4,0.9931893534824313,4.228329809725159e-4,0.9894269344818796,-0.004463181284989622,validation,isotonic
0.038,1,2964,442515,1694,2965,16.291208791208792,3.372681281618887e-4,5.899705014749262e-4,0.9933464877132255,4.291845493562232e-4,0.9895834730999566,-0.004415610263361175,validation,isotonic
0.039,1,2907,442572,1694,2908,15.978021978021978,3.43878954607978e-4,5.899705014749262e-4,0.9934744398725865,4.3449923962633063e-4,0.9897109402603909,-0.004375808093401814,validation,isotonic
0.04,1,2848,442631,1694,2849,15.653846153846153,3.51000351000351e-4,5.899705014749262e-4,0.9936068815813989,4.4014084507042255e-4,0.9898428799527701,-0.004333560616068736,validation,isotonic
0.041,1,2784,442695,1694,2785,15.302197802197803,3.590664272890485e-4,5.899705014749262e-4,0.9937505471638394,4.4642857142857147e-4,0.989986000975012,-0.004286478252150605,validation,isotonic
0.042,1,2697,442782,1694,2698,14.824175824175825,3.7064492216456633e-4,5.899705014749262e-4,0.9939458425649694,4.5526974732529026e-4,0.9901805561146221,-0.004220282176346874,validation,isotonic
0.043,1,1986,443493,1694,1987,10.917582417582418,5.032712632108706e-4,5.899705014749262e-4,0.9955418773948941,5.431830526887561e-4,0.9917705412210907,-0.003562464321511656,validation,isotonic
0.044,1,1936,443543,1694,1937,10.642857142857142,5.162622612287042e-4,5.899705014749262e-4,0.9956541161311756,5.506607929515419e-4,0.9918823545197172,-0.0035065460042005845,validation,isotonic
0.045,1,1897,443582,1694,1898,10.428571428571429,5.268703898840885e-4,5.899705014749262e-4,0.9957416623454753,5.566379070414695e-4,0.9919695688926459,-0.0034618532037460443,validation,isotonic
0.046,1,1843,443636,1694,1844,10.131868131868131,5.422993492407809e-4,5.899705014749262e-4,0.9958628801806595,5.651313930488839e-4,0.9920903272551624,-0.0033983506107180747,validation,isotonic
0.047,1,1802,443677,1694,1803,9.906593406593407,5.546311702717693e-4,5.899705014749262e-4,0.9959549159444104,5.717552887364209e-4,0.9921820141600362,-0.0033488310687295763,validation,isotonic
0.048,1,1738,443741,1694,1739,9.554945054945055,5.750431282346176e-4,5.899705014749262e-4,0.9960985815268508,5.824111822947e-4,0.992325135182278,-0.0032691776162787163,validation,isotonic
0.049,1,1708,443771,1694,1709,9.39010989010989,5.851375073142189e-4,5.899705014749262e-4,0.9961659247686199,5.875440658049355e-4,0.9923922231614539,-0.003230812906859011,validation,isotonic
0.05,1,1671,443808,1694,1672,9.186813186813186,5.980861244019139e-4,5.899705014749262e-4,0.9962489814334683,5.94000594000594e-4,0.9924749650024375,-0.0031825584873120634,validation,isotonic
0.051,1,1638,443841,1694,1639,9.005494505494505,6.101281269066504e-4,5.899705014749262e-4,0.9963230589994141,5.99880023995201e-4,0.992548761779531,-0.0031386206459232463,validation,isotonic
0.052,1,1243,444236,1694,1244,6.835164835164835,8.038585209003215e-4,5.899705014749262e-4,0.9972097450160389,6.805035726437564e-4,0.9934320868386802,-0.0025364449944642476,validation,isotonic
0.053,1,1227,444252,1694,1228,6.747252747252747,8.143322475570033e-4,5.899705014749262e-4,0.997245661411649,6.842285323297981e-4,0.9934678670942407,-0.002508638471497716,validation,isotonic
0.054,1,1203,444276,1694,1204,6.615384615384615,8.305647840531562e-4,5.899705014749262e-4,0.9972995360050642,6.89893066574681e-4,0.9935215374775814,-0.002466355740179585,validation,isotonic
0.055,1,1184,444295,1694,1185,6.510989010989011,8.438818565400844e-4,5.899705014749262e-4,0.9973421867248512,6.944444444444444e-4,0.9935640265310595,-0.0024323843652164063,validation,isotonic
0.056,1,1163,444316,1694,1164,6.395604395604396,8.59106529209622e-4,5.899705014749262e-4,0.9973893269940896,6.995452955578874e-4,0.9936109881164826,-0.0023943141035119887,validation,isotonic
0.057,1,1134,444345,1694,1135,6.236263736263736,8.81057268722467e-4,5.899705014749262e-4,0.9974544254611328,7.067137809187279e-4,0.993675839829686,-0.0023408162599077202,validation,isotonic
0.058,1,1104,444375,1694,1105,6.071428571428571,9.049773755656109e-4,5.899705014749262e-4,0.9975217687029018,7.142857142857142e-4,0.9937429278088619,-0.002284312883190576,validation,isotonic
0.059,1,1079,444400,1694,1080,5.934065934065934,9.25925925925926e-4,5.899705014749262e-4,0.9975778880710426,7.207207207207207e-4,0.9937988344581751,-0.0022362978311597894,validation,isotonic
0.06,1,1050,444429,1694,1051,5.774725274725275,9.514747859181732e-4,5.899705014749262e-4,0.9976429865380859,7.283321194464676e-4,0.9938636861713784,-0.0021795102222918485,validation,isotonic
0.061,1,1028,444451,1694,1029,5.653846153846154,9.718172983479105e-4,5.899705014749262e-4,0.9976923715820499,7.342143906020559e-4,0.9939128840227741,-0.0021356272143212905,validation,isotonic
0.062,1,1005,444474,1694,1006,5.527472527472527,9.940357852882703e-4,5.899705014749262e-4,0.9977440014007394,7.404664938911513e-4,0.9939643181401423,-0.002088988825682658,validation,isotonic
0.063,1,882,444597,1694,883,4.851648351648351,0.0011325028312570782,5.899705014749262e-4,0.9980201086919922,7.757951900698216e-4,0.9942393788547634,-0.0018255203473048068,validation,isotonic
0.064,1,859,444620,1694,860,4.725274725274725,0.0011627906976744186,5.899705014749262e-4,0.9980717385106818,7.827788649706458e-4,0.9942908129721316,-0.0017734528520289808,validation,isotonic
0.065,1,840,444639,1694,841,4.6208791208791204,0.0011890606420927466,5.899705014749262e-4,0.9981143892304688,7.886435331230283e-4,0.9943333020256098,-0.0017297318433756672,validation,isotonic
0.066,1,823,444656,1694,824,4.527472527472527,0.0012135922330097086,5.899705014749262e-4,0.9981525504008045,7.93965859468043e-4,0.9943713185471427,-0.0016900568432914465,validation,isotonic
0.067,1,207,445272,1694,208,1.1428571428571428,0.004807692307692308,5.899705014749262e-4,0.9995353316317941,0.0010509721492380452,0.9957488583862211,2.2255126867747044e-4,validation,isotonic
0.068,1,206,445273,1694,207,1.1373626373626373,0.004830917874396135,5.899705014749262e-4,0.9995375764065197,0.0010515247108307045,0.9957510946521936,2.2665655152387235e-4,validation,isotonic
0.069,1,204,445275,1694,205,1.1263736263736264,0.004878048780487805,5.899705014749262e-4,0.999542065955971,0.0010526315789473684,0.9957555671841386,2.348799935462917e-4,validation,isotonic
0.07,1,204,445275,1694,205,1.1263736263736264,0.004878048780487805,5.899705014749262e-4,0.999542065955971,0.0010526315789473684,0.9957555671841386,2.348799935462917e-4,validation,isotonic
0.071,1,201,445278,1694,202,1.10989010989011,0.0049504950495049506,5.899705014749262e-4,0.9995488002801479,0.0010542962572482868,0.9957622759820562,2.472474484773616e-4,validation,isotonic
0.072,1,198,445281,1694,199,1.0934065934065933,0.005025125628140704,5.899705014749262e-4,0.9995555346043248,0.0010559662090813095,0.9957689847799738,2.5965381623421047e-4,validation,isotonic
0.073,1,194,445285,1694,195,1.0714285714285714,0.005128205128205128,5.899705014749262e-4,0.9995645137032273,0.001058201058201058,0.9957779298438639,2.7625648904584766e-4,validation,isotonic
0.074,1,192,445287,1694,193,1.0604395604395604,0.0051813471502590676,5.899705014749262e-4,0.9995690032526786,0.001059322033898305,0.995782402375809,2.8458402712697753e-4,validation,isotonic
0.075,1,191,445288,1694,192,1.054945054945055,0.005208333333333333,5.899705014749262e-4,0.9995712480274042,0.0010598834128245891,0.9957846386417815,2.8875437073331667e-4,validation,isotonic
0.076,1,187,445292,1694,188,1.032967032967033,0.005319148936170213,5.899705014749262e-4,0.9995802271263068,0.0010621348911311736,0.9957935837056716,3.0547973728218376e-4,validation,isotonic
0.077,1,186,445293,1694,187,1.0274725274725274,0.0053475935828877,5.899705014749262e-4,0.9995824719010323,0.0010626992561105207,0.9957958199716441,3.096721117998854e-4,validation,isotonic
0.078,1,182,445297,1694,183,1.0054945054945055,0.00546448087431694,5.899705014749262e-4,0.9995914509999348,0.0010649627263045792,0.9958047650355343,3.264859513316246e-4,validation,isotonic
0.079,1,178,445301,1694,179,0.9835164835164835,0.00558659217877095,5.899705014749262e-4,0.9996004300988375,0.0010672358591248664,0.9958137100994244,3.4337107569831494e-4,validation,isotonic
0.08,1,175,445304,1694,176,0.967032967032967,0.005681818181818182,5.899705014749262e-4,0.9996071644230143,0.0010689470871191877,0.995820418897342,3.56081972738786e-4,validation,isotonic
0.081,1,173,445306,1694,174,0.9560439560439561,0.005747126436781609,5.899705014749262e-4,0.9996116539724655,0.0010700909577314073,0.995824891429287,3.6457841783315653e-4,validation,isotonic
0.082,1,173,445306,1694,174,0.9560439560439561,0.005747126436781609,5.899705014749262e-4,0.9996116539724655,0.0010700909577314073,0.995824891429287,3.6457841783315653e-4,validation,isotonic
0.083,0,171,445308,1695,171,0.9395604395604396,0,0,0.9996161435219169,NA,0.9958271276952596,-6.951994840355968e-4,validation,isotonic
0.084,0,171,445308,1695,171,0.9395604395604396,0,0,0.9996161435219169,NA,0.9958271276952596,-6.951994840355968e-4,validation,isotonic
0.085,0,169,445310,1695,169,0.9285714285714286,0,0,0.9996206330713682,NA,0.9958316002272046,-6.878006084260493e-4,validation,isotonic
0.086,0,164,445315,1695,164,0.9010989010989011,0,0,0.9996318569449962,NA,0.9958427815570673,-6.692342506227433e-4,validation,isotonic
0.087,0,164,445315,1695,164,0.9010989010989011,0,0,0.9996318569449962,NA,0.9958427815570673,-6.692342506227433e-4,validation,isotonic
0.088,0,163,445316,1695,163,0.8956043956043956,0,0,0.9996341017197219,NA,0.9958450178230398,-6.655090708737809e-4,validation,isotonic
0.089,0,162,445317,1695,162,0.8901098901098901,0,0,0.9996363464944475,NA,0.9958472540890123,-6.617799068374788e-4,validation,isotonic
0.09,0,160,445319,1695,160,0.8791208791208791,0,0,0.9996408360438989,NA,0.9958517266209574,-6.543096003875616e-4,validation,isotonic
0.091,0,159,445320,1695,159,0.8736263736263736,0,0,0.9996430808186244,NA,0.99585396288693,-6.505684451686988e-4,validation,isotonic
0.092,0,159,445320,1695,159,0.8736263736263736,0,0,0.9996430808186244,NA,0.99585396288693,-6.505684451686988e-4,validation,isotonic
0.093,0,157,445322,1695,157,0.8626373626373627,0,0,0.9996475703680757,NA,0.995858435418875,-6.430740984794851e-4,validation,isotonic
0.094,0,154,445325,1695,154,0.8461538461538461,0,0,0.9996543046922526,NA,0.9958651442167926,-6.318023909057315e-4,validation,isotonic
0.095,0,152,445327,1695,152,0.8351648351648352,0,0,0.9996587942417039,NA,0.9958696167487376,-6.242677184397222e-4,validation,isotonic
0.096,0,150,445329,1695,150,0.8241758241758241,0,0,0.9996632837911551,NA,0.9958740892806827,-6.167168244797592e-4,validation,isotonic
0.097,0,147,445332,1695,147,0.8076923076923077,0,0,0.9996700181153321,NA,0.9958807980786003,-6.053599534472274e-4,validation,isotonic
0.098,0,143,445336,1695,143,0.7857142857142857,0,0,0.9996789972142346,NA,0.9958897431424903,-5.901601921699676e-4,validation,isotonic
0.099,0,143,445336,1695,143,0.7857142857142857,0,0,0.9996789972142346,NA,0.9958897431424903,-5.901601921699676e-4,validation,isotonic
0.1,0,143,445336,1695,143,0.7857142857142857,0,0,0.9996789972142346,NA,0.9958897431424903,-5.901601921699676e-4,validation,isotonic
0.11,0,125,445354,1695,125,0.6868131868131868,0,0,0.999719403159296,NA,0.995929995929996,-5.209403066421447e-4,validation,isotonic
0.12,0,114,445365,1695,114,0.6263736263736264,0,0,0.9997440956812779,NA,0.9959545948556937,-4.7796595856073703e-4,validation,isotonic
0.13,0,27,445452,1695,27,0.14835164835164835,0,0,0.9999393910824079,NA,0.9961491499953038,-1.188790692766378e-4,validation,isotonic
0.14,0,24,445455,1695,24,0.13186813186813187,0,0,0.9999461254065848,NA,0.9961558587932214,-1.058533209753164e-4,validation,isotonic
0.15,0,22,445457,1695,22,0.12087912087912088,0,0,0.9999506149560361,NA,0.9961603313251665,-9.714439024660673e-5,validation,isotonic
0.16,0,0,445479,1695,0,0,NA,0,1,NA,0.9962095291765621,0,validation,isotonic
0.17,0,0,445479,1695,0,0,NA,0,1,NA,0.9962095291765621,0,validation,isotonic
0.18,0,0,445479,1695,0,0,NA,0,1,NA,0.9962095291765621,0,validation,isotonic
0.19,0,0,445479,1695,0,0,NA,0,1,NA,0.9962095291765621,0,validation,isotonic
0.2,0,0,445479,1695,0,0,NA,0,1,NA,0.9962095291765621,0,validation,isotonic
0.21,0,0,445479,1695,0,0,NA,0,1,NA,0.9962095291765621,0,validation,isotonic
0.22,0,0,445479,1695,0,0,NA,0,1,NA,0.9962095291765621,0,validation,isotonic
0.23,0,0,445479,1695,0,0,NA,0,1,NA,0.9962095291765621,0,validation,isotonic
0.24,0,0,445479,1695,0,0,NA,0,1,NA,0.9962095291765621,0,validation,isotonic
0.25,0,0,445479,1695,0,0,NA,0,1,NA,0.9962095291765621,0,validation,isotonic
0.26,0,0,445479,1695,0,0,NA,0,1,NA,0.9962095291765621,0,validation,isotonic
0.27,0,0,445479,1695,0,0,NA,0,1,NA,0.9962095291765621,0,validation,isotonic
0.28,0,0,445479,1695,0,0,NA,0,1,NA,0.9962095291765621,0,validation,isotonic
0.29,0,0,445479,1695,0,0,NA,0,1,NA,0.9962095291765621,0,validation,isotonic
0.3,0,0,445479,1695,0,0,NA,0,1,NA,0.9962095291765621,0,validation,isotonic
0.31,0,0,445479,1695,0,0,NA,0,1,NA,0.9962095291765621,0,validation,isotonic
0.32,0,0,445479,1695,0,0,NA,0,1,NA,0.9962095291765621,0,validation,isotonic
0.33,0,0,445479,1695,0,0,NA,0,1,NA,0.9962095291765621,0,validation,isotonic
0.34,0,0,445479,1695,0,0,NA,0,1,NA,0.9962095291765621,0,validation,isotonic
0.35,0,0,445479,1695,0,0,NA,0,1,NA,0.9962095291765621,0,validation,isotonic
0.36,0,0,445479,1695,0,0,NA,0,1,NA,0.9962095291765621,0,validation,isotonic
0.37,0,0,445479,1695,0,0,NA,0,1,NA,0.9962095291765621,0,validation,isotonic
0.38,0,0,445479,1695,0,0,NA,0,1,NA,0.9962095291765621,0,validation,isotonic
0.39,0,0,445479,1695,0,0,NA,0,1,NA,0.9962095291765621,0,validation,isotonic
0.4,0,0,445479,1695,0,0,NA,0,1,NA,0.9962095291765621,0,validation,isotonic
0.41,0,0,445479,1695,0,0,NA,0,1,NA,0.9962095291765621,0,validation,isotonic
0.42,0,0,445479,1695,0,0,NA,0,1,NA,0.9962095291765621,0,validation,isotonic
0.43,0,0,445479,1695,0,0,NA,0,1,NA,0.9962095291765621,0,validation,isotonic
0.44,0,0,445479,1695,0,0,NA,0,1,NA,0.9962095291765621,0,validation,isotonic
0.45,0,0,445479,1695,0,0,NA,0,1,NA,0.9962095291765621,0,validation,isotonic
0.46,0,0,445479,1695,0,0,NA,0,1,NA,0.9962095291765621,0,validation,isotonic
0.47,0,0,445479,1695,0,0,NA,0,1,NA,0.9962095291765621,0,validation,isotonic
0.48,0,0,445479,1695,0,0,NA,0,1,NA,0.9962095291765621,0,validation,isotonic
0.49,0,0,445479,1695,0,0,NA,0,1,NA,0.9962095291765621,0,validation,isotonic
0.5,0,0,445479,1695,0,0,NA,0,1,NA,0.9962095291765621,0,validation,isotonic
0.51,0,0,445479,1695,0,0,NA,0,1,NA,0.9962095291765621,0,validation,isotonic
0.52,0,0,445479,1695,0,0,NA,0,1,NA,0.9962095291765621,0,validation,isotonic
0.53,0,0,445479,1695,0,0,NA,0,1,NA,0.9962095291765621,0,validation,isotonic
0.54,0,0,445479,1695,0,0,NA,0,1,NA,0.9962095291765621,0,validation,isotonic
0.55,0,0,445479,1695,0,0,NA,0,1,NA,0.9962095291765621,0,validation,isotonic
0.56,0,0,445479,1695,0,0,NA,0,1,NA,0.9962095291765621,0,validation,isotonic
0.57,0,0,445479,1695,0,0,NA,0,1,NA,0.9962095291765621,0,validation,isotonic
0.58,0,0,445479,1695,0,0,NA,0,1,NA,0.9962095291765621,0,validation,isotonic
0.59,0,0,445479,1695,0,0,NA,0,1,NA,0.9962095291765621,0,validation,isotonic
0.6,0,0,445479,1695,0,0,NA,0,1,NA,0.9962095291765621,0,validation,isotonic
0.61,0,0,445479,1695,0,0,NA,0,1,NA,0.9962095291765621,0,validation,isotonic
0.62,0,0,445479,1695,0,0,NA,0,1,NA,0.9962095291765621,0,validation,isotonic
0.63,0,0,445479,1695,0,0,NA,0,1,NA,0.9962095291765621,0,validation,isotonic
0.64,0,0,445479,1695,0,0,NA,0,1,NA,0.9962095291765621,0,validation,isotonic
0.65,0,0,445479,1695,0,0,NA,0,1,NA,0.9962095291765621,0,validation,isotonic
0.66,0,0,445479,1695,0,0,NA,0,1,NA,0.9962095291765621,0,validation,isotonic
0.67,0,0,445479,1695,0,0,NA,0,1,NA,0.9962095291765621,0,validation,isotonic
0.68,0,0,445479,1695,0,0,NA,0,1,NA,0.9962095291765621,0,validation,isotonic
0.69,0,0,445479,1695,0,0,NA,0,1,NA,0.9962095291765621,0,validation,isotonic
0.7,0,0,445479,1695,0,0,NA,0,1,NA,0.9962095291765621,0,validation,isotonic
0.71,0,0,445479,1695,0,0,NA,0,1,NA,0.9962095291765621,0,validation,isotonic
0.72,0,0,445479,1695,0,0,NA,0,1,NA,0.9962095291765621,0,validation,isotonic
0.73,0,0,445479,1695,0,0,NA,0,1,NA,0.9962095291765621,0,validation,isotonic
0.74,0,0,445479,1695,0,0,NA,0,1,NA,0.9962095291765621,0,validation,isotonic
0.75,0,0,445479,1695,0,0,NA,0,1,NA,0.9962095291765621,0,validation,isotonic
0.76,0,0,445479,1695,0,0,NA,0,1,NA,0.9962095291765621,0,validation,isotonic
0.77,0,0,445479,1695,0,0,NA,0,1,NA,0.9962095291765621,0,validation,isotonic
0.78,0,0,445479,1695,0,0,NA,0,1,NA,0.9962095291765621,0,validation,isotonic
0.79,0,0,445479,1695,0,0,NA,0,1,NA,0.9962095291765621,0,validation,isotonic
0.8,0,0,445479,1695,0,0,NA,0,1,NA,0.9962095291765621,0,validation,isotonic
0.81,0,0,445479,1695,0,0,NA,0,1,NA,0.9962095291765621,0,validation,isotonic
0.82,0,0,445479,1695,0,0,NA,0,1,NA,0.9962095291765621,0,validation,isotonic
0.83,0,0,445479,1695,0,0,NA,0,1,NA,0.9962095291765621,0,validation,isotonic
0.84,0,0,445479,1695,0,0,NA,0,1,NA,0.9962095291765621,0,validation,isotonic
0.85,0,0,445479,1695,0,0,NA,0,1,NA,0.9962095291765621,0,validation,isotonic
0.86,0,0,445479,1695,0,0,NA,0,1,NA,0.9962095291765621,0,validation,isotonic
0.87,0,0,445479,1695,0,0,NA,0,1,NA,0.9962095291765621,0,validation,isotonic
0.88,0,0,445479,1695,0,0,NA,0,1,NA,0.9962095291765621,0,validation,isotonic
0.89,0,0,445479,1695,0,0,NA,0,1,NA,0.9962095291765621,0,validation,isotonic
0.9,0,0,445479,1695,0,0,NA,0,1,NA,0.9962095291765621,0,validation,isotonic
0.905,0,0,445479,1695,0,0,NA,0,1,NA,0.9962095291765621,0,validation,isotonic
0.91,0,0,445479,1695,0,0,NA,0,1,NA,0.9962095291765621,0,validation,isotonic
0.915,0,0,445479,1695,0,0,NA,0,1,NA,0.9962095291765621,0,validation,isotonic
0.92,0,0,445479,1695,0,0,NA,0,1,NA,0.9962095291765621,0,validation,isotonic
0.925,0,0,445479,1695,0,0,NA,0,1,NA,0.9962095291765621,0,validation,isotonic
0.93,0,0,445479,1695,0,0,NA,0,1,NA,0.9962095291765621,0,validation,isotonic
0.935,0,0,445479,1695,0,0,NA,0,1,NA,0.9962095291765621,0,validation,isotonic
0.94,0,0,445479,1695,0,0,NA,0,1,NA,0.9962095291765621,0,validation,isotonic
0.945,0,0,445479,1695,0,0,NA,0,1,NA,0.9962095291765621,0,validation,isotonic
0.95,0,0,445479,1695,0,0,NA,0,1,NA,0.9962095291765621,0,validation,isotonic
0.955,0,0,445479,1695,0,0,NA,0,1,NA,0.9962095291765621,0,validation,isotonic
0.96,0,0,445479,1695,0,0,NA,0,1,NA,0.9962095291765621,0,validation,isotonic
0.965,0,0,445479,1695,0,0,NA,0,1,NA,0.9962095291765621,0,validation,isotonic
0.97,0,0,445479,1695,0,0,NA,0,1,NA,0.9962095291765621,0,validation,isotonic
0.975,0,0,445479,1695,0,0,NA,0,1,NA,0.9962095291765621,0,validation,isotonic
0.98,0,0,445479,1695,0,0,NA,0,1,NA,0.9962095291765621,0,validation,isotonic
0.985,0,0,445479,1695,0,0,NA,0,1,NA,0.9962095291765621,0,validation,isotonic
0.99,0,0,445479,1695,0,0,NA,0,1,NA,0.9962095291765621,0,validation,isotonic
0.991,0,0,445479,1695,0,0,NA,0,1,NA,0.9962095291765621,0,validation,isotonic
0.992,0,0,445479,1695,0,0,NA,0,1,NA,0.9962095291765621,0,validation,isotonic
0.993,0,0,445479,1695,0,0,NA,0,1,NA,0.9962095291765621,0,validation,isotonic
0.994,0,0,445479,1695,0,0,NA,0,1,NA,0.9962095291765621,0,validation,isotonic
0.995,0,0,445479,1695,0,0,NA,0,1,NA,0.9962095291765621,0,validation,isotonic
0.996,0,0,445479,1695,0,0,NA,0,1,NA,0.9962095291765621,0,validation,isotonic
0.997,0,0,445479,1695,0,0,NA,0,1,NA,0.9962095291765621,0,validation,isotonic
0.998,0,0,445479,1695,0,0,NA,0,1,NA,0.9962095291765621,0,validation,isotonic
0.999,0,0,445479,1695,0,0,NA,0,1,NA,0.9962095291765621,0,validation,isotonic
1e-4,4095,1002486,326315,1255,1006581,1853.7403314917126,0.004068226998125337,0.7654205607476635,0.24557100724638226,0.008093437200757758,0.24765562518785356,1.1668795925677243e-4,test,isotonic
2e-4,3820,891662,437139,1530,895482,1649.1381215469614,0.004265859056910133,0.7140186915887851,0.3289725098039511,0.008481048630599267,0.330516560719139,5.126852011246237e-4,test,isotonic
3e-4,3697,843142,485659,1653,846839,1559.5561694290975,0.004365646834876523,0.6910280373831775,0.365486630428484,0.008676479043967946,0.36679206476628207,7.124248667769443e-4,test,isotonic
4e-4,3586,794815,533986,1764,798401,1470.351749539595,0.0044914773403339926,0.6702803738317757,0.4018555073333027,0.008923161526393124,0.4029319020110917,9.641448843873515e-4,test,isotonic
5e-4,3484,745208,583593,1866,748692,1378.8066298342542,0.004653448948299167,0.6512149532710281,0.43918765864866144,0.009240864567225698,0.44003789675981203,0.0012879422416704942,test,isotonic
6e-4,3389,710051,618750,1961,713440,1313.8858195211787,0.0047502242655303875,0.6334579439252337,0.4656453449387832,0.009429736084252701,0.4663182803145971,0.0014811388201691831,test,isotonic
7e-4,3288,674819,653982,2062,678107,1248.815837937385,0.0048487922997403066,0.6145794392523365,0.49215947308889746,0.009621673345945684,0.4926503821531446,0.0016777218091918729,test,isotonic
8e-4,3196,639932,688869,2154,643128,1184.3977900552486,0.004969461755669167,0.5973831775700934,0.5184139686830458,0.009856926526420326,0.5187306384359791,0.0019182689630585744,test,isotonic
9e-4,3088,598412,730389,2262,601500,1107.7348066298343,0.00513383208645054,0.577196261682243,0.549660182374938,0.010177144269588859,0.5497706031776013,0.002245619033450581,test,isotonic
0.001,3003,580377,748424,2347,583380,1074.364640883978,0.005147588192944565,0.5613084112149532,0.5632325683078203,0.010201620437212304,0.5632248523592907,0.002272479955478503,test,isotonic
0.0011,2943,562505,766296,2407,565448,1041.340699815838,0.005204722627014332,0.5500934579439253,0.5766822872649855,0.010311879158651572,0.576575664973455,0.002385924395989159,test,isotonic
0.0012,2867,544574,784227,2483,547441,1008.1786372007366,0.005237094043011027,0.5358878504672897,0.5901764071520115,0.010372817213015407,0.5899587078224279,0.0024498127100470684,test,isotonic
0.0013,2781,526642,802159,2569,529423,974.9963167587478,0.005252888522032477,0.5198130841121495,0.6036712795971707,0.010400674678788946,0.6033350048083013,0.0024805228255873044,test,isotonic
0.0014,2704,510322,818479,2646,513026,944.7992633517496,0.005270688035304253,0.5054205607476635,0.6159530283315561,0.010432581755328178,0.6155097886221275,0.002515237091915437,test,isotonic
0.0015,2616,496927,831874,2734,499543,919.9686924493554,0.0052367864227904305,0.4889719626168224,0.6260335445262308,0.010362591677840653,0.6254839219848428,0.0024469096903997085,test,isotonic
0.0016,2551,483705,845096,2799,486256,895.4990791896869,0.005246207758875983,0.47682242990654206,0.635983868163856,0.01037822972054857,0.6353456242959006,0.002464982384628152,test,isotonic
0.0017,2476,470372,858429,2874,472848,870.8066298342542,0.005236355023178696,0.462803738317757,0.6460177257542702,0.010355543101393146,0.645283030181741,0.0024445751084947952,test,isotonic
0.0018,2409,456910,871891,2941,459319,845.8913443830571,0.005244720989116497,0.4502803738317757,0.6561486633438717,0.010368671032498403,0.65532312309476215,0.002460434827999844,test,isotonic
0.0019,2348,443279,885522,3002,445627,820.6758747697975,0.005268980559975047,0.4388785046728972,0.6664067832579897,0.01041294788869499,0.6654943855680504,0.00250788432593484,test,isotonic
0.002,2271,429763,899038,3079,432034,795.6427255985267,0.005256530736006888,0.4244859813084112,0.6765783589867859,0.010384467653137745,0.6755674582562243,0.002482149664334573,test,isotonic
0.0021,2189,416466,912335,3161,418655,771.0036832412522,0.005228648887508808,0.4091588785046729,0.6865851244844036,0.010325349936911121,0.6854726339072563,0.002425672468043845,test,isotonic
0.0022,2107,403128,925673,3243,405235,746.2891344383057,0.005199452169728676,0.3938317757009346,0.696622744865484,0.01026340465433467,0.6954085407124081,0.0023665588288392975,test,isotonic
0.0023,2025,389646,939155,3325,391671,721.3093922651934,0.0051701555642363105,0.37850467289719625,0.7067687336177502,0.01020097173701139,0.7054523813271512,0.00230721825156666,test,isotonic
0.0024,1963,376251,952550,3387,378214,696.5267034990792,0.0051901833353604045,0.3669158878504673,0.7168492498124249,0.010235579981437256,0.7154460027388204,0.002345915434563412,test,isotonic
0.0025,1886,363147,965654,3464,365033,672.2523020257827,0.005166656165332998,0.3525233644859813,0.7267107715903284,0.010184052723802118,0.7252102648051083,0.00229798095122116,test,isotonic
0.0026,1762,344798,984003,3588,346560,638.232044198895,0.005084256694367498,0.32934579439252337,0.7405194607770463,0.01001392401466284,0.7388706375815032,0.0021326133416423505,test,isotonic
0.0027,1680,334560,994241,3670,336240,619.2265193370166,0.004996431120628123,0.31401869158878504,0.7482241509451001,0.009836353523229601,0.7464829693190651,0.0019573348897183704,test,isotonic
0.0028,1608,324417,1004384,3742,326025,600.414364640884,0.004932137106050149,0.3005607476635514,0.7558573480904967,0.009705016974726517,0.7540315901273544,0.001828849027313602,test,isotonic
0.0029,1510,314222,1014579,3840,315732,581.4585635359116,0.004782537088416758,0.2822429906542056,0.7635296782588213,0.009405696987062494,0.7615996989845977,0.0015313259151157575,test,isotonic
0.003,1437,303922,1024879,3913,305359,562.3554327808472,0.004705936291381619,0.2685981308411215,0.7712810270311355,0.009249812525546412,0.7692652480866109,0.0013786929295502666,test,isotonic
0.0031,1354,293713,1035088,3996,295067,543.401473296501,0.004588788309095901,0.2530841121495327,0.7789638930133256,0.00901413701621413,0.7768550936138413,0.0011459082044695998,test,isotonic
0.0032,1162,279184,1049617,4188,280346,516.2909760589318,0.004144878114900872,0.21719626168224299,0.7898978101310881,0.008134520609318996,0.787601253531272,2.6672365326675884e-4,test,isotonic
0.0033,1138,273512,1055289,4212,274650,505.8011049723757,0.004143455306754051,0.21271028037383177,0.7941663198627936,0.00812857142857143,0.7918346573963517,2.638059092448625e-4,test,isotonic
0.0034,1111,267942,1060859,4239,269053,495.49355432780845,0.004129297945014551,0.20766355140186915,0.7983580686649092,0.008097579108100128,0.7959893595252712,2.3571753993844075e-4,test,isotonic
0.0035,1080,262256,1066545,4270,263336,484.96500920810314,0.00410122429139958,0.20186915887850468,0.80263711421048,0.008039123735512828,0.8002280101727616,1.8015172200320882e-4,test,isotonic
0.0036,1051,256875,1071926,4299,257926,475.0018416206261,0.004074812155424424,0.19644859813084112,0.8066866295254143,0.007984016773272155,0.8042395500959036,1.2791524953363376e-4,test,isotonic
0.0037,1005,251286,1077515,4345,252291,464.6243093922652,0.003983495249533277,0.18785046728971963,0.8108926769320614,0.0078015533241991755,0.8083942522248231,-5.240025755221176e-5,test,isotonic
0.0038,976,245859,1082942,4374,246835,454.57642725598527,0.003954058379079142,0.18242990654205607,0.8149768099211244,0.007740349346709757,0.8124402710038069,-1.1045671582525024e-4,test,isotonic
0.0039,954,240292,1088509,4396,241246,444.28360957642724,0.003954469711414904,0.1783177570093458,0.8191663010488403,0.00773735178186183,0.8165964722134151,-1.095908445669159e-4,test,isotonic
0.004,926,234870,1093931,4424,235796,434.24677716390426,0.0039271234456903425,0.1730841121495327,0.8232466712472372,0.007679994692012308,0.8206394928310213,-1.634373276959478e-4,test,isotonic
0.0041,902,229353,1099448,4448,230255,424.04235727440147,0.003917395930598684,0.1685981308411215,0.8273985344682914,0.0076568833428832155,0.8247567179427217,-1.8251288519384972e-4,test,isotonic
0.0042,871,223728,1105073,4479,224599,413.62615101289134,0.003878022609183478,0.16280373831775702,0.8316316739677349,0.007575592848849092,0.8289496466292047,-2.5992954105200696e-4,test,isotonic
0.0043,836,218185,1110616,4514,219021,403.353591160221,0.003816985585857064,0.15626168224299064,0.8358031037002531,0.00745194343297485,0.8330781148460706,-3.798779320299808e-4,test,isotonic
0.0044,810,212717,1116084,4540,213527,393.23572744014734,0.0037934312756700557,0.15140186915887852,0.8399180915727787,0.0074014172343370935,0.8371571134002074,-4.2596273161190403e-4,test,isotonic
0.0045,777,207185,1121616,4573,207962,382.98710865561696,0.0037362595089487504,0.14523364485981308,0.8440812431658314,0.007285103510351034,0.8412788357539739,-5.380363185830398e-4,test,isotonic
0.0046,748,202339,1126462,4602,203087,374.00920810313073,0.0036831505709375785,0.13981308411214954,0.8477281398794854,0.007177228611043146,0.8448893715928707,-6.420166737174592e-4,test,isotonic
0.0047,719,197513,1131288,4631,198232,365.0681399631676,0.0036270632390330523,0.13439252336448598,0.8513599854304745,0.0070634928431786695,0.8484849166248798,-7.516966509067873e-4,test,isotonic
0.0048,685,192713,1136088,4665,193398,356.16574585635357,0.0035419187375257243,0.1280373831775701,0.8549722644699996,0.006893151126049069,0.852057225906213,-9.18207781625311e-4,test,isotonic
0.0049,654,187980,1140821,4696,188634,347.3922651933702,0.0034670313941283118,0.1222429906542056,0.858534122114598,0.006742824150445397,0.8555815646055057,-0.001064367824936698,test,isotonic
0.005,613,183173,1145628,4737,183786,338.4640883977901,0.0033354009554590665,0.11457943925233645,0.8621516690610558,0.0064821081126808225,0.859153873886839,-0.001321411390900678,test,isotonic
0.0051,583,178311,1150490,4767,178894,329.4548802946593,0.003258913099377285,0.10897196261682243,0.8658106067048414,0.006328564295173792,0.8627756528309014,-0.001470081436491311,test,isotonic
0.0052,548,173630,1155171,4802,174178,320.76979742173114,0.003146206754010265,0.10242990654205608,0.8693333313265117,0.006104897286217191,0.8662580172709086,-0.0016893278294485266,test,isotonic
0.0053,522,168909,1159892,4828,169431,312.02762430939225,0.0030809001894576554,0.09757009345794393,0.8728861582735112,0.005973189305473707,0.8697771091877906,-0.0018155146893891394,test,isotonic
0.0054,486,164155,1164646,4864,164641,303.2062615101289,0.0029518771144490135,0.09084112149532711,0.8764638196389075,0.005717949773811556,0.8733134405325934,-0.0020657680679137245,test,isotonic
0.0055,457,159386,1169415,4893,159843,294.37016574585635,0.0028590554481585056,0.08542056074766355,0.8800527693763024,0.005532922097183295,0.8768662617649726,-0.0022448390486982093,test,isotonic
0.0056,386,153741,1175060,4964,154127,283.84346224677716,0.002504428166382269,0.07214953271028038,0.8843009600384105,0.004840823441624811,0.8810441996445679,-0.002932940614549854,test,isotonic
0.0057,362,149476,1179325,4988,149838,275.9447513812155,0.002415942551288725,0.06766355140186917,0.8875106204766553,0.004665309173389694,0.8842230002450997,-0.003102308710784485,test,isotonic
0.0058,336,145271,1183530,5014,145607,268.15285451197053,0.0023075813662804673,0.06280373831775701,0.8906751274269059,0.004451598799658181,0.8873553293442796,-0.0033098512296567753,test,isotonic
0.0059,322,140926,1187875,5028,141248,260.1252302025783,0.0022796782963298593,0.06018691588785047,0.8939449925158094,0.004392965797623432,0.8906015885758058,-0.003360395247183785,test,isotonic
0.006,306,136670,1192131,5044,136976,252.25782688766114,0.0022339679943931784,0.05719626168224299,0.897147879930855,0.004299987352978374,0.8937796396359933,-0.0034452136526971775,test,isotonic
0.0061,274,132435,1196366,5076,132709,244.39963167587476,0.002064667807006307,0.05121495327102804,0.9003349636251027,0.003969317465721177,0.8969299577034384,-0.003769030187685693,test,isotonic
0.0062,244,128162,1200639,5106,128406,236.47513812154696,0.00190022273102503,0.04560747663551402,0.9035506445284132,0.0036484344627530727,0.9001102573846589,-0.004082289084272965,test,isotonic
0.0063,219,124048,1204753,5131,124267,228.85267034990792,0.0017623343285023377,0.040934579439252335,0.9066466686885395,0.003379186372157973,0.9031751278528443,-0.004343258359566178,test,isotonic
0.0064,172,116923,1211878,5178,117095,215.64456721915286,0.0014688927793671805,0.03214953271028037,0.9120086453878345,0.0028094246396341213,0.9084803744103929,-0.004897799374737106,test,isotonic
0.0065,146,113848,1214953,5204,113994,209.93370165745856,0.0012807691632892959,0.027289719626168225,0.9143227616475303,0.002446708674084998,0.910765722920419,-0.005254094898528618,test,isotonic
0.0066,136,111707,1217094,5214,111843,205.97237569060775,0.0012159902720778233,0.02542056074766355,0.9159339886107852,0.0023209577363835724,0.9123629933943009,-0.005374131028767967,test,isotonic
0.0067,132,110322,1218479,5218,110454,203.41436464088397,0.0011950676299636047,0.024672897196261683,0.9169762816253149,0.002279713999516424,0.913398108609895,-0.005411243593626054,test,isotonic
0.0068,125,108916,1219885,5225,109041,200.8121546961326,0.001146357792023184,0.02336448598130841,0.9180343783606424,0.0021854866204509098,0.9144467155516879,-0.005501559901248958,test,isotonic
0.0069,122,107519,1221282,5228,107641,198.2338858195212,0.0011333971256305682,0.02280373831775701,0.9190857020727708,0.002159464028108433,0.9154915747917589,-0.005523073738914857,test,isotonic
0.007,118,106102,1222699,5232,106220,195.61694290976058,0.001110901901713425,0.02205607476635514,0.920152076947564,0.0021152639598458365,0.9165506752983733,-0.0055627132154338396,test,isotonic
0.0071,113,104668,1224133,5237,104781,192.9668508287293,0.0010784397934740077,0.021121495327102804,0.9212312453106222,0.002052101588108707,0.9176217684504977,-0.005621269443224526,test,isotonic
0.0072,110,103320,1225481,5240,103430,190.47882136279927,0.0010635212220825678,0.020560747663551402,0.922245693674222,0.002022430593859165,0.918629900213694,-0.005646265139403837,test,isotonic
0.0073,105,101931,1226870,5245,102036,187.91160220994476,0.0010290485710925555,0.019626168224299065,0.9232909969212847,0.0019555621775650457,0.9196672640503212,-0.005708458250734854,test,isotonic
0.0074,103,100528,1228273,5247,100631,185.32412523020258,0.0010235414534288639,0.01925233644859813,0.9243468359822126,0.0019437446334720375,0.9207173700728029,-0.005714998321396769,test,isotonic
0.0075,96,99074,1229727,5254,99170,182.63351749539595,9.680346879096501e-4,0.01794392523364486,0.9254410555079353,0.0018369690011481058,0.9218019549511263,-0.005816857510933679,test,isotonic
0.0076,94,97681,1231120,5256,97775,180.0644567219153,9.613909486064945e-4,0.017570093457943924,0.9264893689875309,0.001823030303030303,0.9228445655701641,-0.00582527471000747,test,isotonic
0.0077,93,96308,1232493,5257,96401,177.5340699815838,9.647202829846164e-4,0.017383177570093458,0.9275226313044617,0.001827991862487838,0.9238729349226587,-0.005814580712560897,test,isotonic
0.0078,89,94925,1233876,5261,95014,174.97974217311233,9.367040646641548e-4,0.01663551401869159,0.9285634192027249,0.0017735442987525404,0.9249065510575639,-0.005863538470333027,test,isotonic
0.0079,88,93432,1235369,5262,93520,172.22836095764274,9.409751924721985e-4,0.01644859813084112,0.9296869884956438,0.0017801153029230303,0.9260248652513846,-0.005850369564978568,test,isotonic
0.008,85,92088,1236713,5265,92173,169.74769797421732,9.221789461122021e-4,0.01588785046728972,0.9306984266267109,0.001743178532243676,0.9270299988532033,-0.0058815131760890545,test,isotonic
0.0081,76,90741,1238060,5274,90817,167.25046040515653,8.368477267471949e-4,0.014205607476635514,0.9317121224321776,0.001580583776139424,0.9280328838339889,-0.00603906087638094,test,isotonic
0.0082,71,89360,1239441,5279,89431,164.69797421731124,7.939081526540014e-4,0.013271028037383177,0.9327514052141743,0.0014981905656196916,0.929064251347861,-0.00611546837131534,test,isotonic
0.0083,65,88051,1240750,5285,88116,162.27624309392266,7.37663988378955e-4,0.012149532710280374,0.9337365038105782,0.001390880106134851,0.930040902416593,-0.0062171394384694665,test,isotonic
0.0084,64,86579,1242222,5286,86643,159.5635359116022,7.386632503491338e-4,0.011962616822429906,0.9348442693826992,0.001391410215994695,0.9311434762631816,-0.006209152629577202,test,isotonic
0.0085,61,85203,1243598,5289,85264,157.02394106813998,7.154250328391818e-4,0.011401869158878504,0.9358797893740297,0.0013463703180523982,0.9321725951560206,-0.006247338449678279,test,isotonic
0.0086,60,83847,1244954,5290,83907,154.52486187845304,7.150774071293217e-4,0.011214953271028037,0.9369002582026955,0.0013444323694500153,0.9331882223226606,-0.006241992071029895,test,isotonic
0.0087,56,82514,1246287,5294,82570,152.06261510128914,6.78212425820516e-4,0.010467289719626169,0.937903418194297,0.0012738853503184715,0.9341843614403467,-0.0063056627503474344,test,isotonic
0.0088,50,81206,1247595,5300,81256,149.6427255985267,6.153391749532342e-4,0.009345794392523364,0.9388877642325676,0.0011546544119345082,0.9351602629687344,-0.006418290038611445,test,isotonic
0.0089,48,79229,1249572,5302,79277,145.99815837937385,6.054719527731877e-4,0.00897196261682243,0.9403755716619719,0.0011343897337729094,0.9366406051488925,-0.006426959815445688,test,isotonic
0.009,48,78549,1250252,5302,78597,144.74585635359117,6.107103324554372e-4,0.00897196261682243,0.9408873111925713,0.0011435786865522293,0.9371502925830735,-0.006413536647871112,test,isotonic
0.0091,48,77839,1250962,5302,77887,143.43830570902395,6.162774275553045e-4,0.00897196261682243,0.9414216274671677,0.0011533332532407464,0.9376824662275859,-0.006399287356420293,test,isotonic
0.0092,47,77162,1251639,5303,77209,142.18968692449354,6.087373233690373e-4,0.008785046728971962,0.9419311093233674,0.001138579682408944,0.9381891555003894,-0.006409859811071853,test,isotonic
0.0093,47,76516,1252285,5303,76563,141,6.138735420503376e-4,0.008785046728971962,0.9424172618774369,0.0011475589955196367,0.9386733585628613,-0.006396656534429967,test,isotonic
0.0094,47,75841,1252960,5303,75888,139.75690607734808,6.193337550073793e-4,0.008785046728971962,0.9429252386173701,0.0011570939708018416,0.9391792982953204,-0.006382636325653293,test,isotonic
0.0095,47,75180,1253621,5303,75227,138.53959484346225,6.247756789450596e-4,0.008785046728971962,0.9434226795434381,0.0011665859984859202,0.9396747444629581,-0.0063686793890762655,test,isotonic
0.0096,47,74501,1254300,5303,74548,137.28913443830572,6.304662767612813e-4,0.008785046728971962,0.9439336665159042,0.0011765000375478735,0.9401836823567947,-0.0063541020633340875,test,isotonic
0.0097,46,73779,1255022,5304,73825,135.95764272559853,6.230951574669828e-4,0.008598130841121496,0.9444770134880994,0.001161982949163246,0.9407241009450954,-0.006363756227066683,test,isotonic
0.0098,46,73052,1255749,5304,73098,134.61878453038673,6.292921830966647e-4,0.008598130841121496,0.9450241232509609,0.0011727513767081379,0.9412690167754625,-0.0063478144693747286,test,isotonic
0.0099,46,72401,1256400,5304,72447,133.41988950276243,6.349469267188428e-4,0.008598130841121496,0.9455140385956964,0.0011825648803938456,0.9417569675396563,-0.006333286537218885,test,isotonic
0.01,46,71738,1257063,5304,71784,132.1988950276243,6.408113228574613e-4,0.008598130841121496,0.9460129846380309,0.0011927295356133482,0.9422539127879828,-0.006318238900830832,test,isotonic
0.011,43,65097,1263704,5307,65140,119.96316758747697,6.601166717838502e-4,0.008037383177570093,0.9510107232008405,0.0012200312101007236,0.9472293615940025,-0.006237577055114344,test,isotonic
0.012,40,58225,1270576,5310,58265,107.30202578268877,6.865184930919077e-4,0.007476635514018692,0.9561823026924272,0.0012575650396918967,0.9523779542195748,-0.006133081622994434,test,isotonic
0.013,34,51481,1277320,5316,51515,94.87108655616943,6.6000194118218e-4,0.006355140186915888,0.96125755474296,0.001195814648729447,0.9574283570600329,-0.006114140379110223,test,isotonic
0.014,31,44725,1284076,5319,44756,82.42357274401473,6.926445616230226e-4,0.005794392523364486,0.9663418374910916,0.0012373767612661158,0.9624900030056568,-0.005969132976617912,test,isotonic
0.015,26,38053,1290748,5324,38079,70.12707182320442,6.827910396806639e-4,0.00485981308411215,0.9713629053560315,0.0011973566050335032,0.9674871884816636,-0.005876055594445104,test,isotonic
0.016,24,34499,1294302,5326,34523,63.57826887661142,6.951887147698635e-4,0.004485981308411215,0.9740374969615465,0.0012038221352795124,0.9701495557849149,-0.005780295248262042,test,isotonic
0.017,24,32458,1296343,5326,32482,59.8195211786372,7.388707591897051e-4,0.004485981308411215,0.9755734681114779,0.0012687671812222458,0.9716793676278023,-0.005656104765496746,test,isotonic
0.018,24,30432,1298369,5326,30456,56.08839779005525,7.880220646178094e-4,0.004485981308411215,0.9770981508894109,0.0013405574484723231,0.9731979363655239,-0.0055188414748824684,test,isotonic
0.019,24,28401,1300400,5326,28425,52.348066298342545,8.443271767810027e-4,0.004485981308411215,0.9786265964580099,0.0014211695040710585,0.9747202528049673,-0.005364732028520848,test,isotonic
0.02,24,26418,1302383,5326,26442,48.69613259668508,9.076469253460404e-4,0.004485981308411215,0.9801189192362137,0.001509813789632612,0.9762065913078805,-0.005195292843460494,test,isotonic
0.021,21,24467,1304334,5329,24488,45.09760589318601,8.57562887945116e-4,0.003925233644859813,0.981587160154154,0.0014076010456464912,0.9776666958987401,-0.005208751829066826,test,isotonic
0.022,21,22978,1305823,5329,22999,42.355432780847146,9.130831775294578e-4,0.003925233644859813,0.98270771921454,0.0014815337401672018,0.9787827614715275,-0.005057914228633308,test,isotonic
0.023,20,21522,1307279,5330,21542,39.67219152854512,9.284189026088571e-4,0.003738317757009346,0.9838034438565293,0.0014874312063067083,0.9798733426726061,-0.004969027651540075,test,isotonic
0.024,20,20066,1308735,5330,20086,36.99079189686925,9.957184108334164e-4,0.003738317757009346,0.9848991684985186,0.0015725743041358703,0.9809646734140288,-0.004790971253398168,test,isotonic
0.025,19,18547,1310254,5331,18566,34.1915285451197,0.0010233760637724874,0.0035514018691588786,0.9860423043029016,0.0015888944639571834,0.9821024756568034,-0.004666149444634553,test,isotonic
0.026,18,17079,1311722,5332,17097,31.486187845303867,0.001052816283558519,0.0033644859813084112,0.9871470596424897,0.0016037777876776406,0.9832020513420145,-0.004532491145619184,test,isotonic
0.027,17,15619,1313182,5333,15636,28.795580110497237,0.001087234586850857,0.003177570093457944,0.988245794517012,0.0016201277041837416,0.9842956307044705,-0.004381561698905655,test,isotonic
0.028,16,14087,1314714,5334,14103,25.972375690607734,0.0011345103878607388,0.0029906542056074765,0.989398713577127,0.0016449904898987301,0.9854431769717221,-0.0041937777469203755,test,isotonic
0.029,15,12713,1316088,5335,12728,23.44014732965009,0.0011785040854808296,0.002803738317757009,0.9904327284521911,0.001659475605708596,0.9864722958645611,-0.004009786318600477,test,isotonic
0.03,14,11783,1317018,5336,11797,21.7255985267035,0.0011867423921335934,0.002616822429906542,0.9911326075160991,0.0016329387064792677,0.9871686188444936,-0.003906368255681851,test,isotonic
0.031,14,10785,1318016,5336,10799,19.887661141804788,0.0012964163348458191,0.002616822429906542,0.991883660533067,0.0017338534893801473,0.9879166601081887,-0.0036488254838407306,test,isotonic
0.032,14,9838,1318963,5336,9852,18.14364640883978,0.0014210312626877792,0.002616822429906542,0.99259633308524,0.001841862912774635,0.9886264748143201,-0.0033732653218142483,test,isotonic
0.033,14,9065,1319736,5336,9079,16.720073664825048,0.0015420200462606013,0.002616822429906542,0.9931780605222302,0.0019405364197103059,0.9892058695005288,-0.003121603650242492,test,isotonic
0.034,14,8583,1320218,5336,8597,15.832412523020258,0.0016284750494358496,0.002616822429906542,0.9935407935424492,0.00200760020076002,0.9895671479465218,-0.002950604605037416,test,isotonic
0.035,14,8016,1320785,5336,8030,14.788213627992633,0.0017434620174346202,0.002616822429906542,0.9939674940039931,0.0020926756352765323,0.9899921373217874,-0.0027337303135645478,test,isotonic
0.036,14,7571,1321230,5336,7585,13.968692449355434,0.0018457481872116018,0.002616822429906542,0.9943023823732824,0.002164669501352919,0.9903256827750382,-0.0025502479379699875,test,isotonic
0.037,14,7136,1321665,5336,7150,13.167587476979742,0.001958041958041958,0.002616822429906542,0.9946297451612394,0.00224,0.9906517328248452,-0.0023583054185620468,test,isotonic
0.038,14,6694,1322107,5336,6708,12.353591160220995,0.0020870602265951103,0.002616822429906542,0.9949623758561289,0.0023221098026206667,0.9909830296570628,-0.0021491398981732398,test,isotonic
0.039,13,6286,1322515,5337,6299,11.60036832412523,0.0020638196539133195,0.002429906542056075,0.9952694195744886,0.002231951240449824,0.991288092577227,-0.0021139400465095093,test,isotonic
0.04,13,5859,1322942,5337,5872,10.813996316758749,0.0022138964577656677,0.002429906542056075,0.9955907618973797,0.0023168775619319196,0.9916081463042788,-0.00188761493852229,test,isotonic
0.041,13,5429,1323372,5337,5442,10.022099447513812,0.002388827636898199,0.002429906542056075,0.9959143618946704,0.002409191994069681,0.9919304486523639,-0.0016416730742905394,test,isotonic
0.042,13,4987,1323814,5337,5000,9.208103130755065,0.0026,0.002429906542056075,0.9962469925895601,0.0025120772946859906,0.9922617454845816,-0.0013676572016377403,test,isotonic
0.043,13,4577,1324224,5337,4590,8.453038674033149,0.002832244008714597,0.002429906542056075,0.9965555414241861,0.0026156941649899397,0.9925690570257789,-0.0010917873239104639,test,isotonic
0.044,13,4351,1324450,5337,4364,8.03683241252302,0.0029789184234647113,0.002429906542056075,0.9967256195622971,0.0026765493102738317,0.9927384531436096,-9.298105315624022e-4,test,isotonic
0.045,12,4109,1324692,5338,4121,7.589318600368324,0.002911914583838874,0.0022429906542056075,0.9969077386305398,0.00253405131453912,0.9929190923666061,-9.58974920304843e-4,test,isotonic
0.046,12,3867,1324934,5338,3879,7.143646408839779,0.0030935808197989174,0.0022429906542056075,0.9970898576987826,0.0026004984288655326,0.9931004811299471,-7.729921510249055e-4,test,isotonic
0.047,11,3641,1325160,5339,3652,6.725598526703499,0.0030120481927710845,0.00205607476635514,0.9972599358368935,0.002443901355254388,0.9932691277074334,-8.12389765829604e-4,test,isotonic
0.048,10,3403,1325398,5340,3413,6.285451197053407,0.002929973630237328,0.001869158878504673,0.9974390446726034,0.0022823234052265205,0.9934467687690524,-8.439621336051237e-4,test,isotonic
0.049,10,3167,1325634,5340,3177,5.850828729281768,0.0031476235442241107,0.001869158878504673,0.9976166483920467,0.002345490793948634,0.993623660290327,-6.445670166777138e-4,test,isotonic
0.05,10,2958,1325843,5340,2968,5.4659300184162065,0.0033692722371967657,0.001869158878504673,0.9977739330418927,0.0024044241404183697,0.9937803142223032,-4.5858601105149075e-4,test,isotonic
0.051,10,2735,1326066,5340,2745,5.05524861878453,0.0036429872495446266,0.001869158878504673,0.9979417535056039,0.0024706609017912293,0.9939474617191008,-2.496132788689812e-4,test,isotonic
0.052,10,2552,1326249,5340,2562,4.718232044198895,0.0039032006245121,0.001869158878504673,0.9980794716439858,0.002527805864509606,0.994084627602123,-6.93724346918606e-5,test,isotonic
0.053,10,2395,1326406,5340,2405,4.429097605893186,0.004158004158004158,0.001869158878504673,0.9981976232709037,0.0025789813023855577,0.9942023054361913,9.200233605722598e-5,test,isotonic
0.054,10,2257,1326544,5340,2267,4.1749539594843466,0.004411116012351125,0.001869158878504673,0.9983014762932899,0.0026257056583956937,0.9943057420037162,2.3931020676444477e-4,test,isotonic
0.055,9,2113,1326688,5341,2122,3.9079189686924494,0.004241281809613572,0.0016822429906542056,0.9984098446644757,0.0024089935760171306,0.9944129262729631,1.3164173238208547e-4,test,isotonic
0.056,8,1986,1326815,5342,1994,3.67219152854512,0.004012036108324975,0.0014953271028037382,0.9985054195473965,0.002178649237472767,0.9945073683563554,1.0858503926723922e-6,test,isotonic
0.057,7,1865,1326936,5343,1872,3.447513812154696,0.0037393162393162395,0.001308411214953271,0.9985964790815178,0.0019385211852672387,0.9945973131976815,-1.4064032548807227e-4,test,isotonic
0.058,7,1742,1327059,5343,1749,3.2209944751381214,0.004002287021154946,0.001308411214953271,0.9986890437319057,0.0019721087477109454,0.9946895066600407,-3.828224509896072e-6,test,isotonic
0.059,7,1588,1327213,5343,1595,2.9373848987108655,0.00438871473354232,0.001308411214953271,0.9988049376844238,0.002015838732901368,0.9948049358730758,1.7425468448499415e-4,test,isotonic
0.06,7,1455,1327346,5343,1462,2.692449355432781,0.0047879616963064295,0.001308411214953271,0.998905027916144,0.002055196711685261,0.9949046247388789,3.3449245756441977e-4,test,isotonic
0.061,7,1320,1327481,5343,1327,2.443830570902394,0.0052750565184626974,0.001308411214953271,0.9990066232641306,0.002096750037441965,0.9950058126853707,5.036261074859674e-4,test,isotonic
0.062,7,1184,1327617,5343,1191,2.1933701657458564,0.005877413937867338,0.001308411214953271,0.9991089711702504,0.002140345512918514,0.9951077501722069,6.810255026122206e-4,test,isotonic
0.063,7,1042,1327759,5343,1049,1.9318600368324126,0.00667302192564347,0.001308411214953271,0.9992158344251698,0.0021878418502891076,0.9952141849011094,8.742443174485107e-4,test,isotonic
0.064,7,933,1327868,5343,940,1.7311233885819521,0.007446808510638298,0.001308411214953271,0.9992978632616923,0.0022257551669316376,0.9952958847986473,0.0010284382329800998,test,isotonic
0.065,7,821,1327980,5343,828,1.5248618784530388,0.008454106280193236,0.001308411214953271,0.9993821497726145,0.0022661055357720947,0.9953798333172182,0.001192504263801653,test,isotonic
0.066,6,703,1328098,5344,709,1.3057090239410682,0.00846262341325811,0.0011214953271028037,0.9994709516323362,0.001980524839082357,0.9954675295375112,0.0010430257431922987,test,isotonic
0.067,6,554,1328247,5344,560,1.0313075506445673,0.010714285714285714,0.0011214953271028037,0.9995830827941882,0.0020304568527918783,0.9955792110488243,0.0012714830455695975,test,isotonic
0.068,6,544,1328257,5344,550,1.0128913443830572,0.01090909090909091,0.0011214953271028037,0.9995906083755205,0.002033898305084746,0.9955867064522681,0.001287225946553455,test,isotonic
0.069,6,533,1328268,5344,539,0.992633517495396,0.011131725417439703,0.0011214953271028037,0.9995988865149861,0.0020376974019358125,0.9955949513960564,0.00130460444000586,test,isotonic
0.07,6,520,1328281,5344,526,0.9686924493554327,0.011406844106463879,0.0011214953271028037,0.9996086697707182,0.0020422055820285907,0.9956046954205333,0.0013252259330791773,test,isotonic
0.071,6,508,1328293,5344,514,0.9465930018416207,0.011673151750972763,0.0011214953271028037,0.9996177004683169,0.002046384720327422,0.9956136899046659,0.001344341716122449,test,isotonic
0.072,6,499,1328302,5344,505,0.9300184162062615,0.011881188118811881,0.0011214953271028037,0.9996244734915161,0.002049530315969257,0.9956204357677654,0.0013587295979158721,test,isotonic
0.073,6,489,1328312,5344,495,0.9116022099447514,0.012121212121212121,0.0011214953271028037,0.9996319990728484,0.002053036783575706,0.9956279311712093,0.0013747677180386355,test,isotonic
0.074,6,474,1328327,5344,480,0.8839779005524862,0.0125,0.0011214953271028037,0.9996432874448469,0.002058319039451115,0.995639174276375,0.0013989272996037577,test,isotonic
0.075,5,464,1328337,5345,469,0.8637200736648251,0.010660980810234541,9.345794392523365e-4,0.9996508130261792,0.0017185083347654236,0.9956459201394745,0.0010727989234165373,test,isotonic
0.076,5,458,1328343,5345,463,0.852670349907919,0.01079913606911447,9.345794392523365e-4,0.9996553283749786,0.001720282126268708,0.9956504173815408,0.0010821814281583853,test,isotonic
0.077,5,448,1328353,5345,453,0.8342541436464088,0.011037527593818985,9.345794392523365e-4,0.9996628539563109,0.0017232465965879718,0.9956579127849846,0.0010978617327158406,test,isotonic
0.078,5,441,1328360,5345,446,0.8213627992633518,0.011210762331838564,9.345794392523365e-4,0.9996681218632436,0.001725327812284334,0.9956631595673953,0.001108869901278914,test,isotonic
0.079,5,429,1328372,5345,434,0.7992633517495396,0.01152073732718894,9.345794392523365e-4,0.9996771525608424,0.0017289073305670815,0.9956721540515279,0.0011278025775491118,test,isotonic
0.08,5,417,1328384,5345,422,0.7771639042357275,0.011848341232227487,9.345794392523365e-4,0.9996861832584413,0.0017325017325017325,0.9956811485356605,0.001146813390424158,test,isotonic
0.081,5,403,1328398,5345,408,0.7513812154696132,0.012254901960784314,9.345794392523365e-4,0.9996967190723065,0.0017367141368530739,0.9956916421004819,0.0011690920750061977,test,isotonic
0.082,5,393,1328408,5345,398,0.7329650092081031,0.01256281407035176,9.345794392523365e-4,0.9997042446536388,0.0017397355601948504,0.9956991375039257,0.0011850713688874458,test,isotonic
0.083,5,383,1328418,5345,388,0.714548802946593,0.01288659793814433,9.345794392523365e-4,0.9997117702349713,0.001742767514813524,0.9957066329073696,0.0012011059424465954,test,isotonic
0.084,4,372,1328429,5346,376,0.6924493554327809,0.010638297872340425,7.476635514018691e-4,0.9997200483744368,0.0013971358714634998,0.9957141283108134,8.709527923288558e-4,test,isotonic
0.085,4,363,1328438,5346,367,0.6758747697974218,0.010899182561307902,7.476635514018691e-4,0.9997268213976359,0.0013993353157250306,0.9957208741739129,8.849457310360412e-4,test,isotonic
0.086,4,355,1328446,5346,359,0.6611418047882136,0.011142061281337047,7.476635514018691e-4,0.9997328418627018,0.0014012961989840601,0.995726870496668,8.974206581147266e-4,test,isotonic
0.087,4,344,1328457,5346,348,0.6408839779005525,0.011494252873563218,7.476635514018691e-4,0.9997411200021674,0.0014040014040014037,0.9957351154404561,9.146304486992013e-4,test,isotonic
0.088,4,340,1328461,5346,344,0.6335174953959485,0.011627906976744186,7.476635514018691e-4,0.9997441302347003,0.0014049877063575693,0.9957381136018337,9.209049161321533e-4,test,isotonic
0.089,4,331,1328470,5346,335,0.6169429097605893,0.011940298507462687,7.476635514018691e-4,0.9997509032578994,0.001407211961301671,0.9957448594649332,9.350545069795417e-4,test,isotonic
0.09,4,324,1328477,5346,328,0.6040515653775322,0.012195121951219513,7.476635514018691e-4,0.9997561711648321,0.0014089468122578373,0.9957501062473438,9.460905214136087e-4,test,isotonic
0.091,4,313,1328488,5346,317,0.583793738489871,0.012618296529968454,7.476635514018691e-4,0.9997644493042976,0.0014116816657843655,0.995758351191132,9.634874966558409e-4,test,isotonic
0.092,4,307,1328494,5346,311,0.572744014732965,0.012861736334405145,7.476635514018691e-4,0.9997689646530971,0.001413177883766119,0.9957628484331983,9.730050360778127e-4,test,isotonic
0.093,4,300,1328501,5346,304,0.5598526703499079,0.013157894736842105,7.476635514018691e-4,0.9997742325600297,0.0014149274849663952,0.995768095215609,9.84134168734752e-4,test,isotonic
0.094,4,298,1328503,5346,302,0.5561694290976059,0.013245033112582781,7.476635514018691e-4,0.9997757376762961,0.0014154281670205238,0.9957695942962977,9.873189457635786e-4,test,isotonic
0.095,4,292,1328509,5346,296,0.5451197053406999,0.013513513513513514,7.476635514018691e-4,0.9997802530250955,0.0014169323414806943,0.995774091538364,9.96886711765148e-4,test,isotonic
0.096,4,283,1328518,5346,287,0.5285451197053407,0.013937282229965157,7.476635514018691e-4,0.9997870260482946,0.0014191946070604932,0.9957808374014635,0.0010112762595388513,test,isotonic
0.097,4,275,1328526,5346,279,0.5138121546961326,0.014336917562724014,7.476635514018691e-4,0.9997930465133605,0.0014212115828744001,0.9957868337242186,0.0010241053030364737,test,isotonic
0.098,4,264,1328537,5346,268,0.49355432780847147,0.014925373134328358,7.476635514018691e-4,0.9998013246528261,0.001423994304022784,0.9957950786680069,0.0010418044400314192,test,isotonic
0.099,4,254,1328547,5346,258,0.47513812154696133,0.015503875968992248,7.476635514018691e-4,0.9998088502341584,0.0014265335235378032,0.9958025740714507,0.001057954355289013,test,isotonic
0.1,4,248,1328553,5346,252,0.46408839779005523,0.015873015873015872,7.476635514018691e-4,0.9998133655829579,0.0014280614066404856,0.995807071313517,0.0010676717680753484,test,isotonic
0.11,2,156,1328645,5348,158,0.29097605893186,0.012658227848101266,3.7383177570093456e-4,0.9998826009312154,7.262164124909223e-4,0.9958745299445115,4.962701441416783e-4,test,isotonic
0.12,0,73,1328728,5350,73,0.13443830570902393,0,0,0.9999450632562739,NA,0.9959352427124066,-1.0797145059187665e-4,test,isotonic
0.13,0,36,1328765,5350,36,0.06629834254143646,0,0,0.9999729079072036,NA,0.9959629757051488,-5.36090640384917e-5,test,isotonic
0.14,0,27,1328774,5350,27,0.049723756906077346,0,0,0.9999796809304027,NA,0.9959697215682483,-4.027355894490803e-5,test,isotonic
0.15,0,9,1328792,5350,9,0.016574585635359115,0,0,0.9999932269768009,NA,0.9959832132944472,-1.3469249383005727e-5,test,isotonic
0.16,0,0,1328801,5350,0,0,NA,0,1,NA,0.9959899591575466,0,test,isotonic
0.17,0,0,1328801,5350,0,0,NA,0,1,NA,0.9959899591575466,0,test,isotonic
0.18,0,0,1328801,5350,0,0,NA,0,1,NA,0.9959899591575466,0,test,isotonic
0.19,0,0,1328801,5350,0,0,NA,0,1,NA,0.9959899591575466,0,test,isotonic
0.2,0,0,1328801,5350,0,0,NA,0,1,NA,0.9959899591575466,0,test,isotonic
0.21,0,0,1328801,5350,0,0,NA,0,1,NA,0.9959899591575466,0,test,isotonic
0.22,0,0,1328801,5350,0,0,NA,0,1,NA,0.9959899591575466,0,test,isotonic
0.23,0,0,1328801,5350,0,0,NA,0,1,NA,0.9959899591575466,0,test,isotonic
0.24,0,0,1328801,5350,0,0,NA,0,1,NA,0.9959899591575466,0,test,isotonic
0.25,0,0,1328801,5350,0,0,NA,0,1,NA,0.9959899591575466,0,test,isotonic
0.26,0,0,1328801,5350,0,0,NA,0,1,NA,0.9959899591575466,0,test,isotonic
0.27,0,0,1328801,5350,0,0,NA,0,1,NA,0.9959899591575466,0,test,isotonic
0.28,0,0,1328801,5350,0,0,NA,0,1,NA,0.9959899591575466,0,test,isotonic
0.29,0,0,1328801,5350,0,0,NA,0,1,NA,0.9959899591575466,0,test,isotonic
0.3,0,0,1328801,5350,0,0,NA,0,1,NA,0.9959899591575466,0,test,isotonic
0.31,0,0,1328801,5350,0,0,NA,0,1,NA,0.9959899591575466,0,test,isotonic
0.32,0,0,1328801,5350,0,0,NA,0,1,NA,0.9959899591575466,0,test,isotonic
0.33,0,0,1328801,5350,0,0,NA,0,1,NA,0.9959899591575466,0,test,isotonic
0.34,0,0,1328801,5350,0,0,NA,0,1,NA,0.9959899591575466,0,test,isotonic
0.35,0,0,1328801,5350,0,0,NA,0,1,NA,0.9959899591575466,0,test,isotonic
0.36,0,0,1328801,5350,0,0,NA,0,1,NA,0.9959899591575466,0,test,isotonic
0.37,0,0,1328801,5350,0,0,NA,0,1,NA,0.9959899591575466,0,test,isotonic
0.38,0,0,1328801,5350,0,0,NA,0,1,NA,0.9959899591575466,0,test,isotonic
0.39,0,0,1328801,5350,0,0,NA,0,1,NA,0.9959899591575466,0,test,isotonic
0.4,0,0,1328801,5350,0,0,NA,0,1,NA,0.9959899591575466,0,test,isotonic
0.41,0,0,1328801,5350,0,0,NA,0,1,NA,0.9959899591575466,0,test,isotonic
0.42,0,0,1328801,5350,0,0,NA,0,1,NA,0.9959899591575466,0,test,isotonic
0.43,0,0,1328801,5350,0,0,NA,0,1,NA,0.9959899591575466,0,test,isotonic
0.44,0,0,1328801,5350,0,0,NA,0,1,NA,0.9959899591575466,0,test,isotonic
0.45,0,0,1328801,5350,0,0,NA,0,1,NA,0.9959899591575466,0,test,isotonic
0.46,0,0,1328801,5350,0,0,NA,0,1,NA,0.9959899591575466,0,test,isotonic
0.47,0,0,1328801,5350,0,0,NA,0,1,NA,0.9959899591575466,0,test,isotonic
0.48,0,0,1328801,5350,0,0,NA,0,1,NA,0.9959899591575466,0,test,isotonic
0.49,0,0,1328801,5350,0,0,NA,0,1,NA,0.9959899591575466,0,test,isotonic
0.5,0,0,1328801,5350,0,0,NA,0,1,NA,0.9959899591575466,0,test,isotonic
0.51,0,0,1328801,5350,0,0,NA,0,1,NA,0.9959899591575466,0,test,isotonic
0.52,0,0,1328801,5350,0,0,NA,0,1,NA,0.9959899591575466,0,test,isotonic
0.53,0,0,1328801,5350,0,0,NA,0,1,NA,0.9959899591575466,0,test,isotonic
0.54,0,0,1328801,5350,0,0,NA,0,1,NA,0.9959899591575466,0,test,isotonic
0.55,0,0,1328801,5350,0,0,NA,0,1,NA,0.9959899591575466,0,test,isotonic
0.56,0,0,1328801,5350,0,0,NA,0,1,NA,0.9959899591575466,0,test,isotonic
0.57,0,0,1328801,5350,0,0,NA,0,1,NA,0.9959899591575466,0,test,isotonic
0.58,0,0,1328801,5350,0,0,NA,0,1,NA,0.9959899591575466,0,test,isotonic
0.59,0,0,1328801,5350,0,0,NA,0,1,NA,0.9959899591575466,0,test,isotonic
0.6,0,0,1328801,5350,0,0,NA,0,1,NA,0.9959899591575466,0,test,isotonic
0.61,0,0,1328801,5350,0,0,NA,0,1,NA,0.9959899591575466,0,test,isotonic
0.62,0,0,1328801,5350,0,0,NA,0,1,NA,0.9959899591575466,0,test,isotonic
0.63,0,0,1328801,5350,0,0,NA,0,1,NA,0.9959899591575466,0,test,isotonic
0.64,0,0,1328801,5350,0,0,NA,0,1,NA,0.9959899591575466,0,test,isotonic
0.65,0,0,1328801,5350,0,0,NA,0,1,NA,0.9959899591575466,0,test,isotonic
0.66,0,0,1328801,5350,0,0,NA,0,1,NA,0.9959899591575466,0,test,isotonic
0.67,0,0,1328801,5350,0,0,NA,0,1,NA,0.9959899591575466,0,test,isotonic
0.68,0,0,1328801,5350,0,0,NA,0,1,NA,0.9959899591575466,0,test,isotonic
0.69,0,0,1328801,5350,0,0,NA,0,1,NA,0.9959899591575466,0,test,isotonic
0.7,0,0,1328801,5350,0,0,NA,0,1,NA,0.9959899591575466,0,test,isotonic
0.71,0,0,1328801,5350,0,0,NA,0,1,NA,0.9959899591575466,0,test,isotonic
0.72,0,0,1328801,5350,0,0,NA,0,1,NA,0.9959899591575466,0,test,isotonic
0.73,0,0,1328801,5350,0,0,NA,0,1,NA,0.9959899591575466,0,test,isotonic
0.74,0,0,1328801,5350,0,0,NA,0,1,NA,0.9959899591575466,0,test,isotonic
0.75,0,0,1328801,5350,0,0,NA,0,1,NA,0.9959899591575466,0,test,isotonic
0.76,0,0,1328801,5350,0,0,NA,0,1,NA,0.9959899591575466,0,test,isotonic
0.77,0,0,1328801,5350,0,0,NA,0,1,NA,0.9959899591575466,0,test,isotonic
0.78,0,0,1328801,5350,0,0,NA,0,1,NA,0.9959899591575466,0,test,isotonic
0.79,0,0,1328801,5350,0,0,NA,0,1,NA,0.9959899591575466,0,test,isotonic
0.8,0,0,1328801,5350,0,0,NA,0,1,NA,0.9959899591575466,0,test,isotonic
0.81,0,0,1328801,5350,0,0,NA,0,1,NA,0.9959899591575466,0,test,isotonic
0.82,0,0,1328801,5350,0,0,NA,0,1,NA,0.9959899591575466,0,test,isotonic
0.83,0,0,1328801,5350,0,0,NA,0,1,NA,0.9959899591575466,0,test,isotonic
0.84,0,0,1328801,5350,0,0,NA,0,1,NA,0.9959899591575466,0,test,isotonic
0.85,0,0,1328801,5350,0,0,NA,0,1,NA,0.9959899591575466,0,test,isotonic
0.86,0,0,1328801,5350,0,0,NA,0,1,NA,0.9959899591575466,0,test,isotonic
0.87,0,0,1328801,5350,0,0,NA,0,1,NA,0.9959899591575466,0,test,isotonic
0.88,0,0,1328801,5350,0,0,NA,0,1,NA,0.9959899591575466,0,test,isotonic
0.89,0,0,1328801,5350,0,0,NA,0,1,NA,0.9959899591575466,0,test,isotonic
0.9,0,0,1328801,5350,0,0,NA,0,1,NA,0.9959899591575466,0,test,isotonic
0.905,0,0,1328801,5350,0,0,NA,0,1,NA,0.9959899591575466,0,test,isotonic
0.91,0,0,1328801,5350,0,0,NA,0,1,NA,0.9959899591575466,0,test,isotonic
0.915,0,0,1328801,5350,0,0,NA,0,1,NA,0.9959899591575466,0,test,isotonic
0.92,0,0,1328801,5350,0,0,NA,0,1,NA,0.9959899591575466,0,test,isotonic
0.925,0,0,1328801,5350,0,0,NA,0,1,NA,0.9959899591575466,0,test,isotonic
0.93,0,0,1328801,5350,0,0,NA,0,1,NA,0.9959899591575466,0,test,isotonic
0.935,0,0,1328801,5350,0,0,NA,0,1,NA,0.9959899591575466,0,test,isotonic
0.94,0,0,1328801,5350,0,0,NA,0,1,NA,0.9959899591575466,0,test,isotonic
0.945,0,0,1328801,5350,0,0,NA,0,1,NA,0.9959899591575466,0,test,isotonic
0.95,0,0,1328801,5350,0,0,NA,0,1,NA,0.9959899591575466,0,test,isotonic
0.955,0,0,1328801,5350,0,0,NA,0,1,NA,0.9959899591575466,0,test,isotonic
0.96,0,0,1328801,5350,0,0,NA,0,1,NA,0.9959899591575466,0,test,isotonic
0.965,0,0,1328801,5350,0,0,NA,0,1,NA,0.9959899591575466,0,test,isotonic
0.97,0,0,1328801,5350,0,0,NA,0,1,NA,0.9959899591575466,0,test,isotonic
0.975,0,0,1328801,5350,0,0,NA,0,1,NA,0.9959899591575466,0,test,isotonic
0.98,0,0,1328801,5350,0,0,NA,0,1,NA,0.9959899591575466,0,test,isotonic
0.985,0,0,1328801,5350,0,0,NA,0,1,NA,0.9959899591575466,0,test,isotonic
0.99,0,0,1328801,5350,0,0,NA,0,1,NA,0.9959899591575466,0,test,isotonic
0.991,0,0,1328801,5350,0,0,NA,0,1,NA,0.9959899591575466,0,test,isotonic
0.992,0,0,1328801,5350,0,0,NA,0,1,NA,0.9959899591575466,0,test,isotonic
0.993,0,0,1328801,5350,0,0,NA,0,1,NA,0.9959899591575466,0,test,isotonic
0.994,0,0,1328801,5350,0,0,NA,0,1,NA,0.9959899591575466,0,test,isotonic
0.995,0,0,1328801,5350,0,0,NA,0,1,NA,0.9959899591575466,0,test,isotonic
0.996,0,0,1328801,5350,0,0,NA,0,1,NA,0.9959899591575466,0,test,isotonic
0.997,0,0,1328801,5350,0,0,NA,0,1,NA,0.9959899591575466,0,test,isotonic
0.998,0,0,1328801,5350,0,0,NA,0,1,NA,0.9959899591575466,0,test,isotonic
0.999,0,0,1328801,5350,0,0,NA,0,1,NA,0.9959899591575466,0,test,isotonic
