threshold,tp,fp,tn,fn,n_alerts,alerts_per_day,precision,recall,specificity,f1,accuracy,kappa,split
1e-4,1695,445453,26,0,447148,2456.8571428571427,0.003790691225276642,1,5.836414286644264e-5,0.007552752298687961,0.003848613738723629,4.4248079057459087e-7,validation
2e-4,1695,445044,435,0,446739,2454.6098901098903,0.0037941616917260414,1,9.76477005650098e-4,0.00755964088360829,0.00476324652148828,7.409795842739751e-6,validation
3e-4,1695,443612,1867,0,445307,2446.7417582417584,0.0038063628013931964,1,0.004190994412755708,0.00758385868519604,0.0079655793941508235,3.1904381514221295e-5,validation
4e-4,1695,441418,4061,0,443113,2434.686813186813,0.0038252093709730925,1,0.009116030160793213,0.007621265804571859,0.012871946937881004,6.973901614429635e-5,validation
5e-4,1695,438840,6639,0,440535,2420.521978021978,0.003847594402260887,1,0.014903059403473565,0.007665694321959161,0.01863704061506259,1.1467528028774684e-4,validation
6e-4,1695,436049,9430,0,437744,2405.186813186813,0.0038721261742022733,1,0.02116822566271362,0.007714381290691085,0.02487845894439301,1.6391864553766305e-4,validation
7e-4,1695,433219,12260,0,434914,2389.6373626373625,0.003897322229222329,1,0.027520938136253337,0.007764384151494817,0.031207091646652085,2.144929218608597e-4,validation
8e-4,1695,430395,15084,0,432090,2374.120879120879,0.00392279386238978,1,0.03386018196143926,0.007814931360005533,0.03752230675307598,2.6561774687610176e-4,validation
9e-4,1695,427558,17921,0,429253,2358.532967032967,0.003948720218612333,1,0.0402286078580584,0.007866378310144147,0.043866593317142766,3.176525748380229e-4,validation
0.001,1695,424675,20804,0,426370,2342.6923076923076,0.003975420409503483,1,0.04670029339205664,0.007919358041418943,0.05031374811594592,3.712376774614557e-4,validation
0.0011,1695,421981,23498,0,423676,2327.8901098901097,0.004000698647079372,1,0.05274771650291035,0.007969513671594914,0.056338248645940954,4.219663894951694e-4,validation
0.0012,1695,419451,26028,0,421146,2313.989010989011,0.004024732515564674,1,0.058426996558760345,0.008017197953840807,0.06199600155644112,4.70195497776328e-4,validation
0.0013,1695,416975,28504,0,418670,2300.3846153846152,0.004048534645424797,1,0.06398505877942619,0.00806442020624933,0.06753299610442468,5.179572798958382e-4,validation
0.0014,1695,414488,30991,0,416183,2286.71978021978,0.004072727622223877,1,0.06956781352207399,0.008112415585410095,0.07309458957810606,5.665010043404456e-4,validation
0.0015,1695,412039,33440,0,413734,2273.263736263736,0.00409683516462268,1,0.07506526682514776,0.008160239174443768,0.07857120494483132,6.148709582610767e-4,validation
0.0016,1695,409749,35730,0,411444,2260.6813186813188,0.004119637180272406,1,0.08020580094684598,0.008205470797963882,0.08369225402192434,6.606193182661262e-4,validation
0.0017,1695,407532,37947,0,409227,2248.5,0.0041419554428226875,1,0.08518246651357303,0.00824974082672624,0.08865005568302271,7.053950827275733e-4,validation
0.0018,1695,405287,40192,0,406982,2236.164835164835,0.004164803357396642,1,0.0902219857726178,0.008295059423456666,0.0936704727913519,7.512313781928623e-4,validation
0.0019,1695,403072,42407,0,404767,2223.9945054945056,0.0041875943444006055,1,0.09519416178989358,0.008340263050420458,0.09862380192050521,7.969513747231144e-4,validation
0.002,1695,400936,44543,0,402631,2212.2582417582416,0.00420980997489016,1,0.0999890006038444,0.008384323540905111,0.10340046603782868,8.415151613173813e-4,validation
0.0021,1695,398841,46638,0,400536,2200.747252747253,0.0042318293486727785,1,0.1046918036540443,0.008427992869768865,0.10808544325027841,8.856833033132823e-4,validation
0.0022,1695,396749,48730,0,398444,2189.252747252747,0.004254048247683489,1,0.1093878723800673,0.008472055960553709,0.11276371166481057,9.302496900446857e-4,validation
0.0023,1695,394696,50783,0,396391,2177.9725274725274,0.00427608094028371,1,0.11399639489179063,0.008515747853478898,0.11735476570641405,9.744406242215982e-4,validation
0.0024,1695,392673,52806,0,394368,2166.8571428571427,0.004298016066212269,1,0.118537574161745,0.008559244362639279,0.12187873176884166,0.0010184339283444016,validation
0.0025,1695,390730,54749,0,392425,2156.1813186813188,0.004319296680894438,1,0.12289917145364877,0.008601441185425758,0.12622379655346688,0.0010611126877695652,validation
0.0026,1695,388851,56628,0,390546,2145.8571428571427,0.004340077737321596,1,0.12711710316311206,0.008642645720360696,0.13042574031585022,0.0011027878129905148,validation
0.0027,1695,387078,58401,0,388773,2136.1153846153848,0.0043598706700310975,1,0.13109708875165832,0.008681889424997693,0.13439063988514538,0.0011424797013942915,validation
0.0028,1695,385205,60274,0,386900,2125.8241758241757,0.004380976996639959,1,0.13530155181276782,0.00872373550869157,0.13857916605169351,0.0011848036762857877,validation
0.0029,1695,383485,61994,0,385180,2116.3736263736264,0.004400540007269329,1,0.13916256434085558,0.008762520193861067,0.14242554352444461,0.0012240312787488042,validation
0.003,1695,381717,63762,0,383412,2106.6593406593406,0.004420831898845107,1,0.14313132605577367,0.008802748327088317,0.14637926176387714,0.0012647188010261202,validation
0.0031,1695,380029,65450,0,381724,2097.3846153846152,0.004440381008267754,1,0.14692050579264118,0.008841502377294813,0.1501540787255073,0.0013039153950254747,validation
0.0032,1695,378390,67089,0,380085,2088.379120879121,0.00445952878961285,1,0.1505996915679527,0.00887945937450888,0.15381931865448348,0.001342305823004282,validation
0.0033,1695,376724,68755,0,378419,2079.2252747252746,0.004479161987109527,1,0.15433948626085628,0.008918377118443413,0.15754493776471798,0.0013816679569086331,validation
0.0034,1695,375166,70313,0,376861,2070.664835164835,0.004497679515789641,1,0.1578368452833916,0.008955081942962203,0.16102904014991928,0.0014187918920161248,validation
0.0035,1695,373479,72000,0,375174,2061.3956043956046,0.004517903692686593,1,0.16162378024553345,0.008995168082277927,0.1648016208455769,0.001459335739254712,validation
0.0036,1695,371926,73553,0,373621,2052.8626373626375,0.004536682895233405,1,0.1651099153944406,0.009032388707116137,0.16827454190091554,0.0014969813421429848,validation
0.0037,1695,370368,75111,0,372063,2044.3021978021977,0.004555680086436974,1,0.16860727441697587,0.00907003997238855,0.1717586442861168,0.0015350624915467816,validation
0.0038,1695,368768,76711,0,370463,2035.510989010989,0.004575355703538545,1,0.17219891397798773,0.00910903433487927,0.17533666984216434,0.0015745020614650587,validation
0.0039,1695,367253,78226,0,368948,2027.1868131868132,0.004594143348114098,1,0.17559974768732084,0.009146267432542906,0.17872461279054686,0.0016121602468350496,validation
0.004,1695,365728,79751,0,367423,2018.8076923076924,0.004613211475601691,1,0.17902302914391027,0.009184054963453422,0.18213491839865467,0.0016503791844273553,validation
0.0041,1695,364251,81228,0,365946,2010.6923076923076,0.0046318309258743095,1,0.18233856141366933,0.009220951961288321,0.18543788324008104,0.001687697411402677,validation
0.0042,1695,362780,82699,0,364475,2002.60989010989,0.004650524727347555,1,0.1856406250350746,0.009257994920392167,0.18872743048567225,0.0017251632554120115,validation
0.0043,1695,361410,84069,0,363105,1995.0824175824175,0.004668071219068865,1,0.188715966409191,0.009292763157894738,0.19179111486803793,0.0017603283998009942,validation
0.0044,1695,359975,85504,0,361670,1987.1978021978023,0.004686592750297232,1,0.19193721814047351,0.009329462111100409,0.19500015653861807,0.001797446290406048,validation
0.0045,1694,358555,86924,1,360249,1979.39010989011,0.004702303129224508,0.9994100294985251,0.19512479825087153,0.009360564065159251,0.19817341795363774,0.0018289243468099644,validation
0.0046,1694,357145,88334,1,358839,1971.642857142857,0.0047207800712854514,0.9994100294985251,0.19828993061401323,0.009397171972684961,0.20132655297490462,0.0018659502148366948,validation
0.0047,1694,355833,89646,1,357527,1964.434065934066,0.004738103695664943,0.9994100294985251,0.20123507505404295,0.009431493616760668,0.2042605339308636,0.0019006637072332586,validation
0.0048,1694,354504,90975,1,356198,1957.131868131868,0.004755781896585607,0.9994100294985251,0.20421838066440842,0.009466516528683154,0.2072325314083556,0.0019360864644258435,validation
0.0049,1694,353181,92298,1,354875,1949.8626373626373,0.0047735117999295525,0.9994100294985251,0.2071882176264201,0.009501640631573044,0.2101911112900124,0.001971611558327169,validation
0.005,1694,351885,93594,1,353579,1942.7417582417581,0.004791008515777238,0.9994100294985251,0.2100974456708397,0.009536301558796874,0.2130893119904109,0.0020066681794120153,validation
0.0051,1694,350595,94884,1,352289,1935.6538461538462,0.004808552069465694,0.9994100294985251,0.2129932050669055,0.009571054058940518,0.21597409509497423,0.0020418174095016457,validation
0.0052,1694,349340,96139,1,351034,1928.7582417582419,0.004825743375285585,0.9994100294985251,0.21581039734757418,0.009605107603854517,0.218780608890499,0.0020762596961247377,validation
0.0053,1694,348077,97402,1,349771,1921.8186813186812,0.004843168816168293,0.9994100294985251,0.21864554782604792,0.009639623747389504,0.22160501281380401,0.0021111698530625325,validation
0.0054,1694,346792,98687,1,348486,1914.7582417582419,0.004861027415735496,0.9994100294985251,0.22153008334848556,0.009674996644592369,0.2244786145885047,0.0021469465342445547,validation
0.0055,1693,345578,99901,2,347271,1908.0824175824175,0.004875155138206185,0.9988200589970502,0.2242552398654033,0.009702951003822721,0.22719120521318323,0.002175241841932526,validation
0.0056,1693,344391,101088,2,346084,1901.5604395604396,0.004891875960749414,0.9988200589970502,0.226919787464729,0.009736068020208235,0.229845652922576,0.0022087369491960896,validation
0.0057,1693,343215,102264,2,344908,1895.098901098901,0.0049085553248982335,0.9988200589970502,0.2295596425420727,0.0097691018254314,0.23247550170627093,0.0022421478868395665,validation
0.0058,1693,341978,103501,2,343671,1888.3021978021977,0.004926223044714276,0.9988200589970502,0.23233642887767997,0.009804091890921516,0.23524176271429018,0.0022775374093076273,validation
0.0059,1693,340822,104657,2,342515,1881.9505494505495,0.004942849218282411,0.9988200589970502,0.23493138846051104,0.009837018099416056,0.23782688617853454,0.0023108395045273455,validation
0.006,1693,339645,105834,2,341338,1875.4835164835165,0.004959893126461162,0.9988200589970502,0.23757348831258038,0.009870770450656352,0.240458971228202,0.002344977165062794,validation
0.0061,1693,338546,106933,2,340239,1869.4450549450548,0.004975913989871825,0.9988200589970502,0.2400404957360504,0.009902495803283675,0.24291662753201215,0.0023770646791884302,validation
0.0062,1693,337490,107989,2,339183,1863.642857142857,0.004991405819277499,0.9988200589970502,0.24241097784631824,0.009933172572005234,0.2452781243990035,0.002408091631871022,validation
0.0063,1693,336315,109164,2,338008,1857.1868131868132,0.005008757189178955,0.9988200589970502,0.24504858814893632,0.009967530460431612,0.24790573691672593,0.0024428417166357332,validation
0.0064,1693,335186,110293,2,336879,1850.9835164835165,0.005025543295960865,0.9988200589970502,0.2475829388141753,0.010000767926657097,0.25043048119971195,0.0024764585808571718,validation
0.0065,1693,334139,111340,2,335832,1845.2307692307693,0.005041211081731342,0.9988200589970502,0.24993321795191242,0.010031790049388641,0.2527718516729506,0.002507834806241039,validation
0.0066,1693,333056,112423,2,334749,1839.2802197802198,0.0050575207095465554,0.9988200589970502,0.25236430897977236,0.010064081986898265,0.25519372772120025,0.002540495332822564,validation
0.0067,1693,332045,113434,2,333738,1833.7252747252746,0.005072841570333615,0.9988200589970502,0.2546337762273867,0.010094415278162853,0.25745459261942777,0.0025711748492844373,validation
0.0068,1693,330974,114505,2,332667,1827.8406593406594,0.005089173257341426,0.9988200589970502,0.257037929958539,0.01012674885303952,0.2598496334760071,0.002603877472825855,validation
0.0069,1693,329924,115555,2,331617,1822.0714285714287,0.005105287123398378,0.9988200589970502,0.25939494342045305,0.010158650153609831,0.2621977127471633,0.002636142880247247,validation
0.007,1693,328926,116553,2,330619,1816.5879120879122,0.005120697842531736,0.9988200589970502,0.2616352285966342,0.010189158446529486,0.26442950618774796,0.002666999373502381,validation
0.0071,1693,327848,117631,2,329541,1810.6648351648353,0.005137448754479716,0.9988200589970502,0.26405509575086594,0.010222318830078856,0.26684020090613497,0.0027005382183309637,validation
0.0072,1693,326820,118659,2,328513,1805.0164835164835,0.005153525126859515,0.9988200589970502,0.266362724168816,0.010254142843298768,0.2691390823258955,0.0027327254327640885,validation
0.0073,1693,325906,119573,2,327599,1799.9945054945056,0.005167903442928702,0.9988200589970502,0.26841444826804406,0.010282604602573993,0.27118302942478767,0.0027615120138726867,validation
0.0074,1693,324994,120485,2,326687,1794.9835164835165,0.005182330487592099,0.9988200589970502,0.2704616828178208,0.010311162000353247,0.27322250399173476,0.0027903953186690297,validation
0.0075,1693,324028,121451,2,325721,1789.6758241758241,0.005197699871976324,0.9988200589970502,0.27263013520278173,0.010341583795538399,0.27538273692119847,0.002821164291087793,validation
0.0076,1693,323040,122439,2,324733,1784.2472527472528,0.0052135138713958855,0.9988200589970502,0.27484797263170657,0.01037288467901038,0.2775921677020578,0.002852822376584229,validation
0.0077,1693,322080,123399,2,323773,1778.9725274725274,0.005228972150241064,0.9988200589970502,0.2770029563683137,0.010403480526503374,0.27973898303568634,0.0028837673729894555,validation
0.0078,1693,321116,124363,2,322809,1773.6758241758241,0.005244587356610255,0.9988200589970502,0.2791669192038233,0.010434386016813351,0.281894743433205,0.002915025538394295,validation
0.0079,1693,320187,125292,2,321880,1768.5714285714287,0.005259724120790356,0.9988200589970502,0.2812523149239358,0.010464343660665997,0.2839722345216851,0.0029453250340295035,validation
0.008,1693,319227,126252,2,320920,1763.2967032967033,0.005275458058083012,0.9988200589970502,0.28340729866054293,0.010495482231142385,0.2861190498553136,0.0029768189246861267,validation
0.0081,1693,318274,127205,2,319967,1758.0604395604396,0.005291170651973485,0.9988200589970502,0.2855465689740706,0.010526577587654124,0.2882502113271344,0.003008269100782077,validation
0.0082,1692,317342,128137,3,319034,1752.934065934066,0.005303509970724123,0.9982300884955753,0.28763869901836003,0.010550963586080458,0.2903321749475596,0.0030329571271382697,validation
0.0083,1692,316419,129060,3,318111,1747.8626373626373,0.005318898120467384,0.9982300884955753,0.2897106260901187,0.010581414982833342,0.2923962484402045,0.0030637560503256204,validation
0.0084,1692,315533,129946,3,317225,1742.9945054945056,0.005333753644889274,0.9982300884955753,0.29169949649702903,0.010610811488774614,0.2943775800918658,0.0030934880369564576,validation
0.0085,1692,314641,130838,3,316333,1738.0934065934066,0.005348793834345452,0.9982300884955753,0.2937018355522931,0.010640572528205062,0.2963723293393623,0.0031235887104159635,validation
0.0086,1692,313806,131673,3,315498,1733.5054945054944,0.005362950002852633,0.9982300884955753,0.2955762224481962,0.01066858348071994,0.29823961142642463,0.003151919318644315,validation
0.0087,1692,312971,132508,3,314663,1728.9175824175825,0.005377181301900764,0.9982300884955753,0.2974506093440993,0.010696742298282326,0.3001068935134869,0.003180399473207555,validation
0.0088,1692,312089,133390,3,313781,1724.0714285714287,0.005392295900644079,0.9982300884955753,0.2994305006521071,0.010726647985900669,0.3020792801012581,0.003210646425679515,validation
0.0089,1692,311244,134235,3,312936,1719.4285714285713,0.005406856354014879,0.9982300884955753,0.30132733529526645,0.010755456391773222,0.3039689248480457,0.003239783568372791,validation
0.009,1692,310443,135036,3,312135,1715.0274725274726,0.005420731414291893,0.9982300884955753,0.303125399850498,0.010782907943791224,0.305760173892042,0.0032675483679824972,validation
0.0091,1692,309625,135854,3,311317,1710.532967032967,0.005434974639997174,0.9982300884955753,0.3049616255760653,0.010811087114870997,0.30758943945757133,0.0032960490833940357,validation
0.0092,1692,308760,136719,3,310452,1705.7802197802198,0.005450117892621081,0.9982300884955753,0.30690335571373734,0.010841046045613123,0.30952380952380953,0.0033263498600481743,validation
0.0093,1692,307954,137525,3,309646,1701.3516483516485,0.00546430439921717,0.9982300884955753,0.3087126441425971,0.010869111360212758,0.31132623989766844,0.003354735407180559,validation
0.0094,1692,307094,138385,3,308786,1696.6263736263736,0.005479523035370775,0.9982300884955753,0.3106431504066409,0.010899217665493219,0.31324942863404404,0.0033851852264508903,validation
0.0095,1692,306258,139221,3,307950,1692.032967032967,0.0054943984413054064,0.9982300884955753,0.31251978207726966,0.010928644092428426,0.3151189469870789,0.003414947403161259,validation
0.0096,1692,305424,140055,3,307116,1687.4505494505495,0.005509318954401594,0.9982300884955753,0.3143919241984471,0.01095815887387431,0.31698399280816864,0.0034447989357580754,validation
0.0097,1692,304643,140836,3,306335,1683.1593406593406,0.005523364943607488,0.9982300884955753,0.31614509325916595,0.010985942927636917,0.31873051653271434,0.0034728999876415725,validation
0.0098,1691,303846,141633,4,305537,1678.7747252747254,0.005534517914360618,0.9976401179941002,0.317934178715495,0.011007967920008334,0.320510584246848,0.0034952010861597055,validation
0.0099,1691,303096,142383,4,304787,1674.6538461538462,0.005548136895602503,0.9976401179941002,0.3196177597597193,0.01103490580197206,0.3221877837262453,0.003522446361727706,validation
0.01,1691,302291,143188,4,303982,1670.2307692307693,0.00556282937805528,0.9976401179941002,0.3214248034138534,0.011063966212701644,0.3239879778341317,0.003551838380364246,validation
0.011,1689,294609,150870,6,296298,1628.010989010989,0.005700342223032217,0.9964601769911504,0.33866916285616155,0.011335836747843069,0.3411625005031598,0.0038268621003377636,validation
0.012,1688,287686,157793,7,289374,1589.967032967033,0.00583328149730107,0.9958702064896755,0.35420973828171476,0.01159862438116048,0.3566419335650105,0.004092674950227749,validation
0.013,1686,281225,164254,9,282911,1554.456043956044,0.005959471353181743,0.9946902654867257,0.3687132277840257,0.011847958229974068,0.3710859754815799,0.0043449079779486624,validation
0.014,1686,275275,170204,9,276961,1521.7637362637363,0.0060874996840710426,0.9946902654867257,0.38206963740153854,0.012100941662838769,0.38439175801813164,0.004600779213154282,validation
0.015,1685,269614,175865,10,271299,1490.6538461538462,0.006210859605085164,0.9941002949852508,0.39477730712334363,0.012344593654072982,0.3970490234226498,0.004847240011970188,validation
0.016,1684,264227,181252,11,265911,1461.0494505494505,0.0063329459856869405,0.9935103244837759,0.4068699085703254,0.01258566698803465,0.4090935519506948,0.00509109338254803,validation
0.017,1684,259291,186188,11,260975,1433.9285714285713,0.006452725356834946,0.9935103244837759,0.417950116616047,0.012822172307458028,0.4201317607911014,0.005330298125870365,validation
0.018,1684,254685,190794,11,256369,1408.6208791208792,0.00656865689689471,0.9935103244837759,0.42828954900230987,0.013051026102052204,0.4304320018605733,0.005561763597331121,validation
0.019,1684,250350,195129,11,252034,1384.8021978021977,0.006681638191672552,0.9935103244837759,0.43802064743792635,0.01327400494228094,0.44012621485148956,0.0057872866777974,validation
0.02,1684,246193,199286,11,247877,1361.9615384615386,0.006793692032742046,0.9935103244837759,0.4473521759723803,0.013495103617392978,0.44942237249929556,0.006010907758280577,validation
0.021,1684,242330,203149,11,244014,1340.7362637362637,0.006901243371281975,0.9935103244837759,0.4560237407374983,0.013707271609912539,0.45806106795117785,0.006225495913024753,validation
0.022,1683,238592,206887,12,240275,1320.1923076923076,0.007004474040162314,0.9929203539823008,0.46441470866191226,0.013910815390337644,0.46641799389052135,0.006431392721426299,validation
0.023,1681,235027,210452,14,236708,1300.5934065934066,0.007101576626054041,0.991740412979351,0.47241733055879176,0.014102171533076345,0.4743858095506447,0.006624995563655412,validation
0.024,1680,231622,213857,15,233302,1281.8791208791208,0.0072009669869953965,0.9911504424778761,0.4800607884995701,0.014298054868785558,0.48199805892113584,0.006823146260053792,validation
0.025,1676,228439,217040,19,230115,1264.368131868132,0.007283314864306977,0.9887905604719764,0.4872059064512581,0.014460118200250205,0.4891071484478078,0.00698719074258171,validation
0.026,1676,225373,220106,19,227049,1247.521978021978,0.00738166651251492,0.9887905604719764,0.49408838576004704,0.014653936278110026,0.49596353991958386,0.007183221706558393,validation
0.027,1676,222491,222988,19,224167,1231.6868131868132,0.007476568808076122,0.9887905604719764,0.5005578265193197,0.01484092056211315,0.5024084584524144,0.0073723405747916845,validation
0.028,1676,219690,225789,19,221366,1216.2967032967033,0.007571171724655096,0.9887905604719764,0.506845440525816,0.015027279533401178,0.5086722394414702,0.007560826720030317,validation
0.029,1676,217046,228433,19,218722,1201.7692307692307,0.007662695110688454,0.9887905604719764,0.5127806249003881,0.015207538438505199,0.5145849266728387,0.007743142912380049,validation
0.03,1675,214461,231018,20,216136,1187.5604395604396,0.007749750157308361,0.9882005899705014,0.5185833675661479,0.01537889464768559,0.5203634379458555,0.00791648974982151,validation
0.031,1675,212063,233416,20,213738,1174.3846153846155,0.00783669726487569,0.9882005899705014,0.5239663373582144,0.015550078214572513,0.5257260037479817,0.00808962694868067,validation
0.032,1674,209759,235720,21,211433,1161.7197802197802,0.007917401730098897,0.9876106194690265,0.5291382983260715,0.015708869787170152,0.5308761242827177,0.008250266492990104,validation
0.033,1672,207471,238008,23,209143,1149.1373626373627,0.007994530058381107,0.9864306784660767,0.5342743428983184,0.015860518502357257,0.5359882282959206,0.008403718610449747,validation
0.034,1671,205326,240153,24,206997,1137.3461538461538,0.00807258076204003,0.9858407079646018,0.5390893846847999,0.016014030245529297,0.5407827825410243,0.008559019563922778,validation
0.035,1671,203271,242208,24,204942,1126.0549450549452,0.008153526363556518,0.9858407079646018,0.5437023967459745,0.01617328939154169,0.5453783091145729,0.008720096907707085,validation
0.036,1669,201312,244167,26,202981,1115.2802197802198,0.008222444465245516,0.984660766961652,0.5480999104334885,0.01630870253473783,0.5497546816228135,0.00885713089214573,validation
0.037,1667,199381,246098,28,201048,1104.6593406593406,0.008291552266125502,0.983480825958702,0.5524345704286846,0.01644446417385557,0.5540684386838233,0.00899451861630876,validation
0.038,1666,197526,247953,29,199192,1094.4615384615386,0.008363789710430138,0.9828908554572271,0.5565986275447328,0.01658643914240344,0.5582144757968934,0.009138153581035303,validation
0.039,1664,195781,249698,31,197445,1084.8626373626373,0.008427663399934159,0.9817109144542773,0.5605157594409613,0.01671186100230993,0.5621122873870127,0.009265085531840763,validation
0.04,1663,194012,251467,32,195675,1075.1373626373627,0.008498786252714961,0.9811209439528024,0.564486765930605,0.016851598520545172,0.5660660056264452,0.009406458891858687,validation
0.041,1662,192354,253125,33,194016,1066.021978021978,0.008566303809995053,0.9805309734513274,0.5682086024257036,0.01698422674249276,0.569771498342927,0.0095406422263387,validation
0.042,1661,190757,254722,34,192418,1057.2417582417581,0.008632248542236173,0.9799410029498525,0.5717935076625386,0.017113743025969408,0.5733405788350844,0.009671678562730827,validation
0.043,1661,189152,256327,34,190813,1048.423076923077,0.008704857635486053,0.9799410029498525,0.5753963710971786,0.01725642570698361,0.5769297857209945,0.009815992211674325,validation
0.044,1660,187639,257840,35,189299,1040.1043956043957,0.008769195822481894,0.9793510324483776,0.5787927152570603,0.017382745007696578,0.5803110198714594,0.009943795706251334,validation
0.045,1660,186264,259215,35,187924,1032.5494505494505,0.008833358166067133,0.9793510324483776,0.581879280504805,0.01750879394997337,0.5833858855836878,0.010071285509276509,validation
0.046,1659,184804,260675,36,186463,1024.521978021978,0.008897207488885195,0.9787610619469026,0.5851566516042283,0.01763411600888615,0.5866485976376087,0.0101980810241862,validation
0.047,1659,183455,262024,36,185114,1017.1098901098901,0.008962045010101883,0.9787610619469026,0.5881848527091064,0.017761456889122042,0.5896653204345512,0.010326877570986303,validation
0.048,1658,182139,263340,37,183797,1009.8736263736264,0.009020821885014445,0.9781710914454277,0.5911389762480387,0.017876781747999917,0.5926060101884277,0.01044356226061044,validation
0.049,1658,180820,264659,37,182478,1002.6263736263736,0.009086026808711187,0.9781710914454277,0.5940998341111478,0.018004810694292866,0.5955556450061945,0.010573054786007476,validation
0.05,1658,179549,265930,37,181207,995.6428571428571,0.009149756907845724,0.9781710914454277,0.5969529427874266,0.018129927502159627,0.5983979390572797,0.010699601757422357,validation
0.051,1655,178357,267122,40,180012,989.0769230769231,0.009193831522342955,0.976401179941003,0.5996287142603804,0.018216139169101905,0.6010568592986175,0.010786926338584989,validation
0.052,1655,177185,268294,40,178840,982.6373626373627,0.009254081860881235,0.976401179941003,0.6022595902388216,0.0183343949926607,0.6036777630184224,0.010906534518506235,validation
0.053,1653,176046,269433,42,177699,976.3681318681319,0.009302247058227677,0.9752212389380531,0.6048163886513169,0.01842870999030068,0.6062203974291887,0.01100201426472749,validation
0.054,1652,174936,270543,43,176588,970.2637362637363,0.0093551090674338,0.9746312684365782,0.6073080885967689,0.018532333424947974,0.6087004163927241,0.011106866473662,validation
0.055,1650,173897,271582,45,175547,964.5439560439561,0.00939919223911545,0.9734513274336283,0.609640409536701,0.018618611841437132,0.6110194242062373,0.011194219391135067,validation
0.056,1648,172867,272612,47,174515,958.8736263736264,0.009443314328281237,0.9722713864306785,0.6119525275041023,0.018704954315873105,0.613318305625998,0.011281638048975987,validation
0.057,1648,171861,273618,47,173509,953.3461538461538,0.009498066382723663,0.9722713864306785,0.6142107708780885,0.018812355882285792,0.6155679891943628,0.01139026916344049,validation
0.058,1648,170881,274598,47,172529,947.9615384615385,0.009552017342012067,0.9722713864306785,0.6164106501092083,0.018918174304343834,0.617759529847442,0.011497298919851974,validation
0.059,1647,169912,275567,48,171559,942.6318681318681,0.009600195850990038,0.9716814159292035,0.6185858368183461,0.01901254805083865,0.6199242353088507,0.011592797733951938,validation
0.06,1646,168950,276529,49,170596,937.3406593406594,0.009648526342938873,0.9710914454277286,0.6207453101044045,0.019107208153647026,0.6220732869084518,0.011688586603299113,validation
0.061,1646,167967,277512,49,169613,931.9395604395604,0.009704444824394356,0.9710914454277286,0.6229519236597011,0.01921684918392603,0.6242715363594484,0.011799482974872554,validation
0.062,1645,167109,278370,50,168754,927.2197802197802,0.009747917086409803,0.9705014749262537,0.6248779403742938,0.01930196129047398,0.6261880162979064,0.011885615109655816,validation
0.063,1644,166180,279299,51,167824,922.1098901098901,0.00979597673753456,0.9699115044247788,0.6269633360944062,0.01939605589933872,0.628263271120414,0.01198083300984234,validation
0.064,1643,165286,280193,52,166929,917.1923076923077,0.009842507892577084,0.9693215339233038,0.6289701646991216,0.019487142992693805,0.630260256633883,0.012073009368476278,validation
0.065,1643,164453,281026,52,166096,912.6153846153846,0.009891869762065311,0.9693215339233038,0.6308400620455734,0.019583887097639325,0.6321230661890003,0.012170861535689862,validation
0.066,1643,163613,281866,52,165256,908,0.009942150360652564,0.9693215339233038,0.6327256728151046,0.01968242178842894,0.6340015296059253,0.01227052472060945,validation
0.067,1641,162804,282675,54,164445,903.5439560439561,0.009979020341147496,0.968141592920354,0.6345416955681412,0.019754423979776094,0.6358061962457567,0.012343445175712765,validation
0.068,1640,161986,283493,55,163626,899.0439560439561,0.010022857003165755,0.967551622418879,0.6363779212937085,0.019840189691569733,0.6376332255453134,0.012430240557570955,validation
0.069,1640,161157,284322,55,162797,894.489010989011,0.010073895710608918,0.967551622418879,0.6382388395412578,0.019940179461615158,0.6394870900365406,0.01253137597869031,validation
0.07,1640,160381,285098,55,162021,890.2252747252747,0.01012214466026009,0.967551622418879,0.6399807847283486,0.020034694226587504,0.6412224324312237,0.012626973590470032,validation
0.071,1640,159581,285898,55,161221,885.8296703296703,0.010172372085522357,0.967551622418879,0.6417766045088545,0.02013307471334921,0.6430114452092474,0.012726481137486418,validation
0.072,1640,158825,286654,55,160465,881.6758241758242,0.010220297261084971,0.967551622418879,0.6434736542014327,0.020226936359151453,0.6447020622844799,0.012821418003046474,validation
0.073,1640,158082,287397,55,159722,877.5934065934066,0.010267840372647476,0.967551622418879,0.6451415218225774,0.02032004064008128,0.6463636079020695,0.01291558875834253,validation
0.074,1639,157315,288164,56,158954,873.3736263736264,0.010311159203291518,0.9669616519174041,0.6468632640371376,0.020404733300549645,0.6480765876370272,0.01300129998288317,validation
0.075,1638,156571,288908,57,158209,869.2802197802198,0.010353393296209445,0.9663716814159292,0.648533376433008,0.020487292375425258,0.6497381332546168,0.013084853572462656,validation
0.076,1636,155840,289639,59,157476,865.2527472527472,0.01038888465543956,0.9651917404129794,0.6501743067574454,0.020556508409195144,0.6513683711485909,0.013154960643187767,validation
0.077,1634,155127,290352,61,156761,861.3241758241758,0.010423510949789808,0.9640117994100295,0.6517748311368212,0.020624021810471047,0.6529583562550596,0.013223346407746367,validation
0.078,1633,154459,291020,62,156092,857.6483516483516,0.010461778950875125,0.9634218289085545,0.6532743406535437,0.02069879014113964,0.6544499456587368,0.013299021544198342,validation
0.079,1633,153827,291652,62,155460,854.1758241758242,0.010504309790299756,0.9634218289085545,0.6546930382801434,0.020782030479462952,0.6558632657533756,0.013383216418784457,validation
0.08,1633,153157,292322,62,154790,850.4945054945055,0.010549777117384845,0.9634218289085545,0.6561970373463171,0.02087101000095856,0.6573615639549706,0.013473216227644738,validation
0.081,1633,152468,293011,62,154101,846.7087912087912,0.010596946158688133,0.9634218289085545,0.6577436871322778,0.02096331099643123,0.6589023512100435,0.013566575529210709,validation
0.082,1633,151868,293611,62,153501,843.4120879120879,0.010638367176761063,0.9634218289085545,0.6590905519676573,0.021044356813319932,0.6602441107935614,0.013648550546072844,validation
0.083,1630,151240,294239,65,152870,839.945054945055,0.010662654543075816,0.9616519174041298,0.6605002704953544,0.021091450198945427,0.6616417770263924,0.013696335612314975,validation
0.084,1630,150615,294864,65,152245,836.510989010989,0.010706427140464382,0.9616519174041298,0.6619032546988747,0.021177081979992202,0.6630394432592235,0.013782949685165389,validation
0.085,1629,150036,295443,66,151665,833.3241758241758,0.010740777371179903,0.9610619469026549,0.6632029792650158,0.02124413145539906,0.6643320049913457,0.013850819326022265,validation
0.086,1628,149398,296081,67,151026,829.8131868131868,0.01077960086342749,0.96047197640118,0.6646351455399694,0.021319923258752888,0.665756506415847,0.01392753194959526,validation
0.087,1627,148804,296675,68,150431,826.5439560439561,0.010815589871768451,0.959882005899705,0.6659685417269949,0.021390163417167346,0.6670826121375572,0.013998629590949852,validation
0.088,1625,148235,297244,70,149860,823.4065934065934,0.010843453890297611,0.9587020648967551,0.6672458185458798,0.021444360133284945,0.6683505749439815,0.014053551797921794,validation
0.089,1624,147690,297789,71,149314,820.4065934065934,0.010876408106406632,0.9581120943952802,0.6684692207713495,0.02150865180221046,0.6695671036330377,0.014118633559524038,validation
0.09,1624,147101,298378,71,148725,817.1703296703297,0.010919482265927047,0.9581120943952802,0.669791393084747,0.021592873288126577,0.6708842642908577,0.014203822068987172,validation
0.091,1623,146535,298944,72,148158,814.054945054945,0.010954521524318632,0.9575221238938053,0.6710619355794549,0.021661228003443375,0.6721477545653369,0.0142730140252979,validation
0.092,1622,146001,299478,73,147623,811.1153846153846,0.010987447755431064,0.9569321533923304,0.6722606452829426,0.02172544502337294,0.6733396843286953,0.014338021114609394,validation
0.093,1622,145429,300050,73,147051,807.9725274725274,0.011030186805938076,0.9569321533923304,0.6735446564260044,0.021808989821575035,0.6746188284649823,0.014422525416512247,validation
0.094,1622,144869,300610,73,146491,804.8956043956044,0.011072352567734537,0.9569321533923304,0.6748017302723586,0.02189140674557651,0.6758711374095989,0.014505888835475027,validation
0.095,1622,144373,301106,73,145995,802.1703296703297,0.011109969519504093,0.9569321533923304,0.6759151385362722,0.021964926535310448,0.6769803253319737,0.014580252897149568,validation
0.096,1622,143883,301596,73,145505,799.478021978022,0.011147383251434658,0.9569321533923304,0.677015078151832,0.022038043478260872,0.6780760956585132,0.014654209442627193,validation
0.097,1621,143306,302173,74,144927,796.3021978021978,0.011184941384283121,0.9563421828908555,0.678310313168522,0.022111279344163903,0.6793641848586903,0.01472833987050156,validation
0.098,1619,142808,302671,76,144427,793.554945054945,0.011209815339237122,0.9551622418879055,0.6794282109818869,0.022159565294753696,0.6804733727810651,0.014777288053681338,validation
0.099,1619,142281,303198,76,143900,790.6593406593406,0.011250868658790826,0.9551622418879055,0.6806112072622952,0.022239774717538376,0.6816518849485882,0.014858418964672186,validation
0.1,1618,141793,303686,77,143411,787.9725274725274,0.011282258683085676,0.9545722713864306,0.6817066573284039,0.022300938624178184,0.6827409464772102,0.014920339806890578,validation
0.11,1611,137030,308449,84,138641,761.7637362637363,0.011619939267604821,0.9504424778761061,0.692398519346591,0.02295918367346939,0.6933766274425615,0.015586539299294001,validation
0.12,1600,132559,312920,95,134159,737.1373626373627,0.011926147332642611,0.943952802359882,0.7024349071448934,0.02355469842625171,0.703350373680044,0.016189542070605405,validation
0.13,1590,128423,317056,105,130013,714.3571428571429,0.012229546276141617,0.9380530973451328,0.7117192954101091,0.024144319251677954,0.7125772070827016,0.0167865598062565,validation
0.14,1582,124683,320796,113,126265,693.7637362637363,0.012529204450956321,0.9333333333333333,0.7201147528839743,0.024726477024070024,0.7209229516921825,0.01737593608143271,validation
0.15,1570,121210,324269,125,122780,674.6153846153846,0.012787098876038443,0.9262536873156342,0.7279108555060957,0.02522594898574011,0.7286626682231078,0.017881954557871407,validation
0.16,1559,117797,327682,136,119356,655.8021978021978,0.013061764804450551,0.91976401179941,0.7355722716446791,0.02575773847386639,0.7362704450616538,0.018420638334485907,validation
0.17,1551,114561,330918,144,116112,637.978021978022,0.013357792476229848,0.9150442477876106,0.7428363626568256,0.026331202729888717,0.7434891116209797,0.019001310488114875,validation
0.18,1543,111399,334080,152,112942,620.5604395604396,0.013661879548794957,0.9103244837758112,0.7499343403392753,0.02691975540183362,0.7505422944983384,0.01959727317829781,validation
0.19,1534,108360,337119,161,109894,603.8131868131868,0.013958905854732742,0.9050147492625369,0.7567562107304722,0.027493749383899847,0.7573181803951035,0.02017860898322612,validation
0.2,1522,105507,339972,173,107029,588.0714285714286,0.014220444926141513,0.8979351032448377,0.7631605530227014,0.02799749825245576,0.7636714120230603,0.02068914098242563,validation
0.21,1512,102639,342840,183,104151,572.2582417582418,0.014517383414465535,0.8920353982300885,0.7695985669358152,0.028569808967745594,0.7700626601725503,0.02126892366591311,validation
0.22,1503,99924,345555,192,101427,557.2912087912088,0.014818539442160371,0.8867256637168142,0.7756931303159071,0.029149938907313665,0.7761139958942157,0.021856573934177753,validation
0.23,1494,97307,348172,201,98801,542.8626373626373,0.015121304440238459,0.8814159292035398,0.7815677057728871,0.02973252666772807,0.7819461775505732,0.022446745144750348,validation
0.24,1486,94764,350715,209,96250,528.8461538461538,0.015438961038961039,0.8766961651917404,0.7872761679001704,0.030343560161315026,0.787615111790936,0.02306564474730851,validation
0.25,1476,92346,353133,219,93822,515.5054945054945,0.015731917887062737,0.8707964601769912,0.7927040331867495,0.030905493262979367,0.7930000402527875,0.023635076016549884,validation
0.26,1466,89882,355597,229,91348,501.9120879120879,0.016048517756272716,0.8648967551622418,0.7982351581107078,0.03151231151188161,0.7984878369493754,0.02424996330270918,validation
0.27,1457,87505,357974,238,88962,488.8021978021978,0.016377779276545042,0.8595870206489675,0.8035709876335361,0.03214313290755264,0.8037833147723258,0.02488908589811394,validation
0.28,1441,85236,360243,254,86677,476.24725274725273,0.016624940872434442,0.8501474926253687,0.808664381485996,0.03261213959172589,0.8088216220084352,0.025365206485983612,validation
0.29,1433,82936,362543,262,84369,463.5659340659341,0.01698491151963399,0.8454277286135693,0.8138273633549505,0.03330079940509389,0.8139471436174733,0.02606285138770162,validation
0.3,1423,80667,364812,272,82090,451.04395604395603,0.017334632720185164,0.8395280235988201,0.8189207572074104,0.033967894014441724,0.8189988684494179,0.0267389228778219,validation
0.31,1413,78534,366945,282,79947,439.2692307692308,0.017674209163570865,0.8336283185840708,0.8237088616971844,0.03461453663555523,0.8237464611090984,0.027394349089147115,validation
0.32,1401,76383,369096,294,77784,427.38461538461536,0.018011416229558777,0.8265486725663717,0.8285373721320197,0.03525459555354244,0.8285298340243396,0.028043389419328674,validation
0.33,1383,74257,371222,312,75640,415.6043956043956,0.01828397673188789,0.815929203539823,0.8333097631987142,0.03576647055020366,0.8332438826944322,0.028563477238615544,validation
0.34,1374,72215,373264,321,73589,404.33516483516485,0.01867126880376143,0.8106194690265487,0.8378935931884556,0.03650177992667764,0.837790211416585,0.029308706337225248,validation
0.35,1359,70138,375341,336,71497,392.84065934065933,0.019007790536665875,0.8017699115044248,0.8425559902935941,0.03713520603344628,0.8424013918519413,0.02995162906972636,validation
0.36,1349,68079,377400,346,69428,381.4725274725275,0.019430201071613758,0.7958702064896755,0.8471779814536712,0.037934282862083994,0.8469835008296547,0.030761654502237838,validation
0.37,1340,66083,379396,355,67423,370.45604395604397,0.019874523530545956,0.7905604719764012,0.8516585518060336,0.038774270088833586,0.8514269613170712,0.03161301726672579,validation
0.38,1327,64138,381341,368,65465,359.6978021978022,0.020270373482013288,0.7828908554572271,0.8560246386473885,0.03951756998213222,0.8557474271759986,0.032367138534332436,validation
0.39,1316,62227,383252,379,63543,349.1373626373626,0.020710385093558693,0.776401179941003,0.8603144031480721,0.04034458444464882,0.859996332523805,0.033205800034225165,validation
0.4,1307,60383,385096,388,61690,338.95604395604397,0.021186578051548062,0.7710914454277286,0.8644537677421382,0.04124004101916857,0.864099880583397,0.034113520892841184,validation
0.41,1298,58419,387060,397,59717,328.11538461538464,0.021735854111894437,0.7657817109144542,0.8688625053032802,0.04227186869015828,0.8684717805596927,0.03515934890447413,validation
0.42,1281,56632,388847,414,57913,318.2032967032967,0.022119385975514997,0.7557522123893805,0.8728739177379854,0.042980807945242255,0.8724299713310703,0.035879703642696756,validation
0.43,1264,54843,390636,431,56107,308.2802197802198,0.02252838326768496,0.7457227138643068,0.8768898197221418,0.04373551088197641,0.8763926346343929,0.03664654320560023,validation
0.44,1255,53047,392432,440,54302,298.3626373626374,0.023111487606349675,0.7404129793510325,0.8809214351293776,0.044823829848027574,0.8803888419273035,0.03774987645598194,validation
0.45,1241,51292,394187,454,52533,288.64285714285717,0.02362324634039556,0.7321533923303835,0.8848610147728625,0.0457697130633621,0.8842821809854777,0.03871001402147284,validation
0.46,1223,49566,395913,472,50789,279.06043956043953,0.024080017326586465,0.7215339233038348,0.888735495949304,0.04660467952137794,0.8881017232665585,0.039558776175323884,validation
0.47,1207,47767,397712,488,48974,269.0879120879121,0.024645730387552578,0.712094395280236,0.8927738456807167,0.04764254277763524,0.8920889854955789,0.04061278559974564,validation
0.48,1186,46001,399478,509,47187,259.2692307692308,0.02513404115540297,0.6997050147492625,0.8967381178461835,0.048525019434556685,0.8959912696176432,0.041510727930616685,validation
0.49,1172,44291,401188,523,45463,249.7967032967033,0.02577920506785738,0.6914454277286136,0.900576682627015,0.0497052461936469,0.8997839767070537,0.04270892278117277,validation
0.5,1154,42636,402843,541,43790,240.6043956043956,0.026353048641242292,0.6808259587020649,0.9042917847979366,0.050742002858085083,0.9034447441040848,0.043762966528378175,validation
0.51,1143,41021,404458,552,42164,231.67032967032966,0.02710843373493976,0.6743362831858407,0.9079170959798329,0.05212157139925671,0.9070317147240224,0.04516275167854157,validation
0.52,1131,39454,406025,564,40585,222.9945054945055,0.027867438708882593,0.6672566371681415,0.911434657974899,0.05350047303689688,0.9105091083113062,0.046562285211391725,validation
0.53,1119,37943,407536,576,39062,214.62637362637363,0.028646766678613485,0.6601769911504425,0.9148265125853295,0.054910812866501464,0.9138612710041282,0.04799385433518981,validation
0.54,1100,36409,409070,595,37509,206.0934065934066,0.029326295022527926,0.6489675516224189,0.9182699970144497,0.05611672278338945,0.9172492139525107,0.049220551418617,validation
0.55,1071,34892,410587,624,35963,197.5989010989011,0.029780607846953813,0.631858407079646,0.921675320273234,0.05688034414998141,0.9205767777196349,0.050002628455588,validation
0.56,1048,33372,412107,647,34420,189.12087912087912,0.030447414294015106,0.6182890855457227,0.9250873778561952,0.05803682680326734,0.9239244678805119,0.051181478035582734,validation
0.57,1032,31927,413552,663,32959,181.0934065934066,0.03131162960041264,0.6088495575221239,0.9283310773347341,0.05956022392797368,0.9271200919552568,0.05273027483744206,validation
0.58,1010,30556,414923,685,31566,173.43956043956044,0.03199645187860356,0.5958702064896755,0.9314086634835761,0.06073178797991642,0.9301368147521993,0.05392514607642165,validation
0.59,996,29194,416285,699,30190,165.87912087912088,0.03299105664127194,0.5876106194690266,0.9344660466598874,0.06247451779833777,0.9331513012831694,0.05569636260917453,validation
0.6,970,27867,417612,725,28837,158.44505494505495,0.03363734091618407,0.5722713864306784,0.9374448627208016,0.06353989257172801,0.9360606833134306,0.056786406185442576,validation
0.61,942,26535,418944,753,27477,150.97252747252747,0.03428321869199694,0.5557522123893806,0.940434902655344,0.06458247634718223,0.9389767741416093,0.05785512745599542,validation
0.62,918,25196,420283,777,26114,143.4835164835165,0.03515355747874703,0.5415929203539823,0.9434406560129658,0.06602179150634686,0.9419174638954859,0.05932524839941952,validation
0.63,895,23990,421489,800,24885,136.73076923076923,0.03596544102873217,0.528023598820059,0.9461478543320785,0.0673438675696012,0.9445629665409885,0.0606770162293187,validation
0.64,871,22853,422626,824,23724,130.35164835164835,0.03671387624346653,0.5138643067846608,0.9487001631951225,0.06853141350957945,0.9470519305684141,0.06189391308499157,validation
0.65,856,21655,423824,839,22511,123.68681318681318,0.03802585402692017,0.5050147492625369,0.9513894033164302,0.07072626621498802,0.9496974332139168,0.06412828255585183,validation
0.66,837,20522,424957,858,21359,117.35714285714286,0.03918722786647315,0.49380530973451325,0.9539327330805717,0.07261212804719354,0.9521886335073149,0.06605248432594563,validation
0.67,826,19410,426069,869,20236,111.18681318681318,0.040818343546155364,0.4873156342182891,0.956428922575475,0.07532716246409192,0.95465076234307,0.06881348775256618,validation
0.68,808,18312,427167,887,19120,105.05494505494505,0.04225941422594142,0.4766961651917404,0.9588936852242194,0.07763631996156618,0.9570659295934021,0.07116829544258378,validation
0.69,776,17238,428241,919,18014,98.97802197802197,0.04307760630620629,0.45781710914454277,0.9613045732795485,0.0787457506722817,0.9593961187367781,0.07231786839641081,validation
0.7,752,16212,429267,943,16964,93.20879120879121,0.044329167649139356,0.44365781710914454,0.9636077121480474,0.08060453400503778,0.9616368572412528,0.07422382331510022,validation
0.71,726,15227,430252,969,15953,87.65384615384616,0.045508681752648404,0.4283185840707965,0.9658188152527953,0.08227561196736174,0.9637814363089089,0.07594320689817675,validation
0.72,701,14269,431210,994,14970,82.25274725274726,0.04682698730794923,0.4135693215339233,0.9679693094399512,0.08412841284128414,0.965867872461279,0.07784867038533629,validation
0.73,677,13392,432087,1018,14069,77.3021978021978,0.048119980098087996,0.39941002949852505,0.9699379768743308,0.08589190560771377,0.9677754073358469,0.07966509219716622,validation
0.74,656,12467,433012,1039,13123,72.1043956043956,0.04998856968680942,0.3870206489675516,0.9720143934955408,0.08854096369280605,0.9697969917750138,0.08238027259040387,validation
0.75,633,11622,433857,1062,12255,67.33516483516483,0.05165238678090575,0.3734513274336283,0.9739112281387001,0.090752688172043,0.9716352024044331,0.08465666957611337,validation
0.76,612,10761,434718,1083,11373,62.489010989010985,0.053811659192825115,0.36106194690265486,0.9758439791774697,0.09366391184573003,0.9735136658213581,0.0876445125157195,validation
0.77,584,9879,435600,1111,10463,57.489010989010985,0.05581573162572876,0.3445427728613569,0.9778238704854775,0.09606843230794539,0.9754234369618985,0.09013241122282249,validation
0.78,556,9114,436365,1139,9670,53.13186813186813,0.05749741468459152,0.328023598820059,0.9795411231505862,0.09784425868895733,0.9770715649836529,0.0919873006813468,validation
0.79,522,8379,437100,1173,8901,48.90659340659341,0.05864509605662285,0.30796460176991153,0.981191032573926,0.0985277463193658,0.9786391874303962,0.09275015380501057,validation
0.8,490,7632,437847,1205,8122,44.62637362637363,0.06032996798818025,0.2890855457227139,0.9828678792939735,0.0998268310074361,0.980238117600755,0.09414529330344518,validation
0.81,468,6893,438586,1227,7361,40.44505494505494,0.06357831816329303,0.2761061946902655,0.9845267678162158,0.10335689045936396,0.9818415203030587,0.09779749476567845,validation
0.82,443,6237,439242,1252,6680,36.7032967032967,0.06631736526946108,0.26135693215339234,0.9859993400362307,0.1057910447761194,0.983252604131725,0.10035118364191174,validation
0.83,421,5612,439867,1274,6033,33.14835164835165,0.06978286093154318,0.24837758112094396,0.9874023242397509,0.10895445134575568,0.9846010725131604,0.10364967416981692,validation
0.84,399,5026,440453,1296,5425,29.807692307692307,0.07354838709677419,0.23539823008849559,0.9887177622289716,0.11207865168539326,0.9858623265216672,0.10692003511003352,validation
0.85,374,4463,441016,1321,4837,26.576923076923077,0.07732065329749845,0.22064896755162242,0.9899815703995025,0.11451316595223514,0.9870654376148882,0.10951420133461232,validation
0.86,346,3934,441545,1349,4280,23.516483516483518,0.0808411214953271,0.20412979351032448,0.9911690562293621,0.11581589958158996,0.9881858068671255,0.11098824133595,validation
0.87,320,3424,442055,1375,3744,20.571428571428573,0.08547008547008547,0.1887905604719764,0.9923138913394346,0.1176686890972605,0.9892681595978299,0.11304015043392317,validation
0.88,295,2965,442514,1400,3260,17.912087912087912,0.09049079754601227,0.17404129793510326,0.9933442429384999,0.11907164480322906,0.9902386990299078,0.11465584659782221,validation
0.89,275,2584,442895,1420,2859,15.708791208791208,0.09618747813920951,0.16224188790560473,0.9941995021089659,0.12077294685990338,0.991045991045991,0.11656841930460571,validation
0.9,240,2240,443239,1455,2480,13.626373626373626,0.0967741935483871,0.1415929203539823,0.9949717046145834,0.11497005988023952,0.9917369972315028,0.11096659119093293,validation
0.905,226,2046,443433,1469,2272,12.483516483516484,0.0994718309859155,0.13333333333333333,0.9954071909113561,0.11394000504159314,0.9921395251065581,0.11007613837013788,validation
0.91,215,1834,443645,1480,2049,11.258241758241759,0.10492923377257199,0.12684365781710916,0.9958830831531902,0.11485042735042736,0.9925890145670365,0.11116276190982452,validation
0.915,200,1649,443830,1495,1849,10.159340659340659,0.10816657652785289,0.11799410029498525,0.9962983664774322,0.11286681715575621,0.9929691797823667,0.10934411200021506,validation
0.92,187,1515,443964,1508,1702,9.351648351648352,0.10987074030552292,0.11032448377581121,0.9965991662906669,0.11009714453929938,0.9932397679650427,0.10670415534610837,validation
0.925,179,1352,444127,1516,1531,8.412087912087912,0.11691704768125408,0.1056047197640118,0.996965064570945,0.11097334159950403,0.9935863891907848,0.10776327475046887,validation
0.93,170,1205,444274,1525,1375,7.554945054945055,0.12363636363636364,0.10029498525073746,0.997295046455613,0.11074918566775245,0.9938949938949939,0.10771956085668681,validation
0.935,153,1062,444417,1542,1215,6.675824175824176,0.1259259259259259,0.09026548672566372,0.9976160492413784,0.10515463917525772,0.9941767634075327,0.10231324648174946,validation
0.94,142,917,444562,1553,1059,5.818681318681318,0.13408876298394712,0.08377581120943953,0.9979415415765951,0.10312273057371096,0.9944764230478517,0.10050058945433381,validation
0.945,126,766,444713,1569,892,4.9010989010989015,0.1412556053811659,0.074336283185840707,0.9982805025601655,0.09741012756088133,0.9947783189541431,0.09504465055359117,validation
0.95,107,622,444857,1588,729,4.0054945054945055,0.1467764060356653,0.06312684365781711,0.9986037501206566,0.08828382838283828,0.9950578522007093,0.08620044589957492,validation
0.955,90,472,445007,1605,562,3.087912087912088,0.1601423487544484,0.05309734513274336,0.9989404663295015,0.07975188303057155,0.9953552755750558,0.0780114655743965,validation
0.96,70,346,445133,1625,416,2.2857142857142856,0.16826923076923078,0.04129793510324484,0.9992233079449312,0.06631927996210327,0.995592319768144,0.06492234582723098,validation
0.965,54,249,445230,1641,303,1.664835164835165,0.1782178217821782,0.03185840707964602,0.9994410510933175,0.05405405405405405,0.9957734573119188,0.05296528392350603,validation
0.97,39,167,445312,1656,206,1.1318681318681318,0.18932038834951456,0.023008849557522124,0.9996251226208194,0.041031036296685953,0.9959232871320783,0.040242594336236226,validation
0.975,26,83,445396,1669,109,0.5989010989010989,0.23853211009174313,0.015339233038348082,0.9998136836977725,0.028824833702882486,0.9960820620161279,0.028379782825671544,validation
0.98,13,35,445444,1682,48,0.26373626373626374,0.2708333333333333,0.007669616519174041,0.9999214328846029,0.014916810097532988,0.9961603313251665,0.014711111851281924,validation
0.985,0,5,445474,1695,5,0.027472527472527472,0,0,0.9999887761263718,NA,0.9961983478466995,-2.2297384361778543e-5,validation
0.99,0,0,445479,1695,0,0,NA,0,1,NA,0.9962095291765621,0,validation
0.991,0,0,445479,1695,0,0,NA,0,1,NA,0.9962095291765621,0,validation
0.992,0,0,445479,1695,0,0,NA,0,1,NA,0.9962095291765621,0,validation
0.993,0,0,445479,1695,0,0,NA,0,1,NA,0.9962095291765621,0,validation
0.994,0,0,445479,1695,0,0,NA,0,1,NA,0.9962095291765621,0,validation
0.995,0,0,445479,1695,0,0,NA,0,1,NA,0.9962095291765621,0,validation
0.996,0,0,445479,1695,0,0,NA,0,1,NA,0.9962095291765621,0,validation
0.997,0,0,445479,1695,0,0,NA,0,1,NA,0.9962095291765621,0,validation
0.998,0,0,445479,1695,0,0,NA,0,1,NA,0.9962095291765621,0,validation
0.999,0,0,445479,1695,0,0,NA,0,1,NA,0.9962095291765621,0,validation
1e-4,5350,1328734,67,0,1334084,2456.876611418048,0.00401024223362247,1,5.0421394926704604e-5,0.007988448852276408,0.004060260045527081,4.044039330555161e-7,test
2e-4,5350,1326912,1889,0,1332262,2453.5211786372006,0.004015726636352309,1,0.001421582313679776,0.007999330149550093,0.0054259225529943765,1.1417306747804008e-5,test
3e-4,5350,1321854,6947,0,1327204,2444.206261510129,0.0040310306478883425,1,0.005228021351579356,0.008029693355766445,0.00921709761488767,4.2147740357336284e-5,test
4e-4,5350,1314631,14170,0,1319981,2430.90423572744,0.004053088642942588,1,0.010663748747931405,0.008073454857692154,0.014631027522371906,8.643850191409679e-5,test
5e-4,5350,1306068,22733,0,1311418,2415.134438305709,0.004079553582458072,1,0.01710790404281755,0.008125956888381249,0.02104934149133044,1.395754811151593e-4,test
6e-4,5350,1297414,31387,0,1302764,2399.1970534069983,0.004106653238806108,1,0.02362054212782802,0.00817971522359672,0.027535863631627903,1.939839349546198e-4,test
7e-4,5350,1288517,40284,0,1293867,2382.8121546961324,0.004134891762445444,1,0.030316051839214448,0.00823572967410371,0.03420452407561063,2.506757629321048e-4,test
8e-4,5350,1279815,48986,0,1285165,2366.7863720073665,0.004162889590052639,1,0.03686481271462017,0.00829126356532082,0.040727024152438514,3.068811949176381e-4,test
9e-4,5350,1271096,57705,0,1276446,2350.729281767956,0.0041913249757529894,1,0.04342636707829088,0.008347662186494575,0.04726226641512093,3.6396178773591604e-4,test
0.001,5350,1262659,66142,0,1268009,2335.1915285451196,0.0042192129551130945,1,0.049775700048389486,0.008402971981978374,0.053586138300687106,4.1994036351552486e-4,test
0.0011,5350,1254358,74443,0,1259708,2319.90423572744,0.004247015975130744,1,0.056022685112368215,0.008458110221033344,0.059808072699417084,4.7574528357078845e-4,test
0.0012,5350,1246283,82518,0,1251633,2305.033149171271,0.004274415903064237,1,0.06209959203823597,0.008512446071267471,0.06586061098031631,5.3073808871978e-4,test
0.0013,5350,1238376,90425,0,1243726,2290.4714548802945,0.004301590543254704,1,0.06805006919772034,0.008566332232786477,0.07178722648335908,5.852757442731867e-4,test
0.0014,5350,1230680,98121,0,1236030,2276.2983425414363,0.004328373906782198,1,0.07384175659109227,0.008619439655866859,0.07755568897373685,6.390252230439922e-4,test
0.0015,5350,1223257,105544,0,1228607,2262.6279926335174,0.004354525084099309,1,0.0794279956140912,0.008671290814833903,0.08311952695009785,6.91503227511973e-4,test
0.0016,5350,1216060,112741,0,1221410,2249.3738489871084,0.004380183558346501,1,0.08484415649897915,0.008722162444161857,0.08851396880862811,7.42989839109691e-4,test
0.0017,5350,1208994,119807,0,1214344,2236.3609576427257,0.004405670880738901,1,0.09016173226841341,0.008772692167051734,0.09381022088204409,7.941303900327334e-4,test
0.0018,5350,1201992,126809,0,1207342,2223.465930018416,0.004431221642252154,1,0.09543114431732065,0.008823345086798627,0.0990585023734195,8.453956061085706e-4,test
0.0019,5350,1195372,133429,0,1200722,2211.2744014732966,0.004455652515736365,1,0.10041307915933236,0.008871775482724081,0.1040204594532403,8.944114126946491e-4,test
0.002,5349,1188995,139806,1,1194344,2199.5285451197055,0.004478609177925288,0.9998130841121495,0.1052121423749681,0.008917273904845736,0.10879952868903145,9.40466519834032e-4,test
0.0021,5349,1182586,146215,1,1187935,2187.7255985267034,0.004502771616292137,0.9998130841121495,0.11003528745086737,0.008965167583603245,0.11360333275618727,9.889391207182087e-4,test
0.0022,5349,1176430,152371,1,1181779,2176.388581952118,0.0045262269849100385,0.9998130841121495,0.11466803531905831,0.009011657536796759,0.11821750311621398,0.0010359910103371305,test
0.0023,5349,1170357,158444,1,1175706,2165.204419889503,0.0045496067894524655,0.9998130841121495,0.1192383208621908,0.009057995556518914,0.12276946162765684,0.0010828891124230876,test
0.0024,5349,1164447,164354,1,1169796,2154.3204419889503,0.004572592144271309,0.9998130841121495,0.12368593942960608,0.009103549686592135,0.12719924506296515,0.0011289938329461478,test
0.0025,5349,1158643,170158,1,1163992,2143.63167587477,0.004595392408195245,0.9998130841121495,0.12805378683489854,0.009148734929558675,0.13154957722176874,0.001174725191027529,test
0.0026,5349,1152975,175826,1,1158324,2133.193370165746,0.004617878935427393,0.9998130841121495,0.13231928633407108,0.009193296404319422,0.13579797189373616,0.0012198252255894095,test
0.0027,5349,1147386,181415,1,1152735,2122.9005524861877,0.004640268578641232,0.9998130841121495,0.13652533374071812,0.009237663902045187,0.13998715287849725,0.0012647289226092658,test
0.0028,5349,1141742,187059,1,1147091,2112.5064456721916,0.004663099963298466,0.9998130841121495,0.14077277184469308,0.009282904721369686,0.14421755858219948,0.001310516479086871,test
0.0029,5349,1136304,192497,1,1141653,2102.491712707182,0.004685311561393873,0.9998130841121495,0.14486518297322173,0.009326915448346691,0.1482935589749586,0.0013550590614274122,test
0.003,5349,1130974,197827,1,1136323,2092.6758747697972,0.004707288332630775,0.9998130841121495,0.14887631782336105,0.009370458966796974,0.1522886090105243,0.0013991287735775559,test
0.0031,5349,1125753,203048,1,1131102,2083.060773480663,0.004729016481272246,0.9998130841121495,0.15280542383697784,0.009413508005617483,0.15620195914855214,0.0014426980153955443,test
0.0032,5349,1120591,208210,1,1125940,2073.5543278084715,0.004750697195232428,0.9998130841121495,0.1566901289207338,0.009456461208001485,0.16007108640626136,0.0014861702475772384,test
0.0033,5349,1115600,213201,1,1120949,2064.362799263352,0.00477184956675103,0.9998130841121495,0.16044614656370668,0.009498365886855977,0.16381204226508095,0.0015285812717281216,test
0.0034,5349,1110624,218177,1,1115973,2055.1988950276245,0.004793126715431287,0.9998130841121495,0.16419087583468103,0.009540515979784593,0.16754175501873475,0.0015712406608588136,test
0.0035,5349,1105818,222983,1,1111167,2046.3480662983425,0.0048138578629494935,0.9998130841121495,0.16780767022300555,0.009581582725565306,0.17114404591384333,0.0016128035988608185,test
0.0036,5349,1100879,227922,1,1106228,2037.2523020257827,0.004835350397928818,0.9998130841121495,0.17152455484305024,0.00962415592967835,0.17484602567475496,0.001655891182527177,test
0.0037,5349,1096139,232662,1,1101488,2028.5230202578268,0.00485615821506907,0.9998130841121495,0.17509168039458128,0.009665371084115292,0.1783988469071342,0.001697604294108234,test
0.0038,5349,1091505,237296,1,1096854,2019.988950276243,0.00487667456197452,0.9998130841121495,0.17857903478398948,0.009706007236409957,0.18187221686300875,0.0017387313944940456,test
0.0039,5349,1086957,241844,1,1092306,2011.6132596685084,0.004896979417855436,0.9998130841121495,0.1820016691739395,0.00974622286034969,0.1852811263492663,0.0017794328725817723,test
0.004,5349,1082571,246230,1,1087920,2003.53591160221,0.004916721817780719,0.9998130841121495,0.1853023891463056,0.009785322930291692,0.18856861029973368,0.0018190053067188548,test
0.0041,5349,1078117,250684,1,1083466,1995.3333333333333,0.004936933877020599,0.9998130841121495,0.18865428307173157,0.009825351574554378,0.19190706299361918,0.0018595175202331818,test
0.0042,5349,1073793,255008,1,1079142,1987.3701657458564,0.004956715612959184,0.9998130841121495,0.19190834443983712,0.009864526432652336,0.19514807544273474,0.0018991656206541305,test
0.0043,5349,1069497,259304,1,1074846,1979.4585635359117,0.004976526869895781,0.9998130841121495,0.1951413341802121,0.009903758206843943,0.19836810076220757,0.0019388713121429584,test
0.0044,5349,1065333,263468,1,1070682,1971.7900552486187,0.004995881129971364,0.9998130841121495,0.19827498624700013,0.009942083506810208,0.20148918675622174,0.0019776595670935996,test
0.0045,5348,1061036,267765,2,1066384,1963.8747697974218,0.005015078995933922,0.9996261682242991,0.20150872854550833,0.009980088342816405,0.2047092120756946,0.0020161310048042243,test
0.0046,5347,1056891,271910,3,1062238,1956.2394106813997,0.005033711842355479,0.9994392523364486,0.2046280820077649,0.010016972839709698,0.20781530726282108,0.0020534686170958455,test
0.0047,5346,1052765,276036,4,1058111,1948.6390423572743,0.005052399984500681,0.9992523364485981,0.20773313686549003,0.010053965307613537,0.21090716118340427,0.0020909155515806688,test
0.0048,5346,1048685,280116,4,1054031,1941.1252302025782,0.005071957086651152,0.9992523364485981,0.21080357404908637,0.010092686200715325,0.2139652857884902,0.0021301042173864507,test
0.0049,5346,1044612,284189,4,1049958,1933.624309392265,0.00509163223671804,0.9992523364485981,0.21386874332575007,0.010131639293931249,0.21701816361116547,0.0021695278760420914,test
0.005,5346,1040665,288136,4,1046011,1926.3554327808472,0.0051108449146328285,0.9992523364485981,0.2168390902776262,0.010169675306578804,0.21997659935044833,0.0022080233635225093,test
0.0051,5346,1036732,292069,4,1042078,1919.1123388581952,0.0051301342126021275,0.9992523364485981,0.2197989014156371,0.010207861542750432,0.22292454152490984,0.0022466708773096946,test
0.0052,5345,1032833,295968,5,1038178,1911.9300184162062,0.00514844275259156,0.9990654205607477,0.22273312557711802,0.010244095031470167,0.22584624978731793,0.002283349779490377,test
0.0053,5345,1029068,299733,5,1034413,1904.9963167587478,0.005167181773624268,0.9990654205607477,0.22556650694874553,0.010281189078665041,0.22866826918392297,0.0023208919162831065,test
0.0054,5344,1025315,303486,6,1030659,1898.0828729281768,0.0051850321008209315,0.9988785046728972,0.22839085762277422,0.01031651269438779,0.231480544556051,0.0023566500171052648,test
0.0055,5343,1021645,307156,7,1026988,1891.3222836095765,0.005202592435354649,0.9986915887850467,0.23115274597174446,0.01035126092423218,0.2342306080795952,0.002391825826554913,test
0.0056,5343,1018018,310783,7,1023361,1884.6427255985268,0.005221031483513638,0.9986915887850467,0.2338822743209856,0.01038775710573718,0.23694919090867525,0.002428762898161365,test
0.0057,5343,1014352,314449,7,1019695,1877.891344383057,0.005239802097686073,0.9986915887850467,0.2366411524374229,0.01042490817476306,0.2396970058111863,0.002466362757412885,test
0.0058,5343,1010631,318170,7,1015974,1871.0386740331492,0.005258992848242179,0.9986915887850467,0.2394414212511881,0.010462889347552783,0.24248604543263844,0.0025048027365106606,test
0.0059,5343,1007064,321737,7,1012407,1864.4696132596684,0.005277521787186379,0.9986915887850467,0.2421257961124352,0.010499559325064826,0.24515965584105548,0.002541915670093944,test
0.006,5343,1003539,325262,7,1008882,1857.9779005524863,0.005295961271982254,0.9986915887850467,0.24477856353208644,0.010536050923260161,0.2478017855550084,0.002578848058685578,test
0.0061,5343,1000061,328740,7,1005404,1851.572744014733,0.005314281622114095,0.9986915887850467,0.24739596071947567,0.010572305427433381,0.2504086868727753,0.002615540478538045,test
0.0062,5343,996644,332157,7,1001987,1845.2799263351749,0.005332404512234191,0.9986915887850467,0.2499674518607376,0.010608167872320782,0.2529698662295347,0.002651836092852608,test
0.0063,5343,993339,335462,7,998682,1839.1933701657458,0.005350051367702632,0.9986915887850467,0.2524546564910773,0.010643087072921976,0.25544709706772323,0.0026871770596515144,test
0.0064,5343,990078,338723,7,995421,1833.1878453038673,0.005367578140304454,0.9986915887850467,0.25490874856355467,0.010677767441302756,0.2578913481307588,0.0027222762996437742,test
0.0065,5343,986685,342116,7,992028,1826.9392265193371,0.005385936687270924,0.9986915887850467,0.257462178309619,0.010714092350142075,0.2604345385192531,0.00275903993238901,test
0.0066,5343,983237,345564,7,988580,1820.5893186003684,0.005404721924376378,0.9986915887850467,0.2600569987530112,0.010751260149105065,0.2630189536266884,0.002796656624301546,test
0.0067,5343,979990,348811,7,985333,1814.609576427256,0.005422532280964913,0.9986915887850467,0.2625005550116233,0.010786497800002624,0.26545271112490265,0.0028323198463929625,test
0.0068,5343,976772,352029,7,982115,1808.683241252302,0.0054402997612295915,0.9986915887850467,0.26492228708437154,0.010821649374914555,0.26786473195312976,0.002867895942808412,test
0.0069,5342,973603,355198,8,978945,1802.8453038674033,0.005456894922595243,0.9985046728971962,0.26730714380859133,0.01085446944259597,0.27023927576413764,0.002901120565974953,test
0.007,5342,970564,358237,8,975906,1797.2486187845304,0.005473887853953147,0.9985046728971962,0.2695941679754907,0.010888086289408676,0.27251712887072005,0.002935143406163443,test
0.0071,5342,967564,361237,8,972906,1791.7237569060774,0.005490766836672813,0.9985046728971962,0.2718518423751939,0.010921476586905676,0.2747657499038714,0.00296893695181473,test
0.0072,5342,964465,364336,8,969807,1786.0165745856355,0.005508312478668436,0.9985046728971962,0.2741840200300873,0.010956184491317808,0.27708857543111687,0.0030040640071807598,test
0.0073,5342,961414,367387,8,966756,1780.3977900552486,0.005525696246002094,0.9985046728971962,0.2764800748945854,0.010990570987114574,0.2793754230218319,0.0030388657626967915,test
0.0074,5342,958421,370380,8,963763,1774.8858195211787,0.005542856490651747,0.9985046728971962,0.27873248138735596,0.011024514169142298,0.2816187972725726,0.003073218841375613,test
0.0075,5342,955330,373471,8,960672,1769.1933701657458,0.005560690849738517,0.9985046728971962,0.2810586385771835,0.011059789528602868,0.28393562647706294,0.0031089201748100317,test
0.0076,5342,952351,376450,8,957693,1763.707182320442,0.00557798793559105,0.9985046728971962,0.28330050925608874,0.011094000994763473,0.2861685071629823,0.00314354475796882,test
0.0077,5342,949416,379385,8,954758,1758.3020257826888,0.005595135102298174,0.9985046728971962,0.2855092673771317,0.011127914776254336,0.28836840807374875,0.0031778680523313215,test
0.0078,5342,946518,382283,8,951860,1752.965009208103,0.005612169856911731,0.9985046728971962,0.287690180847245,0.011161605081434585,0.290540575991773,0.003211965162548893,test
0.0079,5342,943570,385231,8,948912,1747.53591160221,0.005629605274250931,0.9985046728971962,0.28990872222402,0.011196086609337897,0.2927502209270165,0.0032468630397460927,test
0.008,5342,940714,388087,8,946056,1742.2762430939226,0.005646600201256585,0.9985046728971962,0.29205802825253746,0.011229695839631031,0.29489090815057667,0.0032808780773463404,test
0.0081,5342,937958,390843,8,943300,1737.2007366482505,0.005663097635958868,0.9985046728971962,0.29413207846773143,0.011262320139145101,0.29695664133969846,0.003313896282982726,test
0.0082,5342,935172,393629,8,940514,1732.0699815837938,0.005679872920551953,0.9985046728971962,0.2962287054269225,0.011295492798118967,0.2990448607391517,0.003347469460033702,test
0.0083,5342,932410,396391,8,937752,1726.9834254143645,0.00569660208669243,0.9985046728971962,0.29830727099091586,0.011328573155395705,0.3011150911703398,0.003380949211981184,test
0.0084,5342,929631,399170,8,934973,1721.865561694291,0.005713533973708332,0.9985046728971962,0.30039863004317424,0.0113620532519145,0.3031980637873824,0.003414833520279653,test
0.0085,5342,926932,401869,8,932274,1716.8950276243095,0.0057300750637688065,0.9985046728971962,0.3024297844447739,0.011394759519807514,0.3052210731768743,0.0034479346484980323,test
0.0086,5342,924155,404646,8,929497,1711.780847145488,0.005747194450331739,0.9985046728971962,0.30451963838076584,0.011428608103785967,0.3073025467132281,0.003482191874668384,test
0.0087,5342,921472,407329,8,926814,1706.8397790055249,0.005763831793650074,0.9985046728971962,0.3065387518522337,0.0114615024823958,0.30931356345720984,0.003515483366685101,test
0.0088,5341,918892,409909,9,924233,1702.086556169429,0.0057788458105261335,0.9983177570093458,0.30848035183597844,0.011491173999524517,0.3112466280053757,0.003545521761113208,test
0.0089,5341,916241,412560,9,921582,1697.2044198895028,0.00579546909553355,0.9983177570093458,0.31047538344718284,0.011524038440791773,0.3132336594583372,0.003578782962057448,test
0.009,5338,913693,415108,12,919031,1692.5064456721916,0.005808291559261875,0.9977570093457944,0.31239290157066407,0.011549350321999262,0.31514123963479396,0.0036044266049599133,test
0.0091,5337,911179,417622,13,916516,1687.8747697974218,0.005823138930471481,0.9975700934579439,0.31428483271761537,0.011578689310593948,0.31702483452023045,0.00363412860151244,test
0.0092,5337,908675,420126,13,914012,1683.2633517495397,0.005839091828116042,0.9975700934579439,0.3161692382832343,0.011610225351928837,0.31890168354256754,0.0036660454370444637,test
0.0093,5337,906208,422593,13,911545,1678.7200736648251,0.005854894711725697,0.9975700934579439,0.31802579919792356,0.011641463853549208,0.32075079957216235,0.003697661132060781,test
0.0094,5337,903741,425060,13,909078,1674.1767955801106,0.005870783365123785,0.9975700934579439,0.3198823601126128,0.011672870909464715,0.3225999156017572,0.003729447408534463,test
0.0095,5337,901288,427513,13,906625,1669.659300184162,0.005886667585826555,0.9975700934579439,0.3217283852134368,0.01170426820910661,0.3244385380665307,0.003761223802846863,test
0.0096,5337,898816,429985,13,904153,1665.1068139963168,0.005902762032532104,0.9975700934579439,0.3235887089187922,0.011736080034920172,0.3262914017978475,0.0037934197201219587,test
0.0097,5337,896470,432331,13,901807,1660.7863720073665,0.005918117734725945,0.9975700934579439,0.3253542102993601,0.011766430728087862,0.3280498234457719,0.00382413685550611,test
0.0098,5337,894036,434765,13,899373,1656.3038674033148,0.005934134113432358,0.9975700934579439,0.3271859367956526,0.011798086265077818,0.3298742046440021,0.0038561745808289773,test
0.0099,5337,891633,437168,13,896970,1651.878453038674,0.005950031773637915,0.9975700934579439,0.32899433398981487,0.011829506161893787,0.33167535009155635,0.0038879738128843335,test
0.01,5337,889280,439521,13,894617,1647.5451197053408,0.0059656814033267865,0.9975700934579439,0.3307651032773154,0.011860434882612361,0.33343901852189145,0.003919275930920839,test
0.011,5332,866941,461860,18,872273,1606.3959484346224,0.006112765154945757,0.9966355140186915,0.3475764994156386,0.012151003335145046,0.3501792525733594,0.00421339796197452,test
0.012,5329,846459,482342,21,851788,1568.670349907919,0.006256251555551381,0.9960747663551401,0.36299039510054554,0.012434403794954838,0.36552908928599537,0.004500248150256604,test
0.013,5328,827610,501191,22,832938,1533.9558011049724,0.006396634563436894,0.9958878504672897,0.3771753633538807,0.0127116217815357,0.37965642569694136,0.004780822581004156,test
0.014,5323,810000,518801,27,815323,1501.5156537753223,0.006528700895228026,0.9949532710280374,0.3904279120801384,0.012972280067700534,0.39285208345981826,0.005044676581246121,test
0.015,5319,793443,535358,31,798762,1471.0165745856355,0.0066590548874383105,0.9942056074766356,0.4028880170921003,0.013229500368107926,0.40525922478040344,0.005305042505971934,test
0.016,5318,778252,550549,32,783570,1443.0386740331492,0.006786885664331202,0.9940186915887851,0.41432012769406407,0.013481721847589109,0.41664474261159345,0.005560319531312844,test
0.017,5315,763843,564958,35,769158,1416.4972375690609,0.006910153700540071,0.9934579439252337,0.4251637378358385,0.0137248420933031,0.42744262081278656,0.005806406192418342,test
0.018,5313,750410,578391,37,755723,1391.7550644567218,0.007030353714257738,0.9930841121495327,0.43527285123957615,0.013961866995675844,0.4375096971782055,0.006046313923673401,test
0.019,5311,737837,590964,39,743148,1368.596685082873,0.007146624898405163,0.9927102803738318,0.4447347646487322,0.014191086682930348,0.4469321688474543,0.006278322472350386,test
0.02,5308,725915,602886,42,731223,1346.635359116022,0.007259071446056812,0.9921495327102804,0.4537067627131527,0.014412692292549413,0.45586594021216487,0.0065026362814553235,test
0.021,5306,714784,614017,44,720090,1326.132596685083,0.007368523379022066,0.9917757009345795,0.46208348729418475,0.014628363475959416,0.4642075747048123,0.006720933480791495,test
0.022,5304,703924,624877,46,709228,1306.1289134438305,0.007478554146198402,0.9914018691588785,0.4702562686211103,0.014845125374696674,0.4723460837641316,0.006940334844986051,test
0.023,5303,693632,635169,47,698935,1287.1731123388581,0.007587257756443732,0.991214953271028,0.4780015969283587,0.015059244481992376,0.4800596034481854,0.007157050293570939,test
0.024,5295,683718,645083,55,689013,1268.9005524861877,0.007684905800035703,0.9897196261682243,0.4854624582612445,0.015251388682864726,0.4874845500996514,0.007351607159495244,test
0.025,5294,674526,654275,56,679820,1251.9705340699816,0.007787355476449648,0.9895327102803738,0.4923799726219351,0.01545309923084782,0.49437357540488297,0.007555765288351739,test
0.026,5290,665583,663218,60,670873,1235.4935543278084,0.007885248027570046,0.9887850467289719,0.4991101000074503,0.015645726335838914,0.5010737165433298,0.007750766239146318,test
0.027,5290,657094,671707,60,662384,1219.8600368324126,0.007986304017005242,0.9887850467289719,0.5054985660004772,0.015844632742978492,0.507436564526804,0.007952074637625456,test
0.028,5285,648985,679816,65,654270,1204.9171270718232,0.008077704923044004,0.9878504672897196,0.5116010599028749,0.016024377671992968,0.5135108394776903,0.008134051354240288,test
0.029,5282,641344,687457,68,646626,1190.8397790055249,0.008168554929743005,0.9872897196261682,0.5173513565989188,0.016203050419033832,0.5192358286280938,0.00831491922422225,test
0.03,5279,634069,694732,71,639348,1177.4364640883978,0.008256849165086932,0.9867289719626168,0.5228262170181991,0.016376660079603162,0.5246864860124528,0.008490663438731463,test
0.031,5274,627108,701693,76,632382,1164.6077348066299,0.00833989582246174,0.9857943925233645,0.5280647741836437,0.01653986314000238,0.5299002886479867,0.00865590140960734,test
0.032,5268,620236,708565,82,625504,1151.9410681399631,0.008422008492351767,0.9846728971962617,0.5332363536752305,0.016701170159815107,0.5350466326525258,0.008819234461804328,test
0.033,5265,613722,715079,85,618987,1139.9392265193371,0.008505832917331058,0.9841121495327103,0.5381385173551194,0.01686589133753085,0.5399268898348089,0.008985985230626365,test
0.034,5258,607379,721422,92,612637,1128.2449355432782,0.008582570102687235,0.982803738317757,0.5429119935942252,0.01701653918286307,0.5446759774568246,0.009138545854337786,test
0.035,5250,601149,727652,100,606399,1116.756906077348,0.008657665992193258,0.9813084112149533,0.5476004307642754,0.017163902188642725,0.5493396174795806,0.009287796914613145,test
0.036,5244,595184,733617,106,600428,1105.7605893186003,0.008733769910796964,0.9801869158878505,0.5520894400290186,0.017313273179283502,0.5538061283917638,0.009439055216376979,test
0.037,5238,589557,739244,112,594795,1095.3867403314916,0.008806395480795905,0.9790654205607476,0.5563240846447286,0.01745578151946613,0.5580192946675451,0.009583369191224605,test
0.038,5232,584178,744623,118,589410,1085.4696132596684,0.008876673283452945,0.9779439252336448,0.5603720948433965,0.017593651220660433,0.5620465749379193,0.009722989706218304,test
0.039,5228,578913,749888,122,584141,1075.7661141804788,0.008949893946838178,0.9771962616822429,0.5643343134148755,0.017737336108608955,0.5659899066897225,0.009868469318814795,test
0.04,5228,573870,754931,122,579098,1066.4788213627992,0.009027832940193197,0.9771962616822429,0.5681294640807766,0.017890385457731056,0.56976983864645,0.010023371481962931,test
0.041,5227,568760,760041,123,573987,1057.0662983425414,0.009106478021279228,0.9770093457943925,0.5719750361416044,0.018044764964088262,0.5735992402659069,0.010179633841227644,test
0.042,5227,563884,764917,123,569111,1048.086556169429,0.009184500036021092,0.9770093457943925,0.5756445095992553,0.018197928144817486,0.5772539989851224,0.01033465093742448,test
0.043,5226,559217,769584,124,564443,1039.4898710865561,0.009258685110808355,0.9768224299065421,0.5791566984070602,0.018343503693446568,0.5807513542320172,0.010482002747118094,test
0.044,5220,554590,774211,130,559810,1030.9576427255986,0.009324592272378128,0.9757009345794393,0.5826387848895358,0.018472644914714415,0.5842149801634148,0.01061279383746547,test
0.045,5215,550177,778624,135,555392,1022.8213627992634,0.009389764346623647,0.974766355140187,0.5859598239314991,0.018600354530247422,0.5875189540014586,0.010742122604756665,test
0.046,5214,545703,783098,136,550917,1014.5801104972376,0.009464220563170133,0.9745794392523365,0.5893267690195898,0.018746393368652105,0.5908716479618874,0.0108899445449829,test
0.047,5211,541619,787182,139,546830,1007.0534069981584,0.009529469853519375,0.9740186915887851,0.5924002164357192,0.018874280126045858,0.5939305221073177,0.011019424380024564,test
0.048,5205,537500,791301,145,542705,999.4567219152855,0.009590845855483181,0.9728971962616823,0.5955000033865115,0.018994443988285845,0.5970133815437683,0.011141133243557774,test
0.049,5204,533437,795364,146,538641,991.9723756906077,0.009661351438156397,0.9727102803738318,0.598557647081843,0.019132669474311154,0.6000580144226553,0.011281048191692424,test
0.05,5204,529545,799256,146,534749,984.804788213628,0.009731668502418892,0.9727102803738318,0.6014866033363913,0.01927054114153146,0.6029752254429971,0.011420589878999467,test
0.051,5201,525824,802977,149,531025,977.9465930018416,0.0097942658066946,0.9721495327102804,0.6042868721501564,0.019393148450244698,0.6057620164434161,0.011544728126510532,test
0.052,5198,522156,806645,152,527354,971.1860036832412,0.009856756562005787,0.971588785046729,0.6070472553828602,0.019515528323421634,0.6085090818055827,0.011668636679374927,test
0.053,5195,518533,810268,155,523728,964.5082872928177,0.009919271072006844,0.9710280373831776,0.6097737734995684,0.01963793618332269,0.6112224178522521,0.011792574054565578,test
0.054,5193,515023,813778,157,520216,958.0405156537753,0.009982391929506205,0.9706542056074766,0.6124152525472212,0.019761552307417145,0.6138518053803504,0.011917719171271992,test
0.055,5191,511527,817274,159,516718,951.598526703499,0.010046098645682944,0.9702803738317757,0.6150461957810086,0.019886298336615153,0.6164706993436275,0.012044008163477898,test
0.056,5188,508191,820610,162,513379,945.4493554327809,0.010105594502307262,0.9697196261682243,0.6175567297134785,0.020002737460215258,0.6189689173114588,0.012161905742892458,test
0.057,5185,504887,823914,165,510072,939.3591160220994,0.010165231575150174,0.9691588785046729,0.620043181785685,0.02011943611254467,0.6214431499882697,0.012280066480256037,test
0.058,5185,501563,827238,165,506748,933.2375690607735,0.010231910140740565,0.9691588785046729,0.6225446850205562,0.020250030267644086,0.6239346220930014,0.012412243347267248,test
0.059,5184,498375,830426,166,503559,927.3646408839779,0.010294722167610945,0.9689719626168224,0.6249438403493074,0.020372993993032152,0.6263234071705527,0.012536713362813095,test
0.06,5182,495267,833534,168,500449,921.6372007366482,0.01035470147807269,0.9685981308411215,0.6272827910273999,0.020490352887214087,0.6286514794802087,0.012655526985479029,test
0.061,5182,492309,836492,168,497491,916.1896869244936,0.010416268837024187,0.9685981308411215,0.6295088579855073,0.020610888929104825,0.6308686198188961,0.012777523750745094,test
0.062,5178,489373,839428,172,494551,910.7753222836096,0.010470103184504732,0.9678504672897196,0.6317183686646834,0.020716101788154057,0.6330662721086294,0.012884077461214189,test
0.063,5173,486522,842279,177,491695,905.5156537753223,0.010520749651714985,0.9669158878504673,0.6338639119025347,0.02081501674898651,0.6351994639287457,0.012984274190626977,test
0.064,5169,483674,845127,181,488843,900.2633517495395,0.010573947054575804,0.9661682242990655,0.6360071974659862,0.020918952716853536,0.6373311566681732,0.013089536950639361,test
0.065,5164,480861,847940,186,486025,895.0736648250461,0.01062496785144797,0.9652336448598131,0.6381241434947746,0.0210185703383363,0.639435865955203,0.013190446470552246,test
0.066,5159,478175,850626,191,483334,890.1178637200736,0.010673778380995336,0.9642990654205608,0.6401455146406422,0.021113848622013407,0.641445383618496,0.013286964867577513,test
0.067,5157,475598,853203,193,480755,885.3683241252302,0.01072687751557446,0.9639252336448598,0.6420848569499873,0.02121763816459407,0.6433754500052843,0.013392047545079283,test
0.068,5153,472985,855816,197,478138,880.548802946593,0.010777223312098181,0.963177570093458,0.6440512913521287,0.02131593752068304,0.6453310007637816,0.013491607921426015,test
0.069,5152,470479,858322,198,475631,875.9318600368324,0.010831926430363034,0.9629906542056075,0.6459372020340142,0.021422883648210638,0.647208599326463,0.013599868978502393,test
0.07,5150,467920,860881,200,473070,871.2154696132596,0.01088633817405458,0.9626168224299065,0.6478629982969609,0.021529200284269055,0.6491251739870525,0.013707510293066412,test
0.071,5148,465398,863403,202,470546,866.5672191528545,0.010940481908251266,0.9622429906542056,0.6497609499089781,0.021634979071057544,0.6510140156548996,0.013814607496252374,test
0.072,5142,462932,865869,208,468074,862.0147329650092,0.0109854424727714,0.9611214953271028,0.6516167582655341,0.02172259961472169,0.6528578849020839,0.013903396363880249,test
0.073,5137,460581,868220,213,465718,857.6758747697975,0.011030280126600218,0.9601869158878504,0.6533860224367681,0.021810014690023524,0.6546163065500082,0.013991960650592912,test
0.074,5134,458304,870497,216,463438,853.4769797421731,0.011078073010845032,0.959626168224299,0.6550995973061429,0.021903291039873034,0.656320761293137,0.014086422753440993,test
0.075,5128,455925,872876,222,461053,849.0847145488029,0.011122365541488722,0.9585046728971962,0.6568899331051076,0.021989566962476656,0.6580994205303597,0.014173853279873045,test
0.076,5125,453586,875215,225,458711,844.7716390423573,0.011172611949571734,0.9579439252336449,0.6586501665787428,0.022087613481848293,0.6598503467748403,0.014273144646168384,test
0.077,5124,451345,877456,226,456469,840.6427255985267,0.011225296789048106,0.9577570093457944,0.6603366493553211,0.022190511867203385,0.6615293171462601,0.014377311242010506,test
0.078,5119,449161,879640,231,454280,836.6114180478821,0.01126838073434886,0.9568224299065421,0.661980236318305,0.022274438135021647,0.6631625655566724,0.014462347693656364,test
0.079,5116,446932,881869,234,452048,832.5009208103131,0.01131738222489647,0.9562616822429907,0.6636576883972845,0.022370014735525735,0.6648310423632707,0.014559140449425328,test
0.08,5112,444784,884017,238,449896,828.537753222836,0.011362626029126731,0.9555140186915888,0.665274183267472,0.022458187441515138,0.6664380568616296,0.014648458055092793,test
0.081,5108,442574,886227,242,447682,824.4604051565377,0.011409884694939712,0.9547663551401869,0.66693733674192,0.02255028342368751,0.6680915428613403,0.014741747253340425,test
0.082,5102,440491,888310,248,445593,820.6132596685082,0.011449910568613062,0.9536448598130841,0.6685049153334472,0.02262813703727522,0.6696483381566255,0.01482065851867624,test
0.083,5097,438456,890345,253,443553,816.8563535911602,0.01149129867231199,0.9527102803738318,0.6700363711345793,0.022708692078244073,0.6711699050557246,0.014902286414196312,test
0.084,5094,436438,892363,256,441532,813.1344383057091,0.011537102633557703,0.9521495327102804,0.6715550334474463,0.022797964563352292,0.672680228849658,0.014992701178554713,test
0.085,5092,434437,894364,258,439529,809.4456721915285,0.011585128626324997,0.9517757009345794,0.6730609022720483,0.022891617720773513,0.6741785599980812,0.015087531549452412,test
0.086,5085,432436,896365,265,437521,805.7476979742173,0.011622299272492063,0.9504672897196261,0.6745667710966503,0.022963797584398166,0.6756731434447825,0.015160722015452382,test
0.087,5082,430502,898299,268,435584,802.1804788213628,0.011667095210108728,0.9499065420560747,0.6760222185263256,0.02305106886744955,0.6771205058497877,0.01524911275512458,test
0.088,5080,428526,900275,270,433606,798.537753222836,0.011715705040981905,0.9495327102803738,0.6775092733975968,0.023145827827846074,0.6786000984896012,0.015345063678654186,test
0.089,5076,426621,902180,274,431697,795.0220994475138,0.011758247103871465,0.948785046728972,0.6789428966414083,0.02322862300850938,0.6800249746842749,0.015428943759807606,test
0.09,5074,424799,904002,276,429873,791.6629834254144,0.01180348614590821,0.9484112149532711,0.6803140575601614,0.023316782431075562,0.6813891381110534,0.015518215449664663,test
0.091,5073,423071,905730,277,428144,788.4788213627993,0.011848817220374454,0.9482242990654206,0.6816144780143905,0.023405168237622665,0.6826835942858043,0.015607697165226123,test
0.092,5071,421219,907582,279,426290,785.0644567219152,0.011895657885477022,0.9478504672897197,0.6830082156771405,0.02349643221202854,0.6840702439229143,0.015700111634610974,test
0.093,5063,419472,909329,287,424535,781.8324125230203,0.011925989612163897,0.9463551401869159,0.684322934735901,0.02355513683892204,0.6853736945817978,0.015759687569681765,test
0.094,5062,417698,911103,288,422760,778.5635359116022,0.011973696660043524,0.9461682242990654,0.6856579728642588,0.02364812781761697,0.6867026296123901,0.015853831463885613,test
0.095,5058,415964,912837,292,421022,775.3627992633518,0.012013623991145356,0.9454205607476636,0.6869629086672873,0.023725760603416735,0.6879993344081742,0.015932489242374753,test
0.096,5055,414229,914572,295,419284,772.1620626151013,0.01205626735100791,0.9448598130841122,0.688268597028449,0.023808738819783626,0.6892975382846469,0.0160165383722055,test
0.097,5052,412568,916233,298,417620,769.097605893186,0.012097121785355108,0.9442990654205607,0.6895185960877512,0.023888219022625716,0.6905402761756353,0.016097047251184937,test
0.098,5049,410880,917921,301,415929,765.9834254143647,0.012139091046789235,0.9437383177570093,0.6907889142166509,0.023969863202295865,0.691803251655922,0.01617974690097679,test
0.099,5045,409103,919698,305,414148,762.7034990791897,0.012181635550576123,0.9429906542056075,0.6921262100194084,0.02405255805748776,0.6931321866865144,0.01626353055302637,test
0.1,5041,407456,921345,309,412497,759.6629834254144,0.012220694938387431,0.9422429906542056,0.69336567326484555,0.02412844892987146,0.6943636814723371,0.016340427819250575,test
0.11,5008,391939,936862,342,396947,731.0257826887661,0.01261629386290865,0.9360747663551402,0.7050431178182437,0.024897028812046824,0.705969564164776,0.01711907376287466,test
0.12,4987,377905,950896,363,382892,705.1418047882137,0.01302456045046645,0.9321495327102803,0.7156045186600551,0.02569016232143869,0.7164728730106262,0.017922355912512532,test
0.13,4959,365100,963701,391,370059,681.5082872928177,0.0134005658557149,0.9269158878504673,0.7252410255561217,0.026419185475041886,0.7260497499908182,0.018660928279306214,test
0.14,4927,353371,975430,423,358298,659.8489871086556,0.013751123366583124,0.9209345794392524,0.7340677799008279,0.027097632875747978,0.7348171233990756,0.019348435949298724,test
0.15,4905,342069,986732,445,346974,638.9944751381215,0.014136505905341611,0.9168224299065421,0.742573191922643,0.02784368933141086,0.7432719384837249,0.020104180479228986,test
0.16,4868,331621,997180,482,336489,619.6850828729282,0.014467040527327788,0.9099065420560748,0.750435919298676,0.028481244094442117,0.7510754030091047,0.02075049793900386,test
0.17,4843,321830,1006971,507,326673,601.6077348066299,0.014825222776293112,0.9052336448598131,0.757804215981174,0.02917267779641772,0.7583954140123569,0.021451093819969746,test
0.18,4808,312478,1016323,542,317286,584.3204419889503,0.01515352079827033,0.8986915887850467,0.764842139643182,0.02980448555027957,0.7653788814009809,0.02209163282741108,test
0.19,4772,303596,1025205,578,308368,567.8968692449355,0.01547501686296892,0.8919626168224299,0.77152636098257,0.03042222633065364,0.7720093152874,0.022718008492056862,test
0.2,4740,295152,1033649,610,299892,552.2872928176796,0.01580569004841743,0.8859813084112149,0.7778809618596012,0.031057325007698807,0.7783144486643566,0.02336189224696381,test
0.21,4709,286858,1041943,641,291567,536.9558011049724,0.01615066176899306,0.8801869158878505,0.7841226790166473,0.03171930202716584,0.78450790053,0.024033003859899742,test
0.22,4678,279079,1049722,672,283757,522.572744014733,0.016485936910807488,0.874392523364486,0.7899768287350777,0.032361720746989876,0.7903153391182857,0.02468435983854372,test
0.23,4643,271349,1057452,707,275992,508.2725598526703,0.016822951389895358,0.8678504672897196,0.7957941031049796,0.0330060922293863,0.7960830520683191,0.025337867927945276,test
0.24,4619,264075,1064726,731,268694,494.83241252302025,0.017190558776898627,0.8633644859813084,0.8012682109661267,0.03370991519609989,0.8015172195651017,0.02605125919995167,test
0.25,4595,256970,1071831,755,261565,481.70349907918967,0.01756733507923461,0.8588785046728972,0.806615136502757,0.03443043665586423,0.8068247147436834,0.02678159349935366,test
0.26,4561,249888,1078913,789,254449,468.5985267034991,0.017925006582851573,0.8525233644859813,0.811944753202323,0.03511175947559459,0.8121074750909005,0.02747262952865746,test
0.27,4529,243234,1085567,821,247763,456.2854511970534,0.018279565552564346,0.8465420560747664,0.8169522750208646,0.03578638789789541,0.8170709312514101,0.028156872406407532,test
0.28,4497,236622,1092179,853,241119,444.0497237569061,0.01865054184863076,0.8405607476635514,0.8219281893978105,0.036491404598549916,0.8220029067174556,0.028871940535241503,test
0.29,4472,230120,1098681,878,234592,432.02946593001843,0.01906288364479607,0.8358878504672898,0.8268213223801005,0.03727567495478074,0.8268576795280295,0.029667044407194372,test
0.3,4435,223842,1104959,915,228277,420.3996316758748,0.01942815088686114,0.8289719626168224,0.831545882340546,0.03796650215942506,0.8315355608173288,0.030368055295500906,test
0.31,4413,217780,1111021,937,222193,409.195211786372,0.01986111173619331,0.8248598130841122,0.836107889744213,0.03878827298576533,0.836062784497407,0.031201111696432998,test
0.32,4384,211660,1117141,966,216044,397.8710865561694,0.020292162707596602,0.8194392523364487,0.8407135455196075,0.0396036026269908,0.8406282347350488,0.03202798658244336,test
0.33,4344,205777,1123024,1006,210121,386.96316758747696,0.020673802237758245,0.8119626168224299,0.8451408450174255,0.04032097126759518,0.8450077989672833,0.03275620742619602,test
0.34,4305,200035,1128766,1045,204340,376.316758747698,0.02106782812958794,0.8046728971962617,0.8494620338184574,0.04106061328627974,0.8492824275513041,0.033507027576078895,test
0.35,4256,194293,1134508,1094,198549,365.65193370165747,0.021435514658849956,0.7955140186915888,0.8537832226194892,0.04174615863736458,0.8535495607318812,0.03420362998565122,test
0.36,4220,188772,1140029,1130,192992,355.4180478821363,0.02186619134471895,0.788785046728972,0.8579380960730764,0.042552762400298476,0.8576607895208264,0.035022316724192544,test
0.37,4188,183271,1145530,1162,187459,345.22836095764274,0.022340885206898576,0.782803738317757,0.8620779183639988,0.04344195551037556,0.8617600256642614,0.035924535499261966,test
0.38,4164,177908,1150893,1186,182072,335.30755064456724,0.022870073377564918,0.7783177570093458,0.8661138876325349,0.04443448474565419,0.8657618215629266,0.0369310733752966,test
0.39,4121,172707,1156094,1229,176828,325.6500920810313,0.0233051326712964,0.7702803738317757,0.870027942483487,0.04524146713653679,0.8696279506592582,0.03775078337224062,test
0.4,4083,167580,1161221,1267,171663,316.1381215469613,0.023784974047989373,0.763177570093458,0.8738863080325797,0.0461322049792953,0.8734423614718274,0.03865516809480079,test
0.41,4037,162560,1166241,1313,166597,306.8084714548803,0.02423212902993451,0.7545794392523365,0.8776641498614164,0.0469563295666688,0.8771705751447925,0.039492666075531015,test
0.42,4002,157581,1171220,1348,161583,297.57458563535914,0.02476745697257756,0.7480373831775701,0.8814111368067905,0.047947380086621576,0.880876302607426,0.040498725828220866,test
0.43,3956,152683,1176118,1394,156639,288.4696132596685,0.025255523847828445,0.7394392523364486,0.8850971665433726,0.04884282266079795,0.8845130723583762,0.041408752968084064,test
0.44,3912,147868,1180933,1438,151780,279.52117863720076,0.025774146791408617,0.731214953271028,0.8887207339548961,0.04979316489530961,0.8880891293414314,0.04237442808246354,test
0.45,3865,143146,1185655,1485,147011,270.73848987108653,0.026290549686758133,0.7224299065420561,0.8922743134600291,0.05073476808369595,0.8915932304514257,0.04333162357019931,test
0.46,3835,138549,1190252,1515,142384,262.2173112338858,0.026934206090571976,0.7168224299065421,0.8957338231985075,0.0519176357507412,0.8950163812042266,0.044532209332614474,test
0.47,3792,133973,1194828,1558,137765,253.71086556169428,0.027525133379305337,0.7087850467289719,0.8991775292161881,0.05299234881039724,0.8984140475853183,0.04562431005388562,test
0.48,3752,129519,1199282,1598,133271,245.43462246777165,0.028153161603049426,0.7013084112149532,0.9025294231416141,0.05413321213957481,0.9017225186654284,0.0467833867183961,test
0.49,3715,125152,1203649,1635,128867,237.32412523020258,0.028828171680880286,0.694392523364486,0.9058158445094487,0.055358114098810134,0.9049680283566103,0.048027550558139974,test
0.5,3672,120872,1207929,1678,124544,229.36279926335175,0.02948355601233299,0.6863551401869159,0.909036793319692,0.056538408240565385,0.9081438307957646,0.04922719820678815,test
0.51,3625,116658,1212143,1725,120283,221.51565377532228,0.03013725962937406,0.677570093457944,0.9122080732931417,0.05770776786353903,0.9112671654108119,0.05041634064488417,test
0.52,3589,112512,1216289,1761,116101,213.81399631675876,0.030912739769683294,0.6708411214953272,0.9153281793135315,0.059102024684852324,0.9143477762262293,0.051832623026413414,test
0.53,3526,108423,1220378,1824,111949,206.16758747697975,0.03149648500656549,0.6590654205607477,0.918405389520327,0.06011986461947672,0.9173654256527185,0.052870262478836826,test
0.54,3477,104401,1224400,1873,107878,198.67034990791896,0.032230853371401025,0.6499065420560748,0.9214321783321957,0.061415904193309064,0.9203433494409553,0.05418883390468829,test
0.55,3428,100496,1228305,1922,103924,191.38858195211787,0.032985643354759245,0.6407476635514019,0.924370917842476,0.0627413657411644,0.9232335770088993,0.0555375515879093,test
0.56,3376,96610,1232191,1974,99986,184.13627992633516,0.03376472706178865,0.6310280373831776,0.9272953587482249,0.06409964304701148,0.9261073146892668,0.05692021913002332,test
0.57,3325,92804,1235997,2025,96129,177.0331491712707,0.03458893778152274,0.6214953271028038,0.930159595003315,0.0655307994757536,0.928921838682428,0.05837704427274483,test
0.58,3277,88937,1239864,2073,92214,169.8232044198895,0.03553690329017286,0.6125233644859813,0.9330697373045325,0.06717641753105653,0.9317843332576298,0.060051330185366625,test
0.59,3221,85259,1243542,2129,88480,162.94659300184162,0.03640370705244123,0.6020560747663551,0.9358376461185686,0.06865608014494298,0.9344991683849879,0.06155884433915363,test
0.6,3158,81765,1247036,2192,84923,156.39594843462245,0.037186627886438305,0.5902803738317757,0.9384670842360895,0.06996554894597498,0.9370708413065687,0.06289530567148456,test
0.61,3101,78331,1250470,2249,81432,149.9668508287293,0.03808085273602515,0.579626168224299,0.9410513688656165,0.07146643313129451,0.9396020390495529,0.06442562423531796,test
0.62,3045,74925,1253876,2305,77970,143.59116022099448,0.03905348210850327,0.569158878504673,0.9436145818674128,0.07309169467114739,0.9421129992032387,0.06608254137093526,test
0.63,2992,71613,1257188,2358,74605,137.39410681399633,0.04010455063333557,0.5592523364485982,0.9461070544046851,0.0748420986805078,0.9445557511855854,0.06786653676373954,test
0.64,2941,68350,1260451,2409,71291,131.29097605893185,0.0412534541526981,0.5497196261682243,0.948562651593429,0.07674743283621038,0.9469632747717462,0.06980798456390114,test
0.65,2882,65306,1263495,2468,68188,125.57642725598527,0.04226550126121898,0.5386915887850467,0.9508534385509945,0.07838124507057576,0.9492006526997319,0.07147617673654635,test
0.66,2847,62311,1266490,2503,65158,119.9963167587477,0.043693790478529115,0.5321495327102804,0.9531073501600315,0.08075679355534122,0.9514192921191079,0.07389291886909116,test
0.67,2794,59327,1269474,2556,62121,114.40331491712708,0.04497673894496225,0.5222429906542057,0.955352983629603,0.08282076744082643,0.9536161948684969,0.07599780333491167,test
0.68,2747,56447,1272354,2603,59194,109.01289134438306,0.04640673041186607,0.5134579439252337,0.957520351053318,0.08512022806147745,0.9557396426641362,0.07834114738921047,test
0.69,2692,53683,1275118,2658,56375,103.82136279926335,0.04775166297117517,0.503177570093458,0.9596004217335778,0.08722559740785744,0.9577701474570719,0.08049024085935859,test
0.7,2616,50872,1277929,2734,53488,98.50460405156538,0.048908166317678733,0.4889719626168224,0.9617158626460998,0.08892212515721133,0.9598201402989617,0.08223082183192187,test
0.71,2563,48213,1280588,2787,50776,93.51012891344384,0.05047660311958405,0.4790654205607477,0.96371691472237,0.09133022128781669,0.9617734424364258,0.08468909372624406,test
0.72,2498,45593,1283208,2852,48091,88.56537753222837,0.05194319103366534,0.4669158878504673,0.9656886170314442,0.09348627458318519,0.9636885180163265,0.08689623295773892,test
0.73,2443,43025,1285776,2907,45468,83.73480662983425,0.053730095891616085,0.45663551401869157,0.9676211863175901,0.09614703451532923,0.965572112901763,0.0896143379951374,test
0.74,2374,40502,1288299,2976,42876,78.96132596685082,0.05536897098609945,0.44373831775700934,0.9695198904877405,0.09845311657612076,0.9674114849068809,0.09197859175756187,test
0.75,2309,37950,1290851,3041,40259,74.14180478821363,0.057353635212002284,0.431588785046729,0.9714404188437546,0.10125194588787301,0.9692755917433634,0.09484406206331678,test
0.76,2229,35541,1293260,3121,37770,69.55801104972376,0.05901509134233519,0.4166355140186916,0.9732533313867163,0.10338589981447126,0.9710212712054332,0.09704261401675854,test
0.77,2168,33189,1295612,3182,35357,65.11418047882137,0.061317419464321066,0.40523364485981306,0.9750233481160836,0.10651730660574348,0.9727384681344166,0.10024962190711093,test
0.78,2094,30934,1297867,3256,33028,60.82504604051565,0.06340075087804287,0.3914018691588785,0.9767203667065272,0.10912501954244619,0.9743732156255176,0.10293341214757702,test
0.79,2018,28662,1300139,3332,30680,56.500920810313076,0.06577574967405476,0.377196261682243,0.9784301787852357,0.11201776297529838,0.9760192062217845,0.10591185547192838,test
0.8,1947,26487,1302314,3403,28434,52.3646408839779,0.06847436167967925,0.3639252336448598,0.9800669927250205,0.11526166232536111,0.9775962391063681,0.1092490670928724,test
0.81,1860,24340,1304461,3490,26200,48.25046040515654,0.07099236641221374,0.34766355140186916,0.9816827350370748,0.1179080824088748,0.9791402922157987,0.11199387322204478,test
0.82,1774,22237,1306564,3576,24011,44.21915285451197,0.07388280371496397,0.33158878504672895,0.9832653647912667,0.12084057082524437,0.9806521150904208,0.1150363540143933,test
0.83,1704,20222,1308579,3646,21926,40.37937384898711,0.0777159536623187,0.31850467289719625,0.984781769429734,0.1249450065992081,0.9821099710602473,0.11926692241694949,test
0.84,1624,18268,1310533,3726,19892,36.63351749539595,0.08164086064749648,0.30355140186915885,0.986252268022074,0.12867443150305047,0.9835146096656225,0.12313241909697473,test
0.85,1548,16466,1312335,3802,18014,33.17495395948435,0.08593316309537027,0.2893457943925234,0.9876083777781625,0.1325115562403698,0.984808316300029,0.12711397368476185,test
0.86,1452,14655,1314146,3898,16107,29.662983425414364,0.09014714099459863,0.2714018691588785,0.9889712605574499,0.13534044833853753,0.9860937779906472,0.13010333327484297,test
0.87,1363,13043,1315758,3987,14406,26.53038674033149,0.09461335554630015,0.2547663551401869,0.9901843842682237,0.13798339744887628,0.9872353279351438,0.13291248493935048,test
0.88,1264,11403,1317398,4086,12667,23.32780847145488,0.09978684771453383,0.23626168224299066,0.9914185796067282,0.14031192762391076,0.9883903696058393,0.13543701629189525,test
0.89,1152,9860,1318941,4198,11012,20.279926335174952,0.1046131492916818,0.21532710280373832,0.9925797768063088,0.14081408140814083,0.9894629618386525,0.1361512866805149,test
0.9,1053,8423,1320378,4297,9476,17.451197053406997,0.11112283663993246,0.19682242990654206,0.9936612028437667,0.14204775394577093,0.990465846819438,0.13762721838427427,test
0.905,1005,7724,1321077,4345,8729,16.075506445672193,0.11513346316874785,0.18785046728971963,0.9941872409788975,0.14276582143618155,0.9909537975836319,0.1384819556660153,test
0.91,958,7013,1321788,4392,7971,14.679558011049723,0.12018567306486012,0.17906542056074767,0.9947223098116271,0.14383304556714963,0.9914514923723027,0.1397044489781783,test
0.915,917,6382,1322419,4433,7299,13.441988950276244,0.12563364844499247,0.1714018691588785,0.9951971739936981,0.14499169894853348,0.9918937211754891,0.14101639042618253,test
0.92,855,5739,1323062,4495,6594,12.143646408839778,0.12966333030027297,0.15981308411214953,0.9956810688733678,0.14316811788345613,0.9923292041155761,0.1393574530522633,test
0.925,809,5142,1323659,4541,5951,10.959484346224677,0.13594353890102504,0.15121495327102805,0.9961303460789087,0.14317317051588355,0.9927422008453316,0.1395391869116551,test
0.93,752,4518,1324283,4598,5270,9.705340699815839,0.1426944971537002,0.1405607476635514,0.996599942354047,0.14161958568738228,0.9931671902205972,0.13818972438657637,test
0.935,693,3942,1324859,4657,4635,8.535911602209945,0.14951456310679612,0.12953271028037383,0.99703341583879,0.13880821231847773,0.9935547025786436,0.13559010747263514,test
0.94,642,3384,1325417,4708,4026,7.414364640883978,0.15946348733233978,0.12,0.9974533432771348,0.1369453924914676,0.9939347195332462,0.13396295442890338,test
0.945,593,2907,1325894,4757,3500,6.445672191528545,0.16942857142857143,0.1108411214953271,0.9978123135066876,0.13401129943502824,0.9942555228006426,0.1312558308248391,test
0.95,532,2424,1326377,4818,2956,5.443830570902394,0.17997293640054127,0.0994392523364486,0.9981757990850398,0.12810016855285336,0.9945718288259725,0.12560442910441105,test
0.955,460,1957,1326844,4890,2417,4.4511970534069984,0.19031857674803476,0.08598130841121496,0.9985272437332603,0.11844985193768506,0.9948678972620041,0.11624421306386538,test
0.96,387,1521,1327280,4963,1908,3.5138121546961325,0.2028301886792453,0.07233644859813085,0.9988553590793505,0.10664094791953709,0.9951399804070153,0.10475346579851866,test
0.965,301,1145,1327656,5049,1446,2.6629834254143647,0.20816044260027664,0.056261682242990656,0.9991383209374466,0.08858151854031784,0.9953573471068867,0.08702356938417388,test
0.97,207,766,1328035,5143,973,1.7918968692449355,0.21274409044193218,0.03869158878504673,0.9994235404699424,0.06547524909062154,0.995570966105036,0.06432047887344607,test
0.975,143,450,1328351,5207,593,1.0920810313075506,0.2411467116357504,0.026728971962616824,0.9996613488400445,0.04812384317684672,0.9957598502718208,0.0473614905727043,test
0.98,78,198,1328603,5272,276,0.5082872928176796,0.2826086956521739,0.014579439252336448,0.9998509934896196,0.027728403839317455,0.9959000143162205,0.027345714247560386,test
0.985,28,51,1328750,5322,79,0.14548802946593,0.35443037974683544,0.005233644859813084,0.999961619535205,0.01031497513354209,0.9959727197296258,0.010199461371783961,test
0.99,4,5,1328796,5346,9,0.016574585635359115,0.4444444444444444,7.476635514018691e-4,0.9999962372093338,0.0014928158238477326,0.9959892096172023,0.001479366681582816,test
0.991,0,0,1328801,5350,0,0,NA,0,1,NA,0.9959899591575466,0,test
0.992,0,0,1328801,5350,0,0,NA,0,1,NA,0.9959899591575466,0,test
0.993,0,0,1328801,5350,0,0,NA,0,1,NA,0.9959899591575466,0,test
0.994,0,0,1328801,5350,0,0,NA,0,1,NA,0.9959899591575466,0,test
0.995,0,0,1328801,5350,0,0,NA,0,1,NA,0.9959899591575466,0,test
0.996,0,0,1328801,5350,0,0,NA,0,1,NA,0.9959899591575466,0,test
0.997,0,0,1328801,5350,0,0,NA,0,1,NA,0.9959899591575466,0,test
0.998,0,0,1328801,5350,0,0,NA,0,1,NA,0.9959899591575466,0,test
0.999,0,0,1328801,5350,0,0,NA,0,1,NA,0.9959899591575466,0,test
