threshold,net_benefit,treat_all,treat_none,split,method
1e-4,0.0036908931358815905,0.003690839907426233,0,validation,raw
2e-4,0.0035920466171351514,0.0035911890612477402,0,validation,raw
3e-4,0.003494735441792086,0.0034915182789191663,0,validation,raw
4e-4,0.003399156493361208,0.0033918275544572735,0,validation,raw
5e-4,0.003305199988706577,0.003292116881876429,0,validation,raw
6e-4,0.003212857688180244,0.003192386255188604,0,validation,raw
7e-4,0.0031216218646320814,0.003092635668403373,0,validation,raw
8e-4,0.003031545892208048,0.0029928651155279127,0,validation,raw
9e-4,0.0029425354399149495,0.002893074590567001,0,validation,raw
0.001,0.0028546147797267048,0.0027932640875230137,0,validation,raw
0.0011,0.0027676490197351055,0.002693433600395926,0,validation,raw
0.0012,0.0026819205547965776,0.0025935831231833108,0,validation,raw
0.0013,0.002596753749075944,0.0024937126498803352,0,validation,raw
0.0014,0.00251270750189016,0.0023938221744797625,0,validation,raw
0.0015,0.0024292365771617615,0.0022939116909719485,0,validation,raw
0.0016,0.002346842874104074,0.002193981193344842,0,validation,raw
0.0017,0.0022650916940439897,0.002094030675583983,0,validation,raw
0.0018,0.0021842144288922115,0.001994060131672501,0,validation,raw
0.0019,0.002103705207184235,0.0018940695555911137,0,validation,raw
0.002,0.002024434669945472,0.001794058941318127,0,validation,raw
0.0021,0.0019455708925573665,0.0016940282828294328,0,validation,raw
0.0022,0.0018672480208739098,0.0015939775740985073,0,validation,raw
0.0023,0.0017875159569187703,0.0014939068090964124,0,validation,raw
0.0024,0.0017108367214556139,0.0013938159817917916,0,validation,raw
0.0025,0.0016343124938789926,0.0012937050861508682,0,validation,raw
0.0026,0.001558616397857766,0.0011935741161374484,0,validation,raw
0.0027,0.0014836423965247612,0.0010934230657129152,0,validation,raw
0.0028,0.001409601057846915,9.93251928836232e-4,0,validation,raw
0.0029,0.0013361750862040164,8.930606994639366e-4,0,validation,raw
0.003,0.001262839805941639,7.928493715501409e-4,0,validation,raw
0.0031,0.001190206073145383,6.926179390465354e-4,0,validation,raw
0.0032,0.001118147344312832,5.923663959023781e-4,0,validation,raw
0.0033,0.0010463218571955426,4.920947360645038e-4,0,validation,raw
0.0034,9.749585593168061e-4,3.9180295347731415e-4,0,validation,raw
0.0035,9.040988816356446e-4,2.9149104208278046e-4,0,validation,raw
0.0036,8.336944979186718e-4,1.9115899582044463e-4,0,validation,raw
0.0037,7.63793130164087e-4,9.0806808627412125e-05,0,validation,raw
0.0038,6.942193867896149e-4,-9.565525561643692e-6,0,validation,raw
0.0039,6.250258999718154e-4,-1.0995801281448586e-4,0,validation,raw
0.004,5.567134743179581e-4,-2.1037065920131472e-4,0,validation,raw
0.0041,4.868624296189396e-4,-3.1080347079476874e-4,0,validation,raw
0.0042,4.189969252021081e-4,-4.112564536699224e-4,0,validation,raw
0.0043,3.5194653481859925e-4,-5.117296139042979e-4,0,validation,raw
0.0044,2.848467367074512e-4,-6.12222957577852e-4,0,validation,raw
0.0045,2.1846105872576696e-4,-7.127364907729868e-4,0,validation,raw
0.0046,1.5244710954867785e-4,-8.132702195745517e-4,0,validation,raw
0.0047,8.631564250666333e-5,-9.138241500698373e-4,0,validation,raw
0.0048,2.0971285237566042e-5,-0.0010143982883485817,0,validation,raw
0.0049,-4.3945289384204195e-5,-0.001114992640502974,0,validation,raw
0.005,-1.0868926877541374e-4,-0.0012156072126276478,0,validation,raw
0.0051,-1.7306572275374707e-4,-0.0013162420108196902,0,validation,raw
0.0052,-2.3689762639996165e-4,-0.001416897041178638,0,validation,raw
0.0053,-3.007084169111044e-4,-0.0015175723098064834,0,validation,raw
0.0054,-3.633979421915601e-4,-0.0016182678228076706,0,validation,raw
0.0055,-4.2600810560854433e-4,-0.0017189835862890983,0,validation,raw
0.0056,-4.889920284260464e-4,-0.0018197196063601262,0,validation,raw
0.0057,-5.517567394994001e-4,-0.0019204758891325658,0,validation,raw
0.0058,-6.139901931095236e-4,-0.0020212524407206885,0,validation,raw
0.0059,-6.757558908656986e-4,-0.0021220492672412326,0,validation,raw
0.006,-7.375943100178628e-4,-0.00222286637481339,0,validation,raw
0.0061,-7.98997874565431e-4,-0.0023237037695588185,0,validation,raw
0.0062,-8.60358441095273e-4,-0.0024245614576016393,0,validation,raw
0.0063,-9.207746938970124e-4,-0.0025254394450684404,0,validation,raw
0.0064,-9.815623147540827e-4,-0.002626337738088274,0,validation,raw
0.0065,-0.0010422631332169699,-0.0027272563427926605,0,validation,raw
0.0066,-0.0011026110402876182,-0.002828195265315592,0,validation,raw
0.0067,-0.0011627148947193247,-0.0029291545117935266,0,validation,raw
0.0068,-0.0012224755534204841,-0.0030301340883653934,0,validation,raw
0.0069,-0.001281709841099299,-0.0031311340011726,0,validation,raw
0.007,-0.0013412326084548125,-0.0032321542563590227,0,validation,raw
0.0071,-0.0013998750212682325,-0.003333194860071014,0,validation,raw
0.0072,-0.0014581192955598564,-0.0034342558184574023,0,validation,raw
0.0073,-0.001515933097245911,-0.003535337137669496,0,validation,raw
0.0074,-0.0015738991312078308,-0.0036364388238610814,0,validation,raw
0.0075,-0.001631144792769062,-0.003737560883188421,0,validation,raw
0.0076,-0.0016887359437997031,-0.0038387033218102674,0,validation,raw
0.0077,-0.0017462512620282397,-0.003939866145887846,0,validation,raw
0.0078,-0.001803105175342694,-0.004041049361584871,0,validation,raw
0.0079,-0.0018596428077482254,-0.004142252975067543,0,validation,raw
0.008,-0.0019157765967407936,-0.004243476992504545,0,validation,raw
0.0081,-0.001972108379059629,-0.004344721420067052,0,validation,raw
0.0082,-0.0020277169217158453,-0.004445986263928725,0,validation,raw
0.0083,-0.0020829634795884347,-0.004547271530265715,0,validation,raw
0.0084,-0.0021388526390986617,-0.004648577225256663,0,validation,raw
0.0085,-0.0021936573808806477,-0.004749903355082713,0,validation,raw
0.0086,-0.0022483603954584048,-0.004851249925927486,0,validation,raw
0.0087,-0.0023030888843679907,-0.00495261694397711,0,validation,raw
0.0088,-0.0023581740537101568,-0.005054004415420208,0,validation,raw
0.0089,-0.0024124154089638114,-0.005155412346447896,0,validation,raw
0.009,-0.002466608137425714,-0.005256840743253792,0,validation,raw
0.0091,-0.002520988285954978,-0.005358289612034019,0,validation,raw
0.0092,-0.002575448928046674,-0.005459758958987192,0,validation,raw
0.0093,-0.002631022332376797,-0.005561248790314433,0,validation,raw
0.0094,-0.0026839738247853655,-0.005662759112219371,0,validation,raw
0.0095,-0.0027364524066711316,-0.005764289930908136,0,validation,raw
0.0096,-0.002789277567810827,-0.005865841252589366,0,validation,raw
0.0097,-0.002841419687574644,-0.00596741308347421,0,validation,raw
0.0098,-0.00289457190604922,-0.0060690054297763175,0,validation,raw
0.0099,-0.0029466516240523985,-0.006170618297711858,0,validation,raw
0.01,-0.0029996458567887146,-0.006272251693499506,0,validation,raw
0.011,-0.0035170923958577145,-0.007289716053149148,0,validation,raw
0.012,-0.004016741103540944,-0.008309240057251527,0,validation,raw
0.013,-0.004502364684735504,-0.009330829966124122,0,validation,raw
0.014,-0.004974154072520208,-0.010354492065481245,0,validation,raw
0.015,-0.0054309819189609435,-0.011380232666562951,0,validation,raw
0.016,-0.005881288602632301,-0.012408058106264747,0,validation,raw
0.017,-0.006321050327400033,-0.013437974747268069,0,validation,raw
0.018,-0.006744960752256917,-0.014469988978171595,0,validation,raw
0.019,-0.007161973455618648,-0.015504107213623351,0,validation,raw
0.02,-0.007570718716715579,-0.01654033589445358,0,validation,raw
0.021,-0.007976856661879504,-0.017578681487808487,0,validation,raw
0.022,-0.008373316076859979,-0.018619150487284776,0,validation,raw
0.023,-0.008757753153582501,-0.019661749413065,0,validation,raw
0.024,-0.009130197384565965,-0.0207064848120538,0,validation,raw
0.025,-0.009509176316727739,-0.02175336325801488,0,validation,raw
0.026,-0.009883069555430049,-0.02280239135170894,0,validation,raw
0.027,-0.010256083435216739,-0.02385357572103238,0,validation,raw
0.028,-0.010615103637307772,-0.024906923021156904,0,validation,raw
0.029,-0.010972249357962514,-0.02596243993466994,0,validation,raw
0.03,-0.011316151341074871,-0.02702013317171599,0,validation,raw
0.031,-0.011666311102684844,-0.028080009470138813,0,validation,raw
0.032,-0.01201396006590812,-0.02914207559562449,0,validation,raw
0.033,-0.012348371627665243,-0.030206338341845412,0,validation,raw
0.034,-0.012687443420271671,-0.03127280453060508,0,validation,raw
0.035,-0.013026944502204995,-0.03234148101198395,0,validation,raw
0.036,-0.013360445784867836,-0.033412374664486,0,validation,raw
0.037,-0.01369649280253733,-0.034485492395186404,0,validation,raw
0.038,-0.014024577000063055,-0.03556084113987995,0,validation,raw
0.039,-0.014344589746814995,-0.0366384278632305,0,validation,raw
0.04,-0.014661518782397907,-0.037718259558921365,0,validation,raw
0.041,-0.014979057474101535,-0.03880034324980658,0,validation,raw
0.042,-0.015297417818696124,-0.03988468598806316,0,validation,raw
0.043,-0.015614464269257751,-0.04097129485534431,0,validation,raw
0.044,-0.01593140206409782,-0.042060176962933585,0,validation,raw
0.045,-0.016243510116129643,-0.04315133945190001,0,validation,raw
0.046,-0.01655798835977148,-0.0442447894932542,0,validation,raw
0.047,-0.016871688141132234,-0.045340534288105465,0,validation,raw
0.048,-0.01717636429982907,-0.04643858106781986,0,validation,raw
0.049,-0.01748661227983168,-0.0475389370941793,0,validation,raw
0.05,-0.017801854123427288,-0.04864160965954159,0,validation,raw
0.051,-0.018110495414540156,-0.049746606087001585,0,validation,raw
0.052,-0.01841696184905718,-0.05085393373055328,0,validation,raw
0.053,-0.01871955575960125,-0.05196359997525291,0,validation,raw
0.054,-0.019017253108743012,-0.0530756122373832,0,validation,raw
0.055,-0.019316806310236162,-0.05418997796461853,0,validation,raw
0.056,-0.019622153678775022,-0.055306704636191216,0,validation,raw
0.057,-0.019925834132306346,-0.056425799763058865,0,validation,raw
0.058,-0.02022478470764792,-0.05754727088807273,0,validation,raw
0.059,-0.020521045979116068,-0.058671125586147184,0,validation,raw
0.06,-0.020810548399980245,-0.059797371464430316,0,validation,raw
0.061,-0.021105925879533527,-0.060926016162475505,0,validation,raw
0.062,-0.02140816037580254,-0.06205706735241419,0,validation,raw
0.063,-0.021695598530716457,-0.06319053273912968,0,validation,raw
0.064,-0.021990961739247646,-0.06432642006043217,0,validation,raw
0.065,-0.02228900645190238,-0.06546473708723477,0,validation,raw
0.066,-0.022581813790605,-0.06660549162373074,0,validation,raw
0.067,-0.022862478352861496,-0.06774869150757182,0,validation,raw
0.068,-0.023151245808416966,-0.06889434461004776,0,validation,raw
0.069,-0.02343944701211495,-0.07004245883626693,0,validation,raw
0.07,-0.023729378922572833,-0.0711930421253382,0,validation,raw
0.071,-0.02400912920318165,-0.07234610245055383,0,validation,raw
0.072,-0.024295699598844724,-0.07350164781957381,0,validation,raw
0.073,-0.024585317524848327,-0.07465968627461111,0,validation,raw
0.074,-0.024866108767088994,-0.07582022589261826,0,validation,raw
0.075,-0.02515364053825592,-0.07698327478547513,0,validation,raw
0.076,-0.02543824181710105,-0.07814884110017803,0,validation,raw
0.077,-0.025715512922780192,-0.0793169330190298,0,validation,raw
0.078,-0.02600783632225076,-0.08048755875983135,0,validation,raw
0.079,-0.026288277740951018,-0.08166072657607439,0,validation,raw
0.08,-0.02656275613752919,-0.08283644475713534,0,validation,raw
0.081,-0.026839053426720386,-0.08401472162847064,0,validation,raw
0.082,-0.027120225449129662,-0.0851955655518132,0,validation,raw
0.083,-0.027412828681897674,-0.08637898492537023,0,validation,raw
0.084,-0.027694171703001303,-0.08756498818402239,0,validation,raw
0.085,-0.02797095816371623,-0.08875358379952406,0,validation,raw
0.086,-0.02824549256126432,-0.08994478028070514,0,validation,raw
0.087,-0.028526597439612132,-0.09113858617367414,0,validation,raw
0.088,-0.02880279186429177,-0.09233501006202248,0,validation,raw
0.089,-0.029079818479222586,-0.09353406056703018,0,validation,raw
0.09,-0.02935369406810054,-0.09473574634787307,0,validation,raw
0.091,-0.029634452977336717,-0.09594007610183114,0,validation,raw
0.092,-0.029909022986430157,-0.09714705856449835,0,validation,raw
0.093,-0.030186856319378706,-0.09835670250999394,0,validation,raw
0.094,-0.03045035997513983,-0.09956901675117495,0,validation,raw
0.095,-0.03072735699777166,-0.10078401013985028,0,validation,raw
0.096,-0.03100838061452668,-0.10200169156699614,0,validation,raw
0.097,-0.03128136886183933,-0.10322206996297287,0,validation,raw
0.098,-0.03155909776118836,-0.10444515429774336,0,validation,raw
0.099,-0.03182461626681114,-0.10567095358109269,0,validation,raw
0.1,-0.032095386185740274,-0.10689947686284945,0,validation,raw
0.11,-0.03480574612813161,-0.11933654963658932,0,validation,raw
0.12,-0.03746141932955119,-0.13205628315518692,0,validation,raw
0.13,-0.04008519607862794,-0.14506842434087874,0,validation,raw
0.14,-0.042611892087997386,-0.15838317346112152,0,validation,raw
0.15,-0.04515113080077528,-0.17201121079595827,0,validation,raw
0.16,-0.047676019156919214,-0.18596372521019583,0,validation,raw
0.17,-0.050111487288767846,-0.2002524447910416,0,validation,raw
0.18,-0.05251396111755264,-0.21488966972751766,0,validation,raw
0.19,-0.054932576028763794,-0.22988830762538826,0,validation,raw
0.2,-0.057275244088430904,-0.24526191147070564,0,validation,raw
0.21,-0.059621058786450354,-0.2610247204766639,0,validation,raw
0.22,-0.06190574815539595,-0.2771917040725186,0,validation,raw
0.23,-0.0641778420428342,-0.29377860932021366,0,validation,raw
0.24,-0.06633906547151197,-0.310802012074427,0,validation,raw
0.25,-0.06856689640572423,-0.3282793722354193,0,validation,raw
0.26,-0.07058640575124092,-0.34622909348184394,0,validation,raw
0.27,-0.07268590431318116,-0.3646705879131021,0,validation,raw
0.28,-0.07467575385768306,-0.3836243460785619,0,validation,raw
0.29,-0.07663897665445414,-0.40311201292473875,0,validation,raw
0.3,-0.07859548440396165,-0.423156470252235,0,validation,raw
0.31,-0.08048450873741526,-0.4437819263428472,0,validation,raw
0.32,-0.08229129916266309,-0.46501401349494786,0,validation,raw
0.33,-0.08407999583987777,-0.48687989429337997,0,validation,raw
0.34,-0.08571410952363336,-0.5094083775402493,0,validation,raw
0.35,-0.08740720786367447,-0.5326300448870223,0,validation,raw
0.36,-0.08910597440817221,-0.556577389338382,0,validation,raw
0.37,-0.09075622777000765,-0.5812849669469278,0,validation,raw
0.38,-0.09231212155707016,-0.6067895631880073,0,validation,raw
0.39,-0.09378246939046796,-0.6331303756992861,0,validation,raw
0.4,-0.09520678751447983,-0.66034921529427415,0,validation,raw
0.41,-0.09663348730214065,-0.6884907274179057,0,validation,raw
0.42,-0.09795423304328191,-0.717602636511318,0,validation,raw
0.43,-0.0991197429408341,-0.7477360160992358,0,validation,raw
0.44,-0.10032943392441039,-0.7789455878152937,0,validation,raw
0.45,-0.10154212901465648,-0.8112900530482989,0,validation,raw
0.46,-0.10264775547640832,-0.8448324614380823,0,validation,raw
0.47,-0.10363046388341847,-0.8796406210878575,0,validation,raw
0.48,-0.1044329328352997,-0.9157875561087777,0,validation,raw
0.49,-0.10519653840058923,-0.9533520179932636,0,validation,raw
0.5,-0.10578208929857282,-0.9924190583531289,0,validation,raw
0.51,-0.10630765744019838,-1.0330806717889072,0,validation,raw
0.52,-0.10669429945986723,-1.0754365191178428,0,validation,raw
0.53,-0.10708178804975627,-1.1195947429288609,0,validation,raw
0.54,-0.10745151046154391,-1.1656728895142707,0,validation,raw
0.55,-0.10781858217755656,-1.2137989537256992,0,validation,raw
0.56,-0.10802364099067398,-1.264112566310374,0,validation,raw
0.57,-0.10811706301100625,-1.3167663469222426,0,validation,raw
0.58,-0.10816658775842446,-1.3719274504203913,0,validation,raw
0.59,-0.10835368608083697,-1.429779339455035,0,validation,raw
0.6,-0.10829900665065499,-1.490523822941411,0,validation,raw
0.61,-0.10819714186859862,-1.5543834081450372,0,validation,raw
0.62,-0.10806472836548024,-1.6216040241488539,0,validation,raw
0.63,-0.10766212414564061,-1.6924581869636877,0,validation,raw
0.64,-0.10768490316719866,-1.7672486921571235,0,validation,raw
0.65,-0.10737143547190645,-1.8463129405044703,0,validation,raw
0.66,-0.10678551499495263,-1.9300280269898957,0,validation,raw
0.67,-0.10638981151801667,-2.018816755080499,0,validation,raw
0.68,-0.10576056523858723,-2.1131547786767646,0,validation,raw
0.69,-0.10480101777514039,-2.213579126376014,0,validation,raw
0.7,-0.10424353830947236,-2.320698430588548,0,validation,raw
0.71,-0.10365100493937174,-2.435205273022636,0,validation,raw
0.72,-0.10257815909307275,-2.5578911756305875,0,validation,raw
0.73,-0.10147777424944701,-2.6896649228761644,0,validation,raw
0.74,-0.1003479629853256,-2.8315751122175556,0,validation,raw
0.75,-0.0991045991045991,-2.9848381167062583,0,validation,raw
0.76,-0.09810237923791039,-3.150873038235686,0,validation,raw
0.77,-0.09669643233905059,-3.3313457790285415,0,validation,raw
0.78,-0.09551396914034277,-3.528225132620748,0,validation,raw
0.79,-0.09409557630384426,-3.7438549008407844,0,validation,raw
0.8,-0.09277596640234005,-3.9810476458828234,0,validation,raw
0.81,-0.09090915510811406,-4.243208048297709,0,validation,raw
0.82,-0.08926229561150194,-4.534497384314245,0,validation,raw
0.83,-0.0870813808758217,-4.86005605397979,0,validation,raw
0.84,-0.08457166561562164,-5.2263095573535265,0,validation,raw
0.85,-0.082248371625661,-5.641396861177095,0,validation,raw
0.86,-0.07945676626995307,-6.115782351261174,0,validation,raw
0.87,-0.07680317866285744,-6.66315022443511,0,validation,raw
0.88,-0.07389442737428085,-7.301746076471371,0,validation,raw
0.89,-0.07058590575074092,-8.056450265241496,0,validation,raw
0.9,-0.0671729572828474,-8.962095291765646,0,validation,raw
0.905,-0.06588451498804306,-9.486416096595418,0,validation,raw
0.91,-0.06471430708304948,-10.068994768628498,0,validation,raw
0.915,-0.0625592774914042,-10.720112107959586,0,validation,raw
0.92,-0.06023717836904653,-11.452619114707062,0,validation,raw
0.925,-0.05769417124728484,-12.282793722354201,0,validation,raw
0.93,-0.05486870243542147,-13.231564702522359,0,validation,raw
0.935,-0.05267249265558653,-14.326300448870235,0,validation,raw
0.94,-0.04965255881006792,-15.603492152942726,0,validation,raw
0.945,-0.0455153312296169,-17.112900530482975,0,validation,raw
0.95,-0.04093708489312881,-18.92419058353127,0,validation,raw
0.955,-0.036819622289707726,-21.13798953725697,0,validation,raw
0.96,-0.03073971205839335,-23.905238229414092,0,validation,raw
0.965,-0.023856165928379407,-27.463129405044672,0,validation,raw
0.97,-0.01823823984996145,-32.20698430588546,0,validation,raw
0.975,-0.011695671036330365,-38.84838116706255,0,validation,raw
0.98,-0.005767329943154114,-48.810476458828184,0,validation,raw
0.985,-0.0010212281274552327,-65.41396861177091,0,validation,raw
0.99,-2.1915406530791128e-4,-98.62095291765637,0,validation,raw
0.991,-2.4400146500268584e-4,-109.68994768628485,0,validation,raw
0.992,2.236265972529709e-6,-123.52619114707045,0,validation,raw
0.993,0,-141.31564702522334,0,validation,raw
0.994,0,-165.03492152942724,0,validation,raw
0.995,0,-198.2419058353127,0,validation,raw
0.996,0,-248.05238229414087,0,validation,raw
0.997,0,-331.06984305885453,0,validation,raw
0.998,0,-497.1047645882818,0,validation,raw
0.999,0,-995.2095291765636,0,validation,raw
1e-4,0.0038543726092110557,0.0038543190154613264,0,test,raw
2e-4,0.0037555344168518656,0.003754684520463873,0,test,raw
3e-4,0.0036582972510046927,0.0036550300925875566,0,test,raw
4e-4,0.0035629404236106176,0.00355535572585012,0,test,raw
5e-4,0.0034692955847977804,0.003455661414266914,0,test,raw
6e-4,0.003377167770989249,0.0033559471518508906,0,test,raw
7e-4,0.0032863875844703163,0.0032562129326126087,0,test,raw
8e-4,0.0031968051717184355,0.003156458750560228,0,test,raw
9e-4,0.003108270166585613,0.0030566845996995097,0,test,raw
0.001,0.003020732033077712,0.002956890474033814,0,test,raw
0.0011,0.002934134103234929,0.0028570763675641007,0,test,raw
0.0012,0.0028486013964884906,0.002757242274288927,0,test,raw
0.0013,0.002763809114286958,0.002657388188204446,0,test,raw
0.0014,0.002679955226483329,0.002557514103304406,0,test,raw
0.0015,0.002596925883707909,0.0024576200135801502,0,test,raw
0.0016,0.0025144522829708017,0.002357705913020613,0,test,raw
0.0017,0.0024330411881841904,0.0022577717956123212,0,test,raw
0.0018,0.0023522715932015634,0.0021578176553393906,0,test,raw
0.0019,0.0022722876958888344,0.0020578434861835285,0,test,raw
0.002,0.002192982416392199,0.0019578492821240284,0,test,raw
0.0021,0.0021145390411590175,0.0018578350371377698,0,test,raw
0.0022,0.0020358864178229743,0.0017578007451992182,0,test,raw
0.0023,0.0019589921831744688,0.001657746400280425,0,test,raw
0.0024,0.0018826818093205574,0.001557671996351023,0,test,raw
0.0025,0.0018067788141119616,0.001457577527378226,0,test,raw
0.0026,0.0017313517837101375,0.00135746298732683,0,test,raw
0.0027,0.0016569862613439526,0.0012573283701592095,0,test,raw
0.0028,0.0015831270381046793,0.0011571736698353192,0,test,raw
0.0029,0.0015097424430787479,0.0010569988803126873,0,test,raw
0.003,0.001437075513007011,9.568039955464192e-4,0,test,raw
0.0031,0.0013647875274473286,8.565890094891968e-4,0,test,raw
0.0032,0.0012929346292404375,7.563539160912723e-4,0,test,raw
0.0033,0.0012217844172553974,6.56098709300472e-4,0,test,raw
0.0034,0.0011514220327890515,5.558233830621922e-4,0,test,raw
0.0035,0.0010812281853518771,4.5552793131939774e-4,0,test,raw
0.0036,0.0010115848459812658,3.552123480126258e-4,0,test,raw
0.0037,9.422081890213974e-4,2.5487662707997585e-4,0,test,raw
0.0038,8.735036700564963e-4,1.5452076245711698e-4,0,test,raw
0.0039,8.051294076049879e-4,5.414474807728144e-5,0,test,raw
0.004,7.372924671749594e-4,-4.625142212873537e-5,0,test,raw
0.0041,6.701364256228083e-4,-1.4666775423257446e-4,0,test,raw
0.0042,6.033810627920706e-4,-2.471042543083146e-4,0,test,raw
0.0043,5.366279602904496e-4,-3.4756092843247956e-4,0,test,raw
0.0044,4.7057230441900763e-4,-4.4803778268402965e-4,0,test,raw
0.0045,4.0475027174433813e-4,-5.485348231443685e-4,0,test,raw
0.0046,3.390705401436246e-4,-6.490520558973473e-4,0,test,raw
0.0047,2.739769847025799e-4,-7.495894870292574e-4,0,test,raw
0.0048,2.0941957050090929e-4,-8.501471226288375e-4,0,test,raw
0.0049,1.4539595970086824e-4,-9.507249687872778e-4,0,test,raw
0.005,8.159324183891438e-5,-0.0010513230315982109,0,test,raw
0.0051,1.8121709674554648e-5,-0.0011519413171577246,0,test,raw
0.0052,-4.507922421815441e-5,-0.001252579831564354,0,test,raw
0.0053,-1.0806577685108006e-4,-0.0013532385809190911,0,test,raw
0.0054,-1.7158135776452511e-4,-0.0014539175713253775,0,test,raw
0.0055,-2.34068622240605e-4,-0.0015546168088891093,0,test,raw
0.0056,-2.9634531437219055e-4,-0.0016553362997186443,0,test,raw
0.0057,-3.579390451226589e-4,-0.0017560760499247914,0,test,raw
0.0058,-4.198353677182737e-4,-0.0018568360656208201,0,test,raw
0.0059,-4.808515404364248e-4,-0.0019576163529224627,0,test,raw
0.006,-5.410915575607437e-4,-0.002058416917947908,0,test,raw
0.0061,-6.014151313439948e-4,-0.0021592377668178094,0,test,raw
0.0062,-6.618462526574304e-4,-0.002260078905655283,0,test,raw
0.0063,-7.219403312940754e-4,-0.0023609403405859108,0,test,raw
0.0064,-7.812808164689841e-4,-0.0024618220777377414,0,test,raw
0.0065,-8.39883184381684e-4,-0.0025627241232412876,0,test,raw
0.0066,-8.987812606510836e-4,-0.002663646483229535,0,test,raw
0.0067,-9.569324076522312e-4,-0.002764589163837935,0,test,raw
0.0068,-0.0010157009903433737,-0.0028655521712044095,0,test,raw
0.0069,-0.00107364755977219,-0.0029665355114693584,0,test,raw
0.007,-0.0011325658056477502,-0.00306753919077565,0,test,raw
0.0071,-0.0011899849427779215,-0.0031685632152686277,0,test,raw
0.0072,-0.00124785277738392,-0.003269607591096111,0,test,raw
0.0073,-0.0013049313410468362,-0.003370672324408401,0,test,raw
0.0074,-0.0013621093351841636,-0.003471757421358272,0,test,raw
0.0075,-0.0014186559433317526,-0.003572862888100976,0,test,raw
0.0076,-0.001475029394625735,-0.0036739887307942563,0,test,raw
0.0077,-0.0015311570994029633,-0.0037751349555983273,0,test,raw
0.0078,-0.0015874776694354597,-0.0038763015686758915,0,test,raw
0.0079,-0.0016434617998080476,-0.003977488576192139,0,test,raw
0.008,-0.0016992631687972187,-0.004078695984314738,0,test,raw
0.0081,-0.0017553782891910601,-0.004179923799213852,0,test,raw
0.0082,-0.001810154015273028,-0.00428117202706213,0,test,raw
0.0083,-0.0018650365497717026,-0.004382440674034708,0,test,raw
0.0084,-0.0019207080290551811,-0.004483729746309216,0,test,raw
0.0085,-0.0019756045745474406,-0.00458503925006578,0,test,raw
0.0086,-0.002030093148900074,-0.004686369191487008,0,test,raw
0.0087,-0.0020849784265575717,-0.004787719576758014,0,test,raw
0.0088,-0.0021392346774225827,-0.004889090412066406,0,test,raw
0.0089,-0.0021934652982459942,-0.00499048170360228,0,test,raw
0.009,-0.0022470721091642715,-0.005091893457558243,0,test,raw
0.0091,-0.002300388988323265,-0.005193325680129398,0,test,raw
0.0092,-0.0023539194332716966,-0.0052947783775133435,0,test,raw
0.0093,-0.002407479628225154,-0.005396251555910184,0,test,raw
0.0094,-0.002461061745371293,-0.005497745221522531,0,test,raw
0.0095,-0.0025136511628556417,-0.005599259380555496,0,test,raw
0.0096,-0.002565843755336965,-0.0057007940392167,0,test,raw
0.0097,-0.002619306487569379,-0.005802349203716268,0,test,raw
0.0098,-0.0026710217296481206,-0.005903924880266835,0,test,raw
0.0099,-0.0027230258800582793,-0.0060055210750835485,0,test,raw
0.01,-0.002774873351005039,-0.006107137794384061,0,test,raw
0.011,-0.0032889673473128506,-0.007124435203680706,0,test,raw
0.012,-0.0037850305506625798,-0.008143791919473908,0,test,raw
0.013,-0.00426919891815385,-0.00916521420105392,0,test,raw
0.014,-0.004739224831629609,-0.01018870833310367,0,test,raw
0.015,-0.0051993517682556965,-0.011214280625827633,0,test,raw
0.016,-0.005647415584181619,-0.012241937415081526,0,test,raw
0.017,-0.006088286593919389,-0.013271685062502769,0,test,raw
0.018,-0.006517724534621268,-0.014303529955641773,0,test,raw
0.019,-0.0069380078006951555,-0.015337478508094006,0,test,raw
0.02,-0.007353786718866085,-0.01637353715963288,0,test,raw
0.021,-0.007757970055098645,-0.017411712376343435,0,test,raw
0.022,-0.008163775262161992,-0.018452010650756873,0,test,raw
0.023,-0.00855500768878835,-0.019494438501985897,0,test,raw
0.024,-0.008940176623843896,-0.02053900247586088,0,test,raw
0.025,-0.009320985721745457,-0.021585709145066894,0,test,raw
0.026,-0.009696632253480683,-0.02263456510928154,0,test,raw
0.027,-0.010069289375368322,-0.02368557699531369,0,test,raw
0.028,-0.010435050619473727,-0.024738751457243024,0,test,raw
0.029,-0.010798226734451322,-0.025794095176560478,0,test,raw
0.03,-0.011154864820386013,-0.026851614862309508,0,test,raw
0.031,-0.011508065236613189,-0.027911317251228304,0,test,raw
0.032,-0.011860623476785091,-0.028973209107892788,0,test,raw
0.033,-0.012204926458632078,-0.030037297224860624,0,test,raw
0.034,-0.012552757361437676,-0.031103588422815968,0,test,raw
0.035,-0.012889455299741236,-0.03217208955071525,0,test,raw
0.036,-0.013224929991489082,-0.033242807485933834,0,test,raw
0.037,-0.01355652674640406,-0.03431574913441353,0,test,raw
0.038,-0.013887853916343947,-0.035390921430811045,0,test,raw
0.039,-0.014221548233187345,-0.03646833133864748,0,test,raw
0.04,-0.01454743815854927,-0.03754798585045857,0,test,raw
0.041,-0.014866928880368807,-0.038629891987946016,0,test,raw
0.042,-0.015189530236309794,-0.039714056802129666,0,test,raw
0.043,-0.015509985497214104,-0.040800487373500754,0,test,raw
0.044,-0.015826920065258824,-0.04188919081217596,0,test,raw
0.045,-0.016143260355011374,-0.04298017425805259,0,test,raw
0.046,-0.016451976243109095,-0.044073444880964596,0,test,raw
0.047,-0.01676151796046087,-0.04516900988083969,0,test,raw
0.048,-0.017073838082241444,-0.04626687648785738,0,test,raw
0.049,-0.017389764065777618,-0.047367051962608014,0,test,raw
0.05,-0.017692736113788746,-0.04846954359625287,0,test,raw
0.051,-0.017997827075608756,-0.04957435871068516,0,test,raw
0.052,-0.01830245339387393,-0.050681504658692214,0,test,raw
0.053,-0.018603009822846343,-0.051790988824118506,0,test,raw
0.054,-0.018908878469601986,-0.052902818622029835,0,test,raw
0.055,-0.019204939898649485,-0.054017001498878545,0,test,raw
0.056,-0.019503884899365127,-0.055133544932669726,0,test,raw
0.057,-0.019801625626220107,-0.05625245643312855,0,test,raw
0.058,-0.020096802856101437,-0.05737374354186861,0,test,raw
0.059,-0.020392439253383087,-0.058497413832561324,0,test,raw
0.06,-0.020683767098266706,-0.059623474911106616,0,test,raw
0.061,-0.02097455238503635,-0.06075193441580427,0,test,raw
0.062,-0.021259746451249256,-0.061882800017526884,0,test,raw
0.063,-0.02154663758284455,-0.06301607941989351,0,test,raw
0.064,-0.021839436986635468,-0.06415178035944469,0,test,raw
0.065,-0.022123607853455348,-0.06528991060581842,0,test,raw
0.066,-0.022414315181386323,-0.06643047796192744,0,test,raw
0.067,-0.022695209333294362,-0.06757349026413742,0,test,raw
0.068,-0.0229806850455396,-0.0687189553824466,0,test,raw
0.069,-0.0232648845013089,-0.0698668812206662,0,test,raw
0.07,-0.023541804744512836,-0.07101727571660241,0,test,raw
0.071,-0.023816058078307407,-0.0721701468422392,0,test,raw
0.072,-0.024089128670865576,-0.07332550260392265,0,test,raw
0.073,-0.024370384810274537,-0.07448335104254608,0,test,raw
0.074,-0.024646399472413393,-0.07564370023373675,0,test,raw
0.075,-0.024918895289265657,-0.07680655828804347,0,test,raw
0.076,-0.02519261064234609,-0.07797193335112577,0,test,raw
0.077,-0.02546219272273604,-0.0791398336039439,0,test,raw
0.078,-0.02573423157901345,-0.08031026726295035,0,test,raw
0.079,-0.026007497861762548,-0.08148324258028254,0,test,raw
0.08,-0.0262778403680175,-0.08265876784395676,0,test,raw
0.081,-0.026547020225737027,-0.08383685137806336,0,test,raw
0.082,-0.026816807878697654,-0.08501750154296321,0,test,raw
0.083,-0.02707853565925378,-0.086200726735485525,0,test,raw
0.084,-0.027340987942637632,-0.08738653538912688,0,test,raw
0.085,-0.027606567426441946,-0.08857493597425162,0,test,raw
0.086,-0.027867386146014885,-0.08976593699829345,0,test,raw
0.087,-0.02812925501457406,-0.09095954700595861,0,test,raw
0.088,-0.02839114775437063,-0.09215577457943007,0,test,raw
0.089,-0.028660357424027786,-0.09335462833857323,0,test,raw
0.09,-0.028921934273989626,-0.0945561169411431,0,test,raw
0.091,-0.029180784944139053,-0.09576024908299254,0,test,raw
0.092,-0.029440117782424842,-0.09696703349828219,0,test,raw
0.093,-0.029699515566639578,-0.09817647895969153,0,test,raw
0.094,-0.02995698194373691,-0.0993885942786316,0,test,raw
0.095,-0.030220779606906063,-0.1006033883054588,0,test,raw
0.096,-0.030484924109965075,-0.10182086992969051,0,test,raw
0.097,-0.030744081412634794,-0.10304104808022173,0,test,raw
0.098,-0.030999327882796718,-0.10426393172554348,0,test,raw
0.099,-0.03125476115774961,-0.10548952987396251,0,test,raw
0.1,-0.03150685619821423,-0.10671785157382248,0,test,raw
0.11,-0.033996390009706695,-0.11915288361397777,0,test,raw
0.12,-0.03640125306791973,-0.13187053001868207,0,test,raw
0.13,-0.03875999676340247,-0.14488053611085083,0,test,raw
0.14,-0.04107806730545749,-0.15819310048423282,0,test,raw
0.15,-0.04334705075445817,-0.17181890166640026,0,test,raw
0.16,-0.0455693304017819,-0.18576912668623838,0,test,raw
0.17,-0.047757683835327754,-0.2000555017065545,0,test,raw
0.18,-0.049917717532893674,-0.2146903248980978,0,test,raw
0.19,-0.05202107246002993,-0.22968650174869162,0,test,raw
0.2,-0.054116733746363374,-0.24505758302055028,0,test,raw
0.21,-0.05617257237041577,-0.26081780559043066,0,test,raw
0.22,-0.05820063303444121,-0.2769821364313336,0,test,raw
0.23,-0.0602181964615827,-0.2935663200213509,0,test,raw
0.24,-0.06218252183164463,-0.3105869294953161,0,test,raw
0.25,-0.06407216468944864,-0.32806142188858695,0,test,raw
0.26,-0.06595681966052337,-0.3460081978600544,0,test,raw
0.27,-0.06779787381005038,-0.3644466663238908,0,test,raw
0.28,-0.0696227792935612,-0.38339731446727815,0,test,raw
0.29,-0.07140328517480317,-0.40288178368512706,0,test,raw
0.3,-0.07312451412980514,-0.42292295202348607,0,test,raw
0.31,-0.07481874500124634,-0.4435450237919424,0,test,raw
0.32,-0.07649129294009469,-0.46477362708300035,0,test,raw
0.33,-0.0781255280149697,-0.48663592002453776,0,test,raw
0.34,-0.0796459598928735,-0.5091607066915762,0,test,raw
0.35,-0.08115408386063655,-0.5323785637176003,0,test,raw
0.36,-0.08270243559595411,-0.5563219787756879,0,test,raw
0.37,-0.08417281653613223,-0.5810255022483178,0,test,raw
0.38,-0.08564837304383302,-0.6065259135749036,0,test,raw
0.39,-0.08705527421374416,-0.6328624039613775,0,test,raw
0.4,-0.08836280317761802,-0.6600767773607338,0,test,raw
0.41,-0.08963443034378375,-0.6882136718922713,0,test,raw
0.42,-0.09090902475321376,-0.7173208041662762,0,test,raw
0.43,-0.09205887727655107,-0.7474492393270881,0,test,raw
0.44,-0.0932315724643767,-0.7786536900293576,0,test,raw
0.45,-0.09426972204749982,-0.8109928480298912,0,test,raw
0.46,-0.09538076870038462,-0.8445297526230374,0,test,raw
0.47,-0.09642995796035628,-0.8793322007857362,0,test,raw
0.48,-0.09738905180500622,-0.9154732046470003,0,test,raw
0.49,-0.0982990368248175,-0.9530315027773337,0,test,raw
0.5,-0.09903827311234718,-0.9920921328328804,0,test,raw
0.51,-0.09995546991011844,-1.0327470743192657,0,test,raw
0.52,-0.10078115186139879,-1.0750959717009172,0,test,raw
0.53,-0.10151773626950933,-1.1192469498222133,0,test,raw
0.54,-0.10213501533952421,-1.1653175356879135,0,test,raw
0.55,-0.10277790339518737,-1.213435703147645,0,test,raw
0.56,-0.10315678834197355,-1.2637410600373642,0,test,raw
0.57,-0.10373912781320187,-1.3163862009684653,0,test,raw
0.58,-0.10411931787593162,-1.3715382533724765,0,test,raw
0.59,-0.10447121382080729,-1.4293806497961954,0,test,raw
0.6,-0.10475926679630382,-1.4901151660411003,0,test,raw
0.61,-0.10504612864536891,-1.553964272862667,0,test,raw
0.62,-0.10526450662902904,-1.621173858990632,0,test,raw
0.63,-0.10538309982754425,-1.6920163957201084,0,test,raw
0.64,-0.105450455656217,-1.7667946289345562,0,test,raw
0.65,-0.10552874521128491,-1.8458459040469721,0,test,raw
0.66,-0.10550505735690922,-1.9295472541660008,0,test,raw
0.67,-0.10566710381525199,-2.0183214133831524,0,test,raw
0.68,-0.10574407588296479,-2.1126439575513762,0,test,raw
0.69,-0.10566972962432936,-2.2130518271498065,0,test,raw
0.7,-0.1055274172558123,-2.320153554721467,0,test,raw
0.71,-0.10523850587707548,-2.4346416083325524,0,test,raw
0.72,-0.10515738425791335,-2.557307380058715,0,test,raw
0.73,-0.10487669115927001,-2.689059505246074,0,test,raw
0.74,-0.1043226110177677,-2.8309464092940004,0,test,raw
0.75,-0.10395317987910581,-2.984184265665761,0,test,raw
0.76,-0.1034798534798535,-3.1501919434018344,0,test,raw
0.77,-0.10290956136366765,-3.330635071375827,0,test,raw
0.78,-0.10254423217386183,-3.5274821200747284,0,test,raw
0.79,-0.10169902930044025,-3.7430765067449543,0,test,raw
0.8,-0.1010604621715733,-3.980230332082202,0,test,raw
0.81,-0.09977666546867331,-4.242347717981265,0,test,raw
0.82,-0.09863051900088934,-4.533589257869111,0,test,raw
0.83,-0.09737724149488854,-4.859094508331999,0,test,raw
0.84,-0.09592999592999592,-5.225287915102751,0,test,raw
0.85,-0.09395730013013963,-5.640307109442934,0,test,raw
0.86,-0.0914773253397592,-6.11461476011743,0,test,raw
0.87,-0.08865634207514549,-6.661892818588001,0,test,raw
0.88,-0.0858172919901315,-7.300383886803669,0,test,raw
0.89,-0.08190013004827822,-8.054964240149458,0,test,raw
0.9,-0.07746725154132562,-8.960460664164405,0,test,raw
0.905,-0.07542284803493383,-9.48469543596253,0,test,raw
0.91,-0.073254629838992,-10.067178515738227,0,test,raw
0.915,-0.07117523805976969,-10.718189016664008,0,test,raw
0.92,-0.06926317852243782,-11.45057583020551,0,test,raw
0.925,-0.06628227739338856,-12.280614218885876,0,test,raw
0.93,-0.06325238547460774,-13.22922952023487,0,test,raw
0.935,-0.06018857685524358,-14.323785637176016,0,test,raw
0.94,-0.05656024359728058,-15.600767773607322,0,test,raw
0.945,-0.05293766590062881,-17.109928480298898,0,test,raw
0.95,-0.04888753222086551,-18.920921328328788,0,test,raw
0.955,-0.04494875647139018,-21.13435703147643,0,test,raw
0.96,-0.040039041890893703,-23.901151660410985,0,test,raw
0.965,-0.03444547809627171,-27.458459040469695,0,test,raw
0.97,-0.02771496907299374,-32.20153554721465,0,test,raw
0.975,-0.021089404422737736,-38.841842656657576,0,test,raw
0.98,-0.013871930538597194,-48.80230332082197,0,test,raw
0.985,-0.006317550761995202,-65.4030710944293,0,test,raw
0.99,-0.002365878291804216,-98.60460664164394,0,test,raw
0.991,-0.0014772607365199943,-109.67178515738215,0,test,raw
0.992,-4.5599119673193705e-4,-123.50575830205491,0,test,raw
0.993,-1.0088872522734946e-4,-141.29229520234847,0,test,raw
0.994,3.0148178296326444e-6,-165.00767773607325,0,test,raw
0.995,0,-198.20921328328788,0,test,raw
0.996,0,-248.01151660410986,0,test,raw
0.997,0,-331.01535547214644,0,test,raw
0.998,0,-497.02303320821966,0,test,raw
0.999,0,-995.0460664164393,0,test,raw
1e-4,0.003709445711887714,0.003690839907426233,0,validation,platt
2e-4,0.003650237398085869,0.0035911890612477402,0,validation,platt
3e-4,0.003597653560224749,0.0034915182789191663,0,validation,platt
4e-4,0.003545007746688419,0.0033918275544572735,0,validation,platt
5e-4,0.0034941113254995473,0.003292116881876429,0,validation,platt
6e-4,0.0034457511174310483,0.003192386255188604,0,validation,platt
7e-4,0.003416761083391461,0.003092635668403373,0,validation,platt
8e-4,0.0033844372568098803,0.0029928651155279127,0,validation,platt
9e-4,0.0033509316385883317,0.002893074590567001,0,validation,platt
0.001,0.0033229032008030785,0.0027932640875230137,0,validation,platt
0.0011,0.003289066366693515,0.002693433600395926,0,validation,platt
0.0012,0.0032469587826125562,0.0025935831231833108,0,validation,platt
0.0013,0.00321880918414654,0.0024937126498803352,0,validation,platt
0.0014,0.0031824093686525267,0.0023938221744797625,0,validation,platt
0.0015,0.0031553869646172936,0.0022939116909719485,0,validation,platt
0.0016,0.0031222250949638946,0.002193981193344842,0,validation,platt
0.0017,0.0030854173572619106,0.002094030675583983,0,validation,platt
0.0018,0.0030464623116010997,0.001994060131672501,0,validation,platt
0.0019,0.0030177205018194105,0.0018940695555911137,0,validation,platt
0.002,0.00299154127690321,0.001794058941318127,0,validation,platt
0.0021,0.002963243120320235,0.0016940282828294328,0,validation,platt
0.0022,0.0029377170306996146,0.0015939775740985073,0,validation,platt
0.0023,0.002906153038820812,0.0014939068090964124,0,validation,platt
0.0024,0.00287714536857535,0.0013938159817917916,0,validation,platt
0.0025,0.0028575723995592347,0.0012937050861508682,0,validation,platt
0.0026,0.0028336202807410366,0.0011935741161374484,0,validation,platt
0.0027,0.0028102445679353883,0.0010934230657129152,0,validation,platt
0.0028,0.0027829823212939895,9.93251928836232e-4,0,validation,platt
0.0029,0.0027646222159761974,8.930606994639366e-4,0,validation,platt
0.003,0.002742393298677536,7.928493715501409e-4,0,validation,platt
0.0031,0.002725255171575027,6.926179390465354e-4,0,validation,platt
0.0032,0.0026992986617631635,5.923663959023781e-4,0,validation,platt
0.0033,0.0026734500244335446,4.920947360645038e-4,0,validation,platt
0.0034,0.0026573495146864383,3.9180295347731415e-4,0,validation,platt
0.0035,0.002639491769027562,2.9149104208278046e-4,0,validation,platt
0.0036,0.002612724426639135,1.9115899582044463e-4,0,validation,platt
0.0037,0.002586265277453443,9.0806808627412125e-05,0,validation,platt
0.0038,0.002572175030814564,-9.565525561643692e-6,0,validation,platt
0.0039,0.0025441854961597344,-1.0995801281448586e-4,0,validation,platt
0.004,0.002530043065812517,-2.1037065920131472e-4,0,validation,platt
0.0041,0.0025070337929985562,-3.1080347079476874e-4,0,validation,platt
0.0042,0.0024917662092698344,-4.112564536699224e-4,0,validation,platt
0.0043,0.002474065469671852,-5.117296139042979e-4,0,validation,platt
0.0044,0.0024542143050392535,-6.12222957577852e-4,0,validation,platt
0.0045,0.002437463642004957,-7.127364907729868e-4,0,validation,platt
0.0046,0.002427038735817359,-8.132702195745517e-4,0,validation,platt
0.0047,0.0024055180311563333,-9.138241500698373e-4,0,validation,platt
0.0048,0.002383007444666043,-0.0010143982883485817,0,validation,platt
0.0049,0.0023673997911497924,-0.001114992640502974,0,validation,platt
0.005,0.0023465172562306584,-0.0012156072126276478,0,validation,platt
0.0051,0.0023265084864958507,-0.0013162420108196902,0,validation,platt
0.0052,0.0023133834292518793,-0.001416897041178638,0,validation,platt
0.0053,0.002299110284620301,-0.0015175723098064834,0,validation,platt
0.0054,0.0022752565041364112,-0.0016182678228076706,0,validation,platt
0.0055,0.0022563777501650086,-0.0017189835862890983,0,validation,platt
0.0056,0.002241596669292867,-0.0018197196063601262,0,validation,platt
0.0057,0.0022290567530302147,-0.0019204758891325658,0,validation,platt
0.0058,0.00221504731287847,-0.0020212524407206885,0,validation,platt
0.0059,0.002198765270117015,-0.0021220492672412326,0,validation,platt
0.006,0.002188633957267738,-0.00222286637481339,0,validation,platt
0.0061,0.002179159853058547,-0.0023237037695588185,0,validation,platt
0.0062,0.0021658715240239373,-0.0024245614576016393,0,validation,platt
0.0063,0.0021459657911059985,-0.0025254394450684404,0,validation,platt
0.0064,0.0021328323694234756,-0.002626337738088274,0,validation,platt
0.0065,0.0021176437110779567,-0.0027272563427926605,0,validation,platt
0.0066,0.0021055923119432393,-0.002828195265315592,0,validation,platt
0.0067,0.002092672166784101,-0.0029291545117935266,0,validation,platt
0.0068,0.0020772803409015365,-0.0030301340883653934,0,validation,platt
0.0069,0.0020646100973989783,-0.0031311340011726,0,validation,platt
0.007,0.0020550631198794716,-0.0032321542563590227,0,validation,platt
0.0071,0.002040500019557924,-0.003333194860071014,0,validation,platt
0.0072,0.0020293275776712564,-0.0034342558184574023,0,validation,platt
0.0073,0.0020157273911880344,-0.003535337137669496,0,validation,platt
0.0074,0.0019977082558869097,-0.0036364388238610814,0,validation,platt
0.0075,0.0019837650695457877,-0.003737560883188421,0,validation,platt
0.0076,0.0019703044537943614,-0.0038387033218102674,0,validation,platt
0.0077,0.001952288814977673,-0.003939866145887846,0,validation,platt
0.0078,0.001939017496630615,-0.004041049361584871,0,validation,platt
0.0079,0.0019209572039566357,-0.004142252975067543,0,validation,platt
0.008,0.0019048477485202051,-0.004243476992504545,0,validation,platt
0.0081,0.0018936165481423834,-0.004344721420067052,0,validation,platt
0.0082,0.001882796605013287,-0.004445986263928725,0,validation,platt
0.0083,0.0018661151337086878,-0.004547271530265715,0,validation,platt
0.0084,0.001853619124408037,-0.004648577225256663,0,validation,platt
0.0085,0.0018451156503724207,-0.004749903355082713,0,validation,platt
0.0086,0.0018396028256653814,-0.004851249925927486,0,validation,platt
0.0087,0.0018324493062405209,-0.00495261694397711,0,validation,platt
0.0088,0.0018313411957701486,-0.005054004415420208,0,validation,platt
0.0089,0.0018170639153429946,-0.005155412346447896,0,validation,platt
0.009,0.001807162411946125,-0.005256840743253792,0,validation,platt
0.0091,0.0018000665985237673,-0.005358289612034019,0,validation,platt
0.0092,0.001791086537789169,-0.005459758958987192,0,validation,platt
0.0093,0.0017849291717141845,-0.005561248790314433,0,validation,platt
0.0094,0.0017757748781015842,-0.005662759112219371,0,validation,platt
0.0095,0.0017621267877826062,-0.005764289930908136,0,validation,platt
0.0096,0.0017554182105301425,-0.005865841252589366,0,validation,platt
0.0097,0.0017462879715743481,-0.00596741308347421,0,validation,platt
0.0098,0.001742051644280298,-0.0060690054297763175,0,validation,platt
0.0099,0.001735470007073164,-0.006170618297711858,0,validation,platt
0.01,0.0017317056389095462,-0.006272251693499506,0,validation,platt
0.011,0.0016456656419322673,-0.007289716053149148,0,validation,platt
0.012,0.0015784235208535606,-0.008309240057251527,0,validation,platt
0.013,0.0014904134948224598,-0.009330829966124122,0,validation,platt
0.014,0.001454094526336686,-0.010354492065481245,0,validation,platt
0.015,0.0013886757625252632,-0.011380232666562951,0,validation,platt
0.016,0.0013301964521476718,-0.012408058106264747,0,validation,platt
0.017,0.001262728169595463,-0.013437974747268069,0,validation,platt
0.018,0.001211213572172369,-0.014469988978171595,0,validation,platt
0.019,0.001137500280559057,-0.015504107213623351,0,validation,platt
0.02,0.0011147557682655237,-0.01654033589445358,0,validation,platt
0.021,0.001056038344592487,-0.017578681487808487,0,validation,platt
0.022,0.001022755556565305,-0.018619150487284776,0,validation,platt
0.023,9.914074329699647e-4,-0.019661749413065,0,validation,platt
0.024,9.623275701459812e-4,-0.0207064848120538,0,validation,platt
0.025,9.240939080330457e-4,-0.02175336325801488,0,validation,platt
0.026,9.057382300155954e-4,-0.02280239135170894,0,validation,platt
0.027,8.820448945585884e-4,-0.02385357572103238,0,validation,platt
0.028,8.308786403120052e-4,-0.024906923021156904,0,validation,platt
0.029,7.949729772705971e-4,-0.02596243993466994,0,validation,platt
0.03,7.620133937115925e-4,-0.02702013317171599,0,validation,platt
0.031,7.385401073240582e-4,-0.028080009470138813,0,validation,platt
0.032,7.388364031720675e-4,-0.02914207559562449,0,validation,platt
0.033,7.00409140469597e-4,-0.030206338341845412,0,validation,platt
0.034,6.727410317608939e-4,-0.03127280453060508,0,validation,platt
0.035,6.539977216968618e-4,-0.03234148101198395,0,validation,platt
0.036,6.376698502000586e-4,-0.033412374664486,0,validation,platt
0.037,6.168982353752931e-4,-0.034485492395186404,0,validation,platt
0.038,5.974038095762525e-4,-0.03556084113987995,0,validation,platt
0.039,5.753835555667438e-4,-0.0366384278632305,0,validation,platt
0.04,5.622345365935108e-4,-0.037718259558921365,0,validation,platt
0.041,5.532134925161086e-4,-0.03880034324980658,0,validation,platt
0.042,5.421894545297239e-4,-0.03988468598806316,0,validation,platt
0.043,5.303362004132499e-4,-0.04097129485534431,0,validation,platt
0.044,5.209657607469002e-4,-0.042060176962933585,0,validation,platt
0.045,5.048575326464977e-4,-0.04315133945190001,0,validation,platt
0.046,4.7891722045660353e-4,-0.0442447894932542,0,validation,platt
0.047,4.653474724851407e-4,-0.045340534288105465,0,validation,platt
0.048,4.6091508830450564e-4,-0.04643858106781986,0,validation,platt
0.049,4.5586669845691576e-4,-0.0475389370941793,0,validation,platt
0.05,4.428983607699628e-4,-0.04864160965954159,0,validation,platt
0.051,4.231090626254998e-4,-0.049746606087001585,0,validation,platt
0.052,4.103029094914847e-4,-0.05085393373055328,0,validation,platt
0.053,3.9139377361872927e-4,-0.05196359997525291,0,validation,platt
0.054,3.8297827717710155e-4,-0.0530756122373832,0,validation,platt
0.055,3.773610087930687e-4,-0.05418997796461853,0,validation,platt
0.056,3.723003816131029e-4,-0.055306704636191216,0,validation,platt
0.057,3.6983048881013064e-4,-0.056425799763058865,0,validation,platt
0.058,3.580446990540081e-4,-0.05754727088807273,0,validation,platt
0.059,3.4598432958839827e-4,-0.058671125586147184,0,validation,platt
0.06,3.3310846965277656e-4,-0.059797371464430316,0,validation,platt
0.061,3.263995703930636e-4,-0.060926016162475505,0,validation,platt
0.062,3.1731136021302155e-4,-0.06205706735241419,0,validation,platt
0.063,3.0805100761824923e-4,-0.06319053273912968,0,validation,platt
0.064,2.97576281421496e-4,-0.06432642006043217,0,validation,platt
0.065,2.7240589619387294e-4,-0.06546473708723477,0,validation,platt
0.066,2.650525863929163e-4,-0.06660549162373074,0,validation,platt
0.067,2.564083868631411e-4,-0.06774869150757182,0,validation,platt
0.068,2.467282804970868e-4,-0.06889434461004776,0,validation,platt
0.069,2.3894898247183978e-4,-0.07004245883626693,0,validation,platt
0.07,2.2920523924895887e-4,-0.0711930421253382,0,validation,platt
0.071,2.320565256015167e-4,-0.07234610245055383,0,validation,platt
0.072,2.3066312380446536e-4,-0.07350164781957381,0,validation,platt
0.073,2.29090612816919e-4,-0.07465968627461111,0,validation,platt
0.074,2.2490170355264226e-4,-0.07582022589261826,0,validation,platt
0.075,2.0591778833537085e-4,-0.07698327478547513,0,validation,platt
0.076,1.9289972194210816e-4,-0.07814884110017803,0,validation,platt
0.077,1.9503243581440582e-4,-0.0793169330190298,0,validation,platt
0.078,1.9338122124706484e-4,-0.08048755875983135,0,validation,platt
0.079,1.80331419667545e-4,-0.08166072657607439,0,validation,platt
0.08,1.7977633840032315e-4,-0.08283644475713534,0,validation,platt
0.081,1.7006084877277888e-4,-0.08401472162847064,0,validation,platt
0.082,1.6535213690999084e-4,-0.0851955655518132,0,validation,platt
0.083,1.6495448925614182e-4,-0.08637898492537023,0,validation,platt
0.084,1.603373406243025e-4,-0.08756498818402239,0,validation,platt
0.085,1.5243268711112346e-4,-0.08875358379952406,0,validation,platt
0.086,1.4069880855174344e-4,-0.08994478028070514,0,validation,platt
0.087,1.4057368750868026e-4,-0.09113858617367414,0,validation,platt
0.088,1.4139478184205392e-4,-0.09233501006202248,0,validation,platt
0.089,1.4038153505711198e-4,-0.09353406056703018,0,validation,platt
0.09,1.35527547675839e-4,-0.09473574634787307,0,validation,platt
0.091,1.2998142206667457e-4,-0.09594007610183114,0,validation,platt
0.092,1.304422808029334e-4,-0.09714705856449835,0,validation,platt
0.093,1.1879084295091666e-4,-0.09835670250999394,0,validation,platt
0.094,1.1557496456703211e-4,-0.09956901675117495,0,validation,platt
0.095,1.1429666581144938e-4,-0.10078401013985028,0,validation,platt
0.096,1.0941871293908636e-4,-0.10200169156699614,0,validation,platt
0.097,1.0041156159710916e-4,-0.10322206996297287,0,validation,platt
0.098,1.01117897955207e-4,-0.10444515429774336,0,validation,platt
0.099,9.061717054057675e-5,-0.10567095358109269,0,validation,platt
0.1,9.29292748584568e-5,-0.10689947686284945,0,validation,platt
0.11,8.063120793087462e-5,-0.11933654963658932,0,validation,platt
0.12,5.651654003302356e-5,-0.13205628315518692,0,validation,platt
0.13,2.999680907979504e-5,-0.14506842434087874,0,validation,platt
0.14,2.3298771062635066e-5,-0.15838317346112152,0,validation,platt
0.15,3.459635004560667e-5,-0.17201121079595827,0,validation,platt
0.16,2.033937146443687e-5,-0.18596372521019583,0,validation,platt
0.17,1.2717078783542414e-5,-0.2002524447910416,0,validation,platt
0.18,9.76320997762972e-6,-0.21488966972751766,0,validation,platt
0.19,4.831438829539501e-6,-0.22988830762538826,0,validation,platt
0.2,1.1181329862648549e-5,-0.24526191147070564,0,validation,platt
0.21,1.0275500607952972e-5,-0.2610247204766639,0,validation,platt
0.22,8.773043430693468e-6,-0.2771917040725186,0,validation,platt
0.23,-1.4230783461552704e-6,-0.29377860932021366,0,validation,platt
0.24,2.0008695543686864e-6,-0.310802012074427,0,validation,platt
0.25,-2.9816879633729446e-6,-0.3282793722354193,0,validation,platt
0.26,-5.076928153851232e-6,-0.34622909348184394,0,validation,platt
0.27,9.190134133683732e-7,-0.3646705879131021,0,validation,platt
0.28,2.3605029710035817e-6,-0.3836243460785619,0,validation,platt
0.29,-5.039472614151459e-7,-0.40311201292473875,0,validation,platt
0.3,3.194665675042438e-7,-0.423156470252235,0,validation,platt
0.31,2.2686756243054999e-7,-0.4437819263428472,0,validation,platt
0.32,1.3154505720762959e-7,-0.46501401349494786,0,validation,platt
0.33,3.337710406760713e-8,-0.48687989429337997,0,validation,platt
0.34,1.0842501684992527e-6,-0.5094083775402493,0,validation,platt
0.35,1.0321227565521734e-6,-0.5326300448870223,0,validation,platt
0.36,9.783663629817476e-7,-0.556577389338382,0,validation,platt
0.37,9.22903417234483e-7,-0.5812849669469278,0,validation,platt
0.38,2.236265972529709e-6,-0.6067895631880073,0,validation,platt
0.39,2.236265972529709e-6,-0.6331303756992861,0,validation,platt
0.4,2.236265972529709e-6,-0.66034921529427415,0,validation,platt
0.41,0,-0.6884907274179057,0,validation,platt
0.42,0,-0.717602636511318,0,validation,platt
0.43,0,-0.7477360160992358,0,validation,platt
0.44,0,-0.7789455878152937,0,validation,platt
0.45,0,-0.8112900530482989,0,validation,platt
0.46,0,-0.8448324614380823,0,validation,platt
0.47,0,-0.8796406210878575,0,validation,platt
0.48,0,-0.9157875561087777,0,validation,platt
0.49,0,-0.9533520179932636,0,validation,platt
0.5,0,-0.9924190583531289,0,validation,platt
0.51,0,-1.0330806717889072,0,validation,platt
0.52,0,-1.0754365191178428,0,validation,platt
0.53,0,-1.1195947429288609,0,validation,platt
0.54,0,-1.1656728895142707,0,validation,platt
0.55,0,-1.2137989537256992,0,validation,platt
0.56,0,-1.264112566310374,0,validation,platt
0.57,0,-1.3167663469222426,0,validation,platt
0.58,0,-1.3719274504203913,0,validation,platt
0.59,0,-1.429779339455035,0,validation,platt
0.6,0,-1.490523822941411,0,validation,platt
0.61,0,-1.5543834081450372,0,validation,platt
0.62,0,-1.6216040241488539,0,validation,platt
0.63,0,-1.6924581869636877,0,validation,platt
0.64,0,-1.7672486921571235,0,validation,platt
0.65,0,-1.8463129405044703,0,validation,platt
0.66,0,-1.9300280269898957,0,validation,platt
0.67,0,-2.018816755080499,0,validation,platt
0.68,0,-2.1131547786767646,0,validation,platt
0.69,0,-2.213579126376014,0,validation,platt
0.7,0,-2.320698430588548,0,validation,platt
0.71,0,-2.435205273022636,0,validation,platt
0.72,0,-2.5578911756305875,0,validation,platt
0.73,0,-2.6896649228761644,0,validation,platt
0.74,0,-2.8315751122175556,0,validation,platt
0.75,0,-2.9848381167062583,0,validation,platt
0.76,0,-3.150873038235686,0,validation,platt
0.77,0,-3.3313457790285415,0,validation,platt
0.78,0,-3.528225132620748,0,validation,platt
0.79,0,-3.7438549008407844,0,validation,platt
0.8,0,-3.9810476458828234,0,validation,platt
0.81,0,-4.243208048297709,0,validation,platt
0.82,0,-4.534497384314245,0,validation,platt
0.83,0,-4.86005605397979,0,validation,platt
0.84,0,-5.2263095573535265,0,validation,platt
0.85,0,-5.641396861177095,0,validation,platt
0.86,0,-6.115782351261174,0,validation,platt
0.87,0,-6.66315022443511,0,validation,platt
0.88,0,-7.301746076471371,0,validation,platt
0.89,0,-8.056450265241496,0,validation,platt
0.9,0,-8.962095291765646,0,validation,platt
0.905,0,-9.486416096595418,0,validation,platt
0.91,0,-10.068994768628498,0,validation,platt
0.915,0,-10.720112107959586,0,validation,platt
0.92,0,-11.452619114707062,0,validation,platt
0.925,0,-12.282793722354201,0,validation,platt
0.93,0,-13.231564702522359,0,validation,platt
0.935,0,-14.326300448870235,0,validation,platt
0.94,0,-15.603492152942726,0,validation,platt
0.945,0,-17.112900530482975,0,validation,platt
0.95,0,-18.92419058353127,0,validation,platt
0.955,0,-21.13798953725697,0,validation,platt
0.96,0,-23.905238229414092,0,validation,platt
0.965,0,-27.463129405044672,0,validation,platt
0.97,0,-32.20698430588546,0,validation,platt
0.975,0,-38.84838116706255,0,validation,platt
0.98,0,-48.810476458828184,0,validation,platt
0.985,0,-65.41396861177091,0,validation,platt
0.99,0,-98.62095291765637,0,validation,platt
0.991,0,-109.68994768628485,0,validation,platt
0.992,0,-123.52619114707045,0,validation,platt
0.993,0,-141.31564702522334,0,validation,platt
0.994,0,-165.03492152942724,0,validation,platt
0.995,0,-198.2419058353127,0,validation,platt
0.996,0,-248.05238229414087,0,validation,platt
0.997,0,-331.06984305885453,0,validation,platt
0.998,0,-497.1047645882818,0,validation,platt
0.999,0,-995.2095291765636,0,validation,platt
1e-4,0.0038770997496499673,0.0038543190154613264,0,test,platt
2e-4,0.0038132242436066167,0.003754684520463873,0,test,platt
3e-4,0.003766289672246644,0.0036550300925875566,0,test,platt
4e-4,0.0037209888402217187,0.00355535572585012,0,test,platt
5e-4,0.003677401341047979,0.003455661414266914,0,test,platt
6e-4,0.0036388166429153984,0.0033559471518508906,0,test,platt
7e-4,0.0036000444888518394,0.0032562129326126087,0,test,platt
8e-4,0.003557372194504122,0.003156458750560228,0,test,platt
9e-4,0.003521317635501883,0.0030566845996995097,0,test,platt
0.001,0.003480311436415689,0.002956890474033814,0,test,platt
0.0011,0.0034443725539115657,0.0028570763675641007,0,test,platt
0.0012,0.0034025922833232345,0.002757242274288927,0,test,platt
0.0013,0.0033683018995406583,0.002657388188204446,0,test,platt
0.0014,0.0033323568535828666,0.002557514103304406,0,test,platt
0.0015,0.0033041595737491433,0.0024576200135801502,0,test,platt
0.0016,0.003272354052862125,0.002357705913020613,0,test,platt
0.0017,0.0032394843464402454,0.0022577717956123212,0,test,platt
0.0018,0.0032133370297621503,0.0021578176553393906,0,test,platt
0.0019,0.0031868828710605863,0.0020578434861835285,0,test,platt
0.002,0.0031602374770191887,0.0019578492821240284,0,test,platt
0.0021,0.003139151950173614,0.0018578350371377698,0,test,platt
0.0022,0.0031132884332144926,0.0017578007451992182,0,test,platt
0.0023,0.003085183019030869,0.001657746400280425,0,test,platt
0.0024,0.003060161584323276,0.001557671996351023,0,test,platt
0.0025,0.003035558869588388,0.001457577527378226,0,test,platt
0.0026,0.0030138084067188628,0.00135746298732683,0,test,platt
0.0027,0.002987934545176134,0.0012573283701592095,0,test,platt
0.0028,0.0029675270319444377,0.0011571736698353192,0,test,platt
0.0029,0.002945097257120643,0.0010569988803126873,0,test,platt
0.003,0.0029207650386000247,9.568039955464192e-4,0,test,platt
0.0031,0.002898924787705935,8.565890094891968e-4,0,test,platt
0.0032,0.002879013110271656,7.563539160912723e-4,0,test,platt
0.0033,0.002850983336585825,6.56098709300472e-4,0,test,platt
0.0034,0.002828221751449615,5.558233830621922e-4,0,test,platt
0.0035,0.0028061082538791554,4.5552793131939774e-4,0,test,platt
0.0036,0.002786954000954031,3.552123480126258e-4,0,test,platt
0.0037,0.002766519832813267,2.5487662707997585e-4,0,test,platt
0.0038,0.002745571930325847,1.5452076245711698e-4,0,test,platt
0.0039,0.002725248451172146,5.414474807728144e-5,0,test,platt
0.004,0.0027079269307441253,-4.625142212873537e-5,0,test,platt
0.0041,0.002686750463375366,-1.4666775423257446e-4,0,test,platt
0.0042,0.002665149823957557,-2.471042543083146e-4,0,test,platt
0.0043,0.0026439582212740126,-3.4756092843247956e-4,0,test,platt
0.0044,0.00263033801491906,-4.4803778268402965e-4,0,test,platt
0.0045,0.0026103374681234314,-5.485348231443685e-4,0,test,platt
0.0046,0.002596585454398059,-6.490520558973473e-4,0,test,platt
0.0047,0.0025784159062418733,-7.495894870292574e-4,0,test,platt
0.0048,0.002559733017039198,-8.501471226288375e-4,0,test,platt
0.0049,0.0025375114376033694,-9.507249687872778e-4,0,test,platt
0.005,0.0025239062555273235,-0.0010513230315982109,0,test,platt
0.0051,0.002510202051566715,-0.0011519413171577246,0,test,platt
0.0052,0.002497612920701872,-0.001252579831564354,0,test,platt
0.0053,0.0024877230621378307,-0.0013532385809190911,0,test,platt
0.0054,0.002471542261221343,-0.0014539175713253775,0,test,platt
0.0055,0.0024582682860618916,-0.0015546168088891093,0,test,platt
0.0056,0.0024448444474665385,-0.0016553362997186443,0,test,platt
0.0057,0.0024328563373340827,-0.0017560760499247914,0,test,platt
0.0058,0.0024203396931888853,-0.0018568360656208201,0,test,platt
0.0059,0.0024075644184285167,-0.0019576163529224627,0,test,platt
0.006,0.0023894690896702968,-0.002058416917947908,0,test,platt
0.0061,0.002374444011392359,-0.0021592377668178094,0,test,platt
0.0062,0.0023610140236930035,-0.002260078905655283,0,test,platt
0.0063,0.002344945453194086,-0.0023609403405859108,0,test,platt
0.0064,0.0023347458070425804,-0.0024618220777377414,0,test,platt
0.0065,0.00232100272082378,-0.0025627241232412876,0,test,platt
0.0066,0.002306143078574459,-0.002663646483229535,0,test,platt
0.0067,0.0022918911172059115,-0.002764589163837935,0,test,platt
0.0068,0.00228006192117706,-0.0028655521712044095,0,test,platt
0.0069,0.0022690345928093793,-0.0029665355114693584,0,test,platt
0.007,0.0022562556597094663,-0.00306753919077565,0,test,platt
0.0071,0.002241265188934381,-0.0031685632152686277,0,test,platt
0.0072,0.002229847087637997,-0.003269607591096111,0,test,platt
0.0073,0.0022167548241219374,-0.003370672324408401,0,test,platt
0.0074,0.0022044090711488716,-0.003471757421358272,0,test,platt
0.0075,0.0021896500392628764,-0.003572862888100976,0,test,platt
0.0076,0.0021750874714882656,-0.0036739887307942563,0,test,platt
0.0077,0.002165929302473284,-0.0037751349555983273,0,test,platt
0.0078,0.0021560871400733437,-0.0038763015686758915,0,test,platt
0.0079,0.0021478351097154458,-0.003977488576192139,0,test,platt
0.008,0.0021381562152171475,-0.004078695984314738,0,test,platt
0.0081,0.0021261904721632217,-0.004179923799213852,0,test,platt
0.0082,0.0021138026795529427,-0.00428117202706213,0,test,platt
0.0083,0.002097508204119,-0.004382440674034708,0,test,platt
0.0084,0.002087972651820081,-0.004483729746309216,0,test,platt
0.0085,0.0020741783232211125,-0.00458503925006578,0,test,platt
0.0086,0.0020653278059564717,-0.004686369191487008,0,test,platt
0.0087,0.002048535109125206,-0.004787719576758014,0,test,platt
0.0088,0.002040596115865897,-0.004889090412066406,0,test,platt
0.0089,0.002026626949552094,-0.00499048170360228,0,test,platt
0.009,0.0020156027014045477,-0.005091893457558243,0,test,platt
0.0091,0.001997404664452578,-0.005193325680129398,0,test,platt
0.0092,0.00198644697590555,-0.0052947783775133435,0,test,platt
0.0093,0.0019771108834584343,-0.005396251555910184,0,test,platt
0.0094,0.0019704631425174904,-0.005497745221522531,0,test,platt
0.0095,0.0019607166801812233,-0.005599259380555496,0,test,platt
0.0096,0.0019512580423248767,-0.0057007940392167,0,test,platt
0.0097,0.0019412304843954811,-0.005802349203716268,0,test,platt
0.0098,0.001928984696401679,-0.005903924880266835,0,test,platt
0.0099,0.0019193774833871043,-0.0060055210750835485,0,test,platt
0.01,0.0019116076729245454,-0.006107137794384061,0,test,platt
0.011,0.0018218957195851179,-0.007124435203680706,0,test,platt
0.012,0.0017412586913261678,-0.008143791919473908,0,test,platt
0.013,0.001676365476132822,-0.00916521420105392,0,test,platt
0.014,0.0015903592118752512,-0.01018870833310367,0,test,platt
0.015,0.0015314777206110164,-0.011214280625827633,0,test,platt
0.016,0.0014744665151169216,-0.012241937415081526,0,test,platt
0.017,0.0014312885983132017,-0.013271685062502769,0,test,platt
0.018,0.0013793712594346221,-0.014303529955641773,0,test,platt
0.019,0.001321337646704808,-0.015337478508094006,0,test,platt
0.02,0.0012738528233615155,-0.01637353715963288,0,test,platt
0.021,0.001229589140533793,-0.017411712376343435,0,test,platt
0.022,0.001185369033585348,-0.018452010650756873,0,test,platt
0.023,0.0011550401235377924,-0.019494438501985897,0,test,platt
0.024,0.0011204928782342263,-0.02053900247586088,0,test,platt
0.025,0.0010869577821144773,-0.021585709145066894,0,test,platt
0.026,0.001059850850709471,-0.02263456510928154,0,test,platt
0.027,0.0010352002910337195,-0.02368557699531369,0,test,platt
0.028,9.983544429513031e-4,-0.024738751457243024,0,test,platt
0.029,9.663539033794974e-4,-0.025794095176560478,0,test,platt
0.03,9.331949003579397e-4,-0.026851614862309508,0,test,platt
0.031,9.064925626482021e-4,-0.027911317251228304,0,test,platt
0.032,8.767202369895973e-4,-0.028973209107892788,0,test,platt
0.033,8.588310304193715e-4,-0.030037297224860624,0,test,platt
0.034,8.402930839860521e-4,-0.031103588422815968,0,test,platt
0.035,8.185425667674754e-4,-0.03217208955071525,0,test,platt
0.036,7.995647153477182e-4,-0.033242807485933834,0,test,platt
0.037,7.733837355774975e-4,-0.03431574913441353,0,test,platt
0.038,7.483125716743951e-4,-0.035390921430811045,0,test,platt
0.039,7.232135435781328e-4,-0.03646833133864748,0,test,platt
0.04,7.042426023907506e-4,-0.03754798585045857,0,test,platt
0.041,6.96725500726582e-4,-0.038629891987946016,0,test,platt
0.042,6.768486316928287e-4,-0.039714056802129666,0,test,platt
0.043,6.697242967996479e-4,-0.040800487373500754,0,test,platt
0.044,6.540483295480972e-4,-0.04188919081217596,0,test,platt
0.045,6.422430118377374e-4,-0.04298017425805259,0,test,platt
0.046,6.299136355817774e-4,-0.044073444880964596,0,test,platt
0.047,6.085566382484498e-4,-0.04516900988083969,0,test,platt
0.048,5.886305139339687e-4,-0.04626687648785738,0,test,platt
0.049,5.794307095082107e-4,-0.047367051962608014,0,test,platt
0.05,5.728153876302024e-4,-0.04846954359625287,0,test,platt
0.051,5.583909615443784e-4,-0.04957435871068516,0,test,platt
0.052,5.474661123981332e-4,-0.050681504658692214,0,test,platt
0.053,5.331953648274192e-4,-0.051790988824118506,0,test,platt
0.054,5.249447971239531e-4,-0.052902818622029835,0,test,platt
0.055,5.159007314602062e-4,-0.054017001498878545,0,test,platt
0.056,5.018649714192716e-4,-0.055133544932669726,0,test,platt
0.057,4.894395295400755e-4,-0.05625245643312855,0,test,platt
0.058,4.8295813413372574e-4,-0.05737374354186861,0,test,platt
0.059,4.767304842087383e-4,-0.058497413832561324,0,test,platt
0.06,4.6671945805121543e-4,-0.059623474911106616,0,test,platt
0.061,4.586343796693658e-4,-0.06075193441580427,0,test,platt
0.062,4.475092092560306e-4,-0.061882800017526884,0,test,platt
0.063,4.4305273760983463e-4,-0.06301607941989351,0,test,platt
0.064,4.2978547252051525e-4,-0.06415178035944469,0,test,platt
0.065,4.2008745712449416e-4,-0.06528991060581842,0,test,platt
0.066,4.189951211919647e-4,-0.06643047796192744,0,test,platt
0.067,4.147587967206084e-4,-0.06757349026413742,0,test,platt
0.068,4.053409632808774e-4,-0.0687189553824466,0,test,platt
0.069,3.9770255985397014e-4,-0.0698668812206662,0,test,platt
0.07,3.8777689116199657e-4,-0.07101727571660241,0,test,platt
0.071,3.847665311605032e-4,-0.0721701468422392,0,test,platt
0.072,3.7448065864413257e-4,-0.07332550260392265,0,test,platt
0.073,3.6545072103823966e-4,-0.07448335104254608,0,test,platt
0.074,3.5276135988079036e-4,-0.07564370023373675,0,test,platt
0.075,3.468670135336803e-4,-0.07680655828804347,0,test,platt
0.076,3.3817511771656395e-4,-0.07797193335112577,0,test,platt
0.077,3.257685413297147e-4,-0.0791398336039439,0,test,platt
0.078,3.2230266423244656e-4,-0.08031026726295035,0,test,platt
0.079,3.208244089733614e-4,-0.08148324258028254,0,test,platt
0.08,3.165558721114276e-4,-0.08265876784395676,0,test,platt
0.081,3.1127091941987356e-4,-0.08383685137806336,0,test,platt
0.082,3.0716494446019166e-4,-0.08501750154296321,0,test,platt
0.083,3.0221987086157686e-4,-0.086200726735485525,0,test,platt
0.084,3.010604983757175e-4,-0.08738653538912688,0,test,platt
0.085,2.957033821231352e-4,-0.08857493597425162,0,test,platt
0.086,2.9002943339599474e-4,-0.08976593699829345,0,test,platt
0.087,2.876790025384404e-4,-0.09095954700595861,0,test,platt
0.088,2.86249019192489e-4,-0.09215577457943007,0,test,platt
0.089,2.8248445941660567e-4,-0.09335462833857323,0,test,platt
0.09,2.798065679628562e-4,-0.0945561169411431,0,test,platt
0.091,2.7969897790213155e-4,-0.09576024908299254,0,test,platt
0.092,2.770909770420294e-4,-0.09696703349828219,0,test,platt
0.093,2.6881654755393986e-4,-0.09817647895969153,0,test,platt
0.094,2.653339175291591e-4,-0.0993885942786316,0,test,platt
0.095,2.6052356725571384e-4,-0.1006033883054588,0,test,platt
0.096,2.6166217578869167e-4,-0.10182086992969051,0,test,platt
0.097,0.00025293002816484216,-0.10304104808022173,0,test,platt
0.098,2.4862888458191085e-4,-0.10426393172554348,0,test,platt
0.099,2.4440770114301575e-4,-0.10548952987396251,0,test,platt
0.1,2.416878960088836e-4,-0.10671785157382248,0,test,platt
0.11,2.0975849107351404e-4,-0.11915288361397777,0,test,platt
0.12,1.8602796380574166e-4,-0.13187053001868207,0,test,platt
0.13,1.541195666355309e-4,-0.14488053611085083,0,test,platt
0.14,1.4031172515237975e-4,-0.15819310048423282,0,test,platt
0.15,1.193513176083982e-4,-0.17181890166640026,0,test,platt
0.16,9.966844182011732e-5,-0.18576912668623838,0,test,platt
0.17,8.484169572969212e-5,-0.2000555017065545,0,test,platt
0.18,7.106881542292564e-5,-0.2146903248980978,0,test,platt
0.19,6.433472368543242e-5,-0.22968650174869162,0,test,platt
0.2,5.7846817106076365e-5,-0.24505758302055028,0,test,platt
0.21,4.920068211207452e-5,-0.26081780559043066,0,test,platt
0.22,4.46038432743086e-5,-0.2769821364313336,0,test,platt
0.23,3.7929932109826304e-5,-0.2935663200213509,0,test,platt
0.24,3.498775428599991e-5,-0.3105869294953161,0,test,platt
0.25,3.542410949818358e-5,-0.32806142188858695,0,test,platt
0.26,3.283706987410691e-5,-0.3460081978600544,0,test,platt
0.27,3.405092192509746e-5,-0.3644466663238908,0,test,platt
0.28,2.173181185526864e-5,-0.38339731446727815,0,test,platt
0.29,1.7653669192531997e-5,-0.40288178368512706,0,test,platt
0.3,1.475107295213115e-5,-0.42292295202348607,0,test,platt
0.31,1.1644187704305792e-5,-0.4435450237919424,0,test,platt
0.32,1.0285849065805491e-5,-0.46477362708300035,0,test,platt
0.33,7.075822443428854e-6,-0.48663592002453776,0,test,platt
0.34,8.199390915440294e-6,-0.5091607066915762,0,test,platt
0.35,9.68220341439715e-6,-0.5323785637176003,0,test,platt
0.36,7.160192345377533e-6,-0.5563219787756879,0,test,platt
0.37,8.613765227521842e-6,-0.5810255022483178,0,test,platt
0.38,8.31506207850294e-6,-0.6065259135749036,0,test,platt
0.39,9.439839433767789e-6,-0.6328624039613775,0,test,platt
0.4,7.034574935809503e-6,-0.6600767773607338,0,test,platt
0.41,4.688297218115172e-6,-0.6882136718922713,0,test,platt
0.42,5.4838496728662755e-6,-0.7173208041662762,0,test,platt
0.43,3.1999382226802628e-6,-0.7474492393270881,0,test,platt
0.44,3.7685222870408055e-6,-0.7786536900293576,0,test,platt
0.45,3.0148178296326444e-6,-0.8109928480298912,0,test,platt
0.46,2.2611133722244833e-6,-0.8445297526230374,0,test,platt
0.47,7.537044574081611e-7,-0.8793322007857362,0,test,platt
0.48,0,-0.9154732046470003,0,test,platt
0.49,0,-0.9530315027773337,0,test,platt
0.5,0,-0.9920921328328804,0,test,platt
0.51,0,-1.0327470743192657,0,test,platt
0.52,0,-1.0750959717009172,0,test,platt
0.53,0,-1.1192469498222133,0,test,platt
0.54,0,-1.1653175356879135,0,test,platt
0.55,0,-1.213435703147645,0,test,platt
0.56,0,-1.2637410600373642,0,test,platt
0.57,0,-1.3163862009684653,0,test,platt
0.58,0,-1.3715382533724765,0,test,platt
0.59,0,-1.4293806497961954,0,test,platt
0.6,0,-1.4901151660411003,0,test,platt
0.61,0,-1.553964272862667,0,test,platt
0.62,0,-1.621173858990632,0,test,platt
0.63,0,-1.6920163957201084,0,test,platt
0.64,0,-1.7667946289345562,0,test,platt
0.65,0,-1.8458459040469721,0,test,platt
0.66,0,-1.9295472541660008,0,test,platt
0.67,0,-2.0183214133831524,0,test,platt
0.68,0,-2.1126439575513762,0,test,platt
0.69,0,-2.2130518271498065,0,test,platt
0.7,0,-2.320153554721467,0,test,platt
0.71,0,-2.4346416083325524,0,test,platt
0.72,0,-2.557307380058715,0,test,platt
0.73,0,-2.689059505246074,0,test,platt
0.74,0,-2.8309464092940004,0,test,platt
0.75,0,-2.984184265665761,0,test,platt
0.76,0,-3.1501919434018344,0,test,platt
0.77,0,-3.330635071375827,0,test,platt
0.78,0,-3.5274821200747284,0,test,platt
0.79,0,-3.7430765067449543,0,test,platt
0.8,0,-3.980230332082202,0,test,platt
0.81,0,-4.242347717981265,0,test,platt
0.82,0,-4.533589257869111,0,test,platt
0.83,0,-4.859094508331999,0,test,platt
0.84,0,-5.225287915102751,0,test,platt
0.85,0,-5.640307109442934,0,test,platt
0.86,0,-6.11461476011743,0,test,platt
0.87,0,-6.661892818588001,0,test,platt
0.88,0,-7.300383886803669,0,test,platt
0.89,0,-8.054964240149458,0,test,platt
0.9,0,-8.960460664164405,0,test,platt
0.905,0,-9.48469543596253,0,test,platt
0.91,0,-10.067178515738227,0,test,platt
0.915,0,-10.718189016664008,0,test,platt
0.92,0,-11.45057583020551,0,test,platt
0.925,0,-12.280614218885876,0,test,platt
0.93,0,-13.22922952023487,0,test,platt
0.935,0,-14.323785637176016,0,test,platt
0.94,0,-15.600767773607322,0,test,platt
0.945,0,-17.109928480298898,0,test,platt
0.95,0,-18.920921328328788,0,test,platt
0.955,0,-21.13435703147643,0,test,platt
0.96,0,-23.901151660410985,0,test,platt
0.965,0,-27.458459040469695,0,test,platt
0.97,0,-32.20153554721465,0,test,platt
0.975,0,-38.841842656657576,0,test,platt
0.98,0,-48.80230332082197,0,test,platt
0.985,0,-65.4030710944293,0,test,platt
0.99,0,-98.60460664164394,0,test,platt
0.991,0,-109.67178515738215,0,test,platt
0.992,0,-123.50575830205491,0,test,platt
0.993,0,-141.29229520234847,0,test,platt
0.994,0,-165.00767773607325,0,test,platt
0.995,0,-198.20921328328788,0,test,platt
0.996,0,-248.01151660410986,0,test,platt
0.997,0,-331.01535547214644,0,test,platt
0.998,0,-497.02303320821966,0,test,platt
0.999,0,-995.0460664164393,0,test,platt
1e-4,0.0037116213689915014,0.003690839907426233,0,validation,beta
2e-4,0.0036539731566649037,0.0035911890612477402,0,validation,beta
3e-4,0.0035977886712227894,0.0034915182789191663,0,validation,beta
4e-4,0.003541026495263135,0.0033918275544572735,0,validation,beta
5e-4,0.0034901690537200596,0.003292116881876429,0,validation,beta
6e-4,0.0034505185661813705,0.003192386255188604,0,validation,beta
7e-4,0.0034188592751015017,0.003092635668403373,0,validation,beta
8e-4,0.0033840075499776885,0.0029928651155279127,0,validation,beta
9e-4,0.003352442254047105,0.002893074590567001,0,validation,beta
0.001,0.0033264064603095943,0.0027932640875230137,0,validation,beta
0.0011,0.0032898763386915737,0.002693433600395926,0,validation,beta
0.0012,0.003249637465641726,0.0025935831231833108,0,validation,beta
0.0013,0.003218962791682052,0.0024937126498803352,0,validation,beta
0.0014,0.0031844096017455206,0.0023938221744797625,0,validation,beta
0.0015,0.0031547565100641965,0.0022939116909719485,0,validation,beta
0.0016,0.003123429238179872,0.002193981193344842,0,validation,beta
0.0017,0.0030817749967777543,0.002094030675583983,0,validation,beta
0.0018,0.003047014769213628,0.001994060131672501,0,validation,beta
0.0019,0.003017839697641211,0.0018940695555911137,0,validation,beta
0.002,0.0029912454982375042,0.001794058941318127,0,validation,beta
0.0021,0.0029625654503832744,0.0016940282828294328,0,validation,beta
0.0022,0.0029389129332080747,0.0015939775740985073,0,validation,beta
0.0023,0.0029045497502068495,0.0014939068090964124,0,validation,beta
0.0024,0.0028797994773478797,0.0013938159817917916,0,validation,beta
0.0025,0.0028554033897061795,0.0012937050861508682,0,validation,beta
0.0026,0.002833291589552373,0.0011935741161374484,0,validation,beta
0.0027,0.002809181259678922,0.0010934230657129152,0,validation,beta
0.0028,0.002783838076503694,9.93251928836232e-4,0,validation,beta
0.0029,0.0027629235419739974,8.930606994639366e-4,0,validation,beta
0.003,0.0027466482601117273,7.928493715501409e-4,0,validation,beta
0.0031,0.0027201509488908116,6.926179390465354e-4,0,validation,beta
0.0032,0.002700529864377253,5.923663959023781e-4,0,validation,beta
0.0033,0.002678937592724518,4.920947360645038e-4,0,validation,beta
0.0034,0.002650956208436256,3.9180295347731415e-4,0,validation,beta
0.0035,0.002637162372058685,2.9149104208278046e-4,0,validation,beta
0.0036,0.002616666395280395,1.9115899582044463e-4,0,validation,beta
0.0037,0.0025893576227614366,9.0806808627412125e-05,0,validation,beta
0.0038,0.0025631244615031356,-9.565525561643692e-6,0,validation,beta
0.0039,0.0025510837738967,-1.0995801281448586e-4,0,validation,beta
0.004,0.002525184351390274,-2.1037065920131472e-4,0,validation,beta
0.0041,0.0025061555887392365,-3.1080347079476874e-4,0,validation,beta
0.0042,0.002487741469486778,-4.112564536699224e-4,0,validation,beta
0.0043,0.002472078276609188,-5.117296139042979e-4,0,validation,beta
0.0044,0.0024542277819334228,-6.12222957577852e-4,0,validation,beta
0.0045,0.002434207521937472,-7.127364907729868e-4,0,validation,beta
0.0046,0.002416946108476599,-8.132702195745517e-4,0,validation,beta
0.0047,0.0024066014506800484,-9.138241500698373e-4,0,validation,beta
0.0048,0.0023848877776300836,-0.0010143982883485817,0,validation,beta
0.0049,0.0023641558458866565,-0.001114992640502974,0,validation,beta
0.005,0.0023505627625126217,-0.0012156072126276478,0,validation,beta
0.0051,0.0023253102219567452,-0.0013162420108196902,0,validation,beta
0.0052,0.002309310134175257,-0.001416897041178638,0,validation,beta
0.0053,0.002296263412597566,-0.0015175723098064834,0,validation,beta
0.0054,0.002281434677914128,-0.0016182678228076706,0,validation,beta
0.0055,0.0022598204079869724,-0.0017189835862890983,0,validation,beta
0.0056,0.0022382899461573,-0.0018197196063601262,0,validation,beta
0.0057,0.002223739014656033,-0.0019204758891325658,0,validation,beta
0.0058,0.002210891933922876,-0.0020212524407206885,0,validation,beta
0.0059,0.002196315747918556,-0.0021220492672412326,0,validation,beta
0.006,0.002182348115087408,-0.00222286637481339,0,validation,beta
0.0061,0.0021702213141420877,-0.0023237037695588185,0,validation,beta
0.0062,0.0021580092647081606,-0.0024245614576016393,0,validation,beta
0.0063,0.002150659091584725,-0.0025254394450684404,0,validation,beta
0.0064,0.0021352738965239185,-0.002626337738088274,0,validation,beta
0.0065,0.0021172576822764584,-0.0027272563427926605,0,validation,beta
0.0066,0.0021017906147674705,-0.002828195265315592,0,validation,beta
0.0067,0.002084610082370904,-0.0029291545117935266,0,validation,beta
0.0068,0.002077058785754842,-0.0030301340883653934,0,validation,beta
0.0069,0.002061509138914666,-0.0031311340011726,0,validation,beta
0.007,0.0020462216493778084,-0.0032321542563590227,0,validation,beta
0.0071,0.002035938748687175,-0.003333194860071014,0,validation,beta
0.0072,0.0020262623976396105,-0.0034342558184574023,0,validation,beta
0.0073,0.0020116963905521474,-0.003535337137669496,0,validation,beta
0.0074,0.002000319410694649,-0.0036364388238610814,0,validation,beta
0.0075,0.0019890262091385906,-0.003737560883188421,0,validation,beta
0.0076,0.0019734375696833233,-0.0038387033218102674,0,validation,beta
0.0077,0.001961851145067405,-0.003939866145887846,0,validation,beta
0.0078,0.0019411000503079155,-0.004041049361584871,0,validation,beta
0.0079,0.0019276197933746411,-0.004142252975067543,0,validation,beta
0.008,0.0019120074065129009,-0.004243476992504545,0,validation,beta
0.0081,0.001896510685282152,-0.004344721420067052,0,validation,beta
0.0082,0.0018809941538956824,-0.004445986263928725,0,validation,beta
0.0083,0.001871313544464433,-0.004547271530265715,0,validation,beta
0.0084,0.0018557904403402193,-0.004648577225256663,0,validation,beta
0.0085,0.0018435075236569254,-0.004749903355082713,0,validation,beta
0.0086,0.001828622249960041,-0.004851249925927486,0,validation,beta
0.0087,0.0018205478955764683,-0.00495261694397711,0,validation,beta
0.0088,0.0018126496942273578,-0.005054004415420208,0,validation,beta
0.0089,0.0018046036877372024,-0.005155412346447896,0,validation,beta
0.009,0.0018022092294943564,-0.005256840743253792,0,validation,beta
0.0091,0.0017948071194148962,-0.005358289612034019,0,validation,beta
0.0092,0.0017825576703517495,-0.005459758958987192,0,validation,beta
0.0093,0.0017731149065747644,-0.005561248790314433,0,validation,beta
0.0094,0.0017682168138213202,-0.005662759112219371,0,validation,beta
0.0095,0.0017595349318144445,-0.005764289930908136,0,validation,beta
0.0096,0.0017536190821709828,-0.005865841252589366,0,validation,beta
0.0097,0.0017353959133173558,-0.00596741308347421,0,validation,beta
0.0098,0.0017281588814479273,-0.0060690054297763175,0,validation,beta
0.0099,0.00172368788259513,-0.006170618297711858,0,validation,beta
0.01,0.0017174522669028162,-0.006272251693499506,0,validation,beta
0.011,0.0016493128583262918,-0.007289716053149148,0,validation,beta
0.012,0.0015751370247076972,-0.008309240057251527,0,validation,beta
0.013,0.0014911203995675755,-0.009330829966124122,0,validation,beta
0.014,0.0014395701376063812,-0.010354492065481245,0,validation,beta
0.015,0.0013947034642075645,-0.011380232666562951,0,validation,beta
0.016,0.001318215157221679,-0.012408058106264747,0,validation,beta
0.017,0.0012697941330854702,-0.013437974747268069,0,validation,beta
0.018,0.0012206323054334515,-0.014469988978171595,0,validation,beta
0.019,0.001151223339840024,-0.015504107213623351,0,validation,beta
0.02,0.0011168551199948373,-0.01654033589445358,0,validation,beta
0.021,0.0010577332468924023,-0.017578681487808487,0,validation,beta
0.022,0.0010326929920628654,-0.018619150487284776,0,validation,beta
0.023,9.923756422907221e-4,-0.019661749413065,0,validation,beta
0.024,9.583866096206215e-4,-0.0207064848120538,0,validation,beta
0.025,9.209975397633893e-4,-0.02175336325801488,0,validation,beta
0.026,9.032585921815788e-4,-0.02280239135170894,0,validation,beta
0.027,8.796868175926937e-4,-0.02385357572103238,0,validation,beta
0.028,8.327283911781719e-4,-0.024906923021156904,0,validation,beta
0.029,7.917694283851298e-4,-0.02596243993466994,0,validation,beta
0.03,7.603073763717243e-4,-0.02702013317171599,0,validation,beta
0.031,7.431903404867488e-4,-0.028080009470138813,0,validation,beta
0.032,7.435491950976467e-4,-0.02914207559562449,0,validation,beta
0.033,7.028812897194772e-4,-0.030206338341845412,0,validation,beta
0.034,6.737133213141676e-4,-0.03127280453060508,0,validation,beta
0.035,6.559211421706439e-4,-0.03234148101198395,0,validation,beta
0.036,6.456406073386604e-4,-0.033412374664486,0,validation,beta
0.037,6.157673303611478e-4,-0.034485492395186404,0,validation,beta
0.038,6.007698315390623e-4,-0.03556084113987995,0,validation,beta
0.039,5.80505326019957e-4,-0.0366384278632305,0,validation,beta
0.04,5.697819342507986e-4,-0.037718259558921365,0,validation,beta
0.041,5.567765940865207e-4,-0.03880034324980658,0,validation,beta
0.042,5.459476885754158e-4,-0.03988468598806316,0,validation,beta
0.043,5.325163844805124e-4,-0.04097129485534431,0,validation,beta
0.044,5.24483903030043e-4,-0.042060176962933585,0,validation,beta
0.045,4.928097960719789e-4,-0.04315133945190001,0,validation,beta
0.046,4.790109842290367e-4,-0.0442447894932542,0,validation,beta
0.047,4.745084193442761e-4,-0.045340534288105465,0,validation,beta
0.048,4.7140110857905664e-4,-0.04643858106781986,0,validation,beta
0.049,4.5668501660459224e-4,-0.0475389370941793,0,validation,beta
0.05,4.3524797717972954e-4,-0.04864160965954159,0,validation,beta
0.051,4.1436900941990164e-4,-0.049746606087001585,0,validation,beta
0.052,4.0760429317020404e-4,-0.05085393373055328,0,validation,beta
0.053,3.9658181621814604e-4,-0.05196359997525291,0,validation,beta
0.054,3.917625946759603e-4,-0.0530756122373832,0,validation,beta
0.055,3.891221113152621e-4,-0.05418997796461853,0,validation,beta
0.056,3.7821322045572374e-4,-0.055306704636191216,0,validation,beta
0.057,3.626948320642749e-4,-0.056425799763058865,0,validation,beta
0.058,3.52214264628814e-4,-0.05754727088807273,0,validation,beta
0.059,3.42452883004786e-4,-0.058671125586147184,0,validation,beta
0.06,3.3401249206720335e-4,-0.059797371464430316,0,validation,beta
0.061,3.1845475326382075e-4,-0.060926016162475505,0,validation,beta
0.062,3.070455166333702e-4,-0.06205706735241419,0,validation,beta
0.063,2.88774251737649e-4,-0.06319053273912968,0,validation,beta
0.064,2.7804240258452707e-4,-0.06432642006043217,0,validation,beta
0.065,2.6688100379115246e-4,-0.06546473708723477,0,validation,beta
0.066,2.60196968199886e-4,-0.06660549162373074,0,validation,beta
0.067,2.5037310527811454e-4,-0.06774869150757182,0,validation,beta
0.068,2.5010667372597285e-4,-0.06889434461004776,0,validation,beta
0.069,2.532168878175181e-4,-0.07004245883626693,0,validation,beta
0.07,2.494759082257604e-4,-0.0711930421253382,0,validation,beta
0.071,2.3626908260036171e-4,-0.07234610245055383,0,validation,beta
0.072,2.1739975320877184e-4,-0.07350164781957381,0,validation,beta
0.073,2.172796546707426e-4,-0.07465968627461111,0,validation,beta
0.074,2.186855603417443e-4,-0.07582022589261826,0,validation,beta
0.075,2.0289580729141175e-4,-0.07698327478547513,0,validation,beta
0.076,2.0163180812055758e-4,-0.07814884110017803,0,validation,beta
0.077,1.9265806890966135e-4,-0.0793169330190298,0,validation,beta
0.078,1.8659480889225114e-4,-0.08048755875983135,0,validation,beta
0.079,1.8975481623582712e-4,-0.08166072657607439,0,validation,beta
0.08,1.7822067511508502e-4,-0.08283644475713534,0,validation,beta
0.081,1.7021415101028627e-4,-0.08401472162847064,0,validation,beta
0.082,1.6441183335291407e-4,-0.0851955655518132,0,validation,beta
0.083,1.63149868951156e-4,-0.08637898492537023,0,validation,beta
0.084,1.6270055619352607e-4,-0.08756498818402239,0,validation,beta
0.085,1.5596427654315114e-4,-0.08875358379952406,0,validation,beta
0.086,1.5210523301994197e-4,-0.08994478028070514,0,validation,beta
0.087,1.500747561915311e-4,-0.09113858617367414,0,validation,beta
0.088,1.3758920641511734e-4,-0.09233501006202248,0,validation,beta
0.089,1.4044290349763148e-4,-0.09353406056703018,0,validation,beta
0.09,1.352572298110277e-4,-0.09473574634787307,0,validation,beta
0.091,1.2376957214298091e-4,-0.09594007610183114,0,validation,beta
0.092,1.2234443662046898e-4,-0.09714705856449835,0,validation,beta
0.093,1.1258501995989426e-4,-0.09835670250999394,0,validation,beta
0.094,1.1510105389735695e-4,-0.09956901675117495,0,validation,beta
0.095,1.1509974475186057e-4,-0.10078401013985028,0,validation,beta
0.096,1.1399019470593915e-4,-0.10200169156699614,0,validation,beta
0.097,1.1539181947953681e-4,-0.10322206996297287,0,validation,beta
0.098,1.1368759693605583e-4,-0.10444515429774336,0,validation,beta
0.099,1.0968127590683724e-4,-0.10567095358109269,0,validation,beta
0.1,1.0112891675773236e-4,-0.10689947686284945,0,validation,beta
0.11,8.482734745236291e-5,-0.11933654963658932,0,validation,beta
0.12,5.3365437980822605e-05,-0.13205628315518692,0,validation,beta
0.13,4.344010912155408e-5,-0.14506842434087874,0,validation,beta
0.14,4.9353869951876595e-5,-0.15838317346112152,0,validation,beta
0.15,2.6045921327110726e-5,-0.17201121079595827,0,validation,beta
0.16,1.810310549190716e-5,-0.18596372521019583,0,validation,beta
0.17,1.3121223236409242e-5,-0.2002524447910416,0,validation,beta
0.18,1.729015398272971e-5,-0.21488966972751766,0,validation,beta
0.19,1.5377779588877135e-5,-0.22988830762538826,0,validation,beta
0.2,1.2299462848913397e-5,-0.24526191147070564,0,validation,beta
0.21,6.793719410216878e-7,-0.2610247204766639,0,validation,beta
0.22,-7.454219908432366e-7,-0.2771917040725186,0,validation,beta
0.23,4.93721058870195e-7,-0.29377860932021366,0,validation,beta
0.24,1.059283881724599e-6,-0.310802012074427,0,validation,beta
0.25,2.9816879633729455e-6,-0.3282793722354193,0,validation,beta
0.26,-1.2087924175836295e-7,-0.34622909348184394,0,validation,beta
0.27,5.820418284666364e-7,-0.3646705879131021,0,validation,beta
0.28,4.969479938954906e-7,-0.3836243460785619,0,validation,beta
0.29,4.094571498998058e-7,-0.40311201292473875,0,validation,beta
0.3,1.2778662700169764e-6,-0.423156470252235,0,validation,beta
0.31,1.2315667674801294e-6,-0.4437819263428472,0,validation,beta
0.32,1.1839055148686692e-6,-0.46501401349494786,0,validation,beta
0.33,1.134821538298658e-6,-0.48687989429337997,0,validation,beta
0.34,2.236265972529709e-6,-0.5094083775402493,0,validation,beta
0.35,2.236265972529709e-6,-0.5326300448870223,0,validation,beta
0.36,2.236265972529709e-6,-0.556577389338382,0,validation,beta
0.37,0,-0.5812849669469278,0,validation,beta
0.38,0,-0.6067895631880073,0,validation,beta
0.39,0,-0.6331303756992861,0,validation,beta
0.4,0,-0.66034921529427415,0,validation,beta
0.41,0,-0.6884907274179057,0,validation,beta
0.42,0,-0.717602636511318,0,validation,beta
0.43,0,-0.7477360160992358,0,validation,beta
0.44,0,-0.7789455878152937,0,validation,beta
0.45,0,-0.8112900530482989,0,validation,beta
0.46,0,-0.8448324614380823,0,validation,beta
0.47,0,-0.8796406210878575,0,validation,beta
0.48,0,-0.9157875561087777,0,validation,beta
0.49,0,-0.9533520179932636,0,validation,beta
0.5,0,-0.9924190583531289,0,validation,beta
0.51,0,-1.0330806717889072,0,validation,beta
0.52,0,-1.0754365191178428,0,validation,beta
0.53,0,-1.1195947429288609,0,validation,beta
0.54,0,-1.1656728895142707,0,validation,beta
0.55,0,-1.2137989537256992,0,validation,beta
0.56,0,-1.264112566310374,0,validation,beta
0.57,0,-1.3167663469222426,0,validation,beta
0.58,0,-1.3719274504203913,0,validation,beta
0.59,0,-1.429779339455035,0,validation,beta
0.6,0,-1.490523822941411,0,validation,beta
0.61,0,-1.5543834081450372,0,validation,beta
0.62,0,-1.6216040241488539,0,validation,beta
0.63,0,-1.6924581869636877,0,validation,beta
0.64,0,-1.7672486921571235,0,validation,beta
0.65,0,-1.8463129405044703,0,validation,beta
0.66,0,-1.9300280269898957,0,validation,beta
0.67,0,-2.018816755080499,0,validation,beta
0.68,0,-2.1131547786767646,0,validation,beta
0.69,0,-2.213579126376014,0,validation,beta
0.7,0,-2.320698430588548,0,validation,beta
0.71,0,-2.435205273022636,0,validation,beta
0.72,0,-2.5578911756305875,0,validation,beta
0.73,0,-2.6896649228761644,0,validation,beta
0.74,0,-2.8315751122175556,0,validation,beta
0.75,0,-2.9848381167062583,0,validation,beta
0.76,0,-3.150873038235686,0,validation,beta
0.77,0,-3.3313457790285415,0,validation,beta
0.78,0,-3.528225132620748,0,validation,beta
0.79,0,-3.7438549008407844,0,validation,beta
0.8,0,-3.9810476458828234,0,validation,beta
0.81,0,-4.243208048297709,0,validation,beta
0.82,0,-4.534497384314245,0,validation,beta
0.83,0,-4.86005605397979,0,validation,beta
0.84,0,-5.2263095573535265,0,validation,beta
0.85,0,-5.641396861177095,0,validation,beta
0.86,0,-6.115782351261174,0,validation,beta
0.87,0,-6.66315022443511,0,validation,beta
0.88,0,-7.301746076471371,0,validation,beta
0.89,0,-8.056450265241496,0,validation,beta
0.9,0,-8.962095291765646,0,validation,beta
0.905,0,-9.486416096595418,0,validation,beta
0.91,0,-10.068994768628498,0,validation,beta
0.915,0,-10.720112107959586,0,validation,beta
0.92,0,-11.452619114707062,0,validation,beta
0.925,0,-12.282793722354201,0,validation,beta
0.93,0,-13.231564702522359,0,validation,beta
0.935,0,-14.326300448870235,0,validation,beta
0.94,0,-15.603492152942726,0,validation,beta
0.945,0,-17.112900530482975,0,validation,beta
0.95,0,-18.92419058353127,0,validation,beta
0.955,0,-21.13798953725697,0,validation,beta
0.96,0,-23.905238229414092,0,validation,beta
0.965,0,-27.463129405044672,0,validation,beta
0.97,0,-32.20698430588546,0,validation,beta
0.975,0,-38.84838116706255,0,validation,beta
0.98,0,-48.810476458828184,0,validation,beta
0.985,0,-65.41396861177091,0,validation,beta
0.99,0,-98.62095291765637,0,validation,beta
0.991,0,-109.68994768628485,0,validation,beta
0.992,0,-123.52619114707045,0,validation,beta
0.993,0,-141.31564702522334,0,validation,beta
0.994,0,-165.03492152942724,0,validation,beta
0.995,0,-198.2419058353127,0,validation,beta
0.996,0,-248.05238229414087,0,validation,beta
0.997,0,-331.06984305885453,0,validation,beta
0.998,0,-497.1047645882818,0,validation,beta
0.999,0,-995.2095291765636,0,validation,beta
1e-4,0.0038778186294789805,0.0038543190154613264,0,test,beta
2e-4,0.003816143623364327,0.003754684520463873,0,test,beta
3e-4,0.0037670022120912944,0.0036550300925875566,0,test,beta
4e-4,0.003722023638138232,0.00355535572585012,0,test,beta
5e-4,0.003677793463427021,0.003455661414266914,0,test,beta
6e-4,0.003641310790785661,0.0033559471518508906,0,test,beta
7e-4,0.0035955014452925954,0.0032562129326126087,0,test,beta
8e-4,0.0035548328923770017,0.003156458750560228,0,test,beta
9e-4,0.0035192000812911484,0.0030566845996995097,0,test,beta
0.001,0.0034817848946792703,0.002956890474033814,0,test,beta
0.0011,0.003440140521114778,0.0028570763675641007,0,test,beta
0.0012,0.0034018255995740087,0.002757242274288927,0,test,beta
0.0013,0.003364133167507183,0.002657388188204446,0,test,beta
0.0014,0.0033337481802369682,0.002557514103304406,0,test,beta
0.0015,0.003302965422070005,0.0024576200135801502,0,test,beta
0.0016,0.003273740675806203,0.002357705913020613,0,test,beta
0.0017,0.0032404482395392868,0.0022577717956123212,0,test,beta
0.0018,0.0032138861119915905,0.0021578176553393906,0,test,beta
0.0019,0.003187013434632058,0.0020578434861835285,0,test,beta
0.002,0.003159908203328377,0.0019578492821240284,0,test,beta
0.0021,0.003139241074460591,0.0018578350371377698,0,test,beta
0.0022,0.0031151682376970606,0.0017578007451992182,0,test,beta
0.0023,0.003084254807477479,0.001657746400280425,0,test,beta
0.0024,0.003061201781092482,0.001557671996351023,0,test,beta
0.0025,0.0030352755220480086,0.001457577527378226,0,test,beta
0.0026,0.0030123038693469963,0.00135746298732683,0,test,beta
0.0027,0.0029882729677731734,0.0012573283701592095,0,test,beta
0.0028,0.002967441775363215,0.0011571736698353192,0,test,beta
0.0029,0.0029421985450022313,0.0010569988803126873,0,test,beta
0.003,0.0029205609260589014,9.568039955464192e-4,0,test,beta
0.0031,0.00289681148175815,8.565890094891968e-4,0,test,beta
0.0032,0.0028771754263698856,7.563539160912723e-4,0,test,beta
0.0033,0.0028578097044777836,6.56098709300472e-4,0,test,beta
0.0034,0.002829189028191563,5.558233830621922e-4,0,test,beta
0.0035,0.002804604626722781,4.5552793131939774e-4,0,test,beta
0.0036,0.002785353400159294,3.552123480126258e-4,0,test,beta
0.0037,0.0027666457149990668,2.5487662707997585e-4,0,test,beta
0.0038,0.0027460862530423154,1.5452076245711698e-4,0,test,beta
0.0039,0.00272637965101536,5.414474807728144e-5,0,test,beta
0.004,0.002705202697765542,-4.625142212873537e-5,0,test,beta
0.0041,0.002688437008594097,-1.4666775423257446e-4,0,test,beta
0.0042,0.002667084266468346,-2.471042543083146e-4,0,test,beta
0.0043,0.0026468129421941926,-3.4756092843247956e-4,0,test,beta
0.0044,0.002625425460715552,-4.4803778268402965e-4,0,test,beta
0.0045,0.0026115870805864666,-5.485348231443685e-4,0,test,beta
0.0046,0.002592130314467882,-6.490520558973473e-4,0,test,beta
0.0047,0.002577385497666373,-7.495894870292574e-4,0,test,beta
0.0048,0.002559753616678709,-8.501471226288375e-4,0,test,beta
0.0049,0.0025425067462532523,-9.507249687872778e-4,0,test,beta
0.005,0.0025184333764270484,-0.0010513230315982109,0,test,beta
0.0051,0.002504746122195112,-0.0011519413171577246,0,test,beta
0.0052,0.002493133425090714,-0.001252579831564354,0,test,beta
0.0053,0.002480280732610674,-0.0013532385809190911,0,test,beta
0.0054,0.0024684901598010164,-0.0014539175713253775,0,test,beta
0.0055,0.0024559120596585916,-0.0015546168088891093,0,test,beta
0.0056,0.002440918878152572,-0.0016553362997186443,0,test,beta
0.0057,0.002425918360076394,-0.0017560760499247914,0,test,beta
0.0058,0.002415539091593541,-0.0018568360656208201,0,test,beta
0.0059,0.0024033879965357162,-0.0019576163529224627,0,test,beta
0.006,0.002389261328079422,-0.002058416917947908,0,test,beta
0.0061,0.002374238124723493,-0.0021592377668178094,0,test,beta
0.0062,0.0023598826327596556,-0.002260078905655283,0,test,beta
0.0063,0.002345658654664652,-0.0023609403405859108,0,test,beta
0.0064,0.002329835197969032,-0.0024618220777377414,0,test,beta
0.0065,0.002316658773442684,-0.0025627241232412876,0,test,beta
0.0066,0.002308118157539151,-0.002663646483229535,0,test,beta
0.0067,0.002292134384747485,-0.002764589163837935,0,test,beta
0.0068,0.0022788258822924175,-0.0028655521712044095,0,test,beta
0.0069,0.0022650830139166324,-0.0029665355114693584,0,test,beta
0.007,0.002252545581776121,-0.00306753919077565,0,test,beta
0.0071,0.0022415921307309423,-0.0031685632152686277,0,test,beta
0.0072,0.0022294426016036427,-0.003269607591096111,0,test,beta
0.0073,0.0022144250748245093,-0.003370672324408401,0,test,beta
0.0074,0.0022029068256335218,-0.003471757421358272,0,test,beta
0.0075,0.00218970129875998,-0.003572862888100976,0,test,beta
0.0076,0.0021797676693402733,-0.0036739887307942563,0,test,beta
0.0077,0.0021633303399197076,-0.0037751349555983273,0,test,beta
0.0078,0.0021479691308056255,-0.0038763015686758915,0,test,beta
0.0079,0.002141130095301382,-0.003977488576192139,0,test,beta
0.008,0.0021291178399900027,-0.004078695984314738,0,test,beta
0.0081,0.0021220262151434273,-0.004179923799213852,0,test,beta
0.0082,0.0021124665601972106,-0.00428117202706213,0,test,beta
0.0083,0.0021023265317574747,-0.004382440674034708,0,test,beta
0.0084,0.002090434732778569,-0.004483729746309216,0,test,beta
0.0085,0.0020742368559928935,-0.00458503925006578,0,test,beta
0.0086,0.0020662771968445203,-0.004686369191487008,0,test,beta
0.0087,0.002052364228855256,-0.004787719576758014,0,test,beta
0.0088,0.0020419319794562673,-0.004889090412066406,0,test,beta
0.0089,0.002026244583896575,-0.00499048170360228,0,test,beta
0.009,0.002016936705055702,-0.005091893457558243,0,test,beta
0.0091,0.0020073023123000134,-0.005193325680129398,0,test,beta
0.0092,0.001992343336412476,-0.0052947783775133435,0,test,beta
0.0093,0.0019823791307852336,-0.005396251555910184,0,test,beta
0.0094,0.001962540039350951,-0.005497745221522531,0,test,beta
0.0095,0.00195338356573797,-0.005599259380555496,0,test,beta
0.0096,0.0019471936392896122,-0.0057007940392167,0,test,beta
0.0097,0.0019374476536728157,-0.005802349203716268,0,test,beta
0.0098,0.0019297484482220823,-0.005903924880266835,0,test,beta
0.0099,0.0019212492221204395,-0.0060055210750835485,0,test,beta
0.01,0.0019069027299479975,-0.006107137794384061,0,test,beta
0.011,0.0018212410864921818,-0.007124435203680706,0,test,beta
0.012,0.0017365930471343574,-0.008143791919473908,0,test,beta
0.013,0.0016695065364809069,-0.00916521420105392,0,test,beta
0.014,0.0015871104857657335,-0.01018870833310367,0,test,beta
0.015,0.0015278086720087096,-0.011214280625827633,0,test,beta
0.016,0.0014729652338806207,-0.012241937415081526,0,test,beta
0.017,0.001430629202755347,-0.013271685062502769,0,test,beta
0.018,0.0013804749529272423,-0.014303529955641773,0,test,beta
0.019,0.0013235242347637108,-0.015337478508094006,0,test,beta
0.02,0.0012733913716528986,-0.01637353715963288,0,test,beta
0.021,0.001230852500099275,-0.017411712376343435,0,test,beta
0.022,0.0011850700179110388,-0.018452010650756873,0,test,beta
0.023,0.0011564364439757746,-0.019494438501985897,0,test,beta
0.024,0.0011216728581634472,-0.02053900247586088,0,test,beta
0.025,0.001084232850614617,-0.021585709145066894,0,test,beta
0.026,0.001058721067847237,-0.02263456510928154,0,test,beta
0.027,0.001036311869550041,-0.02368557699531369,0,test,beta
0.028,9.994927537984998e-4,-0.024738751457243024,0,test,beta
0.029,9.676594964766761e-4,-0.025794095176560478,0,test,beta
0.03,9.337543510892117e-4,-0.026851614862309508,0,test,beta
0.031,9.092771467116915e-4,-0.027911317251228304,0,test,beta
0.032,8.770690588872406e-4,-0.028973209107892788,0,test,beta
0.033,8.618115535270538e-4,-0.030037297224860624,0,test,beta
0.034,8.420938602673131e-4,-0.031103588422815968,0,test,beta
0.035,8.195813511491884e-4,-0.03217208955071525,0,test,beta
0.036,7.974537173860978e-4,-0.033242807485933834,0,test,beta
0.037,7.720939069733345e-4,-0.03431574913441353,0,test,beta
0.038,7.437605728204018e-4,-0.035390921430811045,0,test,beta
0.039,7.217751523451603e-4,-0.03646833133864748,0,test,beta
0.04,7.131300341176884e-4,-0.03754798585045857,0,test,beta
0.041,6.966885621348215e-4,-0.038629891987946016,0,test,beta
0.042,6.867962717340278e-4,-0.039714056802129666,0,test,beta
0.043,6.700149101170812e-4,-0.040800487373500754,0,test,beta
0.044,6.581101343227487e-4,-0.04188919081217596,0,test,beta
0.045,6.456208705578494e-4,-0.04298017425805259,0,test,beta
0.046,6.256142019788265e-4,-0.044073444880964596,0,test,beta
0.047,6.063342777811707e-4,-0.04516900988083969,0,test,beta
0.048,5.94026784502975e-4,-0.04626687648785738,0,test,beta
0.049,5.861554017491238e-4,-0.047367051962608014,0,test,beta
0.05,5.71863339894529e-4,-0.04846954359625287,0,test,beta
0.051,5.599984408086504e-4,-0.04957435871068516,0,test,beta
0.052,5.453226659665166e-4,-0.050681504658692214,0,test,beta
0.053,5.357071824278206e-4,-0.051790988824118506,0,test,beta
0.054,5.285460065821822e-4,-0.052902818622029835,0,test,beta
0.055,5.128021686908615e-4,-0.054017001498878545,0,test,beta
0.056,5.054993598621972e-4,-0.055133544932669726,0,test,beta
0.057,4.969885630503832e-4,-0.05625245643312855,0,test,beta
0.058,4.893910256810311e-4,-0.05737374354186861,0,test,beta
0.059,4.770917176947012e-4,-0.058497413832561324,0,test,beta
0.06,4.6752127130377733e-4,-0.059623474911106616,0,test,beta
0.061,4.622825018833382e-4,-0.06075193441580427,0,test,beta
0.062,4.500274499484798e-4,-0.061882800017526884,0,test,beta
0.063,4.4008135632310496e-4,-0.06301607941989351,0,test,beta
0.064,4.3923576687109446e-4,-0.06415178035944469,0,test,beta
0.065,4.3277548724171826e-4,-0.06528991060581842,0,test,beta
0.066,4.209269932166276e-4,-0.06643047796192744,0,test,beta
0.067,4.1212042720517974e-4,-0.06757349026413742,0,test,beta
0.068,4.064893112739241e-4,-0.0687189553824466,0,test,beta
0.069,3.968314685584049e-4,-0.0698668812206662,0,test,beta
0.07,3.862613778981759e-4,-0.07101727571660241,0,test,beta
0.071,3.76155315755842e-4,-0.0721701468422392,0,test,beta
0.072,3.657350879573102e-4,-0.07332550260392265,0,test,beta
0.073,3.5558020095956093e-4,-0.07448335104254608,0,test,beta
0.074,3.482489003647311e-4,-0.07564370023373675,0,test,beta
0.075,3.4731516212997704e-4,-0.07680655828804347,0,test,beta
0.076,3.417609237715058e-4,-0.07797193335112577,0,test,beta
0.077,3.3693855570987314e-4,-0.0791398336039439,0,test,beta
0.078,3.318768362554014e-4,-0.08031026726295035,0,test,beta
0.079,3.279432744185228e-4,-0.08148324258028254,0,test,beta
0.08,3.2406014692649163e-4,-0.08265876784395676,0,test,beta
0.081,3.168273369377629e-4,-0.08383685137806336,0,test,beta
0.082,3.1302709024003296e-4,-0.08501750154296321,0,test,beta
0.083,3.1180761622217256e-4,-0.086200726735485525,0,test,beta
0.084,3.082585405082574e-4,-0.08738653538912688,0,test,beta
0.085,3.056621656095447e-4,-0.08857493597425162,0,test,beta
0.086,3.0507218691026134e-4,-0.08976593699829345,0,test,beta
0.087,3.01560207852042e-4,-0.09095954700595861,0,test,beta
0.088,2.9521413537008084e-4,-0.09215577457943007,0,test,beta
0.089,2.867088446630668e-4,-0.09335462833857323,0,test,beta
0.09,2.8774117093205415e-4,-0.0945561169411431,0,test,beta
0.091,2.796069413842303e-4,-0.09576024908299254,0,test,beta
0.092,2.743152196570373e-4,-0.09696703349828219,0,test,beta
0.093,2.6967163232425185e-4,-0.09817647895969153,0,test,beta
0.094,2.6693782723543165e-4,-0.0993885942786316,0,test,beta
0.095,2.672444456770219e-4,-0.1006033883054588,0,test,beta
0.096,2.634497226434296e-4,-0.10182086992969051,0,test,beta
0.097,2.6450101918704523e-4,-0.10304104808022173,0,test,beta
0.098,2.5751958904623757e-4,-0.10426393172554348,0,test,beta
0.099,2.536286603372557e-4,-0.10548952987396251,0,test,beta
0.1,2.453726733562124e-4,-0.10671785157382248,0,test,beta
0.11,2.1695679207123236e-4,-0.11915288361397777,0,test,beta
0.12,1.7616128727239845e-4,-0.13187053001868207,0,test,beta
0.13,1.5975935516165403e-4,-0.14488053611085083,0,test,beta
0.14,1.3729690732274712e-4,-0.15819310048423282,0,test,beta
0.15,1.0977483744368274e-4,-0.17181890166640026,0,test,beta
0.16,8.911657941640302e-5,-0.18576912668623838,0,test,beta
0.17,8.142732372986722e-5,-0.2000555017065545,0,test,beta
0.18,7.06827716764483e-5,-0.2146903248980978,0,test,beta
0.19,6.069647130461032e-5,-0.22968650174869162,0,test,beta
0.2,5.539727761949983e-5,-0.24505758302055028,0,test,beta
0.21,4.838019371540235e-5,-0.26081780559043066,0,test,beta
0.22,4.394676759349123e-5,-0.2769821364313336,0,test,beta
0.23,3.975056885109796e-5,-0.2935663200213509,0,test,beta
0.24,3.9549649686101924e-5,-0.3105869294953161,0,test,beta
0.25,2.7133360466693803e-5,-0.32806142188858695,0,test,beta
0.26,2.2142614735207328e-5,-0.3460081978600544,0,test,beta
0.27,1.8481246284391896e-5,-0.3644466663238908,0,test,beta
0.28,1.3189828004642822e-5,-0.38339731446727815,0,test,beta
0.29,1.0955253521763694e-5,-0.40288178368512706,0,test,beta
0.3,9.690485880962072e-6,-0.42292295202348607,0,test,beta
0.31,1.1021562282968618e-5,-0.4435450237919424,0,test,beta
0.32,1.1837593536939943e-5,-0.46477362708300035,0,test,beta
0.33,9.899401828644504e-6,-0.48663592002453776,0,test,beta
0.34,9.272848779021618e-6,-0.5091607066915762,0,test,beta
0.35,9.27636255271583e-6,-0.5323785637176003,0,test,beta
0.36,6.594914002321409e-6,-0.5563219787756879,0,test,beta
0.37,5.1443320108811e-6,-0.5810255022483178,0,test,beta
0.38,3.306574393790642e-6,-0.6065259135749036,0,test,beta
0.39,3.7685222870408055e-6,-0.6328624039613775,0,test,beta
0.4,3.0148178296326444e-6,-0.6600767773607338,0,test,beta
0.41,2.2611133722244833e-6,-0.6882136718922713,0,test,beta
0.42,7.537044574081611e-7,-0.7173208041662762,0,test,beta
0.43,0,-0.7474492393270881,0,test,beta
0.44,0,-0.7786536900293576,0,test,beta
0.45,0,-0.8109928480298912,0,test,beta
0.46,0,-0.8445297526230374,0,test,beta
0.47,0,-0.8793322007857362,0,test,beta
0.48,0,-0.9154732046470003,0,test,beta
0.49,0,-0.9530315027773337,0,test,beta
0.5,0,-0.9920921328328804,0,test,beta
0.51,0,-1.0327470743192657,0,test,beta
0.52,0,-1.0750959717009172,0,test,beta
0.53,0,-1.1192469498222133,0,test,beta
0.54,0,-1.1653175356879135,0,test,beta
0.55,0,-1.213435703147645,0,test,beta
0.56,0,-1.2637410600373642,0,test,beta
0.57,0,-1.3163862009684653,0,test,beta
0.58,0,-1.3715382533724765,0,test,beta
0.59,0,-1.4293806497961954,0,test,beta
0.6,0,-1.4901151660411003,0,test,beta
0.61,0,-1.553964272862667,0,test,beta
0.62,0,-1.621173858990632,0,test,beta
0.63,0,-1.6920163957201084,0,test,beta
0.64,0,-1.7667946289345562,0,test,beta
0.65,0,-1.8458459040469721,0,test,beta
0.66,0,-1.9295472541660008,0,test,beta
0.67,0,-2.0183214133831524,0,test,beta
0.68,0,-2.1126439575513762,0,test,beta
0.69,0,-2.2130518271498065,0,test,beta
0.7,0,-2.320153554721467,0,test,beta
0.71,0,-2.4346416083325524,0,test,beta
0.72,0,-2.557307380058715,0,test,beta
0.73,0,-2.689059505246074,0,test,beta
0.74,0,-2.8309464092940004,0,test,beta
0.75,0,-2.984184265665761,0,test,beta
0.76,0,-3.1501919434018344,0,test,beta
0.77,0,-3.330635071375827,0,test,beta
0.78,0,-3.5274821200747284,0,test,beta
0.79,0,-3.7430765067449543,0,test,beta
0.8,0,-3.980230332082202,0,test,beta
0.81,0,-4.242347717981265,0,test,beta
0.82,0,-4.533589257869111,0,test,beta
0.83,0,-4.859094508331999,0,test,beta
0.84,0,-5.225287915102751,0,test,beta
0.85,0,-5.640307109442934,0,test,beta
0.86,0,-6.11461476011743,0,test,beta
0.87,0,-6.661892818588001,0,test,beta
0.88,0,-7.300383886803669,0,test,beta
0.89,0,-8.054964240149458,0,test,beta
0.9,0,-8.960460664164405,0,test,beta
0.905,0,-9.48469543596253,0,test,beta
0.91,0,-10.067178515738227,0,test,beta
0.915,0,-10.718189016664008,0,test,beta
0.92,0,-11.45057583020551,0,test,beta
0.925,0,-12.280614218885876,0,test,beta
0.93,0,-13.22922952023487,0,test,beta
0.935,0,-14.323785637176016,0,test,beta
0.94,0,-15.600767773607322,0,test,beta
0.945,0,-17.109928480298898,0,test,beta
0.95,0,-18.920921328328788,0,test,beta
0.955,0,-21.13435703147643,0,test,beta
0.96,0,-23.901151660410985,0,test,beta
0.965,0,-27.458459040469695,0,test,beta
0.97,0,-32.20153554721465,0,test,beta
0.975,0,-38.841842656657576,0,test,beta
0.98,0,-48.80230332082197,0,test,beta
0.985,0,-65.4030710944293,0,test,beta
0.99,0,-98.60460664164394,0,test,beta
0.991,0,-109.67178515738215,0,test,beta
0.992,0,-123.50575830205491,0,test,beta
0.993,0,-141.29229520234847,0,test,beta
0.994,0,-165.00767773607325,0,test,beta
0.995,0,-198.20921328328788,0,test,beta
0.996,0,-248.01151660410986,0,test,beta
0.997,0,-331.01535547214644,0,test,beta
0.998,0,-497.02303320821966,0,test,beta
0.999,0,-995.0460664164393,0,test,beta
1e-4,0.00273906126854059,0.003690839907426233,0,validation,isotonic
2e-4,0.0024609326414742443,0.0035911890612477402,0,validation,isotonic
3e-4,0.002349795449263751,0.0034915182789191663,0,validation,isotonic
4e-4,0.0022404145635855906,0.0033918275544572735,0,validation,isotonic
5e-4,0.0021433843042449547,0.003292116881876429,0,validation,isotonic
6e-4,0.0020367285737496878,0.003192386255188604,0,validation,isotonic
7e-4,0.0019674671606848305,0.003092635668403373,0,validation,isotonic
8e-4,0.0019086556932218076,0.0029928651155279127,0,validation,isotonic
9e-4,0.0018352357309066698,0.002893074590567001,0,validation,isotonic
0.001,0.0017631289507561384,0.0027932640875230137,0,validation,isotonic
0.0011,0.0016924362660716607,0.002693433600395926,0,validation,isotonic
0.0012,0.0016319484538490203,0.0025935831231833108,0,validation,isotonic
0.0013,0.001577764574605523,0.0024937126498803352,0,validation,isotonic
0.0014,0.0015245968327535272,0.0023938221744797625,0,validation,isotonic
0.0015,0.0014477464966385157,0.0022939116909719485,0,validation,isotonic
0.0016,0.0014022677801206964,0.002193981193344842,0,validation,isotonic
0.0017,0.0013301992331177111,0.002094030675583983,0,validation,isotonic
0.0018,0.0012863242930110544,0.001994060131672501,0,validation,isotonic
0.0019,0.0012300901264657676,0.0018940695555911137,0,validation,isotonic
0.002,0.001186085893963187,0.001794058941318127,0,validation,isotonic
0.0021,0.0011476674287257832,0.0016940282828294328,0,validation,isotonic
0.0022,0.0011015956447554313,0.0015939775740985073,0,validation,isotonic
0.0023,0.0010429245620735498,0.0014939068090964124,0,validation,isotonic
0.0024,0.0010036010194632646,0.0013938159817917916,0,validation,isotonic
0.0025,9.520664179288763e-4,0.0012937050861508682,0,validation,isotonic
0.0026,3.352188252709828e-4,0.0011935741161374484,0,validation,isotonic
0.0027,2.656120256057669e-4,0.0010934230657129152,0,validation,isotonic
0.0028,2.1627732845516266e-4,9.93251928836232e-4,0,validation,isotonic
0.0029,1.8934563344120286e-4,8.930606994639366e-4,0,validation,isotonic
0.003,1.7253117212335525e-4,7.928493715501409e-4,0,validation,isotonic
0.0031,1.422966389086637e-4,6.926179390465354e-4,0,validation,isotonic
0.0032,1.1918615626304414e-4,5.923663959023781e-4,0,validation,isotonic
0.0033,7.510236871524731e-5,4.920947360645038e-4,0,validation,isotonic
0.0034,7.553938611843194e-5,3.9180295347731415e-4,0,validation,isotonic
0.0035,4.433596456225098e-5,2.9149104208278046e-4,0,validation,isotonic
0.0036,2.0525887272548914e-5,1.9115899582044463e-4,0,validation,isotonic
0.0037,-1.0623553997775575e-6,9.0806808627412125e-05,0,validation,isotonic
0.0038,-2.171166882785323e-5,-9.565525561643692e-6,0,validation,isotonic
0.0039,-5.526232812649845e-5,-1.0995801281448586e-4,0,validation,isotonic
0.004,-7.334772770140627e-5,-2.1037065920131472e-4,0,validation,isotonic
0.0041,-9.791988718775373e-5,-3.1080347079476874e-4,0,validation,isotonic
0.0042,-1.127192131608483e-4,-4.112564536699224e-4,0,validation,isotonic
0.0043,-1.2499731842355668e-4,-5.117296139042979e-4,0,validation,isotonic
0.0044,-1.4308328693822677e-4,-6.12222957577852e-4,0,validation,isotonic
0.0045,-1.6133575116029106e-4,-7.127364907729868e-4,0,validation,isotonic
0.0046,-1.797338678861817e-4,-8.132702195745517e-4,0,validation,isotonic
0.0047,-2.0198988702604048e-4,-9.138241500698373e-4,0,validation,isotonic
0.0048,-2.2837596598241088e-4,-0.0010143982883485817,0,validation,isotonic
0.0049,-2.2986751196738377e-4,-0.001114992640502974,0,validation,isotonic
0.005,-2.4484303019837837e-4,-0.0012156072126276478,0,validation,isotonic
0.0051,-2.6117401766177556e-4,-0.0013162420108196902,0,validation,isotonic
0.0052,-2.7920054917584923e-4,-0.001416897041178638,0,validation,isotonic
0.0053,-0.00029124020122465723,-0.0015175723098064834,0,validation,isotonic
0.0054,-3.074539693159361e-4,-0.0016182678228076706,0,validation,isotonic
0.0055,-3.158194446544106e-4,-0.0017189835862890983,0,validation,isotonic
0.0056,-3.37915440511959e-4,-0.0018197196063601262,0,validation,isotonic
0.0057,-3.5660986542549914e-4,-0.0019204758891325658,0,validation,isotonic
0.0058,-3.7334440167575647e-4,-0.0020212524407206885,0,validation,isotonic
0.0059,-3.5916127670666256e-4,-0.0021220492672412326,0,validation,isotonic
0.006,-3.634809613539134e-4,-0.00222286637481339,0,validation,isotonic
0.0061,-3.751598855358162e-4,-0.0023237037695588185,0,validation,isotonic
0.0062,-3.843776221529279e-4,-0.0024245614576016393,0,validation,isotonic
0.0063,-3.917970840351067e-4,-0.0025254394450684404,0,validation,isotonic
0.0064,-0.00039907804767743543,-0.002626337738088274,0,validation,isotonic
0.0065,-4.081055973300618e-4,-0.0027272563427926605,0,validation,isotonic
0.0066,-4.170728334826769e-4,-0.002828195265315592,0,validation,isotonic
0.0067,-4.2781278710355184e-4,-0.0029291545117935266,0,validation,isotonic
0.0068,-4.321775375932657e-4,-0.0030301340883653934,0,validation,isotonic
0.0069,-4.358099799060007e-4,-0.0031311340011726,0,validation,isotonic
0.007,-4.440080190110622e-4,-0.0032321542563590227,0,validation,isotonic
0.0071,-4.5451424583924685e-4,-0.003333194860071014,0,validation,isotonic
0.0072,-4.6730570678822257e-4,-0.0034342558184574023,0,validation,isotonic
0.0073,-4.794635793233246e-4,-0.003535337137669496,0,validation,isotonic
0.0074,-4.898481360564512e-4,-0.0036364388238610814,0,validation,isotonic
0.0075,-4.972002231669515e-4,-0.003737560883188421,0,validation,isotonic
0.0076,-5.045001612319825e-4,-0.0038387033218102674,0,validation,isotonic
0.0077,-5.11873461054684e-4,-0.003939866145887846,0,validation,isotonic
0.0078,-5.145575428950591e-4,-0.004041049361584871,0,validation,isotonic
0.0079,-5.211207494963453e-4,-0.004142252975067543,0,validation,isotonic
0.008,-5.255585723504901e-4,-0.004243476992504545,0,validation,isotonic
0.0081,-5.363331890620509e-4,-0.004344721420067052,0,validation,isotonic
0.0082,-5.475225986716917e-4,-0.004445986263928725,0,validation,isotonic
0.0083,-5.519711912441901e-4,-0.004547271530265715,0,validation,isotonic
0.0084,-5.627217370697771e-4,-0.004648577225256663,0,validation,isotonic
0.0085,-5.667112974832991e-4,-0.004749903355082713,0,validation,isotonic
0.0086,-5.723063425901238e-4,-0.004851249925927486,0,validation,isotonic
0.0087,-5.855716477688069e-4,-0.00495261694397711,0,validation,isotonic
0.0088,-4.709171841474568e-4,-0.005054004415420208,0,validation,isotonic
0.0089,-4.7452250742855816e-4,-0.005155412346447896,0,validation,isotonic
0.009,-4.7753643300377084e-4,-0.005256840743253792,0,validation,isotonic
0.0091,-4.806387565318009e-4,-0.005358289612034019,0,validation,isotonic
0.0092,-4.837511858145645e-4,-0.005459758958987192,0,validation,isotonic
0.0093,-4.8695972546019736e-4,-0.005561248790314433,0,validation,isotonic
0.0094,-4.894203304313284e-4,-0.005662759112219371,0,validation,isotonic
0.0095,-4.922686302386865e-4,-0.005764289930908136,0,validation,isotonic
0.0096,-4.948903562406377e-4,-0.005865841252589366,0,validation,isotonic
0.0097,-4.976523924606036e-4,-0.00596741308347421,0,validation,isotonic
0.0098,-5.000297038091601e-4,-0.0060690054297763175,0,validation,isotonic
0.0099,-5.029735071433603e-4,-0.006170618297711858,0,validation,isotonic
0.01,-5.079034383063687e-4,-0.006272251693499506,0,validation,isotonic
0.011,-5.355890921286093e-4,-0.007289716053149148,0,validation,isotonic
0.012,-5.564137565739203e-4,-0.008309240057251527,0,validation,isotonic
0.013,-4.976994578072325e-4,-0.009330829966124122,0,validation,isotonic
0.014,-5.157927053475724e-4,-0.010354492065481245,0,validation,isotonic
0.015,-5.326286075993221e-4,-0.011380232666562951,0,validation,isotonic
0.016,-5.465579485055944e-4,-0.012408058106264747,0,validation,isotonic
0.017,-5.592917121876465e-4,-0.013437974747268069,0,validation,isotonic
0.018,-5.595538260429378e-4,-0.014469988978171595,0,validation,isotonic
0.019,-4.7259754219461175e-4,-0.015504107213623351,0,validation,isotonic
0.02,-4.8161866955318406e-4,-0.01654033589445358,0,validation,isotonic
0.021,-4.8772526856240896e-4,-0.017578681487808487,0,validation,isotonic
0.022,-4.913840056202807e-4,-0.018619150487284776,0,validation,isotonic
0.023,-4.050800107353585e-4,-0.019661749413065,0,validation,isotonic
0.024,-4.096765941478606e-4,-0.0207064848120538,0,validation,isotonic
0.025,-4.153147292059662e-4,-0.02175336325801488,0,validation,isotonic
0.026,-4.193297173417669e-4,-0.02280239135170894,0,validation,isotonic
0.027,-4.185563631256684e-4,-0.02385357572103238,0,validation,isotonic
0.028,-4.1932287670088964e-4,-0.024906923021156904,0,validation,isotonic
0.029,-2.802126476598246e-4,-0.02596243993466994,0,validation,isotonic
0.03,-2.831297155529624e-4,-0.02702013317171599,0,validation,isotonic
0.031,-2.87222862892807e-4,-0.028080009470138813,0,validation,isotonic
0.032,-2.8955023960018964e-4,-0.02914207559562449,0,validation,isotonic
0.033,-2.8463248800305745e-4,-0.030206338341845412,0,validation,isotonic
0.034,-2.7615801283127747e-4,-0.03127280453060508,0,validation,isotonic
0.035,-2.7880327373580236e-4,-0.03234148101198395,0,validation,isotonic
0.036,-2.8036836663894254e-4,-0.033412374664486,0,validation,isotonic
0.037,-2.822478830375399e-4,-0.034485492395186404,0,validation,isotonic
0.038,-2.8432192422048723e-4,-0.03556084113987995,0,validation,isotonic
0.039,-2.8509016971127183e-4,-0.0366384278632305,0,validation,isotonic
0.04,-2.853102669952487e-4,-0.037718259558921365,0,validation,isotonic
0.041,-2.768399335336048e-4,-0.03880034324980658,0,validation,isotonic
0.042,-2.772783061387985e-4,-0.03988468598806316,0,validation,isotonic
0.043,-2.762945165370326e-4,-0.04097129485534431,0,validation,isotonic
0.044,-2.7483615234776205e-4,-0.042060176962933585,0,validation,isotonic
0.045,-2.7447530468070134e-4,-0.04315133945190001,0,validation,isotonic
0.046,-2.0360803183850157e-4,-0.0442447894932542,0,validation,isotonic
0.047,-2.0656949614665561e-4,-0.045340534288105465,0,validation,isotonic
0.048,-1.8029189697857164e-4,-0.04643858106781986,0,validation,isotonic
0.049,-1.7986303677478962e-4,-0.0475389370941793,0,validation,isotonic
0.05,-1.8090214735674541e-4,-0.04864160965954159,0,validation,isotonic
0.051,-1.8014783702204816e-4,-0.049746606087001585,0,validation,isotonic
0.052,-1.7970331412163842e-4,-0.05085393373055328,0,validation,isotonic
0.053,-1.441789389849777e-4,-0.05196359997525291,0,validation,isotonic
0.054,-1.4475685316472437e-4,-0.0530756122373832,0,validation,isotonic
0.055,-1.4590156458869758e-4,-0.05418997796461853,0,validation,isotonic
0.056,-1.4672178948580512e-4,-0.055306704636191216,0,validation,isotonic
0.057,-1.4652640711629444e-4,-0.056425799763058865,0,validation,isotonic
0.058,-1.465015347099293e-4,-0.05754727088807273,0,validation,isotonic
0.059,-1.4554027703471244e-4,-0.058671125586147184,0,validation,isotonic
0.06,-1.4559518884980655e-4,-0.059797371464430316,0,validation,isotonic
0.061,-1.4469283858042063e-4,-0.060926016162475505,0,validation,isotonic
0.062,-1.4323068986955208e-4,-0.06205706735241419,0,validation,isotonic
0.063,-1.4268904343610854e-4,-0.06319053273912968,0,validation,isotonic
0.064,-1.4082741611622988e-4,-0.06432642006043217,0,validation,isotonic
0.065,-1.403824933236698e-4,-0.06546473708723477,0,validation,isotonic
0.066,-1.3921833109069857e-4,-0.06660549162373074,0,validation,isotonic
0.067,-1.3746444379048644e-4,-0.06774869150757182,0,validation,isotonic
0.068,-1.3607630454303096e-4,-0.06889434461004776,0,validation,isotonic
0.069,-1.248009356978798e-4,-0.07004245883626693,0,validation,isotonic
0.07,-1.2388432570401142e-4,-0.0711930421253382,0,validation,isotonic
0.071,-1.777458335969792e-5,-0.07234610245055383,0,validation,isotonic
0.072,-1.8044353019722475e-5,-0.07350164781957381,0,validation,isotonic
0.073,-1.8314704707061e-5,-0.07465968627461111,0,validation,isotonic
0.074,-1.8585640307331143e-5,-0.07582022589261826,0,validation,isotonic
0.075,-1.8675842851667027e-5,-0.07698327478547513,0,validation,isotonic
0.076,-1.8945335533509264e-5,-0.07814884110017803,0,validation,isotonic
0.077,-1.9215412164824614e-5,-0.0793169330190298,0,validation,isotonic
0.078,-1.9486074645665598e-5,-0.08048755875983135,0,validation,isotonic
0.079,-1.975732488433685e-5,-0.08166072657607439,0,validation,isotonic
0.08,-2.002916479744e-5,-0.08283644475713534,0,validation,isotonic
0.081,-2.0301596309918782e-5,-0.08401472162847064,0,validation,isotonic
0.082,-2.0374867749715126e-5,-0.0851955655518132,0,validation,isotonic
0.083,-2.0038601413605908e-5,-0.08637898492537023,0,validation,isotonic
0.084,-2.0097097691991884e-5,-0.08756498818402239,0,validation,isotonic
0.085,-2.0358574372866093e-5,-0.08875358379952406,0,validation,isotonic
0.086,-2.0410208690200032e-5,-0.08994478028070514,0,validation,isotonic
0.087,-2.067015174389727e-5,-0.09113858617367414,0,validation,isotonic
0.088,-2.0714884798169934e-5,-0.09233501006202248,0,validation,isotonic
0.089,-2.097327823193615e-5,-0.09353406056703018,0,validation,isotonic
0.09,-2.1232239563358994e-5,-0.09473574634787307,0,validation,isotonic
0.091,-2.1491770666688158e-5,-0.09594007610183114,0,validation,isotonic
0.092,-2.129870939475432e-5,-0.09714705856449835,0,validation,isotonic
0.093,-2.132465754841174e-5,-0.09835670250999394,0,validation,isotonic
0.094,-2.157774517864759e-5,-0.09956901675117495,0,validation,isotonic
0.095,-2.183139211856351e-5,-0.10078401013985028,0,validation,isotonic
0.096,-2.2085600224275707e-5,-0.10200169156699614,0,validation,isotonic
0.097,-2.2340371360122374e-5,-0.10322206996297287,0,validation,isotonic
0.098,-2.2595707398709274e-5,-0.10444515429774336,0,validation,isotonic
0.099,-2.260589398202063e-5,-0.10567095358109269,0,validation,isotonic
0.1,-2.285960771919258e-5,-0.10689947686284945,0,validation,isotonic
0.11,-2.4046140850684618e-5,-0.11933654963658932,0,validation,isotonic
0.12,-1.768683087364406e-5,-0.13205628315518692,0,validation,isotonic
0.13,-1.904681707637373e-5,-0.14506842434087874,0,validation,isotonic
0.14,-2.0022381381952046e-5,-0.15838317346112152,0,validation,isotonic
0.15,-2.131029926763605e-5,-0.17201121079595827,0,validation,isotonic
0.16,-2.129777116694961e-5,-0.18596372521019583,0,validation,isotonic
0.17,-2.2443488615870453e-5,-0.2002524447910416,0,validation,isotonic
0.18,-2.3071719667806505e-5,-0.21488966972751766,0,validation,isotonic
0.19,-2.3605029710035815e-5,-0.22988830762538826,0,validation,isotonic
0.2,-2.2921726218429515e-5,-0.24526191147070564,0,validation,isotonic
0.21,-2.3183567487364952e-5,-0.2610247204766639,0,validation,isotonic
0.22,-2.270670064414781e-5,-0.2771917040725186,0,validation,isotonic
0.23,-2.2711168708028992e-5,-0.29377860932021366,0,validation,isotonic
0.24,-2.259805614345811e-5,-0.310802012074427,0,validation,isotonic
0.25,-2.0126393752767377e-5,-0.3282793722354193,0,validation,isotonic
0.26,-2.1214306928592643e-5,-0.34622909348184394,0,validation,isotonic
0.27,-3.308448288126145e-6,-0.3646705879131021,0,validation,isotonic
0.28,-3.4786359572684365e-6,-0.3836243460785619,0,validation,isotonic
0.29,-3.653617645259806e-6,-0.40311201292473875,0,validation,isotonic
0.3,-3.83359881005093e-6,-0.423156470252235,0,validation,isotonic
0.31,-3.0140976151487386e-6,-0.4437819263428472,0,validation,isotonic
0.32,-3.157081372983119e-6,-0.46501401349494786,0,validation,isotonic
0.33,-3.3043333026931526e-6,-0.48687989429337997,0,validation,isotonic
0.34,0,-0.5094083775402493,0,validation,isotonic
0.35,0,-0.5326300448870223,0,validation,isotonic
0.36,0,-0.556577389338382,0,validation,isotonic
0.37,0,-0.5812849669469278,0,validation,isotonic
0.38,0,-0.6067895631880073,0,validation,isotonic
0.39,0,-0.6331303756992861,0,validation,isotonic
0.4,0,-0.66034921529427415,0,validation,isotonic
0.41,0,-0.6884907274179057,0,validation,isotonic
0.42,0,-0.717602636511318,0,validation,isotonic
0.43,0,-0.7477360160992358,0,validation,isotonic
0.44,0,-0.7789455878152937,0,validation,isotonic
0.45,0,-0.8112900530482989,0,validation,isotonic
0.46,0,-0.8448324614380823,0,validation,isotonic
0.47,0,-0.8796406210878575,0,validation,isotonic
0.48,0,-0.9157875561087777,0,validation,isotonic
0.49,0,-0.9533520179932636,0,validation,isotonic
0.5,0,-0.9924190583531289,0,validation,isotonic
0.51,0,-1.0330806717889072,0,validation,isotonic
0.52,0,-1.0754365191178428,0,validation,isotonic
0.53,0,-1.1195947429288609,0,validation,isotonic
0.54,0,-1.1656728895142707,0,validation,isotonic
0.55,0,-1.2137989537256992,0,validation,isotonic
0.56,0,-1.264112566310374,0,validation,isotonic
0.57,0,-1.3167663469222426,0,validation,isotonic
0.58,0,-1.3719274504203913,0,validation,isotonic
0.59,0,-1.429779339455035,0,validation,isotonic
0.6,0,-1.490523822941411,0,validation,isotonic
0.61,0,-1.5543834081450372,0,validation,isotonic
0.62,0,-1.6216040241488539,0,validation,isotonic
0.63,0,-1.6924581869636877,0,validation,isotonic
0.64,0,-1.7672486921571235,0,validation,isotonic
0.65,0,-1.8463129405044703,0,validation,isotonic
0.66,0,-1.9300280269898957,0,validation,isotonic
0.67,0,-2.018816755080499,0,validation,isotonic
0.68,0,-2.1131547786767646,0,validation,isotonic
0.69,0,-2.213579126376014,0,validation,isotonic
0.7,0,-2.320698430588548,0,validation,isotonic
0.71,0,-2.435205273022636,0,validation,isotonic
0.72,0,-2.5578911756305875,0,validation,isotonic
0.73,0,-2.6896649228761644,0,validation,isotonic
0.74,0,-2.8315751122175556,0,validation,isotonic
0.75,0,-2.9848381167062583,0,validation,isotonic
0.76,0,-3.150873038235686,0,validation,isotonic
0.77,0,-3.3313457790285415,0,validation,isotonic
0.78,0,-3.528225132620748,0,validation,isotonic
0.79,0,-3.7438549008407844,0,validation,isotonic
0.8,0,-3.9810476458828234,0,validation,isotonic
0.81,0,-4.243208048297709,0,validation,isotonic
0.82,0,-4.534497384314245,0,validation,isotonic
0.83,0,-4.86005605397979,0,validation,isotonic
0.84,0,-5.2263095573535265,0,validation,isotonic
0.85,0,-5.641396861177095,0,validation,isotonic
0.86,0,-6.115782351261174,0,validation,isotonic
0.87,0,-6.66315022443511,0,validation,isotonic
0.88,0,-7.301746076471371,0,validation,isotonic
0.89,0,-8.056450265241496,0,validation,isotonic
0.9,0,-8.962095291765646,0,validation,isotonic
0.905,0,-9.486416096595418,0,validation,isotonic
0.91,0,-10.068994768628498,0,validation,isotonic
0.915,0,-10.720112107959586,0,validation,isotonic
0.92,0,-11.452619114707062,0,validation,isotonic
0.925,0,-12.282793722354201,0,validation,isotonic
0.93,0,-13.231564702522359,0,validation,isotonic
0.935,0,-14.326300448870235,0,validation,isotonic
0.94,0,-15.603492152942726,0,validation,isotonic
0.945,0,-17.112900530482975,0,validation,isotonic
0.95,0,-18.92419058353127,0,validation,isotonic
0.955,0,-21.13798953725697,0,validation,isotonic
0.96,0,-23.905238229414092,0,validation,isotonic
0.965,0,-27.463129405044672,0,validation,isotonic
0.97,0,-32.20698430588546,0,validation,isotonic
0.975,0,-38.84838116706255,0,validation,isotonic
0.98,0,-48.810476458828184,0,validation,isotonic
0.985,0,-65.41396861177091,0,validation,isotonic
0.99,0,-98.62095291765637,0,validation,isotonic
0.991,0,-109.68994768628485,0,validation,isotonic
0.992,0,-123.52619114707045,0,validation,isotonic
0.993,0,-141.31564702522334,0,validation,isotonic
0.994,0,-165.03492152942724,0,validation,isotonic
0.995,0,-198.2419058353127,0,validation,isotonic
0.996,0,-248.05238229414087,0,validation,isotonic
0.997,0,-331.06984305885453,0,validation,isotonic
0.998,0,-497.1047645882818,0,validation,isotonic
0.999,0,-995.2095291765636,0,validation,isotonic
1e-4,0.0030819336323960863,0.0038543190154613264,0,test,isotonic
2e-4,0.0028543128544610327,0.003754684520463873,0,test,isotonic
3e-4,0.0027066992706684615,0.0036550300925875566,0,test,isotonic
4e-4,0.002570017590840735,0.00355535572585012,0,test,isotonic
5e-4,0.0024525215018609864,0.003455661414266914,0,test,isotonic
6e-4,0.002355039548096123,0.0033559471518508906,0,test,isotonic
7e-4,0.0022527854395346823,0.0032562129326126087,0,test,isotonic
8e-4,0.002148018479602265,0.003156458750560228,0,test,isotonic
9e-4,0.0020523774461577745,0.0030566845996995097,0,test,isotonic
0.001,0.001974501974501975,0.002956890474033814,0,test,isotonic
0.0011,0.0018851324044443882,0.0028570763675641007,0,test,isotonic
0.0012,0.001805163528119965,0.002757242274288927,0,test,isotonic
0.0013,0.0017279435786457875,0.002657388188204446,0,test,isotonic
0.0014,0.0016541178723789936,0.002557514103304406,0,test,isotonic
0.0015,0.0015822683361027914,0.0024576200135801502,0,test,isotonic
0.0016,0.0015134240561590988,0.002357705913020613,0,test,isotonic
0.0017,0.001436601616166135,0.0022577717956123212,0,test,isotonic
0.0018,0.0013702490497759017,0.0021578176553393906,0,test,isotonic
0.0019,0.0013022417414837086,0.0020578434861835285,0,test,isotonic
0.002,0.001238723093543846,0.0019578492821240284,0,test,isotonic
0.0021,0.0011679631312341487,0.0018578350371377698,0,test,isotonic
0.0022,0.001102235738806565,0.0017578007451992182,0,test,isotonic
0.0023,0.00103609863910407,0.001657746400280425,0,test,isotonic
0.0024,9.83325627657209e-4,0.001557671996351023,0,test,isotonic
0.0025,9.254489575662879e-4,0.001457577527378226,0,test,isotonic
0.0026,3.301078923623465e-4,0.00135746298732683,0,test,isotonic
0.0027,2.4772564333081415e-4,0.0012573283701592095,0,test,isotonic
0.0028,2.0491298365642825e-4,0.0011571736698353192,0,test,isotonic
0.0029,1.76161314759546e-4,0.0010569988803126873,0,test,isotonic
0.003,1.450174246340523e-4,9.568039955464192e-4,0,test,isotonic
0.0031,1.163427394001434e-4,8.565890094891968e-4,0,test,isotonic
0.0032,8.949605287516236e-5,7.563539160912723e-4,0,test,isotonic
0.0033,5.958394065072028e-5,6.56098709300472e-4,0,test,isotonic
0.0034,4.0806978097469556e-5,5.558233830621922e-4,0,test,isotonic
0.0035,1.3997422519843625e-5,4.5552793131939774e-4,0,test,isotonic
0.0036,-8.250507083342232e-6,3.552123480126258e-4,0,test,isotonic
0.0037,-2.9552583074688972e-5,2.5487662707997585e-4,0,test,isotonic
0.0038,-5.121256097186859e-5,1.5452076245711698e-4,0,test,isotonic
0.0039,-7.11692678883241e-5,5.414474807728144e-5,0,test,isotonic
0.004,-9.64439012929271e-5,-4.625142212873537e-5,0,test,isotonic
0.0041,-1.2089566317456234e-4,-1.4666775423257446e-4,0,test,isotonic
0.0042,-1.3865951916876913e-4,-2.471042543083146e-4,0,test,isotonic
0.0043,-1.5673949180620463e-4,-3.4756092843247956e-4,0,test,isotonic
0.0044,-1.747074214077176e-4,-4.4803778268402965e-4,0,test,isotonic
0.0045,-1.9014967858839335e-4,-5.485348231443685e-4,0,test,isotonic
0.0046,-2.0622532138468404e-4,-6.490520558973473e-4,0,test,isotonic
0.0047,-2.207166670886896e-4,-7.495894870292574e-4,0,test,isotonic
0.0048,-2.3437785138392486e-4,-8.501471226288375e-4,0,test,isotonic
0.0049,-2.4770041407118647e-4,-9.507249687872778e-4,0,test,isotonic
0.005,-2.629216569287293e-4,-0.0010513230315982109,0,test,isotonic
0.0051,-2.73045632713271e-4,-0.0011519413171577246,0,test,isotonic
0.0052,-2.9078081617955637e-4,-0.001252579831564354,0,test,isotonic
0.0053,-3.0603560664736745e-4,-0.0013532385809190911,0,test,isotonic
0.0054,-3.2351123204695464e-4,-0.0014539175713253775,0,test,isotonic
0.0055,-3.3951259581112655e-4,-0.0015546168088891093,0,test,isotonic
0.0056,-3.487784051533642e-4,-0.0016553362997186443,0,test,isotonic
0.0057,-3.554390022070617e-4,-0.0017560760499247914,0,test,isotonic
0.0058,-3.6447212885369005e-4,-0.0018568360656208201,0,test,isotonic
0.0059,-3.8679148352144965e-4,-0.0019576163529224627,0,test,isotonic
0.006,-3.977572909684095e-4,-0.002058416917947908,0,test,isotonic
0.0061,-4.068028619645334e-4,-0.0021592377668178094,0,test,isotonic
0.0062,-4.121838125997246e-4,-0.002260078905655283,0,test,isotonic
0.0063,-4.189066164697829e-4,-0.0023609403405859108,0,test,isotonic
0.0064,-4.2669017739095866e-4,-0.0024618220777377414,0,test,isotonic
0.0065,-4.3258615086608145e-4,-0.0025627241232412876,0,test,isotonic
0.0066,-4.394068155635239e-4,-0.002663646483229535,0,test,isotonic
0.0067,-4.456968670905753e-4,-0.002764589163837935,0,test,isotonic
0.0068,-4.5168205920581334e-4,-0.0028655521712044095,0,test,isotonic
0.0069,-4.566502612277719e-4,-0.0029665355114693584,0,test,isotonic
0.007,-4.594189201253466e-4,-0.00306753919077565,0,test,isotonic
0.0071,-4.672555447875032e-4,-0.0031685632152686277,0,test,isotonic
0.0072,-4.7013180985186833e-4,-0.003269607591096111,0,test,isotonic
0.0073,-4.7280092443115847e-4,-0.003370672324408401,0,test,isotonic
0.0074,-4.7611159767039205e-4,-0.003471757421358272,0,test,isotonic
0.0075,-4.789991169317598e-4,-0.003572862888100976,0,test,isotonic
0.0076,-4.793937049449313e-4,-0.0036739887307942563,0,test,isotonic
0.0077,-4.8078604537411427e-4,-0.0037751349555983273,0,test,isotonic
0.0078,-4.8458532485797006e-4,-0.0038763015686758915,0,test,isotonic
0.0079,-4.823838437161467e-4,-0.003977488576192139,0,test,isotonic
0.008,-4.884187231857484e-4,-0.004078695984314738,0,test,isotonic
0.0081,-4.89806532082299e-4,-0.004179923799213852,0,test,isotonic
0.0082,-4.912630150693381e-4,-0.00428117202706213,0,test,isotonic
0.0083,-4.902660152343636e-4,-0.004382440674034708,0,test,isotonic
0.0084,-4.953437512862608e-4,-0.004483729746309216,0,test,isotonic
0.0085,-4.987885350598039e-4,-0.00458503925006578,0,test,isotonic
0.0086,-5.015323098990789e-4,-0.004686369191487008,0,test,isotonic
0.0087,-5.015516541720442e-4,-0.004787719576758014,0,test,isotonic
0.0088,-5.039660974853634e-4,-0.004889090412066406,0,test,isotonic
0.0089,-5.055283100253709e-4,-0.00499048170360228,0,test,isotonic
0.009,-5.069814708413954e-4,-0.005091893457558243,0,test,isotonic
0.0091,-5.081868847693408e-4,-0.005193325680129398,0,test,isotonic
0.0092,-5.094406184434446e-4,-0.0052947783775133435,0,test,isotonic
0.0093,-5.105637511082221e-4,-0.005396251555910184,0,test,isotonic
0.0094,-5.116268506955783e-4,-0.005497745221522531,0,test,isotonic
0.0095,-5.140013291526742e-4,-0.005599259380555496,0,test,isotonic
0.0096,-5.149177350457791e-4,-0.0057007940392167,0,test,isotonic
0.0097,-5.162211865380752e-4,-0.005802349203716268,0,test,isotonic
0.0098,-5.169031826572017e-4,-0.005903924880266835,0,test,isotonic
0.0099,-5.174233245097767e-4,-0.0060055210750835485,0,test,isotonic
0.01,-5.19485087386322e-4,-0.006107137794384061,0,test,isotonic
0.011,-5.177492369942656e-4,-0.007124435203680706,0,test,isotonic
0.012,-5.127661972766185e-4,-0.008143791919473908,0,test,isotonic
0.013,-5.078845504377418e-4,-0.00916521420105392,0,test,isotonic
0.014,-5.113892387575808e-4,-0.01018870833310367,0,test,isotonic
0.015,-5.06275144365011e-4,-0.011214280625827633,0,test,isotonic
0.016,-4.973836651042312e-4,-0.012241937415081526,0,test,isotonic
0.017,-4.7814458725878794e-4,-0.013271685062502769,0,test,isotonic
0.018,-4.5655916139434276e-4,-0.014303529955641773,0,test,isotonic
0.019,-4.309168861590804e-4,-0.015337478508094006,0,test,isotonic
0.02,-4.1672165632861027e-4,-0.01637353715963288,0,test,isotonic
0.021,-3.99966088688519e-4,-0.017411712376343435,0,test,isotonic
0.022,-3.8028011973327433e-4,-0.018452010650756873,0,test,isotonic
0.023,-3.5840922720637645e-4,-0.019494438501985897,0,test,isotonic
0.024,-3.4509779500672033e-4,-0.02053900247586088,0,test,isotonic
0.025,-3.306250219830467e-4,-0.021585709145066894,0,test,isotonic
0.026,-3.160219336354403e-4,-0.02263456510928154,0,test,isotonic
0.027,-2.974847480195583e-4,-0.02368557699531369,0,test,isotonic
0.028,-2.743763374764746e-4,-0.024738751457243024,0,test,isotonic
0.029,-0.00026042390729425863,-0.025794095176560478,0,test,isotonic
0.03,-2.5721524385136454e-4,-0.026851614862309508,0,test,isotonic
0.031,-2.5291256992514494e-4,-0.027911317251228304,0,test,isotonic
0.032,-2.4836119112213386e-4,-0.028973209107892788,0,test,isotonic
0.033,-2.43078650907369e-4,-0.030037297224860624,0,test,isotonic
0.034,-2.3754954358435687e-4,-0.031103588422815968,0,test,isotonic
0.035,-2.3356246729879432e-4,-0.03217208955071525,0,test,isotonic
0.036,-2.2775009712154324e-4,-0.033242807485933834,0,test,isotonic
0.037,-2.2109290214363095e-4,-0.03431574913441353,0,test,isotonic
0.038,-2.149577648153147e-4,-0.035390921430811045,0,test,isotonic
0.039,-2.0579661000518903e-4,-0.03646833133864748,0,test,isotonic
0.04,-1.983498897079144e-4,-0.03754798585045857,0,test,isotonic
0.041,-1.9064557356759883e-4,-0.038629891987946016,0,test,isotonic
0.042,-1.8136741248161645e-4,-0.039714056802129666,0,test,isotonic
0.043,-1.7292516228233553e-4,-0.040800487373500754,0,test,isotonic
0.044,-1.6202753689194106e-4,-0.04188919081217596,0,test,isotonic
0.045,-1.5055937103639256e-4,-0.04298017425805259,0,test,isotonic
0.046,-1.4045448473587306e-4,-0.044073444880964596,0,test,isotonic
0.047,-1.3408267848437293e-4,-0.04516900988083969,0,test,isotonic
0.048,-1.2873145459513339e-4,-0.04626687648785738,0,test,isotonic
0.049,-1.249603948517373e-4,-0.047367051962608014,0,test,isotonic
0.05,-1.1991834603920375e-4,-0.04846954359625287,0,test,isotonic
0.051,-1.1540493919606434e-4,-0.04957435871068516,0,test,isotonic
0.052,-1.0957018301915941e-4,-0.050681504658692214,0,test,isotonic
0.053,-1.0374220550606016e-4,-0.051790988824118506,0,test,isotonic
0.054,-1.0052154754997133e-4,-0.052902818622029835,0,test,isotonic
0.055,-9.714811792021276e-5,-0.054017001498878545,0,test,isotonic
0.056,-9.395117681370035e-5,-0.055133544932669726,0,test,isotonic
0.057,-8.988185414877218e-5,-0.05625245643312855,0,test,isotonic
0.058,-8.55046502604889e-5,-0.05737374354186861,0,test,isotonic
0.059,-8.076652111760545e-5,-0.058497413832561324,0,test,isotonic
0.06,-7.580342489719952e-5,-0.059623474911106616,0,test,isotonic
0.061,-7.218144913881118e-5,-0.06075193441580427,0,test,isotonic
0.062,-6.694309782045706e-5,-0.061882800017526884,0,test,isotonic
0.063,-6.350342134365218e-5,-0.06301607941989351,0,test,isotonic
0.064,-5.8048127057307184e-5,-0.06415178035944469,0,test,isotonic
0.065,-5.248120716530302e-5,-0.06528991060581842,0,test,isotonic
0.066,-4.6274548614147313e-05,-0.06643047796192744,0,test,isotonic
0.067,-3.9081959212164444e-5,-0.06757349026413742,0,test,isotonic
0.068,-3.299478740585083e-5,-0.0687189553824466,0,test,isotonic
0.069,-2.6812772963864983e-5,-0.0698668812206662,0,test,isotonic
0.07,-2.2238333668042953e-5,-0.07101727571660241,0,test,isotonic
0.071,-1.900892942634361e-5,-0.0721701468422392,0,test,isotonic
0.072,-1.900504774067992e-5,-0.07332550260392265,0,test,isotonic
0.073,-1.9052380313317622e-5,-0.07448335104254608,0,test,isotonic
0.074,-1.9213766114014093e-5,-0.07564370023373675,0,test,isotonic
0.075,-1.931113042224153e-5,-0.07680655828804347,0,test,isotonic
0.076,-1.9465804298255795e-5,-0.07797193335112577,0,test,isotonic
0.077,-1.9428916744433778e-5,-0.0791398336039439,0,test,isotonic
0.078,-1.93200120893541e-5,-0.08031026726295035,0,test,isotonic
0.079,-1.9201050688564262e-5,-0.08148324258028254,0,test,isotonic
0.08,-1.933415782047022e-5,-0.08265876784395676,0,test,isotonic
0.081,-1.953070505845261e-5,-0.08383685137806336,0,test,isotonic
0.082,-1.965871408298585e-5,-0.08501750154296321,0,test,isotonic
0.083,-1.964727519071394e-5,-0.086200726735485525,0,test,isotonic
0.084,-1.9767462756303124e-5,-0.08738653538912688,0,test,isotonic
0.085,-1.9604553099796978e-5,-0.08857493597425162,0,test,isotonic
0.086,-1.9644143965401764e-5,-0.08976593699829345,0,test,isotonic
0.087,-1.9535227031880307e-5,-0.09095954700595861,0,test,isotonic
0.088,-1.9417806942173415e-5,-0.09215577457943007,0,test,isotonic
0.089,-1.9365488731671597e-5,-0.09335462833857323,0,test,isotonic
0.09,-1.938097176192414e-5,-0.0945561169411431,0,test,isotonic
0.091,-1.939151391133626e-5,-0.09576024908299254,0,test,isotonic
0.092,-1.9549831917265428e-5,-0.09696703349828219,0,test,isotonic
0.093,-1.94749919115961e-5,-0.09817647895969153,0,test,isotonic
0.094,-1.9471530386418786e-5,-0.0993885942786316,0,test,isotonic
0.095,-1.938394612837011e-5,-0.1006033883054588,0,test,isotonic
0.096,-1.928949814888851e-5,-0.10182086992969051,0,test,isotonic
0.097,-1.910720092911143e-5,-0.10304104808022173,0,test,isotonic
0.098,-1.88342555099556e-5,-0.10426393172554348,0,test,isotonic
0.099,-1.8964743345061513e-5,-0.10548952987396251,0,test,isotonic
0.1,-1.8926356374916046e-5,-0.10671785157382248,0,test,isotonic
0.11,-1.6954115996979085e-5,-0.11915288361397777,0,test,isotonic
0.12,-1.7575017575017573e-5,-0.13187053001868207,0,test,isotonic
0.13,-1.779435581053291e-5,-0.14488053611085083,0,test,isotonic
0.14,-1.8159019020345466e-5,-0.15819310048423282,0,test,isotonic
0.15,-1.8620933653613394e-5,-0.17181890166640026,0,test,isotonic
0.16,-1.851959523917196e-5,-0.18576912668623838,0,test,isotonic
0.17,-1.7444171839531056e-5,-0.2000555017065545,0,test,isotonic
0.18,-1.5882942712211003e-5,-0.2146903248980978,0,test,isotonic
0.19,-1.5204359054381915e-5,-0.22968650174869162,0,test,isotonic
0.2,-1.432038469075506e-5,-0.24505758302055028,0,test,isotonic
0.21,-1.2622164520898695e-5,-0.26081780559043066,0,test,isotonic
0.22,-9.991415499487673e-6,-0.2769821364313336,0,test,isotonic
0.23,-9.680697511385341e-6,-0.2935663200213509,0,test,isotonic
0.24,-7.378369951469367e-6,-0.3105869294953161,0,test,isotonic
0.25,-4.5222267444489665e-6,-0.32806142188858695,0,test,isotonic
0.26,-1.5888904777793667e-6,-0.3460081978600544,0,test,isotonic
0.27,-8.363022061652199e-7,-0.3644466663238908,0,test,isotonic
0.28,-8.793218669761881e-7,-0.38339731446727815,0,test,isotonic
0.29,-6.157022328123006e-7,-0.40288178368512706,0,test,isotonic
0.3,-3.2301619603206905e-7,-0.42292295202348607,0,test,isotonic
0.31,0,-0.4435450237919424,0,test,isotonic
0.32,0,-0.46477362708300035,0,test,isotonic
0.33,0,-0.48663592002453776,0,test,isotonic
0.34,0,-0.5091607066915762,0,test,isotonic
0.35,0,-0.5323785637176003,0,test,isotonic
0.36,0,-0.5563219787756879,0,test,isotonic
0.37,0,-0.5810255022483178,0,test,isotonic
0.38,0,-0.6065259135749036,0,test,isotonic
0.39,0,-0.6328624039613775,0,test,isotonic
0.4,0,-0.6600767773607338,0,test,isotonic
0.41,0,-0.6882136718922713,0,test,isotonic
0.42,0,-0.7173208041662762,0,test,isotonic
0.43,0,-0.7474492393270881,0,test,isotonic
0.44,0,-0.7786536900293576,0,test,isotonic
0.45,0,-0.8109928480298912,0,test,isotonic
0.46,0,-0.8445297526230374,0,test,isotonic
0.47,0,-0.8793322007857362,0,test,isotonic
0.48,0,-0.9154732046470003,0,test,isotonic
0.49,0,-0.9530315027773337,0,test,isotonic
0.5,0,-0.9920921328328804,0,test,isotonic
0.51,0,-1.0327470743192657,0,test,isotonic
0.52,0,-1.0750959717009172,0,test,isotonic
0.53,0,-1.1192469498222133,0,test,isotonic
0.54,0,-1.1653175356879135,0,test,isotonic
0.55,0,-1.213435703147645,0,test,isotonic
0.56,0,-1.2637410600373642,0,test,isotonic
0.57,0,-1.3163862009684653,0,test,isotonic
0.58,0,-1.3715382533724765,0,test,isotonic
0.59,0,-1.4293806497961954,0,test,isotonic
0.6,0,-1.4901151660411003,0,test,isotonic
0.61,0,-1.553964272862667,0,test,isotonic
0.62,0,-1.621173858990632,0,test,isotonic
0.63,0,-1.6920163957201084,0,test,isotonic
0.64,0,-1.7667946289345562,0,test,isotonic
0.65,0,-1.8458459040469721,0,test,isotonic
0.66,0,-1.9295472541660008,0,test,isotonic
0.67,0,-2.0183214133831524,0,test,isotonic
0.68,0,-2.1126439575513762,0,test,isotonic
0.69,0,-2.2130518271498065,0,test,isotonic
0.7,0,-2.320153554721467,0,test,isotonic
0.71,0,-2.4346416083325524,0,test,isotonic
0.72,0,-2.557307380058715,0,test,isotonic
0.73,0,-2.689059505246074,0,test,isotonic
0.74,0,-2.8309464092940004,0,test,isotonic
0.75,0,-2.984184265665761,0,test,isotonic
0.76,0,-3.1501919434018344,0,test,isotonic
0.77,0,-3.330635071375827,0,test,isotonic
0.78,0,-3.5274821200747284,0,test,isotonic
0.79,0,-3.7430765067449543,0,test,isotonic
0.8,0,-3.980230332082202,0,test,isotonic
0.81,0,-4.242347717981265,0,test,isotonic
0.82,0,-4.533589257869111,0,test,isotonic
0.83,0,-4.859094508331999,0,test,isotonic
0.84,0,-5.225287915102751,0,test,isotonic
0.85,0,-5.640307109442934,0,test,isotonic
0.86,0,-6.11461476011743,0,test,isotonic
0.87,0,-6.661892818588001,0,test,isotonic
0.88,0,-7.300383886803669,0,test,isotonic
0.89,0,-8.054964240149458,0,test,isotonic
0.9,0,-8.960460664164405,0,test,isotonic
0.905,0,-9.48469543596253,0,test,isotonic
0.91,0,-10.067178515738227,0,test,isotonic
0.915,0,-10.718189016664008,0,test,isotonic
0.92,0,-11.45057583020551,0,test,isotonic
0.925,0,-12.280614218885876,0,test,isotonic
0.93,0,-13.22922952023487,0,test,isotonic
0.935,0,-14.323785637176016,0,test,isotonic
0.94,0,-15.600767773607322,0,test,isotonic
0.945,0,-17.109928480298898,0,test,isotonic
0.95,0,-18.920921328328788,0,test,isotonic
0.955,0,-21.13435703147643,0,test,isotonic
0.96,0,-23.901151660410985,0,test,isotonic
0.965,0,-27.458459040469695,0,test,isotonic
0.97,0,-32.20153554721465,0,test,isotonic
0.975,0,-38.841842656657576,0,test,isotonic
0.98,0,-48.80230332082197,0,test,isotonic
0.985,0,-65.4030710944293,0,test,isotonic
0.99,0,-98.60460664164394,0,test,isotonic
0.991,0,-109.67178515738215,0,test,isotonic
0.992,0,-123.50575830205491,0,test,isotonic
0.993,0,-141.29229520234847,0,test,isotonic
0.994,0,-165.00767773607325,0,test,isotonic
0.995,0,-198.20921328328788,0,test,isotonic
0.996,0,-248.01151660410986,0,test,isotonic
0.997,0,-331.01535547214644,0,test,isotonic
0.998,0,-497.02303320821966,0,test,isotonic
0.999,0,-995.0460664164393,0,test,isotonic
