threshold,tp,fp,tn,fn,n_alerts,alerts_per_day,precision,recall,specificity,f1,accuracy,kappa,split
1e-4,1695,445241,238,0,446936,2455.6923076923076,0.0037924893049564143,1,5.342563847005134e-4,0.007556321342038335,0.0043227021248999275,4.052315039517738e-6,validation
2e-4,1695,443562,1917,0,445257,2446.467032967033,0.0038067902357514873,1,0.0043032331490373285,0.007584707082639747,0.008077392692777309,3.2762475169153186e-5,validation
3e-4,1695,440685,4794,0,442380,2430.6593406593406,0.0038315475383154753,1,0.01076145003468177,0.007633845634183414,0.014511129895745281,8.246261459658437e-5,validation
4e-4,1695,437289,8190,0,438984,2412,0.0038611885626811,1,0.018384705002929432,0.007692674259495006,0.022105489138456173,1.4196354783137631e-4,validation
5e-4,1695,433784,11695,0,435479,2392.7417582417584,0.0038922657579355145,1,0.026252640416271025,0.007754349526733063,0.0299436013721728,2.043436264030856e-4,validation
6e-4,1695,430231,15248,0,431926,2373.21978021978,0.003924283326310525,1,0.034228325016442976,0.007817887048828355,0.037889054372570855,2.6860721053670566e-4,validation
7e-4,1695,426975,18504,0,428670,2355.3296703296705,0.003954090559171391,1,0.0415373115231021,0.007877034610156496,0.04517033637912759,3.284306404927772e-4,validation
8e-4,1695,423875,21604,0,425570,2338.296703296703,0.003982893531028973,1,0.04849611317256257,0.007934186043790155,0.05210276089396969,3.8623510768371336e-4,validation
9e-4,1695,420926,24553,0,422621,2322.0934065934066,0.004010685697113963,1,0.05511595383845254,0.00798932870784981,0.058697509246959795,4.420078284315114e-4,validation
0.001,1695,418072,27407,0,419767,2306.412087912088,0.004037954388982459,1,0.06152254090540744,0.008043429775400866,0.06507981233255959,4.967270286222654e-4,validation
0.0011,1695,415342,30137,0,417037,2291.412087912088,0.004064387572325717,1,0.06765077590638391,0.008095870389652572,0.07118481843756569,5.49766782394402e-4,validation
0.0012,1695,412600,32879,0,414295,2276.346153846154,0.004091287609070831,1,0.07380594820406798,0.00814923435659511,0.07731665973424215,6.037404164479969e-4,validation
0.0013,1695,410081,35398,0,411776,2262.5054945054944,0.004116315666770283,1,0.07946053573793602,0.00819888214651088,0.08294981371904449,6.539553975249546e-4,validation
0.0014,1695,407559,37920,0,409254,2248.6483516483518,0.004141682182703162,1,0.08512185759598095,0.008249198805691218,0.08858967650176441,7.048468697983534e-4,validation
0.0015,1695,405197,40282,0,406892,2235.6703296703295,0.0041657245657324305,1,0.09042401549792471,0.008296886587189509,0.09387173672887959,7.530794142682169e-4,validation
0.0016,1695,402825,42654,0,404520,2222.6373626373625,0.004190151290418273,1,0.09574862114712478,0.008345334367268564,0.09917615961572006,8.02080621196292e-4,validation
0.0017,1695,400559,44920,0,402254,2210.186813186813,0.0042137554878261,1,0.10083528067540783,0.008392148513797534,0.10424353830947237,8.494295160861366e-4,validation
0.0018,1695,398324,47155,0,400019,2197.9065934065934,0.0042372987283104055,1,0.10585235218719626,0.00843883957243213,0.10924159275807628,8.966539002089388e-4,validation
0.0019,1695,396234,49245,0,397929,2186.423076923077,0.004259553840006635,1,0.11054393136376799,0.008482973995555825,0.11391538864066336,9.41292430338369e-4,validation
0.002,1695,394073,51406,0,395768,2174.5494505494507,0.004282812152574236,1,0.11539488954585962,0.008529095790048383,0.11874795940730007,9.87941015675195e-4,validation
0.0021,1695,392028,53451,0,393723,2163.313186813187,0.004305057108677929,1,0.11998545385977791,0.008573206075595951,0.12332112332112333,0.0010325551017728895,validation
0.0022,1695,390056,55423,0,391751,2152.478021978022,0.0043267279470888395,1,0.12441214961872502,0.00861617604448895,0.1277310398189519,0.0010760158327661241,validation
0.0023,1694,388092,57387,1,389786,2141.6813186813188,0.004345974457779397,0.9994100294985251,0.12882088717986706,0.008654315279668744,0.13212082992302773,0.0011146101363590675,validation
0.0024,1694,386137,59342,1,387831,2130.9395604395604,0.004367881886698072,0.9994100294985251,0.13320942176847841,0.008697750599446507,0.13649272989932332,0.0011585416026914507,validation
0.0025,1694,384308,61171,1,386002,2120.8901098901097,0.004388578297521774,0.9994100294985251,0.1373151147416601,0.008738783121870946,0.14058286036308015,0.0012000428119553026,validation
0.0026,1694,382475,63004,1,384169,2110.8186813186812,0.0044095176862266345,0.9994100294985251,0.1414297868137443,0.008780295648207658,0.1446819358907271,0.0012420294946477771,validation
0.0027,1694,380656,64823,1,382350,2100.8241758241757,0.004430495619197071,0.9994100294985251,0.14551303203966967,0.008821882852269916,0.14874970369475865,0.001284091694677605,validation
0.0028,1694,378816,66663,1,380510,2090.714285714286,0.0044519197918582954,0.9994100294985251,0.1496434175348333,0.008864352899621931,0.1528644330842133,0.0013270468077572041,validation
0.0029,1694,377006,68473,1,378700,2080.769230769231,0.0044731977818853975,0.9994100294985251,0.15370645978822794,0.008906531368708842,0.15691207449449207,0.0013697069985510791,validation
0.003,1694,375301,70178,1,376995,2071.401098901099,0.004493428294804971,0.9994100294985251,0.15753380069543121,0.008946631809659617,0.16072490797765523,0.001410265415227021,validation
0.0031,1694,373603,71876,1,375297,2062.0714285714284,0.004513758436651505,0.9994100294985251,0.16134542817955505,0.008986928104575164,0.16452208759901069,0.0014510219101381123,validation
0.0032,1694,371929,73550,1,373623,2052.8736263736264,0.004533982115662044,0.9994100294985251,0.1651031810702637,0.009027011760693598,0.1682655968370254,0.0014915633253776179,validation
0.0033,1694,370323,75156,1,372017,2044.0494505494505,0.004553555348277095,0.9994100294985251,0.16870828927962933,0.009065804683820695,0.1718570399889081,0.0015307992555067683,validation
0.0034,1694,368749,76730,1,370443,2035.401098901099,0.004572903253671955,0.9994100294985251,0.17224156469777477,0.009104149535924845,0.1753769226296699,0.001569581986303818,validation
0.0035,1694,367199,78280,1,368893,2026.8846153846155,0.004592117497485721,0.9994100294985251,0.175720965522505,0.009142228026811446,0.17884313488709094,0.0016080953029257309,validation
0.0036,1694,365677,79802,1,367371,2018.521978021978,0.004611142414616287,0.9994100294985251,0.1791375126549175,0.009179929877040962,0.18224673169728114,0.0016462276669141672,validation
0.0037,1694,364175,81304,1,365869,2010.2692307692307,0.004630072512292651,0.9994100294985251,0.18250916429281738,0.009217442404588043,0.18560560318802077,0.0016841685354573525,validation
0.0038,1694,362712,82767,1,364406,2002.2307692307693,0.004648661108763302,0.9994100294985251,0.1857932697164176,0.009254276825247678,0.18887726030583174,0.0017214235434887487,validation
0.0039,1694,361279,84200,1,362973,1994.357142857143,0.004667013799924512,0.9994100294985251,0.18901003189824886,0.009290642447376792,0.1920818294444668,0.001758204389806844,validation
0.004,1694,359818,85661,1,361512,1986.3296703296703,0.004685874881055124,0.9994100294985251,0.1922896477723978,0.0093280140525926,0.19534901403033272,0.0017960026949172822,validation
0.0041,1693,358351,87128,2,360044,1978.2637362637363,0.004702203064069947,0.9988200589970502,0.19558273229490056,0.009360339913584103,0.19862737994606128,0.0018287187261112308,validation
0.0042,1693,356979,88500,2,358672,1970.7252747252746,0.004720190034348932,0.9988200589970502,0.1986625632184682,0.009395976879126001,0.20169553686037203,0.001864762646419785,validation
0.0043,1693,355585,89894,2,357278,1963.065934065934,0.004738606911144823,0.9988200589970502,0.20179177918599978,0.009432464280043346,0.20481289162607844,0.001901666703435515,validation
0.0044,1693,354258,91221,2,355951,1955.7747252747254,0.004756272633030951,0.9988200589970502,0.204770595246914,0.009467462239197418,0.20778041657162535,0.0019370643008127166,validation
0.0045,1693,352918,92561,2,354611,1948.4120879120878,0.004774245581778343,0.9988200589970502,0.2077785933792614,0.009503067587972137,0.21077701297481516,0.001973076213810164,validation
0.0046,1693,351599,93880,2,353292,1941.1648351648353,0.0047920700157376905,0.9988200589970502,0.21073945124237056,0.009538377461709865,0.21372664779258185,0.0020087892681670146,validation
0.0047,1693,350346,95133,2,352039,1934.2802197802198,0.004809126261578972,0.9988200589970502,0.21355215397358798,0.009572164394714672,0.21652868905616157,0.0020429619832864746,validation
0.0048,1693,349071,96408,2,350764,1927.2747252747254,0.004826607063438665,0.9988200589970502,0.2164142417487693,0.009606791144501912,0.21937992817113697,0.002077984095127055,validation
0.0049,1693,347808,97671,2,349501,1920.3351648351647,0.004844049087127075,0.9988200589970502,0.21924939222724305,0.009641339878586317,0.222204332094442,0.0021129272912524446,validation
0.005,1693,346579,98900,2,348272,1913.5824175824175,0.004861143014655212,0.9988200589970502,0.22200822036504528,0.009675197947235025,0.224952702974681,0.0021471719272746896,validation
0.0051,1693,345365,100114,2,347058,1906.9120879120878,0.004878147168484806,0.9988200589970502,0.22473337688196302,0.00970887705625471,0.22766752986533206,0.0021812355516371276,validation
0.0052,1693,344150,101329,2,345843,1900.2362637362637,0.004895284854688399,0.9988200589970502,0.22746077817360638,0.009742819490242792,0.23038459302195566,0.0022155654984798495,validation
0.0053,1693,342978,102501,2,344671,1893.7967032967033,0.004911930507643521,0.9988200589970502,0.23009165415204758,0.009775786306970085,0.23300549674176046,0.002248908681136226,validation
0.0054,1693,341756,103723,2,343449,1887.0824175824175,0.004929407277354134,0.9988200589970502,0.23283476886677038,0.00981039797881464,0.23573821376019177,0.002283915488365599,validation
0.0055,1693,340571,104908,2,342264,1880.5714285714287,0.004946474066802235,0.9988200589970502,0.23549482691664478,0.009844196546681437,0.2383881889376395,0.0023180999000794473,validation
0.0056,1693,339457,106022,2,341150,1874.4505494505495,0.004962626410669794,0.9988200589970502,0.23799550596099928,0.009876183114818651,0.24087938923103758,0.002350451618169091,validation
0.0057,1693,338364,107115,2,340057,1868.4450549450548,0.004978577120894438,0.9988200589970502,0.2404490447361155,0.009907769376623986,0.24332362793901255,0.00238239845237286,validation
0.0058,1693,337267,108212,2,338960,1862.4175824175825,0.004994689638895445,0.9988200589970502,0.24291156261013425,0.009939675037794837,0.24577681171087765,0.0024146683242053167,validation
0.0059,1693,336171,109308,2,337864,1856.3956043956043,0.005010891956526886,0.9988200589970502,0.2453718357094274,0.009971757485444356,0.2482277592167702,0.00244711699263643,validation
0.006,1693,335116,110363,2,336809,1850.598901098901,0.005026587769329204,0.9988200589970502,0.24774007304496956,0.010002836007846289,0.250587019817789,0.0024785502684328137,validation
0.0061,1693,334063,111416,2,335756,1844.8131868131868,0.005042352184324331,0.9988200589970502,0.2501038208310605,0.010034049387911134,0.2529418078868628,0.0025101199337383257,validation
0.0062,1693,333040,112439,2,334733,1839.1923076923076,0.005057762455449567,0.9988200589970502,0.2524002253753825,0.010064560619211243,0.25522950797676075,0.0025409794283160056,validation
0.0063,1693,331982,113497,2,333675,1833.3791208791208,0.005073799355660448,0.9988200589970502,0.25477519703510154,0.010096311536511911,0.25759547737569716,0.0025730927513531107,validation
0.0064,1693,330982,114497,2,332675,1827.8846153846155,0.0050890508754790715,0.9988200589970502,0.25701997176073393,0.010126506564584145,0.25983174334822684,0.0026036324189707134,validation
0.0065,1693,330006,115473,2,331699,1822.521978021978,0.005104025034745357,0.9988200589970502,0.25921087189295117,0.010156151580412364,0.2620143389374159,0.0026336157897624423,validation
0.0066,1693,329035,116444,2,330728,1817.1868131868132,0.005119010183594978,0.9988200589970502,0.2613905481515402,0.010185817467503753,0.2641857531967422,0.002663620263227807,validation
0.0067,1693,328076,117403,2,329769,1811.9175824175825,0.005133896758033654,0.9988200589970502,0.26354328711342173,0.010215287331354234,0.2663303322643982,0.0026934264694356154,validation
0.0068,1693,327122,118357,2,328815,1806.6758241758241,0.005148791873850037,0.9988200589970502,0.26568480220167506,0.010244773229251762,0.26846373000219154,0.0027232488859656352,validation
0.0069,1693,326161,119318,2,327854,1801.3956043956043,0.005163883923941755,0.9988200589970502,0.2678420307130078,0.010274648079648247,0.2706127816017926,0.002753464687199289,validation
0.007,1693,325245,120234,2,326938,1796.3626373626373,0.005178351858762212,0.9988200589970502,0.2698982443616871,0.010303286644980874,0.2726612012326298,0.0027824300876151315,validation
0.0071,1693,324299,121180,2,325992,1791.1648351648353,0.005193378978625243,0.9988200589970502,0.2720218012521353,0.010333031215763825,0.27477670884264294,0.0028125141089540198,validation
0.0072,1693,323354,122125,2,325047,1785.9725274725274,0.005208477543247592,0.9988200589970502,0.27414311336785796,0.010362916307055723,0.2768899801866835,0.002842740247556071,validation
0.0073,1693,322408,123071,2,324101,1780.7747252747254,0.0052236802725076446,0.9988200589970502,0.2762666702583062,0.010393006666748517,0.2790054877966966,0.002873173990093323,validation
0.0074,1693,321496,123983,2,323189,1775.7637362637363,0.005238420862096173,0.9988200589970502,0.278313904808083,0.010422181455534899,0.2810449623636437,0.002902681706795754,validation
0.0075,1693,320565,124914,2,322258,1770.6483516483515,0.005253554605316237,0.9988200589970502,0.28040379007764676,0.010452133488499873,0.28312692598406886,0.0029329755303447577,validation
0.0076,1693,319678,125801,2,321371,1765.7747252747254,0.0052680546782379245,0.9988200589970502,0.2823949052592827,0.010480830542365956,0.2851104939017027,0.002962000047386632,validation
0.0077,1693,318809,126670,2,320502,1761,0.005282338331742079,0.9988200589970502,0.28434561449585727,0.010509098470811334,0.28705380903183103,0.002990590536013781,validation
0.0078,1693,317924,127555,2,319617,1756.1373626373627,0.005296964804750686,0.9988200589970502,0.2863322401280419,0.010538044019519967,0.2890329044175198,0.0030198663707007045,validation
0.0079,1693,317043,128436,2,318736,1751.2967032967033,0.005311605843080167,0.9988200589970502,0.2883098866613241,0.010567017548239716,0.2910030547393185,0.0030491704981775018,validation
0.008,1693,316161,129318,2,317854,1746.4505494505495,0.005326344799813751,0.9988200589970502,0.29028977796933186,0.010596183996820519,0.2929754413270897,0.00307866974024464,validation
0.0081,1693,315311,130168,2,317004,1741.7802197802198,0.005340626616698843,0.9988200589970502,0.2921978364861194,0.010624445009240695,0.29487626740373996,0.003107253208714261,validation
0.0082,1693,314442,131037,2,316135,1737.0054945054944,0.005355307068182897,0.9988200589970502,0.294148545722694,0.010653494006229747,0.29681958253386825,0.003136633646159527,validation
0.0083,1693,313574,131905,2,315267,1732.2362637362637,0.005370051416735656,0.9988200589970502,0.29609701018454293,0.010682668584877684,0.29876066139802404,0.003166141091543876,validation
0.0084,1693,312760,132719,2,314453,1727.7637362637363,0.005383952450763707,0.9988200589970502,0.2979242568112077,0.010710173716107645,0.3005809818996632,0.003193960035956091,validation
0.0085,1693,311908,133571,2,313601,1723.0824175824175,0.005398579723916697,0.9988200589970502,0.2998368048774465,0.010739114990358269,0.30248628050825854,0.0032232315023996484,validation
0.0086,1693,311070,134409,2,312763,1718.478021978022,0.005413044381848237,0.9988200589970502,0.30171792609752646,0.010767733687805684,0.3043602713932384,0.0032521767053770535,validation
0.0087,1693,310252,135227,2,311945,1713.9835164835165,0.005427238776066294,0.9988200589970502,0.3035541518230938,0.010795816860094376,0.3061895369587677,0.0032805802673280607,validation
0.0088,1693,309470,136009,2,311163,1709.6868131868132,0.005440878253519859,0.9988200589970502,0.30530956565853834,0.01082280139871763,0.307938296949286,0.0033078726559954545,validation
0.0089,1693,308663,136816,2,310356,1705.2527472527472,0.005455025841291936,0.9988200589970502,0.3071210988621237,0.010850790415669234,0.30974296358911746,0.0033361809765174405,validation
0.009,1693,307871,137608,2,309564,1700.901098901099,0.005468982181390601,0.9988200589970502,0.30889896044482457,0.010878400303284403,0.31151408623936094,0.0033641058365928072,validation
0.0091,1693,307105,138374,2,308798,1696.6923076923076,0.005482548462101438,0.9988200589970502,0.31061845788465897,0.01090523779924185,0.3132270659743187,0.003391249487947177,validation
0.0092,1693,306359,139120,2,308052,1692.5934065934066,0.005495825380130628,0.9988200589970502,0.31229305982998073,0.010931502161441434,0.3148953203898259,0.0034178134619842026,validation
0.0093,1692,305575,139904,3,307267,1688.2802197802198,0.005506611513764902,0.9982300884955753,0.3140529632148766,0.01095280325735851,0.31664631664631665,0.0034393822144277043,validation
0.0094,1692,304789,140690,3,306481,1683.9615384615386,0.005520733748584741,0.9982300884955753,0.3158173561492236,0.010980738279424744,0.318404021700725,0.003467635958207314,validation
0.0095,1692,303997,141482,3,305689,1679.60989010989,0.005535037243734645,0.9982300884955753,0.3175952177319245,0.011009031049111209,0.3201751443509685,0.003496251525135085,validation
0.0096,1692,303237,142242,3,304929,1675.434065934066,0.005548832679082672,0.9982300884955753,0.31930124652340514,0.011036318096430808,0.3218747064900911,0.003523849889361924,validation
0.0097,1692,302461,143018,3,304153,1671.1703296703297,0.005562989679536286,0.9982300884955753,0.3210431917104959,0.011064319531270433,0.3236100488847742,0.0035521707855384874,validation
0.0098,1692,301746,143733,3,303438,1667.2417582417581,0.005576097917861309,0.9982300884955753,0.32264820563932306,0.011090245892774624,0.3252089790551329,0.0035783929289787894,validation
0.0099,1692,300997,144482,3,302689,1663.1263736263736,0.00558989589975189,0.9982300884955753,0.32432954190882174,0.011117535744322962,0.32688394226855766,0.0036059941122742233,validation
0.01,1692,300303,145176,3,301995,1659.3131868131868,0.005602741767247802,0.9982300884955753,0.3258874155684106,0.011142941815667294,0.3284359108534933,0.0036316900193908513,validation
0.011,1691,293441,152038,4,295132,1621.6043956043957,0.005729639618882398,0.9976401179941002,0.34129105973570023,0.011393842204381676,0.3437789316910196,0.003885478123533289,validation
0.012,1690,287029,158450,5,288719,1586.368131868132,0.0058534422743220915,0.9970501474926253,0.3556845552764552,0.01163855736982377,0.3581156328409076,0.004133011100875957,validation
0.013,1690,281169,164310,5,282859,1554.1703296703297,0.005974708246865046,0.9970501474926253,0.3688389351686612,0.011878237522579195,0.37122015143993164,0.004375425458493507,validation
0.014,1689,275609,169870,6,277298,1523.6153846153845,0.006090920237434096,0.9964601769911504,0.38131988264317734,0.012107830662418054,0.3836515539812243,0.004607664649212932,validation
0.015,1688,270323,175156,7,272011,1494.565934065934,0.006205631389907026,0.9958702064896755,0.39318576184287024,0.012334402607177046,0.39547021964604384,0.004836848828049628,validation
0.016,1687,265493,179986,8,267180,1468.021978021978,0.0063140953664196425,0.9952802359882006,0.40402802376767477,0.012548582054858206,0.4062691480273898,0.005053499779648178,validation
0.017,1686,260935,184544,9,262621,1442.9725274725274,0.0064198978756458925,0.9946902654867257,0.4142597069671073,0.012757456983307857,0.4164598120642077,0.005264786327996071,validation
0.018,1685,256475,189004,10,258160,1418.4615384615386,0.006526960024790827,0.9941002949852508,0.42427140224342785,0.012968771045390697,0.42643132203571765,0.005478540468752265,validation
0.019,1685,252357,193122,10,254042,1395.8351648351647,0.006632761511875989,0.9941002949852508,0.43351538456358213,0.013177600425437069,0.43564026531059497,0.005689752318034767,validation
0.02,1684,248402,197077,11,250086,1374.098901098901,0.006733683612837184,0.9935103244837759,0.4423934686034583,0.013376704358152521,0.44448246096597743,0.0058911577877593085,validation
0.021,1683,244752,200727,12,246435,1354.0384615384614,0.006829387059468014,0.9929203539823008,0.4505868963520166,0.013565469713456655,0.45264259549973834,0.006082107343277621,validation
0.022,1682,241225,204254,13,242907,1334.6538461538462,0.006924460801870674,0.9923303834808259,0.4585042168093221,0.013752953777974013,0.4605276693188781,0.0062717615934153315,validation
0.023,1681,237761,207718,14,239442,1315.6153846153845,0.007020489304299162,0.991740412979351,0.46628011645891276,0.013942281773431698,0.4682718583817485,0.006463281419560121,validation
0.024,1681,234394,211085,14,236075,1297.1153846153845,0.007120618447527269,0.991740412979351,0.4738382729601171,0.014139714850485765,0.47580136591125605,0.006662967231376669,validation
0.025,1677,231241,214238,18,232918,1279.7692307692307,0.007199958783777982,0.9893805309734514,0.4809160476700361,0.014295883007335485,0.48284336745875206,0.0068210474894926576,validation
0.026,1676,228345,217134,19,230021,1263.8516483516485,0.007286291251668326,0.9887905604719764,0.48741691527546754,0.01446598422206494,0.48931735744922555,0.006993123743045599,validation
0.027,1674,225601,219878,21,227275,1248.7637362637363,0.0073655263447365525,0.9876106194690265,0.4935765771226029,0.014622002882473686,0.49544919874590204,0.007150990730490111,validation
0.028,1672,222824,222655,23,224496,1233.4945054945056,0.007447794170052028,0.9864306784660767,0.4998103165356841,0.014783965763447706,0.5016548368196719,0.0073148712287800675,validation
0.029,1671,220233,225246,24,221904,1219.2527472527472,0.007530283365779797,0.9858407079646018,0.5056265278497977,0.014946399581393476,0.507446765688524,0.007479195056422175,validation
0.03,1671,217645,227834,24,219316,1205.032967032967,0.007619143154170238,0.9858407079646018,0.5114360048397343,0.01512141929587215,0.5132342220254308,0.00765621435426774,validation
0.031,1669,215239,230240,26,216908,1191.8021978021977,0.007694506426687812,0.984660766961652,0.5168369328296059,0.015269689802976171,0.5186102054233922,0.007806248983909113,validation
0.032,1668,212970,232509,27,214638,1179.3296703296703,0.007771224107567159,0.984070796460177,0.5219303266820658,0.015420670910124668,0.5236820566490896,0.007958990924975479,validation
0.033,1668,210685,234794,27,212353,1166.7747252747254,0.007854845469571893,0.984070796460177,0.5270596369301359,0.015585289280908956,0.52879192439632,0.008125490559388434,validation
0.034,1666,208528,236951,29,210194,1154.9120879120878,0.007926011208692922,0.9828908554572271,0.531901616013325,0.01572521461708725,0.5336110775671216,0.00826708745854187,validation
0.035,1664,206491,238988,31,208155,1143.7087912087911,0.007994042900723019,0.9817109144542773,0.5364742221294382,0.015858946866809626,0.5381618788212195,0.00840242175209551,validation
0.036,1662,204487,240992,33,206149,1132.6868131868132,0.00806212981872335,0.9805309734513274,0.5409727506796056,0.015992763803621947,0.542638883298224,0.008537842957372851,validation
0.037,1660,202613,242866,35,204273,1122.3791208791208,0.008126379893573796,0.9793510324483776,0.5451794585154407,0.01611900877806261,0.5468251731987995,0.008665606827565136,validation
0.038,1659,200765,244714,36,202424,1112.2197802197802,0.008195668497806584,0.9787610619469026,0.5493278022084094,0.016255223668546287,0.5509555564500619,0.008803418011616587,validation
0.039,1659,198940,246539,36,200599,1102.1923076923076,0.008270230659175768,0.9787610619469026,0.5534245160826885,0.016401870544850563,0.5550367418499287,0.008951742831265829,validation
0.04,1659,197166,248313,36,198825,1092.4450549450548,0.008344021124104112,0.9787610619469026,0.5574067464459604,0.016546977857570318,0.5590038776851963,0.009098510304454915,validation
0.041,1659,195478,250001,36,197137,1083.1703296703297,0.008415467416060913,0.9787610619469026,0.5611959261828279,0.016687454735656235,0.5627786946468265,0.009240594208266423,validation
0.042,1659,193872,251607,36,195531,1074.3461538461538,0.00848458812157663,0.9787610619469026,0.5648010343921935,0.016823339721943355,0.5663701377987093,0.009378033541798196,validation
0.043,1659,192321,253158,36,193980,1065.8241758241759,0.008552428085369625,0.9787610619469026,0.5682826799916494,0.016956688386354925,0.5698385863221028,0.009512907399542265,validation
0.044,1659,190833,254646,36,192492,1057.6483516483515,0.008618539991272364,0.9787610619469026,0.5716229047833905,0.017086622688439492,0.573166150089227,0.009644327707715871,validation
0.045,1659,189359,256120,36,191018,1049.5494505494505,0.008685045388392716,0.9787610619469026,0.5749317027289726,0.017217312791560503,0.5764624061327358,0.009776512326289228,validation
0.046,1659,187965,257514,36,189624,1041.89010989011,0.008748892545247437,0.9787610619469026,0.5780609186965042,0.017342762611136372,0.5795797608984422,0.009903396608885827,validation
0.047,1658,186597,258882,37,188255,1034.368131868132,0.008807202995936363,0.9781710914454277,0.5811317705211694,0.01745722558568044,0.5826367364828904,0.01001920898165933,validation
0.048,1658,185220,260259,37,186878,1026.8021978021977,0.008872098374340479,0.9781710914454277,0.5842228253183652,0.017584701945665603,0.5857160747270638,0.010148143026482063,validation
0.049,1658,183942,261537,37,185600,1019.7802197802198,0.008933189655172414,0.9781710914454277,0.5870916474177234,0.017704690461571318,0.5885740226399567,0.010269503486900726,validation
0.05,1657,182733,262746,38,184390,1013.1318681318681,0.008986387548131677,0.9775811209439528,0.589805580061013,0.01780906574952307,0.5912754319347726,0.010375113633902571,validation
0.051,1656,181511,263968,39,183167,1006.4120879120879,0.009040929861820087,0.9769911504424779,0.5925486947757358,0.017916067120338414,0.5940059126872314,0.010483380338961106,validation
0.052,1655,180313,265166,40,181968,999.8241758241758,0.0090950057152906,0.976401179941003,0.5952379348970434,0.018022138372998372,0.5966827230563494,0.010590706737994547,validation
0.053,1655,179142,266337,40,180797,993.3901098901099,0.009153912952095444,0.976401179941003,0.597866566100759,0.018137781382197578,0.5993013905101817,0.010707672402500387,validation
0.054,1655,177971,267508,40,179626,986.9560439560439,0.00921358823332925,0.976401179941003,0.6004951973044745,0.018254918073471908,0.601920057964014,0.01082614872504663,validation
0.055,1655,176852,268627,40,178507,980.8076923076923,0.009271345101312554,0.976401179941003,0.6030071002224572,0.01836827560182462,0.6044224395872747,0.010940802560986248,validation
0.056,1654,175795,269684,41,177449,974.9945054945055,0.009320988002186543,0.975811209439528,0.6053798271074506,0.018465591926048318,0.6067839364542661,0.011039274857643874,validation
0.057,1653,174758,270721,42,176411,969.2912087912088,0.009370163992041313,0.9752212389380531,0.6077076584979314,0.018561979944527417,0.6091007080018069,0.011136808654540501,validation
0.058,1653,173734,271745,42,175387,963.6648351648352,0.0094248718548125,0.9752212389380531,0.6100063078169791,0.01866931703956359,0.6113906443576773,0.011245373444560666,validation
0.059,1653,172721,272758,42,174374,958.0989010989011,0.00947962425590971,0.9752212389380531,0.6122802646140446,0.018776729577608776,0.61365598178785,0.011354014449121557,validation
0.06,1653,171690,273789,42,173343,952.434065934066,0.009536006645783216,0.9752212389380531,0.6145946273561717,0.01888732732320982,0.615961572005528,0.011465876994635218,validation
0.061,1653,170729,274750,42,172382,947.1538461538462,0.00958916824262394,0.9752212389380531,0.6167518558675044,0.018991595673179113,0.6181106236051291,0.011571337672574164,validation
0.062,1652,169826,275653,43,171478,942.1868131868132,0.009633888895368502,0.9746312684365782,0.6187788874447505,0.019079186709244512,0.6201277355123509,0.011659974963005458,validation
0.063,1651,168849,276630,44,170500,936.8131868131868,0.009683284457478005,0.9740412979351032,0.6209720323516933,0.01917593426057667,0.6223103311015399,0.011757873896388422,validation
0.064,1651,167965,277514,44,169616,931.9560439560439,0.009733751532874257,0.9740412979351032,0.6229564132091524,0.019274886025999496,0.6242871902212561,0.011857957424218088,validation
0.065,1650,167107,278372,45,168757,927.2362637362637,0.009777372197894013,0.9734513274336283,0.624882429923745,0.019360289113650765,0.6262036701597141,0.011944382705224155,validation
0.066,1650,166252,279227,45,167902,922.5384615384615,0.009827161082059773,0.9734513274336283,0.6268017123141607,0.019457891354210277,0.628115677566227,0.012043101355366289,validation
0.067,1650,165343,280136,45,166993,917.5439560439561,0.009880653680094375,0.9734513274336283,0.6288422125397606,0.019562743052262164,0.6301484433352565,0.012149152300672447,validation
0.068,1649,164493,280986,46,166142,912.8681318681319,0.009925244670221859,0.9728613569321534,0.6307502710565481,0.019650017576577274,0.6320470331459342,0.012237471144849865,validation
0.069,1649,163674,281805,46,165323,908.3681318681319,0.00997441372343836,0.9728613569321534,0.6325887415568411,0.01974637464225413,0.6338785349774361,0.012334930378115857,validation
0.07,1649,162885,282594,46,164534,904.032967032967,0.010022244642444722,0.9728613569321534,0.634359868815365,0.019840100102870135,0.635642948829762,0.012429727834315427,validation
0.071,1649,162055,283424,46,163704,899.4725274725274,0.010073058691296486,0.9728613569321534,0.63622303183764,0.019939661062037862,0.6374990495869617,0.012530427456834489,validation
0.072,1648,161271,284208,47,162919,895.1593406593406,0.010115456146919635,0.9722713864306785,0.6379829352225358,0.020022598320920456,0.6392500458434525,0.0126143602899924,validation
0.073,1648,160535,284944,47,162183,891.1153846153846,0.010161360931786932,0.9722713864306785,0.6396350894206012,0.020112522730323778,0.6408959375992344,0.012705313231261204,validation
0.074,1648,159766,285713,47,161414,886.8901098901099,0.01020977114748411,0.9722713864306785,0.6413613211846125,0.0202073460078843,0.6426156261321097,0.01280122100305933,validation
0.075,1647,159039,286440,48,160686,882.8901098901099,0.010249803965497928,0.9716814159292035,0.6429932724101473,0.02028562454967022,0.6442391552281662,0.012880442520413652,validation
0.076,1647,158324,287155,48,159971,878.9615384615385,0.010295616080414575,0.9716814159292035,0.6445982863389744,0.020375341753986614,0.6458380853985249,0.01297118590599393,validation
0.077,1645,157561,287918,50,159206,874.7582417582418,0.010332525156087083,0.9705014749262537,0.646311049454632,0.020447355827496416,0.64753988380362,0.013044120062660414,validation
0.078,1643,156894,288585,52,158537,871.0824175824176,0.010363511356970298,0.9693215339233038,0.6478083141966288,0.02050776374257327,0.6490270006753524,0.013105316079070398,validation
0.079,1643,156202,289277,52,157845,867.2802197802198,0.010408945484494283,0.9693215339233038,0.6493616983067664,0.020596715557227026,0.6505744967283429,0.013195285985878023,validation
0.08,1642,155482,289997,53,157124,863.3186813186813,0.010450344950484967,0.9687315634218289,0.6509779361092217,0.020677626732317923,0.6521823719625918,0.013277172127048587,validation
0.081,1641,154786,290693,54,156427,859.489010989011,0.010490516343086552,0.968141592920354,0.652540299318262,0.020756125017391634,0.6537365768134998,0.013356618137052034,validation
0.082,1638,154106,291373,57,155744,855.7362637362637,0.010517259091843024,0.9663716814159292,0.6540667461316919,0.02080805899427715,0.6552505288769025,0.0134092949864224,validation
0.083,1637,153518,291961,58,155155,852.5,0.010550739582997648,0.9657817109144543,0.6553866736703639,0.02087344596748486,0.6565632170027774,0.013475480663930296,validation
0.084,1636,152886,292593,59,154522,849.021978021978,0.010587489160119595,0.9651917404129794,0.6568053712969635,0.020945223631230917,0.6579743008314437,0.01354813059185647,validation
0.085,1635,152244,293235,60,153879,845.489010989011,0.010625231513071959,0.9646017699115044,0.6582465166708195,0.021018936326121333,0.6594077473198352,0.013622738081978543,validation
0.086,1635,151614,293865,60,153249,842.0274725274726,0.010668911379519605,0.9646017699115044,0.6596607247479679,0.0211043990086741,0.660816594882529,0.01370918016487374,validation
0.087,1634,151016,294463,61,152650,838.7362637362637,0.010704225352112675,0.9640117994100295,0.6610031000338961,0.021173345427451487,0.6621516456681292,0.013778967262425026,validation
0.088,1633,150406,295073,62,152039,835.3791208791209,0.010740665224054355,0.9634218289085545,0.6623724126165319,0.021244487231191538,0.6635135316453997,0.013850975257469587,validation
0.089,1633,149821,295658,62,151454,832.1648351648352,0.010782151676416602,0.9634218289085545,0.6636856058310269,0.021325637124630262,0.6648217472393296,0.013933055361122696,validation
0.09,1633,149232,296247,62,150865,828.9285714285714,0.01082424684320419,0.9634218289085545,0.6650077781444244,0.021407970634504458,0.6661389078971497,0.014016332594876977,validation
0.091,1633,148684,296795,62,150317,825.9175824175824,0.0108637080303625,0.9634218289085545,0.6662379146940709,0.02148514590953346,0.6673643816500959,0.014094392419663,validation
0.092,1632,148108,297371,63,149740,822.7472527472528,0.01089889141178042,0.9628318584070796,0.6675309049360352,0.021553801961237493,0.6686502345843005,0.014163886949577972,validation
0.093,1631,147556,297923,64,149187,819.7087912087912,0.01093258796007695,0.9622418879056047,0.6687700205845842,0.02161954374942008,0.6698824171351644,0.014230434151525632,validation
0.094,1631,146961,298518,64,148592,816.4395604395604,0.010976364811026165,0.9622418879056047,0.6701056615463356,0.021705137503576492,0.6712129953888195,0.014317009197287067,validation
0.095,1630,146424,299055,65,148054,813.4835164835165,0.011009496535048024,0.9616519174041298,0.6713111055740001,0.021769761400743912,0.6724116339500955,0.014382426183398482,validation
0.096,1630,145922,299557,65,147552,810.7252747252747,0.011046952938625027,0.9616519174041298,0.6724379824862676,0.02184298511862885,0.6735342394683054,0.014456489463416067,validation
0.097,1629,145385,300094,66,147014,807.7692307692307,0.011080577359979322,0.9610619469026549,0.6736434265139322,0.021908559670228433,0.6747328780295814,0.014522868473295989,validation
0.098,1628,144876,300603,67,146504,804.967032967033,0.011112324578168515,0.96047197640118,0.6747860168492791,0.0219704586400718,0.6758689011436264,0.0145855300841383,validation
0.099,1626,144316,301163,69,145942,801.8791208791209,0.011141412341889244,0.95929203539823,0.6760430906956333,0.022026998652099408,0.677116737556298,0.014642824699369617,validation
0.1,1625,143795,301684,70,145420,799.010989010989,0.011174528950625774,0.9587020648967551,0.6772126183276878,0.022091561023688953,0.6782795958620135,0.014708181127747803,validation
0.11,1620,139036,306443,75,140656,772.8351648351648,0.011517461039699693,0.9557522123893806,0.6878955012469724,0.022760640950889,0.6889108042954197,0.015385212606458924,validation
0.12,1610,134653,310826,85,136263,748.6978021978022,0.01181538642184599,0.9498525073746312,0.6977343488694192,0.023340436944577336,0.6986899953932921,0.015972234273846468,validation
0.13,1599,130661,314818,96,132260,726.7032967032967,0.012089823075759867,0.9433628318584071,0.7066954895741437,0.023873688925385387,0.7075925702299328,0.016512267334848115,validation
0.14,1591,126825,318654,104,128416,705.5824175824176,0.012389421878893596,0.9386430678466077,0.7153064454216697,0.024456041380052418,0.7161529963727766,0.017101818142397238,validation
0.15,1585,123394,322085,110,124979,686.6978021978022,0.012682130597940454,0.9351032448377581,0.7230082675053146,0.02502486698138529,0.7238122073286909,0.017677583965217968,validation
0.16,1575,120196,325283,120,121771,669.0714285714286,0.01293411403371903,0.9292035398230089,0.730187057077887,0.025513096722984463,0.7309414232491156,0.01817210022464506,validation
0.17,1568,117062,328417,127,118630,651.8131868131868,0.013217567225828205,0.9250737463126844,0.737222181068019,0.026062746727612714,0.7379342269452159,0.01872857684834423,validation
0.18,1565,114107,331372,130,115672,635.5604395604396,0.01352963552112871,0.9233038348082596,0.7438554903822627,0.02666848432694028,0.7445356840961237,0.019341535200845594,validation
0.19,1558,111364,334115,137,112922,620.4505494505495,0.013797134305095552,0.9191740412979351,0.7500129074546724,0.027186194020084282,0.750654107796965,0.019865736076577597,validation
0.2,1551,108652,336827,144,110203,605.510989010989,0.014074027022857817,0.9150442477876106,0.7561007365105875,0.027721675096963303,0.7567032072526578,0.020407935302053506,validation
0.21,1546,106112,339367,149,107658,591.5274725274726,0.01436028906351595,0.912094395280236,0.7618024643136938,0.028275401680795224,0.7623721414930206,0.020968463370218498,validation
0.22,1539,103604,341875,156,105143,577.7087912087912,0.014637208373358189,0.9079646017699115,0.7674323593255798,0.028809973979295758,0.7679650426903174,0.021509782410642025,validation
0.23,1532,101207,344272,163,102739,564.5,0.014911572041775761,0.9038348082595871,0.7728130843429207,0.029339104123178278,0.7733097183646634,0.022045617806043267,validation
0.24,1527,98775,346704,168,100302,551.1098901098901,0.015224023449183466,0.9008849557522124,0.7782723764756588,0.02994205711932704,0.778737135879993,0.02265599614746165,validation
0.25,1516,96532,348947,179,98048,538.7252747252747,0.01546181462140992,0.8943952802359882,0.7833074061852523,0.030398123176563766,0.7837284815306793,0.023118289699719453,validation
0.26,1509,94132,351347,186,95641,525.5,0.01577775221923652,0.8902654867256637,0.78869486552677,0.031005999835620943,0.7890798660029429,0.023733863836563306,validation
0.27,1499,91932,353547,196,93431,513.3571428571429,0.016043925463711188,0.8843657817109144,0.7936333699231614,0.0315160944431596,0.793977288482783,0.02425080169017815,validation
0.28,1493,89707,355772,202,91200,501.0989010989011,0.01637061403508772,0.8808259587020649,0.7986279936876934,0.0321438182894666,0.7989395626758264,0.02488642168872018,validation
0.29,1484,87538,357941,211,89022,489.13186813186815,0.016670036620161307,0.8755162241887906,0.8034969100675902,0.03271713129843359,0.8037698971764906,0.025467294339532678,validation
0.3,1479,85458,360021,216,86937,477.6758241758242,0.017012319265675143,0.8725663716814159,0.8081660414969056,0.033373950717573785,0.8084101490694897,0.02613230601410458,validation
0.31,1470,83380,362099,225,84850,466.2087912087912,0.017324690630524456,0.8672566371681416,0.8128306833767697,0.033970766653186206,0.8130369833666536,0.026737021206156383,validation
0.32,1457,81293,364186,238,82750,454.6703296703297,0.017607250755287008,0.8595870206489675,0.8175155282291645,0.034507667712712416,0.8176749989936803,0.02728156110283766,validation
0.33,1448,79276,366203,247,80724,443.53846153846155,0.01793766413953719,0.8542772861356932,0.8220432388507651,0.035137528967835084,0.82216542106652,0.02791979976686902,validation
0.34,1438,77195,368284,257,78633,432.04945054945057,0.018287487441659353,0.848377581120944,0.8267146150548061,0.03580320685190718,0.826796727895629,0.028594429129251704,validation
0.35,1426,75237,370242,269,76663,421.22527472527474,0.01860088960776385,0.8412979351032448,0.8311098839675944,0.03639704943975089,0.8311485014781718,0.02919664501883469,validation
0.36,1418,73358,372121,277,74776,410.85714285714283,0.018963303733818337,0.8365781710914454,0.8353278156770577,0.037085954152554564,0.8353325551127749,0.029894652398074404,validation
0.37,1410,71503,373976,285,72913,400.6208791208791,0.019338115288083057,0.831858407079646,0.8394918727931059,0.03779755522196011,0.8394629383640373,0.030615665697661443,validation
0.38,1403,69640,375839,292,71043,390.34615384615387,0.019748602958771448,0.8277286135693215,0.843673888106959,0.03857680992053672,0.8436134480090524,0.031405057514862715,validation
0.39,1390,67768,377711,305,69158,379.989010989011,0.020098903959050292,0.8200589970501475,0.8478761063933429,0.039236165017712724,0.8477706664519852,0.032073914130484,validation
0.4,1380,65931,379548,315,67311,369.84065934065933,0.020501849623389936,0.8141592920353983,0.8519997575643297,0.03999652204156161,0.8518563243837969,0.03284466915413031,validation
0.41,1371,64156,381323,324,65527,360.03846153846155,0.02092267309658614,0.8088495575221238,0.8559842327023272,0.040790217488322275,0.8558055700912843,0.033649088625733674,validation
0.42,1359,62366,383113,336,63725,350.1373626373626,0.021326010200078464,0.8017699115044248,0.8600023794612092,0.04154692754509324,0.8597816509904422,0.03441655420724221,validation
0.43,1346,60539,384940,349,61885,340.0274725274725,0.021750020198755757,0.7941002949852507,0.8641035828849396,0.042340358603334384,0.8638382374646111,0.03522141288713536,validation
0.44,1329,58792,386687,366,60121,330.33516483516485,0.022105420734851382,0.784070796460177,0.8680252043306194,0.04299857642034425,0.8677069775970875,0.03589012530380881,validation
0.45,1312,57101,388378,383,58413,320.95054945054943,0.022460753599370005,0.7740412979351032,0.8718211183916638,0.043654754774738805,0.8714504868351022,0.03655691071857719,validation
0.46,1298,55408,390071,397,56706,311.57142857142856,0.022889994004161817,0.7657817109144542,0.8756215220021595,0.04445129364223215,0.8752051774029797,0.03736542100971136,validation
0.47,1287,53708,391771,408,54995,302.1703296703297,0.023402127466133286,0.7592920353982301,0.8794376390357346,0.04540483330393368,0.8789822306305822,0.03833246518158225,validation
0.48,1280,51978,393501,415,53258,292.6263736263736,0.024033947951481466,0.7551622418879056,0.8833210993110786,0.04658526377085873,0.8828353169012509,0.03952857359843541,validation
0.49,1269,50282,395197,426,51551,283.24725274725273,0.024616399293903125,0.7486725663716814,0.8871282372457512,0.04766555234195996,0.8866034250649635,0.040624102931643084,validation
0.5,1253,48556,396923,442,49809,273.6758241758242,0.02515609628781947,0.7392330383480826,0.8910027184221927,0.04865641503572538,0.8904274398779893,0.041630172298066356,validation
0.51,1244,46869,398610,451,48113,264.35714285714283,0.025855797809323882,0.7339233038348083,0.8947896533843346,0.04995181496948281,0.8941798941798942,0.0429433300675134,validation
0.52,1233,45179,400300,462,46412,255.01098901098902,0.02656640524002413,0.727433628318584,0.8985833226706534,0.05126073128650716,0.8979345847477715,0.04427068470281338,validation
0.53,1222,43547,401932,473,44769,245.9835164835165,0.02729567334539525,0.7209439528023599,0.9022467950228855,0.05259986225895316,0.9015595718892422,0.04562876254340778,validation
0.54,1202,41955,403524,493,43157,237.12637362637363,0.02785179692749728,0.7091445427728613,0.9058204763860923,0.05359850173905289,0.9050749819980589,0.04664429564209521,validation
0.55,1191,40422,405057,504,41613,228.64285714285714,0.028620863672410065,0.7026548672566372,0.9092617160404868,0.05500138542532558,0.9084785788082491,0.048067282147595335,validation
0.56,1177,38879,406600,518,40056,220.0879120879121,0.02938386259237068,0.6943952802359882,0.9127254034421376,0.05638188306866901,0.9118978294802471,0.04946850413451305,validation
0.57,1162,37349,408130,533,38511,211.5989010989011,0.03017319726831295,0.6855457227138643,0.9161599087723552,0.0578023180619808,0.9152857724286295,0.050910652717548424,validation
0.58,1142,35853,409626,553,36995,203.26923076923077,0.03086903635626436,0.6737463126843658,0.9195180917619012,0.05903334194882398,0.9185865010040835,0.05216263730206994,validation
0.59,1120,34449,411030,575,35569,195.43406593406593,0.03148809356462088,0.6607669616519174,0.9226697554766892,0.06011163589523401,0.9216770205781195,0.053260925002460144,validation
0.6,1109,33025,412454,586,34134,187.54945054945054,0.03248959981250366,0.6542772861356932,0.9258663146859897,0.06190516062407547,0.924836864397304,0.05508066774020516,validation
0.61,1099,31636,413843,596,32735,179.86263736263737,0.03357262868489384,0.6483775811209439,0.9289843067798931,0.0638396747022945,0.9279206751734225,0.057043096462779344,validation
0.62,1087,30284,415195,608,31371,172.36813186813185,0.034649835835644384,0.6412979351032448,0.9320192422089482,0.06574729329220347,0.9309172715766122,0.05897915696404268,validation
0.63,1061,28898,416581,634,29959,164.6098901098901,0.03541506725858674,0.6259587020648968,0.9351304999786746,0.06703734125229038,0.9339585932992527,0.06029495814701846,validation
0.64,1039,27671,417808,656,28710,157.74725274725276,0.036189481017067225,0.6129793510324484,0.9378848385670256,0.06834402236474264,0.9366532937961509,0.061626843479248274,validation
0.65,1026,26406,419073,669,27432,150.72527472527472,0.03740157480314961,0.6053097345132743,0.9407244785949506,0.07045009784735812,0.9394530987937582,0.06376558951098074,validation
0.66,999,25114,420365,696,26113,143.47802197802199,0.038256806954390536,0.5893805309734513,0.9436247275404677,0.07184982738780207,0.9422819752490083,0.06519508643939137,validation
0.67,984,23917,421562,711,24901,136.8186813186813,0.03951648528171559,0.5805309734513274,0.9463117228870497,0.07399608963753948,0.9449252416285383,0.06737651681239458,validation
0.68,959,22707,422772,736,23666,130.03296703296704,0.04052226823290797,0.5657817109144543,0.9490279003050649,0.07562793265249793,0.947575216805986,0.0690420848721168,validation
0.69,926,21471,424008,769,22397,123.06043956043956,0.0413448229673617,0.5463126843657817,0.9518024418659465,0.07687199070230782,0.9502654447709393,0.07031999445500736,validation
0.7,915,20370,425109,780,21285,116.95054945054945,0.04298801973220578,0.5398230088495575,0.9542739388388678,0.07963446475195822,0.9527029746809966,0.0731261671214902,validation
0.71,887,19294,426185,808,20181,110.88461538461539,0.043952232297705764,0.5233038348082596,0.9566893164436483,0.08109343572865241,0.9550465814202078,0.07462175315509308,validation
0.72,868,18176,427303,827,19044,104.63736263736264,0.04557865994538962,0.512094395280236,0.9591989745869053,0.08370702541106127,0.9575042377240179,0.07728367344053745,validation
0.73,847,17097,428382,848,17944,98.5934065934066,0.04720240748996879,0.49970501474926254,0.9616210865158628,0.08625693772595344,0.9598702071229543,0.07988361650354237,validation
0.74,822,16055,429424,873,16877,92.73076923076923,0.04870533862653315,0.4849557522123894,0.9639601417799717,0.08852035321990094,0.962144489617017,0.08219756061332148,validation
0.75,800,15039,430440,895,15839,87.02747252747253,0.050508239156512404,0.471976401179941,0.9662408329012142,0.09125128322117029,0.9643673379937117,0.08498517282665363,validation
0.76,778,14099,431380,917,14877,81.74175824175825,0.052295489682059555,0.45899705014749265,0.9683509211433087,0.09389331402365435,0.9664202301564939,0.0876845000828972,validation
0.77,757,13142,432337,938,13899,76.36813186813187,0.05446434995323404,0.44660766961651915,0.9704991705557389,0.09708862382967806,0.9685133751067817,0.09094621444295316,validation
0.78,724,12251,433228,971,12975,71.29120879120879,0.05579961464354528,0.4271386430678466,0.9724992648362774,0.09870483980913428,0.9704320913112122,0.09262083978625744,validation
0.79,692,11369,434110,1003,12061,66.26923076923077,0.057375010363983084,0.40825958702064896,0.9744791561442852,0.10061064262867112,0.9723329173878624,0.09459255697827477,validation
0.8,669,10539,434940,1026,11208,61.582417582417584,0.05968950749464668,0.39469026548672564,0.97634231916656,0.10369681469425715,0.9741375840276939,0.09775546879807807,validation
0.81,645,9687,435792,1050,10332,56.76923076923077,0.0624274099883856,0.3805309734513274,0.9782548672327989,0.10725866799700673,0.9759892122529485,0.10140654437644513,validation
0.82,615,8897,436582,1080,9512,52.26373626373626,0.06465517241379311,0.36283185840707965,0.9800282392660484,0.10975283305077184,0.9776887743920711,0.10398756291425118,validation
0.83,587,8096,437383,1108,8683,47.70879120879121,0.06760336289300933,0.3463126843657817,0.98182630382128,0.1131239159761033,0.9794174079888366,0.1074627532671595,validation
0.84,554,7309,438170,1141,7863,43.2032967032967,0.0704565687396668,0.32684365781710917,0.9835929415303527,0.11592383343795773,0.981103552532124,0.11037564674567296,validation
0.85,530,6584,438895,1165,7114,39.08791208791209,0.07450098397526005,0.31268436578171094,0.9852204032064362,0.12033147916903165,0.9826711749788672,0.11491276200228952,validation
0.86,503,5866,439613,1192,6369,34.994505494505496,0.07897629141152457,0.2967551622418879,0.9868321514594403,0.12475198412698411,0.9842164347658853,0.11947988991176961,validation
0.87,469,5202,440277,1226,5671,31.15934065934066,0.08270146358666902,0.2766961651917404,0.9883226818772602,0.12734184089057834,0.985625282328579,0.12221868681084704,validation
0.88,433,4565,440914,1262,4998,27.46153846153846,0.08663465386154462,0.25545722713864305,0.989752603377488,0.12938891379052742,0.9869692781780693,0.12443226290780389,validation
0.89,403,3951,441528,1292,4354,23.923076923076923,0.09255856683509417,0.2377581120943953,0.9911308950590264,0.13324516448999835,0.9882752575060267,0.1284896165979966,validation
0.9,364,3378,442101,1331,3742,20.560439560439562,0.09727418492784608,0.21474926253687315,0.9924171509768137,0.1338973698730918,0.9894694235353576,0.12935472431957565,validation
0.905,346,3129,442350,1349,3475,19.093406593406595,0.09956834532374101,0.20412979351032448,0.9929760998834962,0.13384912959381046,0.989986000975012,0.12941304750936064,validation
0.91,323,2894,442585,1372,3217,17.675824175824175,0.10040410320174076,0.1905604719764012,0.9935036219440198,0.13151465798045603,0.9904600893611882,0.12718114626124957,validation
0.915,304,2627,442852,1391,2931,16.104395604395606,0.10371886728079154,0.17935103244837758,0.9941029767957636,0.1314310419368785,0.9910146833223756,0.12723897035624773,validation
0.92,284,2367,443112,1411,2651,14.565934065934066,0.1071293851376839,0.16755162241887905,0.994686618224428,0.13069489185457892,0.9915513871557827,0.12665631507658193,validation
0.925,261,2113,443366,1434,2374,13.043956043956044,0.10994102780117944,0.15398230088495576,0.9952567910047387,0.12828704841484392,0.9920679645954371,0.12441433982471947,validation
0.93,242,1865,443614,1453,2107,11.576923076923077,0.11485524442335074,0.14277286135693215,0.9958134951366956,0.12730142030510258,0.9925800695031465,0.12361955194600527,validation
0.935,224,1653,443826,1471,1877,10.313186813186814,0.11933937133724028,0.13215339233038348,0.9962893873785297,0.12541993281075028,0.9930139051018172,0.12192201933372182,validation
0.94,200,1430,444049,1495,1630,8.956043956043956,0.12269938650306748,0.11799410029498525,0.9967899721423457,0.12030075187969924,0.9934589220303506,0.1170192675443129,validation
0.945,179,1195,444284,1516,1374,7.549450549450549,0.13027656477438138,0.1056047197640118,0.9973174942028693,0.11665037471489084,0.993937482948472,0.11364206785769713,validation
0.95,162,972,444507,1533,1134,6.230769230769231,0.14285714285714285,0.09557522123893805,0.9978180789666853,0.11452810180275716,0.9943981537388131,0.11182912103178794,validation
0.955,131,782,444697,1564,913,5.016483516483516,0.14348302300109528,0.07728613569321534,0.9982445861645555,0.10046012269938649,0.9947537200284453,0.09806647144353825,validation
0.96,102,577,444902,1593,679,3.730769230769231,0.15022091310751104,0.06017699115044248,0.9987047649833101,0.08593091828138164,0.9951473028396105,0.08394466823569462,validation
0.965,85,390,445089,1610,475,2.60989010989011,0.17894736842105263,0.05014749262536873,0.9991245378570034,0.07834101382488479,0.9955274680549406,0.07680904979579552,validation
0.97,57,254,445225,1638,311,1.7087912087912087,0.1832797427652733,0.033628318584070796,0.9994298272196893,0.056829511465603194,0.9957689847799738,0.05571968890612414,validation
0.975,35,135,445344,1660,170,0.9340659340659341,0.20588235294117646,0.02064896755162242,0.9996969554120396,0.03753351206434316,0.9959859025793092,0.03686796454742817,validation
0.98,18,53,445426,1677,71,0.3901098901098901,0.2535211267605634,0.010619469026548672,0.9998810269395415,0.020385050962627407,0.9961312598675236,0.02008638990900832,validation
0.985,3,7,445472,1692,10,0.054945054945054944,0.3,0.0017699115044247787,0.9999842865769206,0.003519061583577712,0.996200584112672,0.003474753080658876,validation
0.99,1,1,445478,1694,2,0.01098901098901099,0.5,5.899705014749262e-4,0.9999977552252743,0.0011785503830288745,0.9962095291765621,0.0011696263113935151,validation
0.991,1,1,445478,1694,2,0.01098901098901099,0.5,5.899705014749262e-4,0.9999977552252743,0.0011785503830288745,0.9962095291765621,0.0011696263113935151,validation
0.992,1,0,445479,1694,1,0.005494505494505495,1,5.899705014749262e-4,1,0.0011792452830188679,0.9962117654425346,0.001174780639332723,validation
0.993,0,0,445479,1695,0,0,NA,0,1,NA,0.9962095291765621,0,validation
0.994,0,0,445479,1695,0,0,NA,0,1,NA,0.9962095291765621,0,validation
0.995,0,0,445479,1695,0,0,NA,0,1,NA,0.9962095291765621,0,validation
0.996,0,0,445479,1695,0,0,NA,0,1,NA,0.9962095291765621,0,validation
0.997,0,0,445479,1695,0,0,NA,0,1,NA,0.9962095291765621,0,validation
0.998,0,0,445479,1695,0,0,NA,0,1,NA,0.9962095291765621,0,validation
0.999,0,0,445479,1695,0,0,NA,0,1,NA,0.9962095291765621,0,validation
1e-4,5246,1320823,711,0,1326069,2455.6833333333334,0.003956053568856523,1,5.380111294904256e-4,0.007880929757420295,0.004489817452780416,4.2567926376494065e-6,test
2e-4,5246,1315897,5637,0,1321143,2446.561111111111,0.0039708040689009445,1,0.004265497520305948,0.00791019829024517,0.008202565609973017,3.3874336073995e-5,test
3e-4,5246,1307089,14445,0,1312335,2430.25,0.00399745491814209,1,0.010930479276356113,0.007963077791801795,0.0148411944708241,8.738437810024663e-5,test
4e-4,5246,1296386,25148,0,1301632,2410.4296296296297,0.004030325007375357,1,0.019029400681329425,0.00802829338316201,0.02290809327846365,1.5337757564019077e-4,test
5e-4,5246,1285373,36161,0,1290619,2390.035185185185,0.00406471623306336,1,0.0273628979655461,0.00809652240009569,0.03120864046789973,2.2242009298841536e-4,test
6e-4,5246,1274637,46897,0,1279883,2370.1537037037037,0.00409881215704873,1,0.03548679035121306,0.008164160951935565,0.03930041152263374,2.908650680156142e-4,test
7e-4,5246,1264381,57153,0,1269627,2351.161111111111,0.004131922210223947,1,0.043247468472245136,0.00822983936439159,0.04703040443781185,3.5732649851149206e-4,test
8e-4,5246,1254674,66860,0,1259920,2333.185185185185,0.004163756428979618,1,0.05059272027810106,0.008292982897105993,0.05434661360587287,4.212227956250661e-4,test
9e-4,5246,1245555,75979,0,1250801,2316.2981481481484,0.004194112412765899,1,0.05749303460977924,0.00835319060512863,0.06121964455297789,4.821482387192233e-4,test
0.001,5246,1236915,84619,0,1242161,2300.2981481481484,0.004223285065301519,1,0.0640308913732072,0.008411047877717537,0.0677316510649844,5.406951993306083e-4,test
0.0011,5246,1228692,92842,0,1233938,2285.0703703703703,0.004251429164188152,1,0.07025320574423359,0.008466862064067967,0.0739293628182517,5.971746934935601e-4,test
0.0012,5246,1220644,100890,0,1225890,2270.1666666666665,0.004279339908148366,1,0.07634309824794519,0.00852221038130637,0.07999517629147258,6.531827405494839e-4,test
0.0013,5246,1213062,108472,0,1218308,2256.125925925926,0.004305971888881957,1,0.08208037023640709,0.0085750199827715,0.08570976348754127,7.066217883203457e-4,test
0.0014,5246,1205659,115875,0,1210905,2242.4166666666665,0.00433229691842052,1,0.08768219357201555,0.008627218166165221,0.09128943758573388,7.594421083227464e-4,test
0.0015,5246,1198500,123034,0,1203746,2229.159259259259,0.004358062249012666,1,0.09309938298976796,0.008678303909372437,0.09668520779631891,8.111367079741315e-4,test
0.0016,5246,1191762,129772,0,1197008,2216.6814814814816,0.004382593934209296,1,0.09819800322958017,0.008726941228725379,0.1017636684303351,8.603536831020582e-4,test
0.0017,5246,1184976,136558,0,1190222,2204.114814814815,0.004407581106717906,1,0.10333294489585587,0.008776479169664097,0.10687830687830688,9.104819937403248e-4,test
0.0018,5246,1178460,143074,0,1183706,2192.0481481481484,0.004431843717950234,1,0.10826357853827447,0.008824578284068659,0.11178944512277846,9.59154311652719e-4,test
0.0019,5246,1172071,149463,0,1177317,2180.2166666666667,0.004455894206912837,1,0.11309811173984173,0.0088722545860136,0.11660486290115919,0.001007398759978839,test
0.002,5246,1165861,155673,0,1171107,2168.7166666666667,0.00447952236644474,1,0.11779719628855558,0.008919091463191746,0.12128536758166387,0.0010547937624744137,test
0.0021,5246,1159689,161845,0,1164935,2157.287037037037,0.004503255546446798,1,0.12246752637465248,0.008966134298881968,0.12593723149278704,0.0011023971599485342,test
0.0022,5245,1153741,167793,1,1158986,2146.2703703703705,0.004525507642025012,0.9998093785741518,0.12696835647058646,0.009010231637680464,0.13041951190099338,0.0011470267842113935,test
0.0023,5245,1147723,173811,1,1152968,2135.125925925926,0.0045491288570021025,0.9998093785741518,0.13152215531344635,0.009057048179352004,0.1349553053256757,0.001194401191982835,test
0.0024,5245,1141876,179658,1,1147121,2124.2981481481484,0.0045723162595750575,0.9998093785741518,0.13594655907453004,0.009103002776025345,0.13936221528814122,0.0012409033666198588,test
0.0025,5245,1136273,185261,1,1141518,2113.9222222222224,0.004594758908751329,0.9998093785741518,0.1401863289177577,0.009147479341869817,0.14358522136299914,0.0012859098825364673,test
0.0026,5245,1130851,190683,1,1136096,2103.8814814814814,0.0046166873221981245,0.9998093785741518,0.14428913671536261,0.009190934881919705,0.14767180693106619,0.0013298831914527345,test
0.0027,5245,1125303,196231,1,1130548,2093.607407407407,0.004639343044258183,0.9998093785741518,0.14848728825743415,0.009235829736730428,0.15185335926076668,0.0013753129484372676,test
0.0028,5245,1119905,201629,1,1125150,2083.6111111111113,0.0046616006754654936,0.9998093785741518,0.15257193534180732,0.009279933757727381,0.15592185592185592,0.0014199424333432233,test
0.0029,5245,1114656,206878,1,1119901,2073.890740740741,0.004683449697785787,0.9998093785741518,0.15654383466486674,0.009323226209553063,0.15987805061879137,0.0014637506646231573,test
0.003,5245,1109434,212100,1,1114679,2064.2203703703703,0.004705390520499624,0.9998093785741518,0.16049530318554045,0.009366698662856887,0.16381389529537677,0.0015077410266763757,test
0.0031,5245,1104381,217153,1,1109626,2054.862962962963,0.0047268178647580355,0.9998093785741518,0.1643188900172073,0.009409151902639946,0.16762236391866023,0.0015507000181025222,test
0.0032,5245,1099458,222076,1,1104703,2045.7462962962964,0.004747882462526127,0.9998093785741518,0.16804410631886882,0.009450884680287111,0.1713328509624806,0.0015929299502509954,test
0.0033,5245,1094546,226988,1,1099791,2036.65,0.0047690879448913474,0.9998093785741518,0.17176099896029917,0.00949289480804715,0.17503504725726948,0.0016354405223403426,test
0.0034,5245,1089611,231923,1,1094856,2027.5111111111112,0.0047905843325514955,0.9998093785741518,0.1754952956185766,0.009535479437361263,0.17875457875457876,0.0016785324251849339,test
0.0035,5245,1084889,236645,1,1090134,2018.7666666666667,0.004811335120269618,0.9998093785741518,0.1790684159469223,0.009576585294600959,0.18231357120246008,0.0017201279267576612,test
0.0036,5245,1080222,241312,1,1085467,2010.124074074074,0.00483202160913229,0.9998093785741518,0.1825999179741119,0.009617562090119032,0.18583110990518398,0.0017615928156859328,test
0.0037,5245,1075707,245827,1,1080952,2001.762962962963,0.004852204353199772,0.9998093785741518,0.18601640215083382,0.009657539417306973,0.18923408553038182,0.001802046318104412,test
0.0038,5245,1071191,250343,1,1076436,1993.4,0.004872560932558926,0.9998093785741518,0.18943364302394036,0.009697859444827593,0.1926378148600371,0.0018428465897456395,test
0.0039,5245,1066790,254744,1,1072035,1985.25,0.004892564142028945,0.9998093785741518,0.19276386381281146,0.009737477965359084,0.1959548681770904,0.001882936986108015,test
0.004,5245,1062427,259107,1,1067672,1977.1703703703704,0.004912557414636705,0.9998093785741518,0.19606533013906566,0.009777075228489036,0.19924328072476222,0.001923005859230813,test
0.0041,5245,1058053,263481,1,1063298,1969.0703703703705,0.004932765790963587,0.9998093785741518,0.19937512012555106,0.009817096909439386,0.2025399840214655,0.001963504192208054,test
0.0042,5245,1053757,267777,1,1059002,1961.1148148148147,0.004952776293151477,0.9998093785741518,0.2026258877940333,0.009856725124219168,0.20577789837049096,0.002003604360162177,test
0.0043,5245,1049656,271878,1,1054901,1953.5203703703703,0.004972030550734145,0.9998093785741518,0.2057290996675076,0.00989485420418112,0.20886884035032183,0.002042187527357779,test
0.0044,5245,1045528,276006,1,1050773,1945.875925925926,0.0049915633538357,0.9998093785741518,0.20885274234336762,0.00993353339286509,0.21198013235050273,0.0020813273426527465,test
0.0045,5245,1041511,280023,1,1046756,1938.437037037037,0.005010718830367344,0.9998093785741518,0.21189239172053084,0.009971463932578074,0.2150077631559113,0.0021197095816697983,test
0.0046,5245,1037624,283910,1,1042869,1931.2388888888888,0.005029394871263792,0.9998093785741518,0.21483367056768876,0.010008443729934214,0.21793741238185682,0.0021571297451541014,test
0.0047,5245,1033734,287800,1,1038979,1924.0351851851851,0.005048225228806357,0.9998093785741518,0.21777721950400064,0.010045727692786515,0.22086932272117457,0.002194857685057134,test
0.0048,5245,1029855,291679,1,1035100,1916.851851851852,0.005067143271181528,0.9998093785741518,0.22071244478008134,0.010083183863829918,0.22379294231146082,0.0022327598725128887,test
0.0049,5245,1025987,295547,1,1031232,1909.6888888888889,0.005086149382486191,0.9998093785741518,0.22363934639593078,0.010120812983970717,0.2267082711527156,0.0022708370570937433,test
0.005,5245,1022212,299322,1,1027457,1902.6981481481482,0.005104836504106741,0.9998093785741518,0.22649587524800724,0.010157809166817567,0.2295535054794314,0.0023082737566163373,test
0.0051,5245,1018496,303038,1,1023741,1895.8166666666666,0.005123366163902784,0.9998093785741518,0.22930775901338898,0.010194492253060536,0.23235427124316013,0.0023453936205656387,test
0.0052,5245,1014851,306683,1,1020096,1889.0666666666666,0.005141672940585984,0.9998093785741518,0.23206591733546014,0.010230732770139134,0.23510152399041287,0.0023820656351139363,test
0.0053,5245,1011287,310247,1,1016532,1882.4666666666667,0.005159699842208607,0.9998093785741518,0.2347627832503742,0.010266417949887353,0.23778772667661557,0.00241817568985902,test
0.0054,5244,1007797,313737,2,1013041,1876.0018518518518,0.005176493350219784,0.9996187571483035,0.23740365363282367,0.010299650295054339,0.24041740152851265,0.0024518115065681276,test
0.0055,5244,1004365,317169,2,1009609,1869.6462962962962,0.005194089989292884,0.9996187571483035,0.2400006356249631,0.010334481280577028,0.24300411522633744,0.0024870572037658527,test
0.0056,5244,1001003,320531,2,1006247,1863.4203703703704,0.0052114441086532435,0.9996187571483035,0.24254464887017663,0.010368831025029338,0.2455380696121437,0.0025218159204573347,test
0.0057,5244,997598,323936,2,1002842,1857.1148148148147,0.005229138787565738,0.9996187571483035,0.24512120005993035,0.01040385363182579,0.24810443328961848,0.0025572555008722764,test
0.0058,5243,994205,327329,3,999448,1850.8296296296296,0.005245895734445414,0.9994281357224553,0.2476886708930682,0.010437008681250212,0.25066099880914694,0.002590813195746509,test
0.0059,5243,990896,330638,3,996139,1844.7018518518519,0.005263321685025885,0.9994281357224553,0.25019257922989496,0.010471496976687287,0.25315500685871056,0.0026257121103562455,test
0.006,5243,987524,334010,3,992767,1838.4574074074073,0.005281198911728532,0.9994281357224553,0.252744159438955,0.010506877164926709,0.25569649828909086,0.0026615135267089875,test
0.0061,5243,984278,337256,3,989521,1832.4462962962964,0.005298523224873449,0.9994281357224553,0.2552003959035484,0.010541161900223871,0.25814302295783775,0.002696206438279693,test
0.0062,5243,981157,340377,3,986400,1826.6666666666667,0.005315287915652879,0.9994281357224553,0.2575620453200599,0.010574338019817556,0.26049533456940865,0.0027297775265126005,test
0.0063,5243,978062,343472,3,983305,1820.9351851851852,0.005332018041197797,0.9994281357224553,0.2599040206305702,0.010607444633610203,0.2628280498650869,0.0027632782726089654,test
0.0064,5243,974906,346628,3,980149,1815.0907407407408,0.005349186705286646,0.9994281357224553,0.2622921544205446,0.010641417908554439,0.26520674113266707,0.002797655988211753,test
0.0065,5243,971695,349839,3,976938,1809.1444444444444,0.005366768413143925,0.9994281357224553,0.26472190651167504,0.010676207309424712,0.26762688614540464,0.0028328595357984565,test
0.0066,5243,968638,352896,3,973881,1803.4833333333333,0.005383614630534942,0.9994281357224553,0.2670351273595685,0.010709540233289449,0.2699309606717014,0.0028665892587419507,test
0.0067,5243,965523,356011,3,970766,1797.7148148148149,0.005400889606764143,0.9994281357224553,0.269392236597772,0.010743720364093884,0.27227875005652785,0.0029011762645657652,test
0.0068,5243,962617,358917,3,967860,1792.3333333333333,0.005417105779761536,0.9994281357224553,0.27159119629158235,0.01077580448584224,0.274469015209756,0.0029336423021855177,test
0.0069,5243,959636,361898,3,964879,1786.812962962963,0.005433841963603726,0.9994281357224553,0.27384690821424196,0.010808916376755573,0.2767158081972897,0.002967148334390835,test
0.007,5242,956779,364755,4,962021,1781.5203703703703,0.005448945501189683,0.9992375142966069,0.27600878978520416,0.010838785981533539,0.27886838812764736,0.002997381699200674,test
0.0071,5242,953862,367672,4,959104,1776.1185185185186,0.0054655178166288535,0.9992375142966069,0.27821607313924573,0.010871571524861305,0.281066944029907,0.0030305575071711065,test
0.0072,5242,951106,370428,4,956348,1771.0148148148148,0.0054812683249193805,0.9992375142966069,0.2803015283753577,0.01090273025830028,0.2831441535145239,0.0030620871323845658,test
0.0073,5242,948281,373253,4,953523,1765.7833333333333,0.005497507663685092,0.9992375142966069,0.282439195662011,0.010934855006784741,0.28527336860670194,0.003094594263206542,test
0.0074,5242,945548,375986,4,950790,1760.7222222222222,0.005513309984328822,0.9992375142966069,0.2845072468812759,0.010966114246743847,0.28733324288879847,0.0031262255753196676,test
0.0075,5242,942775,378759,4,948017,1755.5870370370371,0.005529436708413457,0.9992375142966069,0.28660556595592696,0.010998014189158712,0.28942326534919127,0.0031585052079037387,test
0.0076,5242,940043,381491,4,945285,1750.5277777777778,0.005545417519584041,0.9992375142966069,0.2886728604788072,0.011029624494098562,0.29148238592683035,0.0031904917474905843,test
0.0077,5242,937338,384196,4,942580,1745.5185185185185,0.005561331664155828,0.9992375142966069,0.2907197241993017,0.011061101932211189,0.29352115648411947,0.003222343830817964,test
0.0078,5242,934733,386801,4,939975,1740.6944444444443,0.0055767440623420836,0.9992375142966069,0.29269091828133065,0.01109158598888514,0.2954845565956677,0.003253190701834176,test
0.0079,5242,932136,389398,4,937378,1735.8851851851853,0.00559219439756427,0.9992375142966069,0.2946560587922823,0.01112214414230913,0.2974419270715567,0.0032841125439551427,test
0.008,5242,929572,391962,4,934814,1731.137037037037,0.005607532621462665,0.9992375142966069,0.29659622832254035,0.011152479628959853,0.29937442530035124,0.0033148090617730747,test
0.0081,5241,926998,394536,5,932239,1726.3685185185186,0.0056219488779165,0.9990468928707587,0.2985439648166449,0.01118097889566233,0.3013137068692624,0.0033436559795933566,test
0.0082,5241,924391,397143,5,929632,1721.5407407407408,0.005637714708615882,0.9990468928707587,0.30051667229144313,0.011212158163952945,0.3032786143897255,0.0033752063295985437,test
0.0083,5241,921862,399672,5,927103,1716.8574074074074,0.005653093561341081,0.9990468928707587,0.3024303574482382,0.011242571183108471,0.30518473296251075,0.00340598130335266,test
0.0084,5240,919397,402137,6,924637,1712.2907407407408,0.005667088814313076,0.9988562714449104,0.30429561403641525,0.0112702350725844,0.30704186074556444,0.0034339829729806773,test
0.0085,5240,916985,404549,6,922225,1707.8240740740741,0.005681910596654829,0.9988562714449104,0.30612076571620556,0.011299544675790401,0.30885979589683293,0.0034636414070644264,test
0.0086,5240,914565,406969,6,919805,1703.3425925925926,0.005696859660471513,0.9988562714449104,0.3079519709670731,0.011329105097989192,0.3106837606837607,0.003493553638260016,test
0.0087,5239,912145,409389,7,917384,1698.8592592592593,0.005710803763745607,0.9986656500190622,0.30978317621794066,0.011356665185393928,0.31250697176623105,0.0035214503399853517,test
0.0088,5239,909797,411737,7,915036,1694.5111111111112,0.005725457796195997,0.9986656500190622,0.311559899329113,0.011385640488458974,0.3142766698322254,0.003550770496776027,test
0.0089,5238,907385,414149,8,912623,1690.0425925925927,0.005739500319409,0.9984750285932139,0.3133850510089033,0.01141339341452865,0.31609385127903644,0.003578862386143253,test
0.009,5238,905044,416490,8,910282,1685.7074074074073,0.005754260767542366,0.9984750285932139,0.31515647724538304,0.011442577397960523,0.317858273413829,0.0036083937154409015,test
0.0091,5238,902711,418823,8,907949,1681.387037037037,0.005769046499307781,0.9984750285932139,0.3169218499107855,0.011471810511446077,0.31961666591296223,0.003637974752637701,test
0.0092,5237,900350,421184,9,905587,1677.012962962963,0.00578298937595173,0.9982844071673657,0.31870841007495837,0.011499363769209065,0.32139540843244546,0.003665864666710837,test
0.0093,5237,898149,423385,9,903386,1672.937037037037,0.00579707898949065,0.9982844071673657,0.3203738988175862,0.011527218940120975,0.32305431194320083,0.0036940513697575946,test
0.0094,5236,895891,425643,10,901127,1668.7537037037036,0.005810501738378719,0.9980937857415173,0.3220825192541395,0.011553742223124476,0.32475542290357107,0.00372089910315679,test
0.0095,5236,893646,427888,10,898882,1664.5962962962963,0.005825013739289473,0.9980937857415173,0.3237813026376923,0.01158243080625752,0.3264474894104524,0.0037499291465274347,test
0.0096,5236,891392,430142,10,896628,1660.4222222222222,0.005839657026102241,0.9980937857415173,0.3254868962887069,0.011611378086074106,0.32814633925745035,0.0037792209589271844,test
0.0097,5235,889253,432281,11,894488,1656.4592592592592,0.005852510039262684,0.9979031643156691,0.3271054698554861,0.011636772646137635,0.329757759387389,0.0038049266031850056,test
0.0098,5235,887023,434511,11,892258,1652.3296296296296,0.005867137083668625,0.9979031643156691,0.32879290279326906,0.011665686169643811,0.3314385203274092,0.003834184266519607,test
0.0099,5235,884875,436659,11,890110,1648.351851851852,0.005881295570210423,0.9979031643156691,0.33041828662751016,0.01169367268438476,0.33305747750192194,0.0038625038810402683,test
0.01,5235,882748,438786,11,887983,1644.4129629629629,0.005895383132334741,0.9979031643156691,0.3320277798376735,0.011721518222090865,0.3346606068828291,0.0038906808343132514,test
0.011,5231,862654,458880,15,867885,1607.1944444444443,0.006027296243165857,0.9971406786122761,0.3472328369909514,0.011982165333724265,0.34980252943215906,0.004154466284419048,test
0.012,5229,843991,477543,17,849220,1572.6296296296296,0.006157415039683475,0.9967594357605795,0.3613550616177866,0.012239223093721694,0.36386740831185277,0.004414602088721421,test
0.013,5228,826976,494558,18,832204,1541.1185185185186,0.006282113520242633,0.9965688143347312,0.37423025060270865,0.012485521523673056,0.3766909359501952,0.004663841254609205,test
0.014,5228,811049,510485,18,816277,1511.624074074074,0.006404688604481077,0.9965688143347312,0.38628215392112497,0.01272758035989254,0.388695186843335,0.004908780570378489,test
0.015,5225,796103,525431,21,801328,1483.9407407407407,0.006520426092686141,0.9959969500571865,0.39759173808619375,0.012956033792311677,0.39995779255038516,0.005139981739115506,test
0.016,5224,782088,539446,22,787312,1457.9851851851852,0.006635234824313614,0.9958063286313381,0.4081968379171478,0.013182631428867036,0.4105202068165031,0.005369285573071953,test
0.017,5224,769158,552376,22,774382,1434.0407407407408,0.006746024571852135,0.9958063286313381,0.41798092217075006,0.013401263166535837,0.4202656054507906,0.005590518453808411,test
0.018,5222,756663,564871,24,761885,1410.898148148148,0.0068540527769939035,0.9954250857796416,0.42743584349702696,0.01361436312702785,0.4296816352371908,0.005806174117469271,test
0.019,5221,744848,576686,25,750069,1389.0166666666667,0.006960692949581972,0.9952344643537934,0.43637621128173776,0.013824695656778959,0.4385858996970108,0.0060190191763002145,test
0.02,5217,733719,587815,29,738936,1368.4,0.007060151352755855,0.9944719786504003,0.4447974853465745,0.014020763737902824,0.4469708617856766,0.006217462171247561,test
0.021,5217,723067,598467,29,728284,1348.674074074074,0.007163414272454153,0.9944719786504003,0.4528578152359304,0.014224367101550039,0.45499932166598833,0.006423487580801397,test
0.022,5212,713208,608326,34,718420,1330.4074074074074,0.007254809164555552,0.993518871521159,0.460318084892254,0.014404435195242003,0.46242632538928835,0.0066057524771547275,test
0.023,5212,703551,617983,34,708763,1312.5240740740742,0.007353657005233061,0.993518871521159,0.46762550187887714,0.014599255751678197,0.469704849334479,0.006802890733713898,test
0.024,5210,694247,627287,36,699457,1295.2907407407408,0.0074486351555563815,0.9931376286694624,0.4746658050417167,0.014786370996008248,0.4767158081972897,0.006992254330191847,test
0.025,5209,685460,636074,37,690669,1279.0166666666667,0.007541962937383899,0.9929470072436142,0.48131489617368906,0.014970219064109842,0.4833378555600778,0.0071783007277145105,test
0.026,5209,677091,644443,37,682300,1263.5185185185185,0.007634471640041038,0.9929470072436142,0.48764768821687526,0.015152440709421627,0.48964560816412667,0.0073626897729234565,test
0.027,5207,669090,652444,39,674297,1248.6981481481482,0.007722116515422729,0.9925657643919177,0.493702015990508,0.015325005187309707,0.49567449011893455,0.0075373299834709424,test
0.028,5204,661273,660261,42,666477,1234.2166666666667,0.007808221438999396,0.9919939001143728,0.49961711162936406,0.015494482100508692,0.5015639367491219,0.007708858069380221,test
0.029,5201,653847,667687,45,659048,1220.4592592592592,0.00789168618977677,0.9914220358368281,0.5052363389818196,0.01565872941799866,0.5071586849364628,0.007875094925257934,test
0.03,5199,646636,674898,47,651835,1207.101851851852,0.007975944832664708,0.9910407929851315,0.5106928766115741,0.01582453304843695,0.5125921403699182,0.00804289503068177,test
0.031,5196,639686,681848,50,644882,1194.2259259259258,0.00805728799997519,0.9904689287075867,0.5159519164849334,0.015984544581990008,0.5178281252355327,0.008204846706786229,test
0.032,5195,633176,688358,51,638371,1182.1685185185186,0.00813790100114197,0.9902783072817385,0.5208780099490441,0.016143141029525323,0.5227339875488024,0.008365342209140297,test
0.033,5193,626682,694852,53,631875,1170.138888888889,0.00821839762611276,0.9898970644300419,0.5257919962710003,0.016301456081340905,0.5276270368862962,0.008525565535483167,test
0.034,5188,620591,700943,58,625779,1158.85,0.00829046676222756,0.9889439573008006,0.53040103394994,0.01644308862564875,0.5322140822140822,0.008668946145294561,test
0.035,5187,614525,707009,59,619712,1147.6148148148147,0.0083700170401735,0.9887533358749524,0.5349911542192634,0.016599515487440757,0.5367852997482627,0.008827246999545327,test
0.036,5185,608701,712833,61,613886,1136.825925925926,0.008446193592947225,0.9883720930232558,0.5393981539635,0.016749255409185766,0.541173367099293,0.008978794300819127,test
0.037,5185,603086,718448,61,608271,1126.4277777777777,0.008524161105822898,0.9883720930232558,0.5436470041633436,0.01690254711768378,0.5454054176276398,0.009133909883934407,test
0.038,5184,597709,723825,62,602893,1116.4685185185185,0.008598540702910799,0.9881814715974075,0.5477157606236389,0.017048733924316644,0.5494573327906661,0.009281848989226446,test
0.039,5182,592638,728896,64,597820,1107.0740740740741,0.008668160984911846,0.987800228745711,0.5515529679902296,0.017185515349895368,0.5532778606852681,0.009420284124412408,test
0.04,5180,587550,733984,66,592730,1097.648148148148,0.008739223592529483,0.9874189858940144,0.5554030391953594,0.017325110037861056,0.557111201555646,0.009561566275799271,test
0.041,5179,582514,739020,67,587693,1088.3203703703705,0.00881242417384587,0.9872283644681662,0.5592137621884871,0.017468913328352497,0.5609061034986961,0.009707093902537049,test
0.042,5177,577769,743765,69,582946,1079.5296296296297,0.0088807539634889,0.9868471216164697,0.5628042865336798,0.017603095587835266,0.564480923740183,0.009842899684698503,test
0.043,5173,573117,748417,73,578290,1070.9074074074074,0.00894533884383268,0.9860846359130766,0.5663244381150996,0.017729840146966085,0.5679841420582161,0.009971206967970362,test
0.044,5172,568621,752913,74,573793,1062.5796296296296,0.009013703548143669,0.9858940144872284,0.569726545060513,0.017864081693979163,0.5713720435942659,0.01010705970403986,test
0.045,5169,564247,757287,77,569416,1054.474074074074,0.00907772173595403,0.9853221502096836,0.5730363350469984,0.01798970525282688,0.5746664857775969,0.010234219820625182,test
0.046,5167,559856,761678,79,565023,1046.338888888889,0.00914476047877697,0.984940907357987,0.576358988872023,0.01812127259240814,0.5779744946411614,0.010367380906940104,test
0.047,5166,555677,765857,80,560843,1038.598148148148,0.009211133953708971,0.9847502859321388,0.5795212230635004,0.01825154701822505,0.5811234718642126,0.010499219821741108,test
0.048,5160,551629,769905,86,556789,1031.0907407407408,0.009267424464204572,0.9836065573770492,0.582584330028588,0.018361845792521817,0.5841699452810564,0.010610916680933256,test
0.049,5153,547803,773731,93,552956,1023.9925925925926,0.009319005490491106,0.9822722073961113,0.5854794503962819,0.018462850365996538,0.5870483426038982,0.010713224147872928,test
0.05,5152,543901,777633,94,549053,1016.7648148148148,0.0093834292864259,0.9820815859702631,0.5884320796892096,0.01858924515469088,0.5899885436922474,0.010841138587383439,test
0.051,5150,540170,781364,96,545320,1009.8518518518518,0.009443996185725813,0.9817003431185666,0.5912553139003612,0.018708020473476385,0.5927991076139224,0.010961357470130708,test
0.052,5149,536574,784960,97,541723,1003.1907407407407,0.009504857648650694,0.9815097216927182,0.5939763940995842,0.01882739241163576,0.5955086751383047,0.011082165663340695,test
0.053,5148,533002,788532,98,538150,996.574074074074,0.009566106104246028,0.98131910026687,0.5966793135855756,0.018947507894794956,0.5982001537557093,0.01120372632750153,test
0.054,5145,529636,791898,101,534781,990.3351851851852,0.009620760647816582,0.9807472359893252,0.5992263536163277,0.019054602825414282,0.6007348618459729,0.011312141197949576,test
0.055,5141,526137,795397,105,531278,983.8481481481482,0.009676666453344576,0.9799847502859321,0.6018740342662391,0.01916410076716046,0.6033690589246145,0.011423003135785809,test
0.056,5134,522763,798771,112,527897,977.587037037037,0.009725382034752992,0.9786504003049943,0.6044271278680685,0.019259373188806755,0.6059067818327077,0.011519516000316895,test
0.057,5132,519550,801984,114,524682,971.6333333333333,0.009781162685207422,0.9782691574532978,0.6068583933519682,0.01936866895125376,0.6083269268454453,0.011630144572165602,test
0.058,5130,516379,805155,116,521509,965.7574074074074,0.009836838865676335,0.9778879146016012,0.6092578775877124,0.01947774582111228,0.6107154162709718,0.011740551903963068,test
0.059,5128,513312,808222,118,518440,960.074074074074,0.009891212097831958,0.9775066717499047,0.6115786653994525,0.019584254686968908,0.6130255204329278,0.011848360885259587,test
0.06,5128,510276,811258,118,515404,954.4518518518519,0.009949476527151516,0.9775066717499047,0.6138759956232681,0.019698453855757223,0.615313767165619,0.011963921134586651,test
0.061,5126,507285,814249,120,512411,948.9092592592592,0.01000368844540808,0.9771254288982082,0.6161392745097742,0.019804619661281504,0.617566589788812,0.012071383300547824,test
0.062,5125,504281,817253,121,509406,943.3444444444444,0.010060737407882906,0.97693480747236,0.6184123904492809,0.019916370673775677,0.6198299642744087,0.01218448184134886,test
0.063,5123,501379,820155,123,506502,937.9666666666667,0.01011447141373578,0.9765535646206633,0.6206083233575527,0.020021573118019022,0.6220157072008924,0.012290969590013207,test
0.064,5117,498612,822922,129,503729,932.8314814814814,0.010158239847219438,0.9754098360655737,0.6227021022538959,0.02010707795078344,0.6240966852077963,0.01237758856251839,test
0.065,5117,495840,825694,129,500957,927.6981481481481,0.0102144495435736,0.9754098360655737,0.6247996646321623,0.020217185595502198,0.6261859539637318,0.012489008983124569,test
0.066,5115,493235,828299,131,498350,922.8703703703703,0.010263870773552723,0.9750285932138772,0.6267708587141912,0.020313902413839662,0.6281478466663651,0.01258691088321798,test
0.067,5113,490515,831019,133,495628,917.8296296296296,0.01031620489560719,0.9746473503621808,0.6288290728804556,0.020416312286123856,0.6301964153816005,0.012690573965904298,test
0.068,5109,487920,833614,137,493029,913.0166666666667,0.010362473607029202,0.9738848646587877,0.630792699998638,0.02050674828157142,0.6321492636307451,0.01278215306216298,test
0.069,5106,485380,836154,140,490486,908.3074074074074,0.010410083060474713,0.9733130003812428,0.6327147088156643,0.020599840236256686,0.6340614118391896,0.012876404083605169,test
0.07,5101,482747,838787,145,487848,903.4222222222222,0.010456125678490021,0.9723598932520016,0.6347070903964636,0.020689767062669596,0.6360421471532582,0.01296748544037721,test
0.071,5100,480184,841350,146,485284,898.674074074074,0.010509310012281468,0.9721692718261533,0.6366465032303369,0.020793835239434896,0.6379731379731379,0.013072811667477757,test
0.072,5098,477649,843885,148,482747,893.9759259259259,0.010560397060986397,0.9717880289744567,0.6385647285654399,0.020893742328271105,0.6398822713637529,0.013173943823037075,test
0.073,5091,475248,846286,155,480339,889.5166666666667,0.010598764622485369,0.9704536789935189,0.640381556584999,0.020968522503784094,0.641686639834788,0.013249732865421568,test
0.074,5086,472840,848694,160,477926,885.0481481481481,0.010641814841628202,0.9695005718642775,0.6422036814792507,0.021052544435521927,0.6434977916459398,0.013334841520769422,test
0.075,5084,470466,851068,162,475550,880.6481481481482,0.010690779097886658,0.969119329012581,0.644000078696424,0.021148262464745965,0.645285578618912,0.013431736059285871,test
0.076,5084,468189,853345,162,473273,876.4314814814815,0.010742214324501925,0.969119329012581,0.6457230763642857,0.021248895028201598,0.6470017636684303,0.013533570143296578,test
0.077,5082,465872,855662,164,470954,872.1370370370371,0.010790862801887234,0.9687380861608845,0.6474763418875338,0.021343973120537593,0.6487465894873302,0.013629817430183305,test
0.078,5079,463632,857902,167,468711,867.9833333333333,0.010836101563650096,0.9681662218833397,0.6491713417891632,0.021432324029395072,0.6504326263585523,0.01371927458153226,test
0.079,5072,461412,860122,174,466484,863.8592592592593,0.010872827363853851,0.9668318719024018,0.6508512077630996,0.021503826341339325,0.6521005743227966,0.013791751200628392,test
0.08,5069,459240,862294,177,464309,859.8314814814814,0.010917298609331286,0.9662600076248571,0.6524947523105724,0.021590654981844513,0.6537353592909149,0.013879669047557879,test
0.081,5065,457084,864450,181,462149,855.8314814814814,0.010959668851387756,0.965497521921464,0.6541261897158908,0.021673317001679522,0.6553573312832572,0.013963388302496845,test
0.082,5061,454981,866553,185,460042,851.9296296296296,0.01100116945844075,0.9647350362180709,0.6557175222128224,0.02175426832413473,0.6569393569393569,0.014045376984426863,test
0.083,5057,452802,868732,189,457859,847.8870370370371,0.011044884997346344,0.9639725505146779,0.6573663636349878,0.021839539629241747,0.6585786641342197,0.01413173786201582,test
0.084,5055,450699,870835,191,455754,843.9888888888889,0.011091509893495175,0.9635913076629813,0.6589576961319195,0.021930585683297178,0.6601621971992342,0.014223907742609822,test
0.085,5053,448682,872852,193,453735,840.25,0.011136456301585728,0.9632100648112848,0.6604839527397706,0.022018340628479176,0.6616809116809117,0.014312747407742032,test
0.086,5050,446626,874908,196,451676,836.437037037037,0.011180580770286665,0.9626382005337399,0.6620397205066234,0.02210442920235839,0.6632282669319707,0.01439991887131377,test
0.087,5047,444624,876910,199,449671,832.7240740740741,0.011223761372203232,0.9620663362561952,0.6635546266687047,0.022188662986874524,0.6647349221423295,0.01448521377076246,test
0.088,5044,442660,878874,202,447704,829.0814814814814,0.011266372424637707,0.9614944719786505,0.6650407783681691,0.022271773926481952,0.6662129365833069,0.014569372797630892,test
0.089,5042,440842,880692,204,445884,825.7111111111111,0.011307873796772255,0.9611132291269538,0.6664164523954738,0.022352758628333295,0.6675816638779601,0.014651362433523999,test
0.09,5039,438944,882590,207,443983,822.1907407407407,0.011349533653315555,0.9605413648494091,0.6678526621335509,0.022433992462641546,0.6690099338247486,0.014733622607558412,test
0.091,5038,437064,884470,208,442102,818.7074074074075,0.011395560300564123,0.9603507434235609,0.6692752513367042,0.022523851676994198,0.6704261445002185,0.014824575203710518,test
0.092,5035,435204,886330,211,440239,815.2574074074074,0.011436969464313702,0.959778879146016,0.6706827066121643,0.022604577034019104,0.6718257736776255,0.014906321450229023,test
0.093,5030,433358,888176,216,438388,811.8296296296296,0.011473854211337902,0.9588257720167747,0.6720795681382393,0.022676350324817303,0.673213343583714,0.014979045783541511,test
0.094,5026,431529,890005,220,436555,808.4351851851852,0.011512867794435982,0.9580632863133817,0.6734635658257752,0.02275232514186251,0.6745888542184838,0.01505600410947518,test
0.095,5025,429840,891694,221,434865,805.3055555555555,0.01155531026870408,0.9578726648875333,0.6747416260194592,0.0228351484057431,0.6758611073425889,0.01513983755284846,test
0.096,5021,428155,893379,225,433176,802.1777777777778,0.011591131549300977,0.9571101791841403,0.6760166594276046,0.02290487247446524,0.6771280845354919,0.015210471131763256,test
0.097,5017,426436,895098,229,431453,798.987037037037,0.011628149531930476,0.9563476934807472,0.6773174205128283,0.022976924609399152,0.6784206876799469,0.015283461184708245,test
0.098,5016,424725,896809,230,429741,795.8166666666667,0.011672146711623978,0.956157072054899,0.6786121280269747,0.023062758197371417,0.6797095223021149,0.015370341692827496,test
0.099,5015,423044,898490,231,428059,792.7018518518519,0.011715674708393001,0.9559664506290507,0.6798841346495814,0.023147667347480413,0.6809757457905606,0.015456286772805812,test
0.1,5013,421341,900193,233,426354,789.5444444444445,0.011757835038489144,0.9555852077773542,0.6811727885926506,0.023229842446709916,0.6822577970726119,0.015539484156716285,test
0.11,4990,405320,916214,256,410310,759.8333333333334,0.01216153639930784,0.9512009149828441,0.6932958213712247,0.024016017095168884,0.6943155609822277,0.016335527662155087,test
0.12,4962,390562,930972,284,395524,732.4518518518519,0.01254538283391147,0.9458635150590926,0.7044631466159781,0.02476233250991841,0.7054176276398498,0.017091364833620958,test
0.13,4945,377252,944282,301,382197,707.7722222222222,0.012938353780903565,0.9426229508196722,0.7145347754957496,0.025526335486768376,0.7154366209921765,0.01786490170726522,test
0.14,4926,365055,956479,320,369981,685.15,0.013314197215532689,0.9390011437285551,0.723764201299399,0.026256106303650856,0.7246152338744931,0.018603858017893375,test
0.15,4909,353719,967815,337,358628,664.1259259259259,0.01368827866201189,0.9357605794891346,0.7323421115158596,0.026981867349686977,0.7331464146278961,0.019338731869861642,test
0.16,4882,343048,978486,364,347930,644.3148148148148,0.014031558072025982,0.9306138009912314,0.7404168186365239,0.0276462726799103,0.7411688448725485,0.0200117670415408,test
0.17,4863,333108,988426,383,337971,625.8722222222223,0.014388808507238787,0.9269919939001143,0.7479383807000047,0.02833775716237832,0.7486463467944949,0.02071204472117738,test
0.18,4839,323758,997776,407,328597,608.512962962963,0.014726245218306924,0.9224170796797561,0.7550134918965384,0.028989674787250296,0.7556753945642835,0.0213724261172436,test
0.19,4817,314781,1006753,429,319598,591.8481481481482,0.015072059274463544,0.9182234083110942,0.7618063553415955,0.029657312433044782,0.7624248179803735,0.022048694090862554,test
0.2,4796,306388,1015146,450,311184,576.2666666666667,0.015412103450048845,0.9142203583682806,0.7681573080980134,0.03031318143033214,0.7687348316977947,0.02271305052504169,test
0.21,4774,298329,1023205,472,303103,561.3018518518519,0.015750421473888415,0.9100266869996188,0.7742555242619562,0.030964913134143457,0.774792354421984,0.023373272147563896,test
0.22,4752,290626,1030908,494,295378,546.9962962962964,0.016087860301037992,0.905833015630957,0.7800843565129615,0.03161424237585821,0.7805815583593362,0.024031088899705868,test
0.23,4721,283284,1038250,525,288005,533.3425925925926,0.016392076526449195,0.8999237514296607,0.7856400213691059,0.03219767366522195,0.7860918916474472,0.024622499459998688,test
0.24,4692,276116,1045418,554,280808,520.0148148148148,0.016708925671633287,0.894395730080061,0.7910640210543202,0.03280499486111014,0.7914725877688841,0.025238070797172375,test
0.25,4672,269045,1052489,574,273717,506.8833333333333,0.01706872426630425,0.8905833015630957,0.7964146211902229,0.03349548147962275,0.796786957898069,0.025937578350764875,test
0.26,4644,262285,1059249,602,266929,494.31296296296296,0.017397884830797704,0.8852459016393442,0.8015298887504976,0.03412510333425186,0.8018608963053407,0.026575762220225365,test
0.27,4620,255697,1065837,626,260317,482.06851851851854,0.017747592358547462,0.8806709874189859,0.8065150045326114,0.03479400368274194,0.8068082123637679,0.02725361110287104,test
0.28,4586,249326,1072208,660,253912,470.2074074074074,0.018061375594694225,0.8741898589401449,0.8113359171992548,0.03539153720896133,0.8115844375103635,0.027859595224097145,test
0.29,4562,243110,1078424,684,247672,458.65185185185186,0.018419522594399045,0.8696149447197865,0.8160395419262766,0.03607493337761646,0.8162513755106348,0.02855219411246787,test
0.3,4538,236969,1084565,708,241507,447.2351851851852,0.018790345621451966,0.8650400304994281,0.8206864144244491,0.0367817209922473,0.8208617856766005,0.029268506858624282,test
0.31,4511,230992,1090542,735,235503,436.1166666666667,0.019154745374793527,0.859893252001525,0.8252091887155382,0.03747471432903148,0.825346327198179,0.029971004459508815,test
0.32,4479,225178,1096356,767,229657,425.2907407407407,0.01950299794911542,0.8537933663743805,0.8296086214959282,0.0381348897204378,0.829704246370913,0.030640515874592964,test
0.33,4460,219507,1102027,786,223967,414.7537037037037,0.019913647992784653,0.8501715592832635,0.8338998466933125,0.038915768302844954,0.8339641839641839,0.031431757976853304,test
0.34,4442,213752,1107782,804,218194,404.06296296296296,0.020358030009991108,0.8467403736179947,0.8382546343870079,0.03976011457214464,0.8382881864363346,0.03228723962633262,test
0.35,4412,208159,1113375,834,212571,393.65,0.02075541818968721,0.8410217308425467,0.842486837266389,0.040511071220336335,0.8424810443328962,0.033048711062674103,test
0.36,4396,202887,1118647,850,207283,383.8574074074074,0.02120772084541424,0.8379717880289744,0.8464761406062954,0.0413684720673414,0.8464425149610335,0.03391739397253796,test
0.37,4362,197583,1123951,884,201945,373.97222222222223,0.021599940577880117,0.8314906595501335,0.8504896582305109,0.04210607603612126,0.8504145374515745,0.0346656234056669,test
0.38,4332,192475,1129059,914,196807,364.4574074074074,0.022011412195704422,0.8257720167746855,0.8543548633633338,0.04287983845822631,0.8542418486862932,0.03545034518547317,test
0.39,4308,187397,1134137,938,191705,355.00925925925924,0.022472027333663703,0.8211971025543271,0.8581973676046171,0.043746921823194604,0.858051071014034,0.03632932439779917,test
0.4,4270,182262,1139272,976,186532,345.42962962962963,0.022891514592670425,0.813953488372093,0.8620830035398257,0.04453065523678419,0.8618927026334434,0.03712465032418468,test
0.41,4243,177242,1144292,1003,181485,336.0833333333333,0.02337934264539769,0.8088067098741899,0.8658816193907989,0.045445051973159255,0.8656559489892823,0.03805180245548852,test
0.42,4207,172375,1149159,1039,176582,327.0037037037037,0.023824625386505986,0.8019443385436523,0.8695644606949197,0.04627450117693645,0.8692970952230211,0.03889347816171527,test
0.43,4171,167438,1154096,1075,171609,317.7944444444444,0.024305252055544874,0.7950819672131147,0.8733002707459664,0.04716858443357553,0.8729910007687786,0.039800688658507236,test
0.44,4134,162695,1158839,1112,166829,308.9425925925926,0.02477986441206265,0.7880289744567289,0.8768892816983899,0.04804881592328926,0.8765379339453414,0.04069402581916875,test
0.45,4110,157893,1163641,1136,162003,300.00555555555553,0.025369900557397084,0.7834540602363705,0.8805229377375081,0.04914827592392181,0.8801391338428376,0.04180869746658169,test
0.46,4066,153331,1168203,1180,157397,291.47592592592594,0.02583276682528892,0.7750667174990469,0.8839749866443088,0.04999907773467042,0.8835443705814077,0.04267284318522366,test
0.47,4032,148821,1172713,1214,152853,283.06111111111113,0.026378285018939764,0.7685855890202059,0.8873876873391074,0.05100601521831257,0.8869179517327666,0.043694610699319,test
0.48,3988,144302,1177232,1258,148290,274.6111111111111,0.02689324971339942,0.7601982462828822,0.890807198301368,0.051948728636932055,0.890290779179668,0.04465209460237373,test
0.49,3932,139837,1181697,1314,143769,266.2388888888889,0.027349428597263668,0.7495234464353794,0.894185847658857,0.05277321075059559,0.8936138621323807,0.04549080712582932,test
0.5,3899,135301,1186233,1347,139200,257.77777777777777,0.02801005747126437,0.7432329393823865,0.8976182224596567,0.05398557246306578,0.8970077933040896,0.04672094864310754,test
0.51,3855,131122,1190412,1391,134977,249.9574074074074,0.02856042140512828,0.7348455966450629,0.9007804566511343,0.05498384715774159,0.9001243612354723,0.047735189008470895,test
0.52,3818,126953,1194581,1428,130771,242.1685185185185,0.029196075582506826,0.7277926038886771,0.9039351238787652,0.056140041318364614,0.9032386680534829,0.048909019335514795,test
0.53,3777,122793,1198741,1469,126570,234.38888888888889,0.0298411945958758,0.7199771254288982,0.9070829808389341,0.05730715542877952,0.9063431767135471,0.050094378935656526,test
0.54,3733,118615,1202919,1513,122348,226.57037037037037,0.030511328342106122,0.7115897826915746,0.910244458334027,0.05851372321582519,0.9094589909404724,0.05132013338387015,test
0.55,3692,114591,1206943,1554,118283,219.0425925925926,0.031213276633159457,0.7037743042317957,0.9132894045858828,0.05977543734669592,0.9124609957943292,0.052601701660407875,test
0.56,3644,110401,1211133,1602,114045,211.19444444444446,0.03195229953088693,0.6946244757910789,0.9164599624375914,0.06109429881550158,0.9155828396569138,0.05394199920487601,test
0.57,3607,106554,1214980,1639,110161,204.00185185185185,0.03274298526701827,0.6875714830346931,0.9193709734293631,0.06250920654726316,0.9184544536396388,0.05537882515554231,test
0.58,3563,102615,1218919,1683,106178,196.6259259259259,0.03355685735274727,0.6791841402973694,0.9223516004885232,0.06395390580126364,0.9213901325012436,0.05684672377124468,test
0.59,3525,98772,1222762,1721,102297,189.4388888888889,0.03445848851872489,0.6719405261151353,0.9252595846947562,0.0655551732795254,0.9242579779616816,0.05847289572539723,test
0.6,3473,94977,1226557,1773,98450,182.3148148148148,0.03527679024885729,0.6620282119710256,0.9281312474745258,0.06698426168801111,0.9270790937457604,0.05992637060343349,test
0.61,3406,91285,1230249,1840,94691,175.3537037037037,0.035969627525319195,0.6492565764391918,0.9309249705266758,0.06816294265387193,0.929811272403865,0.06112820260289512,test
0.62,3363,87661,1233873,1883,91024,168.56296296296296,0.03694629987695553,0.6410598551277163,0.9336672382246692,0.06986600186974136,0.9325102880658436,0.06285904851418522,test
0.63,3309,84060,1237474,1937,87369,161.79444444444445,0.03787384541427737,0.63076629813191,0.9363921019058156,0.07145710738001403,0.9351836777762703,0.06447816961191534,test
0.64,3262,80534,1241000,1984,83796,155.17777777777778,0.038927872452145684,0.6218070911170416,0.9390602133581126,0.07326879450147121,0.9378058155835933,0.06632038147098211,test
0.65,3215,77123,1244411,2031,80338,148.77407407407406,0.040018422166347184,0.6128478841021731,0.9416413047261742,0.07513086558235184,0.9403412773783144,0.06821408591083156,test
0.66,3172,73746,1247788,2074,76918,142.44074074074075,0.04123872175563587,0.6046511627906976,0.9441966684171577,0.07721143079694269,0.9428541280393132,0.07032910847516692,test
0.67,3116,70587,1250947,2130,73703,136.48703703703703,0.042277790591970475,0.5939763629431948,0.946587072296286,0.07893703530127044,0.9451928729706508,0.07208680379458486,test
0.68,3064,67465,1254069,2182,70529,130.60925925925926,0.04344312268712161,0.584064048799085,0.9489494784091821,0.0808709996700759,0.9475067456548938,0.07405568335681827,test
0.69,2999,64336,1257198,2247,67335,124.69444444444444,0.04453850152223955,0.5716736561189477,0.9513171813967707,0.08263870709965418,0.9498160961123924,0.0758589278273247,test
0.7,2940,61265,1260269,2306,64205,118.89814814814815,0.0457908262596371,0.5604269919939001,0.9536409959940494,0.08466400771767145,0.9520862539381058,0.07792312387624174,test
0.71,2876,58206,1263328,2370,61082,113.11481481481482,0.04708424740512753,0.5482272207396112,0.955955730234712,0.08672054034495236,0.9543435987880432,0.08002086605927823,test
0.72,2813,55352,1266182,2433,58165,107.71296296296296,0.048362417261239576,0.5362180709111705,0.9581153417165204,0.08872277680528615,0.9564471879286695,0.08206439474207684,test
0.73,2761,52487,1269047,2485,55248,102.31111111111112,0.04997465971618882,0.5263057567670606,0.9602832768585599,0.09128178001124077,0.9585673585673585,0.08467118181897712,test
0.74,2702,49581,1271953,2544,52283,96.82037037037037,0.051680278484402195,0.515059092642013,0.9624822365523702,0.09393523266526449,0.9607131551575996,0.08737642761805924,test
0.75,2645,46856,1274678,2601,49501,91.66851851851852,0.05343326397446516,0.5041936713686619,0.9645442342005578,0.09662629915794474,0.9627240386499646,0.09012055672283797,test
0.76,2583,44172,1277362,2663,46755,86.58333333333333,0.055245428296438887,0.4923751429660694,0.9665752072969745,0.099344243379935,0.9647002517372888,0.09289463317461763,test
0.77,2527,41539,1279995,2719,44066,81.6037037037037,0.057345799482594294,0.4817003431185665,0.9685675888777738,0.10249026606099937,0.9666425481240296,0.09610278793983518,test
0.78,2446,39064,1282470,2800,41510,76.87037037037037,0.05892556010599855,0.46626000762485703,0.9704404124297975,0.10462828300111215,0.9684469165950648,0.09829778485988686,test
0.79,2366,36497,1285037,2880,38863,71.96851851851852,0.06088052903790238,0.4510102935569958,0.9723828520492095,0.10727969348659006,0.9703213795806388,0.10101614609195007,test
0.8,2299,34096,1287438,2947,36395,67.39814814814815,0.06316801758483308,0.43823865802516204,0.9741996800687686,0.11042001873153863,0.9720805257842295,0.10422878727331905,test
0.81,2219,31573,1289961,3027,33792,62.577777777777776,0.06566642992424243,0.4229889439573008,0.9761088250472557,0.11368410266919413,0.9739218257736776,0.10757528317649748,test
0.82,2143,29196,1292338,3103,31339,58.035185185185185,0.06838125019943202,0.40850171559283266,0.977907492353583,0.11715183818504851,0.9756560997301738,0.11113068948973528,test
0.83,2059,26884,1294650,3187,28943,53.59814814814815,0.07113982655564385,0.39248951582157837,0.9796569743949077,0.12044809734125012,0.9773353532612792,0.1145202756280763,test
0.84,1956,24616,1296918,3290,26572,49.20740740740741,0.07361132018666265,0.372855508959207,0.9813731617953075,0.1229492739958514,0.9789671234115679,0.1171186765006405,test
0.85,1876,22330,1299204,3370,24206,44.82592592592592,0.07750144592249855,0.3576057948913458,0.9831029697306313,0.12739372538367513,0.9806297954446103,0.12168528113993653,test
0.86,1794,20050,1301484,3452,21844,40.45185185185185,0.08212781541842154,0.341974837971788,0.9848282374876469,0.13244739756367663,0.9822864378419934,0.12687994542787662,test
0.87,1683,17828,1303706,3563,19511,36.13148148148148,0.08625903336579366,0.3208158597026306,0.9865096168543526,0.13596154622934928,0.983877507951582,0.13054292211858057,test
0.88,1588,15743,1305791,3658,17331,32.09444444444444,0.09162771911603484,0.30270682424704537,0.9880873288163604,0.14067413739646542,0.9853773798218243,0.13542583307226788,test
0.89,1470,13612,1307922,3776,15082,27.92962962962963,0.09746717941917518,0.28021349599695006,0.9896998488120623,0.1446280991735537,0.9868945868945869,0.1395799267070018,test
0.9,1357,11571,1309963,3889,12928,23.94074074074074,0.10496596534653466,0.2586732748760961,0.9912442661331453,0.14933421371189612,0.9883477290884698,0.1445219540393965,test
0.905,1300,10641,1310893,3946,11941,22.112962962962964,0.1088686039695168,0.24780785360274496,0.9919479937708754,0.15127712806190727,0.9890057130797871,0.14658836218290247,test
0.91,1249,9736,1311798,3997,10985,20.34259259259259,0.1137005006827492,0.23808616088448342,0.992632803998989,0.15390302507547288,0.9896493766864137,0.14935036874978758,test
0.915,1189,8883,1312651,4057,10072,18.651851851851852,0.11805003971405878,0.2266488753335875,0.9932782660151006,0.15524219872045958,0.9902470643211384,0.15082680644470406,test
0.92,1115,8088,1313446,4131,9203,17.04259259259259,0.12115614473541236,0.21254288982081587,0.9938798396409022,0.1543359402034743,0.9907904852349296,0.15005497366327597,test
0.925,1043,7215,1314319,4203,8258,15.292592592592593,0.12630176798256237,0.19881814715974075,0.9945404355847068,0.1544727488151659,0.9913942025053136,0.15036404631004022,test
0.93,987,6391,1315143,4259,7378,13.662962962962963,0.13377609108159394,0.1881433473122379,0.9951639534056634,0.15636882129277566,0.991973047528603,0.15245171388050785,test
0.935,927,5616,1315918,4319,6543,12.116666666666667,0.14167812929848694,0.176706061761342,0.9957503931037718,0.157265247264399,0.9925119462156499,0.15355023280796531,test
0.94,862,4845,1316689,4384,5707,10.568518518518518,0.15104257928859297,0.16431566908120473,0.9963338060163416,0.15739979914178764,0.9930440615625801,0.15391362681625934,test
0.945,793,4134,1317400,4453,4927,9.124074074074073,0.16094986807387862,0.1511627906976744,0.9968718171458321,0.15590288017300696,0.9935279398242362,0.1526576028095597,test
0.95,706,3451,1318083,4540,4157,7.698148148148148,0.16983401491460187,0.13457872664887532,0.9973886407765521,0.15016484100818886,0.9939771476808514,0.14718338361344133,test
0.955,634,2840,1318694,4612,3474,6.433333333333334,0.1824985607369027,0.12085398398780023,0.997850982267577,0.14541284403669724,0.9943833943833944,0.1427120004155834,test
0.96,541,2236,1319298,4705,2777,5.142592592592592,0.19481454807346058,0.10312619138391155,0.9983080268839092,0.13486227097095851,0.9947685373611299,0.1324877606372267,test
0.965,453,1674,1319860,4793,2127,3.938888888888889,0.21297602256699577,0.0863515059092642,0.9987332902520858,0.1228807812288078,0.9951257932739415,0.12087523287639126,test
0.97,347,1148,1320386,4899,1495,2.7685185185185186,0.23210702341137124,0.06614563476934808,0.9991313125504149,0.10295208426049547,0.9954423491460529,0.10137609156519181,test
0.975,255,724,1320810,4991,979,1.8129629629629629,0.2604698672114402,0.04860846359130766,0.999452151817509,0.0819277108433735,0.9956925790259123,0.0807845165898807,test
0.98,166,379,1321155,5080,545,1.0092592592592593,0.30458715596330277,0.031643156690812045,0.9997132120702154,0.05733034018304265,0.9958855273670089,0.056628262506974905,test
0.985,89,129,1321405,5157,218,0.40370370370370373,0.40825688073394495,0.016965306900495615,0.9999023861663794,0.03257686676427526,0.9960159182381405,0.032271544355487396,test
0.99,29,32,1321502,5217,61,0.11296296296296296,0.47540983606557374,0.005528021349599695,0.999975785715691,0.01092896174863388,0.9960438053030646,0.010839051939623416,test
0.991,22,18,1321516,5224,40,0.07407407407407407,0.55,0.0041936713686618375,0.9999863794650762,0.00832387438516837,0.9960490812342664,0.008264528850752396,test
0.992,15,5,1321529,5231,20,0.037037037037037035,0.75,0.0028593213877239803,0.9999962165180767,0.0056969236612229406,0.9960536034610109,0.0056670601868343586,test
0.993,8,1,1321533,5238,9,0.016666666666666666,0.8888888888888888,0.0015249714067861228,0.9999992433036153,0.003044719314938154,0.9960513423476386,0.003031216922862055,test
0.994,4,0,1321534,5242,4,0.007407407407407408,1,7.624857033930614e-4,1,0.0015238095238095239,0.9960490812342664,0.0015177936269202058,test
0.995,0,0,1321534,5246,0,0,NA,0,1,NA,0.9960460664164368,0,test
0.996,0,0,1321534,5246,0,0,NA,0,1,NA,0.9960460664164368,0,test
0.997,0,0,1321534,5246,0,0,NA,0,1,NA,0.9960460664164368,0,test
0.998,0,0,1321534,5246,0,0,NA,0,1,NA,0.9960460664164368,0,test
0.999,0,0,1321534,5246,0,0,NA,0,1,NA,0.9960460664164368,0,test
