threshold,tp,fp,tn,fn,n_alerts,alerts_per_day,precision,recall,specificity,f1,accuracy,kappa,split,method
1e-4,1695,445241,238,0,446936,2455.6923076923076,0.0037924893049564143,1,5.342563847005134e-4,0.007556321342038335,0.0043227021248999275,4.052315039517738e-6,validation,raw
2e-4,1695,443562,1917,0,445257,2446.467032967033,0.0038067902357514873,1,0.0043032331490373285,0.007584707082639747,0.008077392692777309,3.2762475169153186e-5,validation,raw
3e-4,1695,440685,4794,0,442380,2430.6593406593406,0.0038315475383154753,1,0.01076145003468177,0.007633845634183414,0.014511129895745281,8.246261459658437e-5,validation,raw
4e-4,1695,437289,8190,0,438984,2412,0.0038611885626811,1,0.018384705002929432,0.007692674259495006,0.022105489138456173,1.4196354783137631e-4,validation,raw
5e-4,1695,433784,11695,0,435479,2392.7417582417584,0.0038922657579355145,1,0.026252640416271025,0.007754349526733063,0.0299436013721728,2.043436264030856e-4,validation,raw
6e-4,1695,430231,15248,0,431926,2373.21978021978,0.003924283326310525,1,0.034228325016442976,0.007817887048828355,0.037889054372570855,2.6860721053670566e-4,validation,raw
7e-4,1695,426975,18504,0,428670,2355.3296703296705,0.003954090559171391,1,0.0415373115231021,0.007877034610156496,0.04517033637912759,3.284306404927772e-4,validation,raw
8e-4,1695,423875,21604,0,425570,2338.296703296703,0.003982893531028973,1,0.04849611317256257,0.007934186043790155,0.05210276089396969,3.8623510768371336e-4,validation,raw
9e-4,1695,420926,24553,0,422621,2322.0934065934066,0.004010685697113963,1,0.05511595383845254,0.00798932870784981,0.058697509246959795,4.420078284315114e-4,validation,raw
0.001,1695,418072,27407,0,419767,2306.412087912088,0.004037954388982459,1,0.06152254090540744,0.008043429775400866,0.06507981233255959,4.967270286222654e-4,validation,raw
0.0011,1695,415342,30137,0,417037,2291.412087912088,0.004064387572325717,1,0.06765077590638391,0.008095870389652572,0.07118481843756569,5.49766782394402e-4,validation,raw
0.0012,1695,412600,32879,0,414295,2276.346153846154,0.004091287609070831,1,0.07380594820406798,0.00814923435659511,0.07731665973424215,6.037404164479969e-4,validation,raw
0.0013,1695,410081,35398,0,411776,2262.5054945054944,0.004116315666770283,1,0.07946053573793602,0.00819888214651088,0.08294981371904449,6.539553975249546e-4,validation,raw
0.0014,1695,407559,37920,0,409254,2248.6483516483518,0.004141682182703162,1,0.08512185759598095,0.008249198805691218,0.08858967650176441,7.048468697983534e-4,validation,raw
0.0015,1695,405197,40282,0,406892,2235.6703296703295,0.0041657245657324305,1,0.09042401549792471,0.008296886587189509,0.09387173672887959,7.530794142682169e-4,validation,raw
0.0016,1695,402825,42654,0,404520,2222.6373626373625,0.004190151290418273,1,0.09574862114712478,0.008345334367268564,0.09917615961572006,8.02080621196292e-4,validation,raw
0.0017,1695,400559,44920,0,402254,2210.186813186813,0.0042137554878261,1,0.10083528067540783,0.008392148513797534,0.10424353830947237,8.494295160861366e-4,validation,raw
0.0018,1695,398324,47155,0,400019,2197.9065934065934,0.0042372987283104055,1,0.10585235218719626,0.00843883957243213,0.10924159275807628,8.966539002089388e-4,validation,raw
0.0019,1695,396234,49245,0,397929,2186.423076923077,0.004259553840006635,1,0.11054393136376799,0.008482973995555825,0.11391538864066336,9.41292430338369e-4,validation,raw
0.002,1695,394073,51406,0,395768,2174.5494505494507,0.004282812152574236,1,0.11539488954585962,0.008529095790048383,0.11874795940730007,9.87941015675195e-4,validation,raw
0.0021,1695,392028,53451,0,393723,2163.313186813187,0.004305057108677929,1,0.11998545385977791,0.008573206075595951,0.12332112332112333,0.0010325551017728895,validation,raw
0.0022,1695,390056,55423,0,391751,2152.478021978022,0.0043267279470888395,1,0.12441214961872502,0.00861617604448895,0.1277310398189519,0.0010760158327661241,validation,raw
0.0023,1694,388092,57387,1,389786,2141.6813186813188,0.004345974457779397,0.9994100294985251,0.12882088717986706,0.008654315279668744,0.13212082992302773,0.0011146101363590675,validation,raw
0.0024,1694,386137,59342,1,387831,2130.9395604395604,0.004367881886698072,0.9994100294985251,0.13320942176847841,0.008697750599446507,0.13649272989932332,0.0011585416026914507,validation,raw
0.0025,1694,384308,61171,1,386002,2120.8901098901097,0.004388578297521774,0.9994100294985251,0.1373151147416601,0.008738783121870946,0.14058286036308015,0.0012000428119553026,validation,raw
0.0026,1694,382475,63004,1,384169,2110.8186813186812,0.0044095176862266345,0.9994100294985251,0.1414297868137443,0.008780295648207658,0.1446819358907271,0.0012420294946477771,validation,raw
0.0027,1694,380656,64823,1,382350,2100.8241758241757,0.004430495619197071,0.9994100294985251,0.14551303203966967,0.008821882852269916,0.14874970369475865,0.001284091694677605,validation,raw
0.0028,1694,378816,66663,1,380510,2090.714285714286,0.0044519197918582954,0.9994100294985251,0.1496434175348333,0.008864352899621931,0.1528644330842133,0.0013270468077572041,validation,raw
0.0029,1694,377006,68473,1,378700,2080.769230769231,0.0044731977818853975,0.9994100294985251,0.15370645978822794,0.008906531368708842,0.15691207449449207,0.0013697069985510791,validation,raw
0.003,1694,375301,70178,1,376995,2071.401098901099,0.004493428294804971,0.9994100294985251,0.15753380069543121,0.008946631809659617,0.16072490797765523,0.001410265415227021,validation,raw
0.0031,1694,373603,71876,1,375297,2062.0714285714284,0.004513758436651505,0.9994100294985251,0.16134542817955505,0.008986928104575164,0.16452208759901069,0.0014510219101381123,validation,raw
0.0032,1694,371929,73550,1,373623,2052.8736263736264,0.004533982115662044,0.9994100294985251,0.1651031810702637,0.009027011760693598,0.1682655968370254,0.0014915633253776179,validation,raw
0.0033,1694,370323,75156,1,372017,2044.0494505494505,0.004553555348277095,0.9994100294985251,0.16870828927962933,0.009065804683820695,0.1718570399889081,0.0015307992555067683,validation,raw
0.0034,1694,368749,76730,1,370443,2035.401098901099,0.004572903253671955,0.9994100294985251,0.17224156469777477,0.009104149535924845,0.1753769226296699,0.001569581986303818,validation,raw
0.0035,1694,367199,78280,1,368893,2026.8846153846155,0.004592117497485721,0.9994100294985251,0.175720965522505,0.009142228026811446,0.17884313488709094,0.0016080953029257309,validation,raw
0.0036,1694,365677,79802,1,367371,2018.521978021978,0.004611142414616287,0.9994100294985251,0.1791375126549175,0.009179929877040962,0.18224673169728114,0.0016462276669141672,validation,raw
0.0037,1694,364175,81304,1,365869,2010.2692307692307,0.004630072512292651,0.9994100294985251,0.18250916429281738,0.009217442404588043,0.18560560318802077,0.0016841685354573525,validation,raw
0.0038,1694,362712,82767,1,364406,2002.2307692307693,0.004648661108763302,0.9994100294985251,0.1857932697164176,0.009254276825247678,0.18887726030583174,0.0017214235434887487,validation,raw
0.0039,1694,361279,84200,1,362973,1994.357142857143,0.004667013799924512,0.9994100294985251,0.18901003189824886,0.009290642447376792,0.1920818294444668,0.001758204389806844,validation,raw
0.004,1694,359818,85661,1,361512,1986.3296703296703,0.004685874881055124,0.9994100294985251,0.1922896477723978,0.0093280140525926,0.19534901403033272,0.0017960026949172822,validation,raw
0.0041,1693,358351,87128,2,360044,1978.2637362637363,0.004702203064069947,0.9988200589970502,0.19558273229490056,0.009360339913584103,0.19862737994606128,0.0018287187261112308,validation,raw
0.0042,1693,356979,88500,2,358672,1970.7252747252746,0.004720190034348932,0.9988200589970502,0.1986625632184682,0.009395976879126001,0.20169553686037203,0.001864762646419785,validation,raw
0.0043,1693,355585,89894,2,357278,1963.065934065934,0.004738606911144823,0.9988200589970502,0.20179177918599978,0.009432464280043346,0.20481289162607844,0.001901666703435515,validation,raw
0.0044,1693,354258,91221,2,355951,1955.7747252747254,0.004756272633030951,0.9988200589970502,0.204770595246914,0.009467462239197418,0.20778041657162535,0.0019370643008127166,validation,raw
0.0045,1693,352918,92561,2,354611,1948.4120879120878,0.004774245581778343,0.9988200589970502,0.2077785933792614,0.009503067587972137,0.21077701297481516,0.001973076213810164,validation,raw
0.0046,1693,351599,93880,2,353292,1941.1648351648353,0.0047920700157376905,0.9988200589970502,0.21073945124237056,0.009538377461709865,0.21372664779258185,0.0020087892681670146,validation,raw
0.0047,1693,350346,95133,2,352039,1934.2802197802198,0.004809126261578972,0.9988200589970502,0.21355215397358798,0.009572164394714672,0.21652868905616157,0.0020429619832864746,validation,raw
0.0048,1693,349071,96408,2,350764,1927.2747252747254,0.004826607063438665,0.9988200589970502,0.2164142417487693,0.009606791144501912,0.21937992817113697,0.002077984095127055,validation,raw
0.0049,1693,347808,97671,2,349501,1920.3351648351647,0.004844049087127075,0.9988200589970502,0.21924939222724305,0.009641339878586317,0.222204332094442,0.0021129272912524446,validation,raw
0.005,1693,346579,98900,2,348272,1913.5824175824175,0.004861143014655212,0.9988200589970502,0.22200822036504528,0.009675197947235025,0.224952702974681,0.0021471719272746896,validation,raw
0.0051,1693,345365,100114,2,347058,1906.9120879120878,0.004878147168484806,0.9988200589970502,0.22473337688196302,0.00970887705625471,0.22766752986533206,0.0021812355516371276,validation,raw
0.0052,1693,344150,101329,2,345843,1900.2362637362637,0.004895284854688399,0.9988200589970502,0.22746077817360638,0.009742819490242792,0.23038459302195566,0.0022155654984798495,validation,raw
0.0053,1693,342978,102501,2,344671,1893.7967032967033,0.004911930507643521,0.9988200589970502,0.23009165415204758,0.009775786306970085,0.23300549674176046,0.002248908681136226,validation,raw
0.0054,1693,341756,103723,2,343449,1887.0824175824175,0.004929407277354134,0.9988200589970502,0.23283476886677038,0.00981039797881464,0.23573821376019177,0.002283915488365599,validation,raw
0.0055,1693,340571,104908,2,342264,1880.5714285714287,0.004946474066802235,0.9988200589970502,0.23549482691664478,0.009844196546681437,0.2383881889376395,0.0023180999000794473,validation,raw
0.0056,1693,339457,106022,2,341150,1874.4505494505495,0.004962626410669794,0.9988200589970502,0.23799550596099928,0.009876183114818651,0.24087938923103758,0.002350451618169091,validation,raw
0.0057,1693,338364,107115,2,340057,1868.4450549450548,0.004978577120894438,0.9988200589970502,0.2404490447361155,0.009907769376623986,0.24332362793901255,0.00238239845237286,validation,raw
0.0058,1693,337267,108212,2,338960,1862.4175824175825,0.004994689638895445,0.9988200589970502,0.24291156261013425,0.009939675037794837,0.24577681171087765,0.0024146683242053167,validation,raw
0.0059,1693,336171,109308,2,337864,1856.3956043956043,0.005010891956526886,0.9988200589970502,0.2453718357094274,0.009971757485444356,0.2482277592167702,0.00244711699263643,validation,raw
0.006,1693,335116,110363,2,336809,1850.598901098901,0.005026587769329204,0.9988200589970502,0.24774007304496956,0.010002836007846289,0.250587019817789,0.0024785502684328137,validation,raw
0.0061,1693,334063,111416,2,335756,1844.8131868131868,0.005042352184324331,0.9988200589970502,0.2501038208310605,0.010034049387911134,0.2529418078868628,0.0025101199337383257,validation,raw
0.0062,1693,333040,112439,2,334733,1839.1923076923076,0.005057762455449567,0.9988200589970502,0.2524002253753825,0.010064560619211243,0.25522950797676075,0.0025409794283160056,validation,raw
0.0063,1693,331982,113497,2,333675,1833.3791208791208,0.005073799355660448,0.9988200589970502,0.25477519703510154,0.010096311536511911,0.25759547737569716,0.0025730927513531107,validation,raw
0.0064,1693,330982,114497,2,332675,1827.8846153846155,0.0050890508754790715,0.9988200589970502,0.25701997176073393,0.010126506564584145,0.25983174334822684,0.0026036324189707134,validation,raw
0.0065,1693,330006,115473,2,331699,1822.521978021978,0.005104025034745357,0.9988200589970502,0.25921087189295117,0.010156151580412364,0.2620143389374159,0.0026336157897624423,validation,raw
0.0066,1693,329035,116444,2,330728,1817.1868131868132,0.005119010183594978,0.9988200589970502,0.2613905481515402,0.010185817467503753,0.2641857531967422,0.002663620263227807,validation,raw
0.0067,1693,328076,117403,2,329769,1811.9175824175825,0.005133896758033654,0.9988200589970502,0.26354328711342173,0.010215287331354234,0.2663303322643982,0.0026934264694356154,validation,raw
0.0068,1693,327122,118357,2,328815,1806.6758241758241,0.005148791873850037,0.9988200589970502,0.26568480220167506,0.010244773229251762,0.26846373000219154,0.0027232488859656352,validation,raw
0.0069,1693,326161,119318,2,327854,1801.3956043956043,0.005163883923941755,0.9988200589970502,0.2678420307130078,0.010274648079648247,0.2706127816017926,0.002753464687199289,validation,raw
0.007,1693,325245,120234,2,326938,1796.3626373626373,0.005178351858762212,0.9988200589970502,0.2698982443616871,0.010303286644980874,0.2726612012326298,0.0027824300876151315,validation,raw
0.0071,1693,324299,121180,2,325992,1791.1648351648353,0.005193378978625243,0.9988200589970502,0.2720218012521353,0.010333031215763825,0.27477670884264294,0.0028125141089540198,validation,raw
0.0072,1693,323354,122125,2,325047,1785.9725274725274,0.005208477543247592,0.9988200589970502,0.27414311336785796,0.010362916307055723,0.2768899801866835,0.002842740247556071,validation,raw
0.0073,1693,322408,123071,2,324101,1780.7747252747254,0.0052236802725076446,0.9988200589970502,0.2762666702583062,0.010393006666748517,0.2790054877966966,0.002873173990093323,validation,raw
0.0074,1693,321496,123983,2,323189,1775.7637362637363,0.005238420862096173,0.9988200589970502,0.278313904808083,0.010422181455534899,0.2810449623636437,0.002902681706795754,validation,raw
0.0075,1693,320565,124914,2,322258,1770.6483516483515,0.005253554605316237,0.9988200589970502,0.28040379007764676,0.010452133488499873,0.28312692598406886,0.0029329755303447577,validation,raw
0.0076,1693,319678,125801,2,321371,1765.7747252747254,0.0052680546782379245,0.9988200589970502,0.2823949052592827,0.010480830542365956,0.2851104939017027,0.002962000047386632,validation,raw
0.0077,1693,318809,126670,2,320502,1761,0.005282338331742079,0.9988200589970502,0.28434561449585727,0.010509098470811334,0.28705380903183103,0.002990590536013781,validation,raw
0.0078,1693,317924,127555,2,319617,1756.1373626373627,0.005296964804750686,0.9988200589970502,0.2863322401280419,0.010538044019519967,0.2890329044175198,0.0030198663707007045,validation,raw
0.0079,1693,317043,128436,2,318736,1751.2967032967033,0.005311605843080167,0.9988200589970502,0.2883098866613241,0.010567017548239716,0.2910030547393185,0.0030491704981775018,validation,raw
0.008,1693,316161,129318,2,317854,1746.4505494505495,0.005326344799813751,0.9988200589970502,0.29028977796933186,0.010596183996820519,0.2929754413270897,0.00307866974024464,validation,raw
0.0081,1693,315311,130168,2,317004,1741.7802197802198,0.005340626616698843,0.9988200589970502,0.2921978364861194,0.010624445009240695,0.29487626740373996,0.003107253208714261,validation,raw
0.0082,1693,314442,131037,2,316135,1737.0054945054944,0.005355307068182897,0.9988200589970502,0.294148545722694,0.010653494006229747,0.29681958253386825,0.003136633646159527,validation,raw
0.0083,1693,313574,131905,2,315267,1732.2362637362637,0.005370051416735656,0.9988200589970502,0.29609701018454293,0.010682668584877684,0.29876066139802404,0.003166141091543876,validation,raw
0.0084,1693,312760,132719,2,314453,1727.7637362637363,0.005383952450763707,0.9988200589970502,0.2979242568112077,0.010710173716107645,0.3005809818996632,0.003193960035956091,validation,raw
0.0085,1693,311908,133571,2,313601,1723.0824175824175,0.005398579723916697,0.9988200589970502,0.2998368048774465,0.010739114990358269,0.30248628050825854,0.0032232315023996484,validation,raw
0.0086,1693,311070,134409,2,312763,1718.478021978022,0.005413044381848237,0.9988200589970502,0.30171792609752646,0.010767733687805684,0.3043602713932384,0.0032521767053770535,validation,raw
0.0087,1693,310252,135227,2,311945,1713.9835164835165,0.005427238776066294,0.9988200589970502,0.3035541518230938,0.010795816860094376,0.3061895369587677,0.0032805802673280607,validation,raw
0.0088,1693,309470,136009,2,311163,1709.6868131868132,0.005440878253519859,0.9988200589970502,0.30530956565853834,0.01082280139871763,0.307938296949286,0.0033078726559954545,validation,raw
0.0089,1693,308663,136816,2,310356,1705.2527472527472,0.005455025841291936,0.9988200589970502,0.3071210988621237,0.010850790415669234,0.30974296358911746,0.0033361809765174405,validation,raw
0.009,1693,307871,137608,2,309564,1700.901098901099,0.005468982181390601,0.9988200589970502,0.30889896044482457,0.010878400303284403,0.31151408623936094,0.0033641058365928072,validation,raw
0.0091,1693,307105,138374,2,308798,1696.6923076923076,0.005482548462101438,0.9988200589970502,0.31061845788465897,0.01090523779924185,0.3132270659743187,0.003391249487947177,validation,raw
0.0092,1693,306359,139120,2,308052,1692.5934065934066,0.005495825380130628,0.9988200589970502,0.31229305982998073,0.010931502161441434,0.3148953203898259,0.0034178134619842026,validation,raw
0.0093,1692,305575,139904,3,307267,1688.2802197802198,0.005506611513764902,0.9982300884955753,0.3140529632148766,0.01095280325735851,0.31664631664631665,0.0034393822144277043,validation,raw
0.0094,1692,304789,140690,3,306481,1683.9615384615386,0.005520733748584741,0.9982300884955753,0.3158173561492236,0.010980738279424744,0.318404021700725,0.003467635958207314,validation,raw
0.0095,1692,303997,141482,3,305689,1679.60989010989,0.005535037243734645,0.9982300884955753,0.3175952177319245,0.011009031049111209,0.3201751443509685,0.003496251525135085,validation,raw
0.0096,1692,303237,142242,3,304929,1675.434065934066,0.005548832679082672,0.9982300884955753,0.31930124652340514,0.011036318096430808,0.3218747064900911,0.003523849889361924,validation,raw
0.0097,1692,302461,143018,3,304153,1671.1703296703297,0.005562989679536286,0.9982300884955753,0.3210431917104959,0.011064319531270433,0.3236100488847742,0.0035521707855384874,validation,raw
0.0098,1692,301746,143733,3,303438,1667.2417582417581,0.005576097917861309,0.9982300884955753,0.32264820563932306,0.011090245892774624,0.3252089790551329,0.0035783929289787894,validation,raw
0.0099,1692,300997,144482,3,302689,1663.1263736263736,0.00558989589975189,0.9982300884955753,0.32432954190882174,0.011117535744322962,0.32688394226855766,0.0036059941122742233,validation,raw
0.01,1692,300303,145176,3,301995,1659.3131868131868,0.005602741767247802,0.9982300884955753,0.3258874155684106,0.011142941815667294,0.3284359108534933,0.0036316900193908513,validation,raw
0.011,1691,293441,152038,4,295132,1621.6043956043957,0.005729639618882398,0.9976401179941002,0.34129105973570023,0.011393842204381676,0.3437789316910196,0.003885478123533289,validation,raw
0.012,1690,287029,158450,5,288719,1586.368131868132,0.0058534422743220915,0.9970501474926253,0.3556845552764552,0.01163855736982377,0.3581156328409076,0.004133011100875957,validation,raw
0.013,1690,281169,164310,5,282859,1554.1703296703297,0.005974708246865046,0.9970501474926253,0.3688389351686612,0.011878237522579195,0.37122015143993164,0.004375425458493507,validation,raw
0.014,1689,275609,169870,6,277298,1523.6153846153845,0.006090920237434096,0.9964601769911504,0.38131988264317734,0.012107830662418054,0.3836515539812243,0.004607664649212932,validation,raw
0.015,1688,270323,175156,7,272011,1494.565934065934,0.006205631389907026,0.9958702064896755,0.39318576184287024,0.012334402607177046,0.39547021964604384,0.004836848828049628,validation,raw
0.016,1687,265493,179986,8,267180,1468.021978021978,0.0063140953664196425,0.9952802359882006,0.40402802376767477,0.012548582054858206,0.4062691480273898,0.005053499779648178,validation,raw
0.017,1686,260935,184544,9,262621,1442.9725274725274,0.0064198978756458925,0.9946902654867257,0.4142597069671073,0.012757456983307857,0.4164598120642077,0.005264786327996071,validation,raw
0.018,1685,256475,189004,10,258160,1418.4615384615386,0.006526960024790827,0.9941002949852508,0.42427140224342785,0.012968771045390697,0.42643132203571765,0.005478540468752265,validation,raw
0.019,1685,252357,193122,10,254042,1395.8351648351647,0.006632761511875989,0.9941002949852508,0.43351538456358213,0.013177600425437069,0.43564026531059497,0.005689752318034767,validation,raw
0.02,1684,248402,197077,11,250086,1374.098901098901,0.006733683612837184,0.9935103244837759,0.4423934686034583,0.013376704358152521,0.44448246096597743,0.0058911577877593085,validation,raw
0.021,1683,244752,200727,12,246435,1354.0384615384614,0.006829387059468014,0.9929203539823008,0.4505868963520166,0.013565469713456655,0.45264259549973834,0.006082107343277621,validation,raw
0.022,1682,241225,204254,13,242907,1334.6538461538462,0.006924460801870674,0.9923303834808259,0.4585042168093221,0.013752953777974013,0.4605276693188781,0.0062717615934153315,validation,raw
0.023,1681,237761,207718,14,239442,1315.6153846153845,0.007020489304299162,0.991740412979351,0.46628011645891276,0.013942281773431698,0.4682718583817485,0.006463281419560121,validation,raw
0.024,1681,234394,211085,14,236075,1297.1153846153845,0.007120618447527269,0.991740412979351,0.4738382729601171,0.014139714850485765,0.47580136591125605,0.006662967231376669,validation,raw
0.025,1677,231241,214238,18,232918,1279.7692307692307,0.007199958783777982,0.9893805309734514,0.4809160476700361,0.014295883007335485,0.48284336745875206,0.0068210474894926576,validation,raw
0.026,1676,228345,217134,19,230021,1263.8516483516485,0.007286291251668326,0.9887905604719764,0.48741691527546754,0.01446598422206494,0.48931735744922555,0.006993123743045599,validation,raw
0.027,1674,225601,219878,21,227275,1248.7637362637363,0.0073655263447365525,0.9876106194690265,0.4935765771226029,0.014622002882473686,0.49544919874590204,0.007150990730490111,validation,raw
0.028,1672,222824,222655,23,224496,1233.4945054945056,0.007447794170052028,0.9864306784660767,0.4998103165356841,0.014783965763447706,0.5016548368196719,0.0073148712287800675,validation,raw
0.029,1671,220233,225246,24,221904,1219.2527472527472,0.007530283365779797,0.9858407079646018,0.5056265278497977,0.014946399581393476,0.507446765688524,0.007479195056422175,validation,raw
0.03,1671,217645,227834,24,219316,1205.032967032967,0.007619143154170238,0.9858407079646018,0.5114360048397343,0.01512141929587215,0.5132342220254308,0.00765621435426774,validation,raw
0.031,1669,215239,230240,26,216908,1191.8021978021977,0.007694506426687812,0.984660766961652,0.5168369328296059,0.015269689802976171,0.5186102054233922,0.007806248983909113,validation,raw
0.032,1668,212970,232509,27,214638,1179.3296703296703,0.007771224107567159,0.984070796460177,0.5219303266820658,0.015420670910124668,0.5236820566490896,0.007958990924975479,validation,raw
0.033,1668,210685,234794,27,212353,1166.7747252747254,0.007854845469571893,0.984070796460177,0.5270596369301359,0.015585289280908956,0.52879192439632,0.008125490559388434,validation,raw
0.034,1666,208528,236951,29,210194,1154.9120879120878,0.007926011208692922,0.9828908554572271,0.531901616013325,0.01572521461708725,0.5336110775671216,0.00826708745854187,validation,raw
0.035,1664,206491,238988,31,208155,1143.7087912087911,0.007994042900723019,0.9817109144542773,0.5364742221294382,0.015858946866809626,0.5381618788212195,0.00840242175209551,validation,raw
0.036,1662,204487,240992,33,206149,1132.6868131868132,0.00806212981872335,0.9805309734513274,0.5409727506796056,0.015992763803621947,0.542638883298224,0.008537842957372851,validation,raw
0.037,1660,202613,242866,35,204273,1122.3791208791208,0.008126379893573796,0.9793510324483776,0.5451794585154407,0.01611900877806261,0.5468251731987995,0.008665606827565136,validation,raw
0.038,1659,200765,244714,36,202424,1112.2197802197802,0.008195668497806584,0.9787610619469026,0.5493278022084094,0.016255223668546287,0.5509555564500619,0.008803418011616587,validation,raw
0.039,1659,198940,246539,36,200599,1102.1923076923076,0.008270230659175768,0.9787610619469026,0.5534245160826885,0.016401870544850563,0.5550367418499287,0.008951742831265829,validation,raw
0.04,1659,197166,248313,36,198825,1092.4450549450548,0.008344021124104112,0.9787610619469026,0.5574067464459604,0.016546977857570318,0.5590038776851963,0.009098510304454915,validation,raw
0.041,1659,195478,250001,36,197137,1083.1703296703297,0.008415467416060913,0.9787610619469026,0.5611959261828279,0.016687454735656235,0.5627786946468265,0.009240594208266423,validation,raw
0.042,1659,193872,251607,36,195531,1074.3461538461538,0.00848458812157663,0.9787610619469026,0.5648010343921935,0.016823339721943355,0.5663701377987093,0.009378033541798196,validation,raw
0.043,1659,192321,253158,36,193980,1065.8241758241759,0.008552428085369625,0.9787610619469026,0.5682826799916494,0.016956688386354925,0.5698385863221028,0.009512907399542265,validation,raw
0.044,1659,190833,254646,36,192492,1057.6483516483515,0.008618539991272364,0.9787610619469026,0.5716229047833905,0.017086622688439492,0.573166150089227,0.009644327707715871,validation,raw
0.045,1659,189359,256120,36,191018,1049.5494505494505,0.008685045388392716,0.9787610619469026,0.5749317027289726,0.017217312791560503,0.5764624061327358,0.009776512326289228,validation,raw
0.046,1659,187965,257514,36,189624,1041.89010989011,0.008748892545247437,0.9787610619469026,0.5780609186965042,0.017342762611136372,0.5795797608984422,0.009903396608885827,validation,raw
0.047,1658,186597,258882,37,188255,1034.368131868132,0.008807202995936363,0.9781710914454277,0.5811317705211694,0.01745722558568044,0.5826367364828904,0.01001920898165933,validation,raw
0.048,1658,185220,260259,37,186878,1026.8021978021977,0.008872098374340479,0.9781710914454277,0.5842228253183652,0.017584701945665603,0.5857160747270638,0.010148143026482063,validation,raw
0.049,1658,183942,261537,37,185600,1019.7802197802198,0.008933189655172414,0.9781710914454277,0.5870916474177234,0.017704690461571318,0.5885740226399567,0.010269503486900726,validation,raw
0.05,1657,182733,262746,38,184390,1013.1318681318681,0.008986387548131677,0.9775811209439528,0.589805580061013,0.01780906574952307,0.5912754319347726,0.010375113633902571,validation,raw
0.051,1656,181511,263968,39,183167,1006.4120879120879,0.009040929861820087,0.9769911504424779,0.5925486947757358,0.017916067120338414,0.5940059126872314,0.010483380338961106,validation,raw
0.052,1655,180313,265166,40,181968,999.8241758241758,0.0090950057152906,0.976401179941003,0.5952379348970434,0.018022138372998372,0.5966827230563494,0.010590706737994547,validation,raw
0.053,1655,179142,266337,40,180797,993.3901098901099,0.009153912952095444,0.976401179941003,0.597866566100759,0.018137781382197578,0.5993013905101817,0.010707672402500387,validation,raw
0.054,1655,177971,267508,40,179626,986.9560439560439,0.00921358823332925,0.976401179941003,0.6004951973044745,0.018254918073471908,0.601920057964014,0.01082614872504663,validation,raw
0.055,1655,176852,268627,40,178507,980.8076923076923,0.009271345101312554,0.976401179941003,0.6030071002224572,0.01836827560182462,0.6044224395872747,0.010940802560986248,validation,raw
0.056,1654,175795,269684,41,177449,974.9945054945055,0.009320988002186543,0.975811209439528,0.6053798271074506,0.018465591926048318,0.6067839364542661,0.011039274857643874,validation,raw
0.057,1653,174758,270721,42,176411,969.2912087912088,0.009370163992041313,0.9752212389380531,0.6077076584979314,0.018561979944527417,0.6091007080018069,0.011136808654540501,validation,raw
0.058,1653,173734,271745,42,175387,963.6648351648352,0.0094248718548125,0.9752212389380531,0.6100063078169791,0.01866931703956359,0.6113906443576773,0.011245373444560666,validation,raw
0.059,1653,172721,272758,42,174374,958.0989010989011,0.00947962425590971,0.9752212389380531,0.6122802646140446,0.018776729577608776,0.61365598178785,0.011354014449121557,validation,raw
0.06,1653,171690,273789,42,173343,952.434065934066,0.009536006645783216,0.9752212389380531,0.6145946273561717,0.01888732732320982,0.615961572005528,0.011465876994635218,validation,raw
0.061,1653,170729,274750,42,172382,947.1538461538462,0.00958916824262394,0.9752212389380531,0.6167518558675044,0.018991595673179113,0.6181106236051291,0.011571337672574164,validation,raw
0.062,1652,169826,275653,43,171478,942.1868131868132,0.009633888895368502,0.9746312684365782,0.6187788874447505,0.019079186709244512,0.6201277355123509,0.011659974963005458,validation,raw
0.063,1651,168849,276630,44,170500,936.8131868131868,0.009683284457478005,0.9740412979351032,0.6209720323516933,0.01917593426057667,0.6223103311015399,0.011757873896388422,validation,raw
0.064,1651,167965,277514,44,169616,931.9560439560439,0.009733751532874257,0.9740412979351032,0.6229564132091524,0.019274886025999496,0.6242871902212561,0.011857957424218088,validation,raw
0.065,1650,167107,278372,45,168757,927.2362637362637,0.009777372197894013,0.9734513274336283,0.624882429923745,0.019360289113650765,0.6262036701597141,0.011944382705224155,validation,raw
0.066,1650,166252,279227,45,167902,922.5384615384615,0.009827161082059773,0.9734513274336283,0.6268017123141607,0.019457891354210277,0.628115677566227,0.012043101355366289,validation,raw
0.067,1650,165343,280136,45,166993,917.5439560439561,0.009880653680094375,0.9734513274336283,0.6288422125397606,0.019562743052262164,0.6301484433352565,0.012149152300672447,validation,raw
0.068,1649,164493,280986,46,166142,912.8681318681319,0.009925244670221859,0.9728613569321534,0.6307502710565481,0.019650017576577274,0.6320470331459342,0.012237471144849865,validation,raw
0.069,1649,163674,281805,46,165323,908.3681318681319,0.00997441372343836,0.9728613569321534,0.6325887415568411,0.01974637464225413,0.6338785349774361,0.012334930378115857,validation,raw
0.07,1649,162885,282594,46,164534,904.032967032967,0.010022244642444722,0.9728613569321534,0.634359868815365,0.019840100102870135,0.635642948829762,0.012429727834315427,validation,raw
0.071,1649,162055,283424,46,163704,899.4725274725274,0.010073058691296486,0.9728613569321534,0.63622303183764,0.019939661062037862,0.6374990495869617,0.012530427456834489,validation,raw
0.072,1648,161271,284208,47,162919,895.1593406593406,0.010115456146919635,0.9722713864306785,0.6379829352225358,0.020022598320920456,0.6392500458434525,0.0126143602899924,validation,raw
0.073,1648,160535,284944,47,162183,891.1153846153846,0.010161360931786932,0.9722713864306785,0.6396350894206012,0.020112522730323778,0.6408959375992344,0.012705313231261204,validation,raw
0.074,1648,159766,285713,47,161414,886.8901098901099,0.01020977114748411,0.9722713864306785,0.6413613211846125,0.0202073460078843,0.6426156261321097,0.01280122100305933,validation,raw
0.075,1647,159039,286440,48,160686,882.8901098901099,0.010249803965497928,0.9716814159292035,0.6429932724101473,0.02028562454967022,0.6442391552281662,0.012880442520413652,validation,raw
0.076,1647,158324,287155,48,159971,878.9615384615385,0.010295616080414575,0.9716814159292035,0.6445982863389744,0.020375341753986614,0.6458380853985249,0.01297118590599393,validation,raw
0.077,1645,157561,287918,50,159206,874.7582417582418,0.010332525156087083,0.9705014749262537,0.646311049454632,0.020447355827496416,0.64753988380362,0.013044120062660414,validation,raw
0.078,1643,156894,288585,52,158537,871.0824175824176,0.010363511356970298,0.9693215339233038,0.6478083141966288,0.02050776374257327,0.6490270006753524,0.013105316079070398,validation,raw
0.079,1643,156202,289277,52,157845,867.2802197802198,0.010408945484494283,0.9693215339233038,0.6493616983067664,0.020596715557227026,0.6505744967283429,0.013195285985878023,validation,raw
0.08,1642,155482,289997,53,157124,863.3186813186813,0.010450344950484967,0.9687315634218289,0.6509779361092217,0.020677626732317923,0.6521823719625918,0.013277172127048587,validation,raw
0.081,1641,154786,290693,54,156427,859.489010989011,0.010490516343086552,0.968141592920354,0.652540299318262,0.020756125017391634,0.6537365768134998,0.013356618137052034,validation,raw
0.082,1638,154106,291373,57,155744,855.7362637362637,0.010517259091843024,0.9663716814159292,0.6540667461316919,0.02080805899427715,0.6552505288769025,0.0134092949864224,validation,raw
0.083,1637,153518,291961,58,155155,852.5,0.010550739582997648,0.9657817109144543,0.6553866736703639,0.02087344596748486,0.6565632170027774,0.013475480663930296,validation,raw
0.084,1636,152886,292593,59,154522,849.021978021978,0.010587489160119595,0.9651917404129794,0.6568053712969635,0.020945223631230917,0.6579743008314437,0.01354813059185647,validation,raw
0.085,1635,152244,293235,60,153879,845.489010989011,0.010625231513071959,0.9646017699115044,0.6582465166708195,0.021018936326121333,0.6594077473198352,0.013622738081978543,validation,raw
0.086,1635,151614,293865,60,153249,842.0274725274726,0.010668911379519605,0.9646017699115044,0.6596607247479679,0.0211043990086741,0.660816594882529,0.01370918016487374,validation,raw
0.087,1634,151016,294463,61,152650,838.7362637362637,0.010704225352112675,0.9640117994100295,0.6610031000338961,0.021173345427451487,0.6621516456681292,0.013778967262425026,validation,raw
0.088,1633,150406,295073,62,152039,835.3791208791209,0.010740665224054355,0.9634218289085545,0.6623724126165319,0.021244487231191538,0.6635135316453997,0.013850975257469587,validation,raw
0.089,1633,149821,295658,62,151454,832.1648351648352,0.010782151676416602,0.9634218289085545,0.6636856058310269,0.021325637124630262,0.6648217472393296,0.013933055361122696,validation,raw
0.09,1633,149232,296247,62,150865,828.9285714285714,0.01082424684320419,0.9634218289085545,0.6650077781444244,0.021407970634504458,0.6661389078971497,0.014016332594876977,validation,raw
0.091,1633,148684,296795,62,150317,825.9175824175824,0.0108637080303625,0.9634218289085545,0.6662379146940709,0.02148514590953346,0.6673643816500959,0.014094392419663,validation,raw
0.092,1632,148108,297371,63,149740,822.7472527472528,0.01089889141178042,0.9628318584070796,0.6675309049360352,0.021553801961237493,0.6686502345843005,0.014163886949577972,validation,raw
0.093,1631,147556,297923,64,149187,819.7087912087912,0.01093258796007695,0.9622418879056047,0.6687700205845842,0.02161954374942008,0.6698824171351644,0.014230434151525632,validation,raw
0.094,1631,146961,298518,64,148592,816.4395604395604,0.010976364811026165,0.9622418879056047,0.6701056615463356,0.021705137503576492,0.6712129953888195,0.014317009197287067,validation,raw
0.095,1630,146424,299055,65,148054,813.4835164835165,0.011009496535048024,0.9616519174041298,0.6713111055740001,0.021769761400743912,0.6724116339500955,0.014382426183398482,validation,raw
0.096,1630,145922,299557,65,147552,810.7252747252747,0.011046952938625027,0.9616519174041298,0.6724379824862676,0.02184298511862885,0.6735342394683054,0.014456489463416067,validation,raw
0.097,1629,145385,300094,66,147014,807.7692307692307,0.011080577359979322,0.9610619469026549,0.6736434265139322,0.021908559670228433,0.6747328780295814,0.014522868473295989,validation,raw
0.098,1628,144876,300603,67,146504,804.967032967033,0.011112324578168515,0.96047197640118,0.6747860168492791,0.0219704586400718,0.6758689011436264,0.0145855300841383,validation,raw
0.099,1626,144316,301163,69,145942,801.8791208791209,0.011141412341889244,0.95929203539823,0.6760430906956333,0.022026998652099408,0.677116737556298,0.014642824699369617,validation,raw
0.1,1625,143795,301684,70,145420,799.010989010989,0.011174528950625774,0.9587020648967551,0.6772126183276878,0.022091561023688953,0.6782795958620135,0.014708181127747803,validation,raw
0.11,1620,139036,306443,75,140656,772.8351648351648,0.011517461039699693,0.9557522123893806,0.6878955012469724,0.022760640950889,0.6889108042954197,0.015385212606458924,validation,raw
0.12,1610,134653,310826,85,136263,748.6978021978022,0.01181538642184599,0.9498525073746312,0.6977343488694192,0.023340436944577336,0.6986899953932921,0.015972234273846468,validation,raw
0.13,1599,130661,314818,96,132260,726.7032967032967,0.012089823075759867,0.9433628318584071,0.7066954895741437,0.023873688925385387,0.7075925702299328,0.016512267334848115,validation,raw
0.14,1591,126825,318654,104,128416,705.5824175824176,0.012389421878893596,0.9386430678466077,0.7153064454216697,0.024456041380052418,0.7161529963727766,0.017101818142397238,validation,raw
0.15,1585,123394,322085,110,124979,686.6978021978022,0.012682130597940454,0.9351032448377581,0.7230082675053146,0.02502486698138529,0.7238122073286909,0.017677583965217968,validation,raw
0.16,1575,120196,325283,120,121771,669.0714285714286,0.01293411403371903,0.9292035398230089,0.730187057077887,0.025513096722984463,0.7309414232491156,0.01817210022464506,validation,raw
0.17,1568,117062,328417,127,118630,651.8131868131868,0.013217567225828205,0.9250737463126844,0.737222181068019,0.026062746727612714,0.7379342269452159,0.01872857684834423,validation,raw
0.18,1565,114107,331372,130,115672,635.5604395604396,0.01352963552112871,0.9233038348082596,0.7438554903822627,0.02666848432694028,0.7445356840961237,0.019341535200845594,validation,raw
0.19,1558,111364,334115,137,112922,620.4505494505495,0.013797134305095552,0.9191740412979351,0.7500129074546724,0.027186194020084282,0.750654107796965,0.019865736076577597,validation,raw
0.2,1551,108652,336827,144,110203,605.510989010989,0.014074027022857817,0.9150442477876106,0.7561007365105875,0.027721675096963303,0.7567032072526578,0.020407935302053506,validation,raw
0.21,1546,106112,339367,149,107658,591.5274725274726,0.01436028906351595,0.912094395280236,0.7618024643136938,0.028275401680795224,0.7623721414930206,0.020968463370218498,validation,raw
0.22,1539,103604,341875,156,105143,577.7087912087912,0.014637208373358189,0.9079646017699115,0.7674323593255798,0.028809973979295758,0.7679650426903174,0.021509782410642025,validation,raw
0.23,1532,101207,344272,163,102739,564.5,0.014911572041775761,0.9038348082595871,0.7728130843429207,0.029339104123178278,0.7733097183646634,0.022045617806043267,validation,raw
0.24,1527,98775,346704,168,100302,551.1098901098901,0.015224023449183466,0.9008849557522124,0.7782723764756588,0.02994205711932704,0.778737135879993,0.02265599614746165,validation,raw
0.25,1516,96532,348947,179,98048,538.7252747252747,0.01546181462140992,0.8943952802359882,0.7833074061852523,0.030398123176563766,0.7837284815306793,0.023118289699719453,validation,raw
0.26,1509,94132,351347,186,95641,525.5,0.01577775221923652,0.8902654867256637,0.78869486552677,0.031005999835620943,0.7890798660029429,0.023733863836563306,validation,raw
0.27,1499,91932,353547,196,93431,513.3571428571429,0.016043925463711188,0.8843657817109144,0.7936333699231614,0.0315160944431596,0.793977288482783,0.02425080169017815,validation,raw
0.28,1493,89707,355772,202,91200,501.0989010989011,0.01637061403508772,0.8808259587020649,0.7986279936876934,0.0321438182894666,0.7989395626758264,0.02488642168872018,validation,raw
0.29,1484,87538,357941,211,89022,489.13186813186815,0.016670036620161307,0.8755162241887906,0.8034969100675902,0.03271713129843359,0.8037698971764906,0.025467294339532678,validation,raw
0.3,1479,85458,360021,216,86937,477.6758241758242,0.017012319265675143,0.8725663716814159,0.8081660414969056,0.033373950717573785,0.8084101490694897,0.02613230601410458,validation,raw
0.31,1470,83380,362099,225,84850,466.2087912087912,0.017324690630524456,0.8672566371681416,0.8128306833767697,0.033970766653186206,0.8130369833666536,0.026737021206156383,validation,raw
0.32,1457,81293,364186,238,82750,454.6703296703297,0.017607250755287008,0.8595870206489675,0.8175155282291645,0.034507667712712416,0.8176749989936803,0.02728156110283766,validation,raw
0.33,1448,79276,366203,247,80724,443.53846153846155,0.01793766413953719,0.8542772861356932,0.8220432388507651,0.035137528967835084,0.82216542106652,0.02791979976686902,validation,raw
0.34,1438,77195,368284,257,78633,432.04945054945057,0.018287487441659353,0.848377581120944,0.8267146150548061,0.03580320685190718,0.826796727895629,0.028594429129251704,validation,raw
0.35,1426,75237,370242,269,76663,421.22527472527474,0.01860088960776385,0.8412979351032448,0.8311098839675944,0.03639704943975089,0.8311485014781718,0.02919664501883469,validation,raw
0.36,1418,73358,372121,277,74776,410.85714285714283,0.018963303733818337,0.8365781710914454,0.8353278156770577,0.037085954152554564,0.8353325551127749,0.029894652398074404,validation,raw
0.37,1410,71503,373976,285,72913,400.6208791208791,0.019338115288083057,0.831858407079646,0.8394918727931059,0.03779755522196011,0.8394629383640373,0.030615665697661443,validation,raw
0.38,1403,69640,375839,292,71043,390.34615384615387,0.019748602958771448,0.8277286135693215,0.843673888106959,0.03857680992053672,0.8436134480090524,0.031405057514862715,validation,raw
0.39,1390,67768,377711,305,69158,379.989010989011,0.020098903959050292,0.8200589970501475,0.8478761063933429,0.039236165017712724,0.8477706664519852,0.032073914130484,validation,raw
0.4,1380,65931,379548,315,67311,369.84065934065933,0.020501849623389936,0.8141592920353983,0.8519997575643297,0.03999652204156161,0.8518563243837969,0.03284466915413031,validation,raw
0.41,1371,64156,381323,324,65527,360.03846153846155,0.02092267309658614,0.8088495575221238,0.8559842327023272,0.040790217488322275,0.8558055700912843,0.033649088625733674,validation,raw
0.42,1359,62366,383113,336,63725,350.1373626373626,0.021326010200078464,0.8017699115044248,0.8600023794612092,0.04154692754509324,0.8597816509904422,0.03441655420724221,validation,raw
0.43,1346,60539,384940,349,61885,340.0274725274725,0.021750020198755757,0.7941002949852507,0.8641035828849396,0.042340358603334384,0.8638382374646111,0.03522141288713536,validation,raw
0.44,1329,58792,386687,366,60121,330.33516483516485,0.022105420734851382,0.784070796460177,0.8680252043306194,0.04299857642034425,0.8677069775970875,0.03589012530380881,validation,raw
0.45,1312,57101,388378,383,58413,320.95054945054943,0.022460753599370005,0.7740412979351032,0.8718211183916638,0.043654754774738805,0.8714504868351022,0.03655691071857719,validation,raw
0.46,1298,55408,390071,397,56706,311.57142857142856,0.022889994004161817,0.7657817109144542,0.8756215220021595,0.04445129364223215,0.8752051774029797,0.03736542100971136,validation,raw
0.47,1287,53708,391771,408,54995,302.1703296703297,0.023402127466133286,0.7592920353982301,0.8794376390357346,0.04540483330393368,0.8789822306305822,0.03833246518158225,validation,raw
0.48,1280,51978,393501,415,53258,292.6263736263736,0.024033947951481466,0.7551622418879056,0.8833210993110786,0.04658526377085873,0.8828353169012509,0.03952857359843541,validation,raw
0.49,1269,50282,395197,426,51551,283.24725274725273,0.024616399293903125,0.7486725663716814,0.8871282372457512,0.04766555234195996,0.8866034250649635,0.040624102931643084,validation,raw
0.5,1253,48556,396923,442,49809,273.6758241758242,0.02515609628781947,0.7392330383480826,0.8910027184221927,0.04865641503572538,0.8904274398779893,0.041630172298066356,validation,raw
0.51,1244,46869,398610,451,48113,264.35714285714283,0.025855797809323882,0.7339233038348083,0.8947896533843346,0.04995181496948281,0.8941798941798942,0.0429433300675134,validation,raw
0.52,1233,45179,400300,462,46412,255.01098901098902,0.02656640524002413,0.727433628318584,0.8985833226706534,0.05126073128650716,0.8979345847477715,0.04427068470281338,validation,raw
0.53,1222,43547,401932,473,44769,245.9835164835165,0.02729567334539525,0.7209439528023599,0.9022467950228855,0.05259986225895316,0.9015595718892422,0.04562876254340778,validation,raw
0.54,1202,41955,403524,493,43157,237.12637362637363,0.02785179692749728,0.7091445427728613,0.9058204763860923,0.05359850173905289,0.9050749819980589,0.04664429564209521,validation,raw
0.55,1191,40422,405057,504,41613,228.64285714285714,0.028620863672410065,0.7026548672566372,0.9092617160404868,0.05500138542532558,0.9084785788082491,0.048067282147595335,validation,raw
0.56,1177,38879,406600,518,40056,220.0879120879121,0.02938386259237068,0.6943952802359882,0.9127254034421376,0.05638188306866901,0.9118978294802471,0.04946850413451305,validation,raw
0.57,1162,37349,408130,533,38511,211.5989010989011,0.03017319726831295,0.6855457227138643,0.9161599087723552,0.0578023180619808,0.9152857724286295,0.050910652717548424,validation,raw
0.58,1142,35853,409626,553,36995,203.26923076923077,0.03086903635626436,0.6737463126843658,0.9195180917619012,0.05903334194882398,0.9185865010040835,0.05216263730206994,validation,raw
0.59,1120,34449,411030,575,35569,195.43406593406593,0.03148809356462088,0.6607669616519174,0.9226697554766892,0.06011163589523401,0.9216770205781195,0.053260925002460144,validation,raw
0.6,1109,33025,412454,586,34134,187.54945054945054,0.03248959981250366,0.6542772861356932,0.9258663146859897,0.06190516062407547,0.924836864397304,0.05508066774020516,validation,raw
0.61,1099,31636,413843,596,32735,179.86263736263737,0.03357262868489384,0.6483775811209439,0.9289843067798931,0.0638396747022945,0.9279206751734225,0.057043096462779344,validation,raw
0.62,1087,30284,415195,608,31371,172.36813186813185,0.034649835835644384,0.6412979351032448,0.9320192422089482,0.06574729329220347,0.9309172715766122,0.05897915696404268,validation,raw
0.63,1061,28898,416581,634,29959,164.6098901098901,0.03541506725858674,0.6259587020648968,0.9351304999786746,0.06703734125229038,0.9339585932992527,0.06029495814701846,validation,raw
0.64,1039,27671,417808,656,28710,157.74725274725276,0.036189481017067225,0.6129793510324484,0.9378848385670256,0.06834402236474264,0.9366532937961509,0.061626843479248274,validation,raw
0.65,1026,26406,419073,669,27432,150.72527472527472,0.03740157480314961,0.6053097345132743,0.9407244785949506,0.07045009784735812,0.9394530987937582,0.06376558951098074,validation,raw
0.66,999,25114,420365,696,26113,143.47802197802199,0.038256806954390536,0.5893805309734513,0.9436247275404677,0.07184982738780207,0.9422819752490083,0.06519508643939137,validation,raw
0.67,984,23917,421562,711,24901,136.8186813186813,0.03951648528171559,0.5805309734513274,0.9463117228870497,0.07399608963753948,0.9449252416285383,0.06737651681239458,validation,raw
0.68,959,22707,422772,736,23666,130.03296703296704,0.04052226823290797,0.5657817109144543,0.9490279003050649,0.07562793265249793,0.947575216805986,0.0690420848721168,validation,raw
0.69,926,21471,424008,769,22397,123.06043956043956,0.0413448229673617,0.5463126843657817,0.9518024418659465,0.07687199070230782,0.9502654447709393,0.07031999445500736,validation,raw
0.7,915,20370,425109,780,21285,116.95054945054945,0.04298801973220578,0.5398230088495575,0.9542739388388678,0.07963446475195822,0.9527029746809966,0.0731261671214902,validation,raw
0.71,887,19294,426185,808,20181,110.88461538461539,0.043952232297705764,0.5233038348082596,0.9566893164436483,0.08109343572865241,0.9550465814202078,0.07462175315509308,validation,raw
0.72,868,18176,427303,827,19044,104.63736263736264,0.04557865994538962,0.512094395280236,0.9591989745869053,0.08370702541106127,0.9575042377240179,0.07728367344053745,validation,raw
0.73,847,17097,428382,848,17944,98.5934065934066,0.04720240748996879,0.49970501474926254,0.9616210865158628,0.08625693772595344,0.9598702071229543,0.07988361650354237,validation,raw
0.74,822,16055,429424,873,16877,92.73076923076923,0.04870533862653315,0.4849557522123894,0.9639601417799717,0.08852035321990094,0.962144489617017,0.08219756061332148,validation,raw
0.75,800,15039,430440,895,15839,87.02747252747253,0.050508239156512404,0.471976401179941,0.9662408329012142,0.09125128322117029,0.9643673379937117,0.08498517282665363,validation,raw
0.76,778,14099,431380,917,14877,81.74175824175825,0.052295489682059555,0.45899705014749265,0.9683509211433087,0.09389331402365435,0.9664202301564939,0.0876845000828972,validation,raw
0.77,757,13142,432337,938,13899,76.36813186813187,0.05446434995323404,0.44660766961651915,0.9704991705557389,0.09708862382967806,0.9685133751067817,0.09094621444295316,validation,raw
0.78,724,12251,433228,971,12975,71.29120879120879,0.05579961464354528,0.4271386430678466,0.9724992648362774,0.09870483980913428,0.9704320913112122,0.09262083978625744,validation,raw
0.79,692,11369,434110,1003,12061,66.26923076923077,0.057375010363983084,0.40825958702064896,0.9744791561442852,0.10061064262867112,0.9723329173878624,0.09459255697827477,validation,raw
0.8,669,10539,434940,1026,11208,61.582417582417584,0.05968950749464668,0.39469026548672564,0.97634231916656,0.10369681469425715,0.9741375840276939,0.09775546879807807,validation,raw
0.81,645,9687,435792,1050,10332,56.76923076923077,0.0624274099883856,0.3805309734513274,0.9782548672327989,0.10725866799700673,0.9759892122529485,0.10140654437644513,validation,raw
0.82,615,8897,436582,1080,9512,52.26373626373626,0.06465517241379311,0.36283185840707965,0.9800282392660484,0.10975283305077184,0.9776887743920711,0.10398756291425118,validation,raw
0.83,587,8096,437383,1108,8683,47.70879120879121,0.06760336289300933,0.3463126843657817,0.98182630382128,0.1131239159761033,0.9794174079888366,0.1074627532671595,validation,raw
0.84,554,7309,438170,1141,7863,43.2032967032967,0.0704565687396668,0.32684365781710917,0.9835929415303527,0.11592383343795773,0.981103552532124,0.11037564674567296,validation,raw
0.85,530,6584,438895,1165,7114,39.08791208791209,0.07450098397526005,0.31268436578171094,0.9852204032064362,0.12033147916903165,0.9826711749788672,0.11491276200228952,validation,raw
0.86,503,5866,439613,1192,6369,34.994505494505496,0.07897629141152457,0.2967551622418879,0.9868321514594403,0.12475198412698411,0.9842164347658853,0.11947988991176961,validation,raw
0.87,469,5202,440277,1226,5671,31.15934065934066,0.08270146358666902,0.2766961651917404,0.9883226818772602,0.12734184089057834,0.985625282328579,0.12221868681084704,validation,raw
0.88,433,4565,440914,1262,4998,27.46153846153846,0.08663465386154462,0.25545722713864305,0.989752603377488,0.12938891379052742,0.9869692781780693,0.12443226290780389,validation,raw
0.89,403,3951,441528,1292,4354,23.923076923076923,0.09255856683509417,0.2377581120943953,0.9911308950590264,0.13324516448999835,0.9882752575060267,0.1284896165979966,validation,raw
0.9,364,3378,442101,1331,3742,20.560439560439562,0.09727418492784608,0.21474926253687315,0.9924171509768137,0.1338973698730918,0.9894694235353576,0.12935472431957565,validation,raw
0.905,346,3129,442350,1349,3475,19.093406593406595,0.09956834532374101,0.20412979351032448,0.9929760998834962,0.13384912959381046,0.989986000975012,0.12941304750936064,validation,raw
0.91,323,2894,442585,1372,3217,17.675824175824175,0.10040410320174076,0.1905604719764012,0.9935036219440198,0.13151465798045603,0.9904600893611882,0.12718114626124957,validation,raw
0.915,304,2627,442852,1391,2931,16.104395604395606,0.10371886728079154,0.17935103244837758,0.9941029767957636,0.1314310419368785,0.9910146833223756,0.12723897035624773,validation,raw
0.92,284,2367,443112,1411,2651,14.565934065934066,0.1071293851376839,0.16755162241887905,0.994686618224428,0.13069489185457892,0.9915513871557827,0.12665631507658193,validation,raw
0.925,261,2113,443366,1434,2374,13.043956043956044,0.10994102780117944,0.15398230088495576,0.9952567910047387,0.12828704841484392,0.9920679645954371,0.12441433982471947,validation,raw
0.93,242,1865,443614,1453,2107,11.576923076923077,0.11485524442335074,0.14277286135693215,0.9958134951366956,0.12730142030510258,0.9925800695031465,0.12361955194600527,validation,raw
0.935,224,1653,443826,1471,1877,10.313186813186814,0.11933937133724028,0.13215339233038348,0.9962893873785297,0.12541993281075028,0.9930139051018172,0.12192201933372182,validation,raw
0.94,200,1430,444049,1495,1630,8.956043956043956,0.12269938650306748,0.11799410029498525,0.9967899721423457,0.12030075187969924,0.9934589220303506,0.1170192675443129,validation,raw
0.945,179,1195,444284,1516,1374,7.549450549450549,0.13027656477438138,0.1056047197640118,0.9973174942028693,0.11665037471489084,0.993937482948472,0.11364206785769713,validation,raw
0.95,162,972,444507,1533,1134,6.230769230769231,0.14285714285714285,0.09557522123893805,0.9978180789666853,0.11452810180275716,0.9943981537388131,0.11182912103178794,validation,raw
0.955,131,782,444697,1564,913,5.016483516483516,0.14348302300109528,0.07728613569321534,0.9982445861645555,0.10046012269938649,0.9947537200284453,0.09806647144353825,validation,raw
0.96,102,577,444902,1593,679,3.730769230769231,0.15022091310751104,0.06017699115044248,0.9987047649833101,0.08593091828138164,0.9951473028396105,0.08394466823569462,validation,raw
0.965,85,390,445089,1610,475,2.60989010989011,0.17894736842105263,0.05014749262536873,0.9991245378570034,0.07834101382488479,0.9955274680549406,0.07680904979579552,validation,raw
0.97,57,254,445225,1638,311,1.7087912087912087,0.1832797427652733,0.033628318584070796,0.9994298272196893,0.056829511465603194,0.9957689847799738,0.05571968890612414,validation,raw
0.975,35,135,445344,1660,170,0.9340659340659341,0.20588235294117646,0.02064896755162242,0.9996969554120396,0.03753351206434316,0.9959859025793092,0.03686796454742817,validation,raw
0.98,18,53,445426,1677,71,0.3901098901098901,0.2535211267605634,0.010619469026548672,0.9998810269395415,0.020385050962627407,0.9961312598675236,0.02008638990900832,validation,raw
0.985,3,7,445472,1692,10,0.054945054945054944,0.3,0.0017699115044247787,0.9999842865769206,0.003519061583577712,0.996200584112672,0.003474753080658876,validation,raw
0.99,1,1,445478,1694,2,0.01098901098901099,0.5,5.899705014749262e-4,0.9999977552252743,0.0011785503830288745,0.9962095291765621,0.0011696263113935151,validation,raw
0.991,1,1,445478,1694,2,0.01098901098901099,0.5,5.899705014749262e-4,0.9999977552252743,0.0011785503830288745,0.9962095291765621,0.0011696263113935151,validation,raw
0.992,1,0,445479,1694,1,0.005494505494505495,1,5.899705014749262e-4,1,0.0011792452830188679,0.9962117654425346,0.001174780639332723,validation,raw
0.993,0,0,445479,1695,0,0,NA,0,1,NA,0.9962095291765621,0,validation,raw
0.994,0,0,445479,1695,0,0,NA,0,1,NA,0.9962095291765621,0,validation,raw
0.995,0,0,445479,1695,0,0,NA,0,1,NA,0.9962095291765621,0,validation,raw
0.996,0,0,445479,1695,0,0,NA,0,1,NA,0.9962095291765621,0,validation,raw
0.997,0,0,445479,1695,0,0,NA,0,1,NA,0.9962095291765621,0,validation,raw
0.998,0,0,445479,1695,0,0,NA,0,1,NA,0.9962095291765621,0,validation,raw
0.999,0,0,445479,1695,0,0,NA,0,1,NA,0.9962095291765621,0,validation,raw
1e-4,5246,1320823,711,0,1326069,2455.6833333333334,0.003956053568856523,1,5.380111294904256e-4,0.007880929757420295,0.004489817452780416,4.2567926376494065e-6,test,raw
2e-4,5246,1315897,5637,0,1321143,2446.561111111111,0.0039708040689009445,1,0.004265497520305948,0.00791019829024517,0.008202565609973017,3.3874336073995e-5,test,raw
3e-4,5246,1307089,14445,0,1312335,2430.25,0.00399745491814209,1,0.010930479276356113,0.007963077791801795,0.0148411944708241,8.738437810024663e-5,test,raw
4e-4,5246,1296386,25148,0,1301632,2410.4296296296297,0.004030325007375357,1,0.019029400681329425,0.00802829338316201,0.02290809327846365,1.5337757564019077e-4,test,raw
5e-4,5246,1285373,36161,0,1290619,2390.035185185185,0.00406471623306336,1,0.0273628979655461,0.00809652240009569,0.03120864046789973,2.2242009298841536e-4,test,raw
6e-4,5246,1274637,46897,0,1279883,2370.1537037037037,0.00409881215704873,1,0.03548679035121306,0.008164160951935565,0.03930041152263374,2.908650680156142e-4,test,raw
7e-4,5246,1264381,57153,0,1269627,2351.161111111111,0.004131922210223947,1,0.043247468472245136,0.00822983936439159,0.04703040443781185,3.5732649851149206e-4,test,raw
8e-4,5246,1254674,66860,0,1259920,2333.185185185185,0.004163756428979618,1,0.05059272027810106,0.008292982897105993,0.05434661360587287,4.212227956250661e-4,test,raw
9e-4,5246,1245555,75979,0,1250801,2316.2981481481484,0.004194112412765899,1,0.05749303460977924,0.00835319060512863,0.06121964455297789,4.821482387192233e-4,test,raw
0.001,5246,1236915,84619,0,1242161,2300.2981481481484,0.004223285065301519,1,0.0640308913732072,0.008411047877717537,0.0677316510649844,5.406951993306083e-4,test,raw
0.0011,5246,1228692,92842,0,1233938,2285.0703703703703,0.004251429164188152,1,0.07025320574423359,0.008466862064067967,0.0739293628182517,5.971746934935601e-4,test,raw
0.0012,5246,1220644,100890,0,1225890,2270.1666666666665,0.004279339908148366,1,0.07634309824794519,0.00852221038130637,0.07999517629147258,6.531827405494839e-4,test,raw
0.0013,5246,1213062,108472,0,1218308,2256.125925925926,0.004305971888881957,1,0.08208037023640709,0.0085750199827715,0.08570976348754127,7.066217883203457e-4,test,raw
0.0014,5246,1205659,115875,0,1210905,2242.4166666666665,0.00433229691842052,1,0.08768219357201555,0.008627218166165221,0.09128943758573388,7.594421083227464e-4,test,raw
0.0015,5246,1198500,123034,0,1203746,2229.159259259259,0.004358062249012666,1,0.09309938298976796,0.008678303909372437,0.09668520779631891,8.111367079741315e-4,test,raw
0.0016,5246,1191762,129772,0,1197008,2216.6814814814816,0.004382593934209296,1,0.09819800322958017,0.008726941228725379,0.1017636684303351,8.603536831020582e-4,test,raw
0.0017,5246,1184976,136558,0,1190222,2204.114814814815,0.004407581106717906,1,0.10333294489585587,0.008776479169664097,0.10687830687830688,9.104819937403248e-4,test,raw
0.0018,5246,1178460,143074,0,1183706,2192.0481481481484,0.004431843717950234,1,0.10826357853827447,0.008824578284068659,0.11178944512277846,9.59154311652719e-4,test,raw
0.0019,5246,1172071,149463,0,1177317,2180.2166666666667,0.004455894206912837,1,0.11309811173984173,0.0088722545860136,0.11660486290115919,0.001007398759978839,test,raw
0.002,5246,1165861,155673,0,1171107,2168.7166666666667,0.00447952236644474,1,0.11779719628855558,0.008919091463191746,0.12128536758166387,0.0010547937624744137,test,raw
0.0021,5246,1159689,161845,0,1164935,2157.287037037037,0.004503255546446798,1,0.12246752637465248,0.008966134298881968,0.12593723149278704,0.0011023971599485342,test,raw
0.0022,5245,1153741,167793,1,1158986,2146.2703703703705,0.004525507642025012,0.9998093785741518,0.12696835647058646,0.009010231637680464,0.13041951190099338,0.0011470267842113935,test,raw
0.0023,5245,1147723,173811,1,1152968,2135.125925925926,0.0045491288570021025,0.9998093785741518,0.13152215531344635,0.009057048179352004,0.1349553053256757,0.001194401191982835,test,raw
0.0024,5245,1141876,179658,1,1147121,2124.2981481481484,0.0045723162595750575,0.9998093785741518,0.13594655907453004,0.009103002776025345,0.13936221528814122,0.0012409033666198588,test,raw
0.0025,5245,1136273,185261,1,1141518,2113.9222222222224,0.004594758908751329,0.9998093785741518,0.1401863289177577,0.009147479341869817,0.14358522136299914,0.0012859098825364673,test,raw
0.0026,5245,1130851,190683,1,1136096,2103.8814814814814,0.0046166873221981245,0.9998093785741518,0.14428913671536261,0.009190934881919705,0.14767180693106619,0.0013298831914527345,test,raw
0.0027,5245,1125303,196231,1,1130548,2093.607407407407,0.004639343044258183,0.9998093785741518,0.14848728825743415,0.009235829736730428,0.15185335926076668,0.0013753129484372676,test,raw
0.0028,5245,1119905,201629,1,1125150,2083.6111111111113,0.0046616006754654936,0.9998093785741518,0.15257193534180732,0.009279933757727381,0.15592185592185592,0.0014199424333432233,test,raw
0.0029,5245,1114656,206878,1,1119901,2073.890740740741,0.004683449697785787,0.9998093785741518,0.15654383466486674,0.009323226209553063,0.15987805061879137,0.0014637506646231573,test,raw
0.003,5245,1109434,212100,1,1114679,2064.2203703703703,0.004705390520499624,0.9998093785741518,0.16049530318554045,0.009366698662856887,0.16381389529537677,0.0015077410266763757,test,raw
0.0031,5245,1104381,217153,1,1109626,2054.862962962963,0.0047268178647580355,0.9998093785741518,0.1643188900172073,0.009409151902639946,0.16762236391866023,0.0015507000181025222,test,raw
0.0032,5245,1099458,222076,1,1104703,2045.7462962962964,0.004747882462526127,0.9998093785741518,0.16804410631886882,0.009450884680287111,0.1713328509624806,0.0015929299502509954,test,raw
0.0033,5245,1094546,226988,1,1099791,2036.65,0.0047690879448913474,0.9998093785741518,0.17176099896029917,0.00949289480804715,0.17503504725726948,0.0016354405223403426,test,raw
0.0034,5245,1089611,231923,1,1094856,2027.5111111111112,0.0047905843325514955,0.9998093785741518,0.1754952956185766,0.009535479437361263,0.17875457875457876,0.0016785324251849339,test,raw
0.0035,5245,1084889,236645,1,1090134,2018.7666666666667,0.004811335120269618,0.9998093785741518,0.1790684159469223,0.009576585294600959,0.18231357120246008,0.0017201279267576612,test,raw
0.0036,5245,1080222,241312,1,1085467,2010.124074074074,0.00483202160913229,0.9998093785741518,0.1825999179741119,0.009617562090119032,0.18583110990518398,0.0017615928156859328,test,raw
0.0037,5245,1075707,245827,1,1080952,2001.762962962963,0.004852204353199772,0.9998093785741518,0.18601640215083382,0.009657539417306973,0.18923408553038182,0.001802046318104412,test,raw
0.0038,5245,1071191,250343,1,1076436,1993.4,0.004872560932558926,0.9998093785741518,0.18943364302394036,0.009697859444827593,0.1926378148600371,0.0018428465897456395,test,raw
0.0039,5245,1066790,254744,1,1072035,1985.25,0.004892564142028945,0.9998093785741518,0.19276386381281146,0.009737477965359084,0.1959548681770904,0.001882936986108015,test,raw
0.004,5245,1062427,259107,1,1067672,1977.1703703703704,0.004912557414636705,0.9998093785741518,0.19606533013906566,0.009777075228489036,0.19924328072476222,0.001923005859230813,test,raw
0.0041,5245,1058053,263481,1,1063298,1969.0703703703705,0.004932765790963587,0.9998093785741518,0.19937512012555106,0.009817096909439386,0.2025399840214655,0.001963504192208054,test,raw
0.0042,5245,1053757,267777,1,1059002,1961.1148148148147,0.004952776293151477,0.9998093785741518,0.2026258877940333,0.009856725124219168,0.20577789837049096,0.002003604360162177,test,raw
0.0043,5245,1049656,271878,1,1054901,1953.5203703703703,0.004972030550734145,0.9998093785741518,0.2057290996675076,0.00989485420418112,0.20886884035032183,0.002042187527357779,test,raw
0.0044,5245,1045528,276006,1,1050773,1945.875925925926,0.0049915633538357,0.9998093785741518,0.20885274234336762,0.00993353339286509,0.21198013235050273,0.0020813273426527465,test,raw
0.0045,5245,1041511,280023,1,1046756,1938.437037037037,0.005010718830367344,0.9998093785741518,0.21189239172053084,0.009971463932578074,0.2150077631559113,0.0021197095816697983,test,raw
0.0046,5245,1037624,283910,1,1042869,1931.2388888888888,0.005029394871263792,0.9998093785741518,0.21483367056768876,0.010008443729934214,0.21793741238185682,0.0021571297451541014,test,raw
0.0047,5245,1033734,287800,1,1038979,1924.0351851851851,0.005048225228806357,0.9998093785741518,0.21777721950400064,0.010045727692786515,0.22086932272117457,0.002194857685057134,test,raw
0.0048,5245,1029855,291679,1,1035100,1916.851851851852,0.005067143271181528,0.9998093785741518,0.22071244478008134,0.010083183863829918,0.22379294231146082,0.0022327598725128887,test,raw
0.0049,5245,1025987,295547,1,1031232,1909.6888888888889,0.005086149382486191,0.9998093785741518,0.22363934639593078,0.010120812983970717,0.2267082711527156,0.0022708370570937433,test,raw
0.005,5245,1022212,299322,1,1027457,1902.6981481481482,0.005104836504106741,0.9998093785741518,0.22649587524800724,0.010157809166817567,0.2295535054794314,0.0023082737566163373,test,raw
0.0051,5245,1018496,303038,1,1023741,1895.8166666666666,0.005123366163902784,0.9998093785741518,0.22930775901338898,0.010194492253060536,0.23235427124316013,0.0023453936205656387,test,raw
0.0052,5245,1014851,306683,1,1020096,1889.0666666666666,0.005141672940585984,0.9998093785741518,0.23206591733546014,0.010230732770139134,0.23510152399041287,0.0023820656351139363,test,raw
0.0053,5245,1011287,310247,1,1016532,1882.4666666666667,0.005159699842208607,0.9998093785741518,0.2347627832503742,0.010266417949887353,0.23778772667661557,0.00241817568985902,test,raw
0.0054,5244,1007797,313737,2,1013041,1876.0018518518518,0.005176493350219784,0.9996187571483035,0.23740365363282367,0.010299650295054339,0.24041740152851265,0.0024518115065681276,test,raw
0.0055,5244,1004365,317169,2,1009609,1869.6462962962962,0.005194089989292884,0.9996187571483035,0.2400006356249631,0.010334481280577028,0.24300411522633744,0.0024870572037658527,test,raw
0.0056,5244,1001003,320531,2,1006247,1863.4203703703704,0.0052114441086532435,0.9996187571483035,0.24254464887017663,0.010368831025029338,0.2455380696121437,0.0025218159204573347,test,raw
0.0057,5244,997598,323936,2,1002842,1857.1148148148147,0.005229138787565738,0.9996187571483035,0.24512120005993035,0.01040385363182579,0.24810443328961848,0.0025572555008722764,test,raw
0.0058,5243,994205,327329,3,999448,1850.8296296296296,0.005245895734445414,0.9994281357224553,0.2476886708930682,0.010437008681250212,0.25066099880914694,0.002590813195746509,test,raw
0.0059,5243,990896,330638,3,996139,1844.7018518518519,0.005263321685025885,0.9994281357224553,0.25019257922989496,0.010471496976687287,0.25315500685871056,0.0026257121103562455,test,raw
0.006,5243,987524,334010,3,992767,1838.4574074074073,0.005281198911728532,0.9994281357224553,0.252744159438955,0.010506877164926709,0.25569649828909086,0.0026615135267089875,test,raw
0.0061,5243,984278,337256,3,989521,1832.4462962962964,0.005298523224873449,0.9994281357224553,0.2552003959035484,0.010541161900223871,0.25814302295783775,0.002696206438279693,test,raw
0.0062,5243,981157,340377,3,986400,1826.6666666666667,0.005315287915652879,0.9994281357224553,0.2575620453200599,0.010574338019817556,0.26049533456940865,0.0027297775265126005,test,raw
0.0063,5243,978062,343472,3,983305,1820.9351851851852,0.005332018041197797,0.9994281357224553,0.2599040206305702,0.010607444633610203,0.2628280498650869,0.0027632782726089654,test,raw
0.0064,5243,974906,346628,3,980149,1815.0907407407408,0.005349186705286646,0.9994281357224553,0.2622921544205446,0.010641417908554439,0.26520674113266707,0.002797655988211753,test,raw
0.0065,5243,971695,349839,3,976938,1809.1444444444444,0.005366768413143925,0.9994281357224553,0.26472190651167504,0.010676207309424712,0.26762688614540464,0.0028328595357984565,test,raw
0.0066,5243,968638,352896,3,973881,1803.4833333333333,0.005383614630534942,0.9994281357224553,0.2670351273595685,0.010709540233289449,0.2699309606717014,0.0028665892587419507,test,raw
0.0067,5243,965523,356011,3,970766,1797.7148148148149,0.005400889606764143,0.9994281357224553,0.269392236597772,0.010743720364093884,0.27227875005652785,0.0029011762645657652,test,raw
0.0068,5243,962617,358917,3,967860,1792.3333333333333,0.005417105779761536,0.9994281357224553,0.27159119629158235,0.01077580448584224,0.274469015209756,0.0029336423021855177,test,raw
0.0069,5243,959636,361898,3,964879,1786.812962962963,0.005433841963603726,0.9994281357224553,0.27384690821424196,0.010808916376755573,0.2767158081972897,0.002967148334390835,test,raw
0.007,5242,956779,364755,4,962021,1781.5203703703703,0.005448945501189683,0.9992375142966069,0.27600878978520416,0.010838785981533539,0.27886838812764736,0.002997381699200674,test,raw
0.0071,5242,953862,367672,4,959104,1776.1185185185186,0.0054655178166288535,0.9992375142966069,0.27821607313924573,0.010871571524861305,0.281066944029907,0.0030305575071711065,test,raw
0.0072,5242,951106,370428,4,956348,1771.0148148148148,0.0054812683249193805,0.9992375142966069,0.2803015283753577,0.01090273025830028,0.2831441535145239,0.0030620871323845658,test,raw
0.0073,5242,948281,373253,4,953523,1765.7833333333333,0.005497507663685092,0.9992375142966069,0.282439195662011,0.010934855006784741,0.28527336860670194,0.003094594263206542,test,raw
0.0074,5242,945548,375986,4,950790,1760.7222222222222,0.005513309984328822,0.9992375142966069,0.2845072468812759,0.010966114246743847,0.28733324288879847,0.0031262255753196676,test,raw
0.0075,5242,942775,378759,4,948017,1755.5870370370371,0.005529436708413457,0.9992375142966069,0.28660556595592696,0.010998014189158712,0.28942326534919127,0.0031585052079037387,test,raw
0.0076,5242,940043,381491,4,945285,1750.5277777777778,0.005545417519584041,0.9992375142966069,0.2886728604788072,0.011029624494098562,0.29148238592683035,0.0031904917474905843,test,raw
0.0077,5242,937338,384196,4,942580,1745.5185185185185,0.005561331664155828,0.9992375142966069,0.2907197241993017,0.011061101932211189,0.29352115648411947,0.003222343830817964,test,raw
0.0078,5242,934733,386801,4,939975,1740.6944444444443,0.0055767440623420836,0.9992375142966069,0.29269091828133065,0.01109158598888514,0.2954845565956677,0.003253190701834176,test,raw
0.0079,5242,932136,389398,4,937378,1735.8851851851853,0.00559219439756427,0.9992375142966069,0.2946560587922823,0.01112214414230913,0.2974419270715567,0.0032841125439551427,test,raw
0.008,5242,929572,391962,4,934814,1731.137037037037,0.005607532621462665,0.9992375142966069,0.29659622832254035,0.011152479628959853,0.29937442530035124,0.0033148090617730747,test,raw
0.0081,5241,926998,394536,5,932239,1726.3685185185186,0.0056219488779165,0.9990468928707587,0.2985439648166449,0.01118097889566233,0.3013137068692624,0.0033436559795933566,test,raw
0.0082,5241,924391,397143,5,929632,1721.5407407407408,0.005637714708615882,0.9990468928707587,0.30051667229144313,0.011212158163952945,0.3032786143897255,0.0033752063295985437,test,raw
0.0083,5241,921862,399672,5,927103,1716.8574074074074,0.005653093561341081,0.9990468928707587,0.3024303574482382,0.011242571183108471,0.30518473296251075,0.00340598130335266,test,raw
0.0084,5240,919397,402137,6,924637,1712.2907407407408,0.005667088814313076,0.9988562714449104,0.30429561403641525,0.0112702350725844,0.30704186074556444,0.0034339829729806773,test,raw
0.0085,5240,916985,404549,6,922225,1707.8240740740741,0.005681910596654829,0.9988562714449104,0.30612076571620556,0.011299544675790401,0.30885979589683293,0.0034636414070644264,test,raw
0.0086,5240,914565,406969,6,919805,1703.3425925925926,0.005696859660471513,0.9988562714449104,0.3079519709670731,0.011329105097989192,0.3106837606837607,0.003493553638260016,test,raw
0.0087,5239,912145,409389,7,917384,1698.8592592592593,0.005710803763745607,0.9986656500190622,0.30978317621794066,0.011356665185393928,0.31250697176623105,0.0035214503399853517,test,raw
0.0088,5239,909797,411737,7,915036,1694.5111111111112,0.005725457796195997,0.9986656500190622,0.311559899329113,0.011385640488458974,0.3142766698322254,0.003550770496776027,test,raw
0.0089,5238,907385,414149,8,912623,1690.0425925925927,0.005739500319409,0.9984750285932139,0.3133850510089033,0.01141339341452865,0.31609385127903644,0.003578862386143253,test,raw
0.009,5238,905044,416490,8,910282,1685.7074074074073,0.005754260767542366,0.9984750285932139,0.31515647724538304,0.011442577397960523,0.317858273413829,0.0036083937154409015,test,raw
0.0091,5238,902711,418823,8,907949,1681.387037037037,0.005769046499307781,0.9984750285932139,0.3169218499107855,0.011471810511446077,0.31961666591296223,0.003637974752637701,test,raw
0.0092,5237,900350,421184,9,905587,1677.012962962963,0.00578298937595173,0.9982844071673657,0.31870841007495837,0.011499363769209065,0.32139540843244546,0.003665864666710837,test,raw
0.0093,5237,898149,423385,9,903386,1672.937037037037,0.00579707898949065,0.9982844071673657,0.3203738988175862,0.011527218940120975,0.32305431194320083,0.0036940513697575946,test,raw
0.0094,5236,895891,425643,10,901127,1668.7537037037036,0.005810501738378719,0.9980937857415173,0.3220825192541395,0.011553742223124476,0.32475542290357107,0.00372089910315679,test,raw
0.0095,5236,893646,427888,10,898882,1664.5962962962963,0.005825013739289473,0.9980937857415173,0.3237813026376923,0.01158243080625752,0.3264474894104524,0.0037499291465274347,test,raw
0.0096,5236,891392,430142,10,896628,1660.4222222222222,0.005839657026102241,0.9980937857415173,0.3254868962887069,0.011611378086074106,0.32814633925745035,0.0037792209589271844,test,raw
0.0097,5235,889253,432281,11,894488,1656.4592592592592,0.005852510039262684,0.9979031643156691,0.3271054698554861,0.011636772646137635,0.329757759387389,0.0038049266031850056,test,raw
0.0098,5235,887023,434511,11,892258,1652.3296296296296,0.005867137083668625,0.9979031643156691,0.32879290279326906,0.011665686169643811,0.3314385203274092,0.003834184266519607,test,raw
0.0099,5235,884875,436659,11,890110,1648.351851851852,0.005881295570210423,0.9979031643156691,0.33041828662751016,0.01169367268438476,0.33305747750192194,0.0038625038810402683,test,raw
0.01,5235,882748,438786,11,887983,1644.4129629629629,0.005895383132334741,0.9979031643156691,0.3320277798376735,0.011721518222090865,0.3346606068828291,0.0038906808343132514,test,raw
0.011,5231,862654,458880,15,867885,1607.1944444444443,0.006027296243165857,0.9971406786122761,0.3472328369909514,0.011982165333724265,0.34980252943215906,0.004154466284419048,test,raw
0.012,5229,843991,477543,17,849220,1572.6296296296296,0.006157415039683475,0.9967594357605795,0.3613550616177866,0.012239223093721694,0.36386740831185277,0.004414602088721421,test,raw
0.013,5228,826976,494558,18,832204,1541.1185185185186,0.006282113520242633,0.9965688143347312,0.37423025060270865,0.012485521523673056,0.3766909359501952,0.004663841254609205,test,raw
0.014,5228,811049,510485,18,816277,1511.624074074074,0.006404688604481077,0.9965688143347312,0.38628215392112497,0.01272758035989254,0.388695186843335,0.004908780570378489,test,raw
0.015,5225,796103,525431,21,801328,1483.9407407407407,0.006520426092686141,0.9959969500571865,0.39759173808619375,0.012956033792311677,0.39995779255038516,0.005139981739115506,test,raw
0.016,5224,782088,539446,22,787312,1457.9851851851852,0.006635234824313614,0.9958063286313381,0.4081968379171478,0.013182631428867036,0.4105202068165031,0.005369285573071953,test,raw
0.017,5224,769158,552376,22,774382,1434.0407407407408,0.006746024571852135,0.9958063286313381,0.41798092217075006,0.013401263166535837,0.4202656054507906,0.005590518453808411,test,raw
0.018,5222,756663,564871,24,761885,1410.898148148148,0.0068540527769939035,0.9954250857796416,0.42743584349702696,0.01361436312702785,0.4296816352371908,0.005806174117469271,test,raw
0.019,5221,744848,576686,25,750069,1389.0166666666667,0.006960692949581972,0.9952344643537934,0.43637621128173776,0.013824695656778959,0.4385858996970108,0.0060190191763002145,test,raw
0.02,5217,733719,587815,29,738936,1368.4,0.007060151352755855,0.9944719786504003,0.4447974853465745,0.014020763737902824,0.4469708617856766,0.006217462171247561,test,raw
0.021,5217,723067,598467,29,728284,1348.674074074074,0.007163414272454153,0.9944719786504003,0.4528578152359304,0.014224367101550039,0.45499932166598833,0.006423487580801397,test,raw
0.022,5212,713208,608326,34,718420,1330.4074074074074,0.007254809164555552,0.993518871521159,0.460318084892254,0.014404435195242003,0.46242632538928835,0.0066057524771547275,test,raw
0.023,5212,703551,617983,34,708763,1312.5240740740742,0.007353657005233061,0.993518871521159,0.46762550187887714,0.014599255751678197,0.469704849334479,0.006802890733713898,test,raw
0.024,5210,694247,627287,36,699457,1295.2907407407408,0.0074486351555563815,0.9931376286694624,0.4746658050417167,0.014786370996008248,0.4767158081972897,0.006992254330191847,test,raw
0.025,5209,685460,636074,37,690669,1279.0166666666667,0.007541962937383899,0.9929470072436142,0.48131489617368906,0.014970219064109842,0.4833378555600778,0.0071783007277145105,test,raw
0.026,5209,677091,644443,37,682300,1263.5185185185185,0.007634471640041038,0.9929470072436142,0.48764768821687526,0.015152440709421627,0.48964560816412667,0.0073626897729234565,test,raw
0.027,5207,669090,652444,39,674297,1248.6981481481482,0.007722116515422729,0.9925657643919177,0.493702015990508,0.015325005187309707,0.49567449011893455,0.0075373299834709424,test,raw
0.028,5204,661273,660261,42,666477,1234.2166666666667,0.007808221438999396,0.9919939001143728,0.49961711162936406,0.015494482100508692,0.5015639367491219,0.007708858069380221,test,raw
0.029,5201,653847,667687,45,659048,1220.4592592592592,0.00789168618977677,0.9914220358368281,0.5052363389818196,0.01565872941799866,0.5071586849364628,0.007875094925257934,test,raw
0.03,5199,646636,674898,47,651835,1207.101851851852,0.007975944832664708,0.9910407929851315,0.5106928766115741,0.01582453304843695,0.5125921403699182,0.00804289503068177,test,raw
0.031,5196,639686,681848,50,644882,1194.2259259259258,0.00805728799997519,0.9904689287075867,0.5159519164849334,0.015984544581990008,0.5178281252355327,0.008204846706786229,test,raw
0.032,5195,633176,688358,51,638371,1182.1685185185186,0.00813790100114197,0.9902783072817385,0.5208780099490441,0.016143141029525323,0.5227339875488024,0.008365342209140297,test,raw
0.033,5193,626682,694852,53,631875,1170.138888888889,0.00821839762611276,0.9898970644300419,0.5257919962710003,0.016301456081340905,0.5276270368862962,0.008525565535483167,test,raw
0.034,5188,620591,700943,58,625779,1158.85,0.00829046676222756,0.9889439573008006,0.53040103394994,0.01644308862564875,0.5322140822140822,0.008668946145294561,test,raw
0.035,5187,614525,707009,59,619712,1147.6148148148147,0.0083700170401735,0.9887533358749524,0.5349911542192634,0.016599515487440757,0.5367852997482627,0.008827246999545327,test,raw
0.036,5185,608701,712833,61,613886,1136.825925925926,0.008446193592947225,0.9883720930232558,0.5393981539635,0.016749255409185766,0.541173367099293,0.008978794300819127,test,raw
0.037,5185,603086,718448,61,608271,1126.4277777777777,0.008524161105822898,0.9883720930232558,0.5436470041633436,0.01690254711768378,0.5454054176276398,0.009133909883934407,test,raw
0.038,5184,597709,723825,62,602893,1116.4685185185185,0.008598540702910799,0.9881814715974075,0.5477157606236389,0.017048733924316644,0.5494573327906661,0.009281848989226446,test,raw
0.039,5182,592638,728896,64,597820,1107.0740740740741,0.008668160984911846,0.987800228745711,0.5515529679902296,0.017185515349895368,0.5532778606852681,0.009420284124412408,test,raw
0.04,5180,587550,733984,66,592730,1097.648148148148,0.008739223592529483,0.9874189858940144,0.5554030391953594,0.017325110037861056,0.557111201555646,0.009561566275799271,test,raw
0.041,5179,582514,739020,67,587693,1088.3203703703705,0.00881242417384587,0.9872283644681662,0.5592137621884871,0.017468913328352497,0.5609061034986961,0.009707093902537049,test,raw
0.042,5177,577769,743765,69,582946,1079.5296296296297,0.0088807539634889,0.9868471216164697,0.5628042865336798,0.017603095587835266,0.564480923740183,0.009842899684698503,test,raw
0.043,5173,573117,748417,73,578290,1070.9074074074074,0.00894533884383268,0.9860846359130766,0.5663244381150996,0.017729840146966085,0.5679841420582161,0.009971206967970362,test,raw
0.044,5172,568621,752913,74,573793,1062.5796296296296,0.009013703548143669,0.9858940144872284,0.569726545060513,0.017864081693979163,0.5713720435942659,0.01010705970403986,test,raw
0.045,5169,564247,757287,77,569416,1054.474074074074,0.00907772173595403,0.9853221502096836,0.5730363350469984,0.01798970525282688,0.5746664857775969,0.010234219820625182,test,raw
0.046,5167,559856,761678,79,565023,1046.338888888889,0.00914476047877697,0.984940907357987,0.576358988872023,0.01812127259240814,0.5779744946411614,0.010367380906940104,test,raw
0.047,5166,555677,765857,80,560843,1038.598148148148,0.009211133953708971,0.9847502859321388,0.5795212230635004,0.01825154701822505,0.5811234718642126,0.010499219821741108,test,raw
0.048,5160,551629,769905,86,556789,1031.0907407407408,0.009267424464204572,0.9836065573770492,0.582584330028588,0.018361845792521817,0.5841699452810564,0.010610916680933256,test,raw
0.049,5153,547803,773731,93,552956,1023.9925925925926,0.009319005490491106,0.9822722073961113,0.5854794503962819,0.018462850365996538,0.5870483426038982,0.010713224147872928,test,raw
0.05,5152,543901,777633,94,549053,1016.7648148148148,0.0093834292864259,0.9820815859702631,0.5884320796892096,0.01858924515469088,0.5899885436922474,0.010841138587383439,test,raw
0.051,5150,540170,781364,96,545320,1009.8518518518518,0.009443996185725813,0.9817003431185666,0.5912553139003612,0.018708020473476385,0.5927991076139224,0.010961357470130708,test,raw
0.052,5149,536574,784960,97,541723,1003.1907407407407,0.009504857648650694,0.9815097216927182,0.5939763940995842,0.01882739241163576,0.5955086751383047,0.011082165663340695,test,raw
0.053,5148,533002,788532,98,538150,996.574074074074,0.009566106104246028,0.98131910026687,0.5966793135855756,0.018947507894794956,0.5982001537557093,0.01120372632750153,test,raw
0.054,5145,529636,791898,101,534781,990.3351851851852,0.009620760647816582,0.9807472359893252,0.5992263536163277,0.019054602825414282,0.6007348618459729,0.011312141197949576,test,raw
0.055,5141,526137,795397,105,531278,983.8481481481482,0.009676666453344576,0.9799847502859321,0.6018740342662391,0.01916410076716046,0.6033690589246145,0.011423003135785809,test,raw
0.056,5134,522763,798771,112,527897,977.587037037037,0.009725382034752992,0.9786504003049943,0.6044271278680685,0.019259373188806755,0.6059067818327077,0.011519516000316895,test,raw
0.057,5132,519550,801984,114,524682,971.6333333333333,0.009781162685207422,0.9782691574532978,0.6068583933519682,0.01936866895125376,0.6083269268454453,0.011630144572165602,test,raw
0.058,5130,516379,805155,116,521509,965.7574074074074,0.009836838865676335,0.9778879146016012,0.6092578775877124,0.01947774582111228,0.6107154162709718,0.011740551903963068,test,raw
0.059,5128,513312,808222,118,518440,960.074074074074,0.009891212097831958,0.9775066717499047,0.6115786653994525,0.019584254686968908,0.6130255204329278,0.011848360885259587,test,raw
0.06,5128,510276,811258,118,515404,954.4518518518519,0.009949476527151516,0.9775066717499047,0.6138759956232681,0.019698453855757223,0.615313767165619,0.011963921134586651,test,raw
0.061,5126,507285,814249,120,512411,948.9092592592592,0.01000368844540808,0.9771254288982082,0.6161392745097742,0.019804619661281504,0.617566589788812,0.012071383300547824,test,raw
0.062,5125,504281,817253,121,509406,943.3444444444444,0.010060737407882906,0.97693480747236,0.6184123904492809,0.019916370673775677,0.6198299642744087,0.01218448184134886,test,raw
0.063,5123,501379,820155,123,506502,937.9666666666667,0.01011447141373578,0.9765535646206633,0.6206083233575527,0.020021573118019022,0.6220157072008924,0.012290969590013207,test,raw
0.064,5117,498612,822922,129,503729,932.8314814814814,0.010158239847219438,0.9754098360655737,0.6227021022538959,0.02010707795078344,0.6240966852077963,0.01237758856251839,test,raw
0.065,5117,495840,825694,129,500957,927.6981481481481,0.0102144495435736,0.9754098360655737,0.6247996646321623,0.020217185595502198,0.6261859539637318,0.012489008983124569,test,raw
0.066,5115,493235,828299,131,498350,922.8703703703703,0.010263870773552723,0.9750285932138772,0.6267708587141912,0.020313902413839662,0.6281478466663651,0.01258691088321798,test,raw
0.067,5113,490515,831019,133,495628,917.8296296296296,0.01031620489560719,0.9746473503621808,0.6288290728804556,0.020416312286123856,0.6301964153816005,0.012690573965904298,test,raw
0.068,5109,487920,833614,137,493029,913.0166666666667,0.010362473607029202,0.9738848646587877,0.630792699998638,0.02050674828157142,0.6321492636307451,0.01278215306216298,test,raw
0.069,5106,485380,836154,140,490486,908.3074074074074,0.010410083060474713,0.9733130003812428,0.6327147088156643,0.020599840236256686,0.6340614118391896,0.012876404083605169,test,raw
0.07,5101,482747,838787,145,487848,903.4222222222222,0.010456125678490021,0.9723598932520016,0.6347070903964636,0.020689767062669596,0.6360421471532582,0.01296748544037721,test,raw
0.071,5100,480184,841350,146,485284,898.674074074074,0.010509310012281468,0.9721692718261533,0.6366465032303369,0.020793835239434896,0.6379731379731379,0.013072811667477757,test,raw
0.072,5098,477649,843885,148,482747,893.9759259259259,0.010560397060986397,0.9717880289744567,0.6385647285654399,0.020893742328271105,0.6398822713637529,0.013173943823037075,test,raw
0.073,5091,475248,846286,155,480339,889.5166666666667,0.010598764622485369,0.9704536789935189,0.640381556584999,0.020968522503784094,0.641686639834788,0.013249732865421568,test,raw
0.074,5086,472840,848694,160,477926,885.0481481481481,0.010641814841628202,0.9695005718642775,0.6422036814792507,0.021052544435521927,0.6434977916459398,0.013334841520769422,test,raw
0.075,5084,470466,851068,162,475550,880.6481481481482,0.010690779097886658,0.969119329012581,0.644000078696424,0.021148262464745965,0.645285578618912,0.013431736059285871,test,raw
0.076,5084,468189,853345,162,473273,876.4314814814815,0.010742214324501925,0.969119329012581,0.6457230763642857,0.021248895028201598,0.6470017636684303,0.013533570143296578,test,raw
0.077,5082,465872,855662,164,470954,872.1370370370371,0.010790862801887234,0.9687380861608845,0.6474763418875338,0.021343973120537593,0.6487465894873302,0.013629817430183305,test,raw
0.078,5079,463632,857902,167,468711,867.9833333333333,0.010836101563650096,0.9681662218833397,0.6491713417891632,0.021432324029395072,0.6504326263585523,0.01371927458153226,test,raw
0.079,5072,461412,860122,174,466484,863.8592592592593,0.010872827363853851,0.9668318719024018,0.6508512077630996,0.021503826341339325,0.6521005743227966,0.013791751200628392,test,raw
0.08,5069,459240,862294,177,464309,859.8314814814814,0.010917298609331286,0.9662600076248571,0.6524947523105724,0.021590654981844513,0.6537353592909149,0.013879669047557879,test,raw
0.081,5065,457084,864450,181,462149,855.8314814814814,0.010959668851387756,0.965497521921464,0.6541261897158908,0.021673317001679522,0.6553573312832572,0.013963388302496845,test,raw
0.082,5061,454981,866553,185,460042,851.9296296296296,0.01100116945844075,0.9647350362180709,0.6557175222128224,0.02175426832413473,0.6569393569393569,0.014045376984426863,test,raw
0.083,5057,452802,868732,189,457859,847.8870370370371,0.011044884997346344,0.9639725505146779,0.6573663636349878,0.021839539629241747,0.6585786641342197,0.01413173786201582,test,raw
0.084,5055,450699,870835,191,455754,843.9888888888889,0.011091509893495175,0.9635913076629813,0.6589576961319195,0.021930585683297178,0.6601621971992342,0.014223907742609822,test,raw
0.085,5053,448682,872852,193,453735,840.25,0.011136456301585728,0.9632100648112848,0.6604839527397706,0.022018340628479176,0.6616809116809117,0.014312747407742032,test,raw
0.086,5050,446626,874908,196,451676,836.437037037037,0.011180580770286665,0.9626382005337399,0.6620397205066234,0.02210442920235839,0.6632282669319707,0.01439991887131377,test,raw
0.087,5047,444624,876910,199,449671,832.7240740740741,0.011223761372203232,0.9620663362561952,0.6635546266687047,0.022188662986874524,0.6647349221423295,0.01448521377076246,test,raw
0.088,5044,442660,878874,202,447704,829.0814814814814,0.011266372424637707,0.9614944719786505,0.6650407783681691,0.022271773926481952,0.6662129365833069,0.014569372797630892,test,raw
0.089,5042,440842,880692,204,445884,825.7111111111111,0.011307873796772255,0.9611132291269538,0.6664164523954738,0.022352758628333295,0.6675816638779601,0.014651362433523999,test,raw
0.09,5039,438944,882590,207,443983,822.1907407407407,0.011349533653315555,0.9605413648494091,0.6678526621335509,0.022433992462641546,0.6690099338247486,0.014733622607558412,test,raw
0.091,5038,437064,884470,208,442102,818.7074074074075,0.011395560300564123,0.9603507434235609,0.6692752513367042,0.022523851676994198,0.6704261445002185,0.014824575203710518,test,raw
0.092,5035,435204,886330,211,440239,815.2574074074074,0.011436969464313702,0.959778879146016,0.6706827066121643,0.022604577034019104,0.6718257736776255,0.014906321450229023,test,raw
0.093,5030,433358,888176,216,438388,811.8296296296296,0.011473854211337902,0.9588257720167747,0.6720795681382393,0.022676350324817303,0.673213343583714,0.014979045783541511,test,raw
0.094,5026,431529,890005,220,436555,808.4351851851852,0.011512867794435982,0.9580632863133817,0.6734635658257752,0.02275232514186251,0.6745888542184838,0.01505600410947518,test,raw
0.095,5025,429840,891694,221,434865,805.3055555555555,0.01155531026870408,0.9578726648875333,0.6747416260194592,0.0228351484057431,0.6758611073425889,0.01513983755284846,test,raw
0.096,5021,428155,893379,225,433176,802.1777777777778,0.011591131549300977,0.9571101791841403,0.6760166594276046,0.02290487247446524,0.6771280845354919,0.015210471131763256,test,raw
0.097,5017,426436,895098,229,431453,798.987037037037,0.011628149531930476,0.9563476934807472,0.6773174205128283,0.022976924609399152,0.6784206876799469,0.015283461184708245,test,raw
0.098,5016,424725,896809,230,429741,795.8166666666667,0.011672146711623978,0.956157072054899,0.6786121280269747,0.023062758197371417,0.6797095223021149,0.015370341692827496,test,raw
0.099,5015,423044,898490,231,428059,792.7018518518519,0.011715674708393001,0.9559664506290507,0.6798841346495814,0.023147667347480413,0.6809757457905606,0.015456286772805812,test,raw
0.1,5013,421341,900193,233,426354,789.5444444444445,0.011757835038489144,0.9555852077773542,0.6811727885926506,0.023229842446709916,0.6822577970726119,0.015539484156716285,test,raw
0.11,4990,405320,916214,256,410310,759.8333333333334,0.01216153639930784,0.9512009149828441,0.6932958213712247,0.024016017095168884,0.6943155609822277,0.016335527662155087,test,raw
0.12,4962,390562,930972,284,395524,732.4518518518519,0.01254538283391147,0.9458635150590926,0.7044631466159781,0.02476233250991841,0.7054176276398498,0.017091364833620958,test,raw
0.13,4945,377252,944282,301,382197,707.7722222222222,0.012938353780903565,0.9426229508196722,0.7145347754957496,0.025526335486768376,0.7154366209921765,0.01786490170726522,test,raw
0.14,4926,365055,956479,320,369981,685.15,0.013314197215532689,0.9390011437285551,0.723764201299399,0.026256106303650856,0.7246152338744931,0.018603858017893375,test,raw
0.15,4909,353719,967815,337,358628,664.1259259259259,0.01368827866201189,0.9357605794891346,0.7323421115158596,0.026981867349686977,0.7331464146278961,0.019338731869861642,test,raw
0.16,4882,343048,978486,364,347930,644.3148148148148,0.014031558072025982,0.9306138009912314,0.7404168186365239,0.0276462726799103,0.7411688448725485,0.0200117670415408,test,raw
0.17,4863,333108,988426,383,337971,625.8722222222223,0.014388808507238787,0.9269919939001143,0.7479383807000047,0.02833775716237832,0.7486463467944949,0.02071204472117738,test,raw
0.18,4839,323758,997776,407,328597,608.512962962963,0.014726245218306924,0.9224170796797561,0.7550134918965384,0.028989674787250296,0.7556753945642835,0.0213724261172436,test,raw
0.19,4817,314781,1006753,429,319598,591.8481481481482,0.015072059274463544,0.9182234083110942,0.7618063553415955,0.029657312433044782,0.7624248179803735,0.022048694090862554,test,raw
0.2,4796,306388,1015146,450,311184,576.2666666666667,0.015412103450048845,0.9142203583682806,0.7681573080980134,0.03031318143033214,0.7687348316977947,0.02271305052504169,test,raw
0.21,4774,298329,1023205,472,303103,561.3018518518519,0.015750421473888415,0.9100266869996188,0.7742555242619562,0.030964913134143457,0.774792354421984,0.023373272147563896,test,raw
0.22,4752,290626,1030908,494,295378,546.9962962962964,0.016087860301037992,0.905833015630957,0.7800843565129615,0.03161424237585821,0.7805815583593362,0.024031088899705868,test,raw
0.23,4721,283284,1038250,525,288005,533.3425925925926,0.016392076526449195,0.8999237514296607,0.7856400213691059,0.03219767366522195,0.7860918916474472,0.024622499459998688,test,raw
0.24,4692,276116,1045418,554,280808,520.0148148148148,0.016708925671633287,0.894395730080061,0.7910640210543202,0.03280499486111014,0.7914725877688841,0.025238070797172375,test,raw
0.25,4672,269045,1052489,574,273717,506.8833333333333,0.01706872426630425,0.8905833015630957,0.7964146211902229,0.03349548147962275,0.796786957898069,0.025937578350764875,test,raw
0.26,4644,262285,1059249,602,266929,494.31296296296296,0.017397884830797704,0.8852459016393442,0.8015298887504976,0.03412510333425186,0.8018608963053407,0.026575762220225365,test,raw
0.27,4620,255697,1065837,626,260317,482.06851851851854,0.017747592358547462,0.8806709874189859,0.8065150045326114,0.03479400368274194,0.8068082123637679,0.02725361110287104,test,raw
0.28,4586,249326,1072208,660,253912,470.2074074074074,0.018061375594694225,0.8741898589401449,0.8113359171992548,0.03539153720896133,0.8115844375103635,0.027859595224097145,test,raw
0.29,4562,243110,1078424,684,247672,458.65185185185186,0.018419522594399045,0.8696149447197865,0.8160395419262766,0.03607493337761646,0.8162513755106348,0.02855219411246787,test,raw
0.3,4538,236969,1084565,708,241507,447.2351851851852,0.018790345621451966,0.8650400304994281,0.8206864144244491,0.0367817209922473,0.8208617856766005,0.029268506858624282,test,raw
0.31,4511,230992,1090542,735,235503,436.1166666666667,0.019154745374793527,0.859893252001525,0.8252091887155382,0.03747471432903148,0.825346327198179,0.029971004459508815,test,raw
0.32,4479,225178,1096356,767,229657,425.2907407407407,0.01950299794911542,0.8537933663743805,0.8296086214959282,0.0381348897204378,0.829704246370913,0.030640515874592964,test,raw
0.33,4460,219507,1102027,786,223967,414.7537037037037,0.019913647992784653,0.8501715592832635,0.8338998466933125,0.038915768302844954,0.8339641839641839,0.031431757976853304,test,raw
0.34,4442,213752,1107782,804,218194,404.06296296296296,0.020358030009991108,0.8467403736179947,0.8382546343870079,0.03976011457214464,0.8382881864363346,0.03228723962633262,test,raw
0.35,4412,208159,1113375,834,212571,393.65,0.02075541818968721,0.8410217308425467,0.842486837266389,0.040511071220336335,0.8424810443328962,0.033048711062674103,test,raw
0.36,4396,202887,1118647,850,207283,383.8574074074074,0.02120772084541424,0.8379717880289744,0.8464761406062954,0.0413684720673414,0.8464425149610335,0.03391739397253796,test,raw
0.37,4362,197583,1123951,884,201945,373.97222222222223,0.021599940577880117,0.8314906595501335,0.8504896582305109,0.04210607603612126,0.8504145374515745,0.0346656234056669,test,raw
0.38,4332,192475,1129059,914,196807,364.4574074074074,0.022011412195704422,0.8257720167746855,0.8543548633633338,0.04287983845822631,0.8542418486862932,0.03545034518547317,test,raw
0.39,4308,187397,1134137,938,191705,355.00925925925924,0.022472027333663703,0.8211971025543271,0.8581973676046171,0.043746921823194604,0.858051071014034,0.03632932439779917,test,raw
0.4,4270,182262,1139272,976,186532,345.42962962962963,0.022891514592670425,0.813953488372093,0.8620830035398257,0.04453065523678419,0.8618927026334434,0.03712465032418468,test,raw
0.41,4243,177242,1144292,1003,181485,336.0833333333333,0.02337934264539769,0.8088067098741899,0.8658816193907989,0.045445051973159255,0.8656559489892823,0.03805180245548852,test,raw
0.42,4207,172375,1149159,1039,176582,327.0037037037037,0.023824625386505986,0.8019443385436523,0.8695644606949197,0.04627450117693645,0.8692970952230211,0.03889347816171527,test,raw
0.43,4171,167438,1154096,1075,171609,317.7944444444444,0.024305252055544874,0.7950819672131147,0.8733002707459664,0.04716858443357553,0.8729910007687786,0.039800688658507236,test,raw
0.44,4134,162695,1158839,1112,166829,308.9425925925926,0.02477986441206265,0.7880289744567289,0.8768892816983899,0.04804881592328926,0.8765379339453414,0.04069402581916875,test,raw
0.45,4110,157893,1163641,1136,162003,300.00555555555553,0.025369900557397084,0.7834540602363705,0.8805229377375081,0.04914827592392181,0.8801391338428376,0.04180869746658169,test,raw
0.46,4066,153331,1168203,1180,157397,291.47592592592594,0.02583276682528892,0.7750667174990469,0.8839749866443088,0.04999907773467042,0.8835443705814077,0.04267284318522366,test,raw
0.47,4032,148821,1172713,1214,152853,283.06111111111113,0.026378285018939764,0.7685855890202059,0.8873876873391074,0.05100601521831257,0.8869179517327666,0.043694610699319,test,raw
0.48,3988,144302,1177232,1258,148290,274.6111111111111,0.02689324971339942,0.7601982462828822,0.890807198301368,0.051948728636932055,0.890290779179668,0.04465209460237373,test,raw
0.49,3932,139837,1181697,1314,143769,266.2388888888889,0.027349428597263668,0.7495234464353794,0.894185847658857,0.05277321075059559,0.8936138621323807,0.04549080712582932,test,raw
0.5,3899,135301,1186233,1347,139200,257.77777777777777,0.02801005747126437,0.7432329393823865,0.8976182224596567,0.05398557246306578,0.8970077933040896,0.04672094864310754,test,raw
0.51,3855,131122,1190412,1391,134977,249.9574074074074,0.02856042140512828,0.7348455966450629,0.9007804566511343,0.05498384715774159,0.9001243612354723,0.047735189008470895,test,raw
0.52,3818,126953,1194581,1428,130771,242.1685185185185,0.029196075582506826,0.7277926038886771,0.9039351238787652,0.056140041318364614,0.9032386680534829,0.048909019335514795,test,raw
0.53,3777,122793,1198741,1469,126570,234.38888888888889,0.0298411945958758,0.7199771254288982,0.9070829808389341,0.05730715542877952,0.9063431767135471,0.050094378935656526,test,raw
0.54,3733,118615,1202919,1513,122348,226.57037037037037,0.030511328342106122,0.7115897826915746,0.910244458334027,0.05851372321582519,0.9094589909404724,0.05132013338387015,test,raw
0.55,3692,114591,1206943,1554,118283,219.0425925925926,0.031213276633159457,0.7037743042317957,0.9132894045858828,0.05977543734669592,0.9124609957943292,0.052601701660407875,test,raw
0.56,3644,110401,1211133,1602,114045,211.19444444444446,0.03195229953088693,0.6946244757910789,0.9164599624375914,0.06109429881550158,0.9155828396569138,0.05394199920487601,test,raw
0.57,3607,106554,1214980,1639,110161,204.00185185185185,0.03274298526701827,0.6875714830346931,0.9193709734293631,0.06250920654726316,0.9184544536396388,0.05537882515554231,test,raw
0.58,3563,102615,1218919,1683,106178,196.6259259259259,0.03355685735274727,0.6791841402973694,0.9223516004885232,0.06395390580126364,0.9213901325012436,0.05684672377124468,test,raw
0.59,3525,98772,1222762,1721,102297,189.4388888888889,0.03445848851872489,0.6719405261151353,0.9252595846947562,0.0655551732795254,0.9242579779616816,0.05847289572539723,test,raw
0.6,3473,94977,1226557,1773,98450,182.3148148148148,0.03527679024885729,0.6620282119710256,0.9281312474745258,0.06698426168801111,0.9270790937457604,0.05992637060343349,test,raw
0.61,3406,91285,1230249,1840,94691,175.3537037037037,0.035969627525319195,0.6492565764391918,0.9309249705266758,0.06816294265387193,0.929811272403865,0.06112820260289512,test,raw
0.62,3363,87661,1233873,1883,91024,168.56296296296296,0.03694629987695553,0.6410598551277163,0.9336672382246692,0.06986600186974136,0.9325102880658436,0.06285904851418522,test,raw
0.63,3309,84060,1237474,1937,87369,161.79444444444445,0.03787384541427737,0.63076629813191,0.9363921019058156,0.07145710738001403,0.9351836777762703,0.06447816961191534,test,raw
0.64,3262,80534,1241000,1984,83796,155.17777777777778,0.038927872452145684,0.6218070911170416,0.9390602133581126,0.07326879450147121,0.9378058155835933,0.06632038147098211,test,raw
0.65,3215,77123,1244411,2031,80338,148.77407407407406,0.040018422166347184,0.6128478841021731,0.9416413047261742,0.07513086558235184,0.9403412773783144,0.06821408591083156,test,raw
0.66,3172,73746,1247788,2074,76918,142.44074074074075,0.04123872175563587,0.6046511627906976,0.9441966684171577,0.07721143079694269,0.9428541280393132,0.07032910847516692,test,raw
0.67,3116,70587,1250947,2130,73703,136.48703703703703,0.042277790591970475,0.5939763629431948,0.946587072296286,0.07893703530127044,0.9451928729706508,0.07208680379458486,test,raw
0.68,3064,67465,1254069,2182,70529,130.60925925925926,0.04344312268712161,0.584064048799085,0.9489494784091821,0.0808709996700759,0.9475067456548938,0.07405568335681827,test,raw
0.69,2999,64336,1257198,2247,67335,124.69444444444444,0.04453850152223955,0.5716736561189477,0.9513171813967707,0.08263870709965418,0.9498160961123924,0.0758589278273247,test,raw
0.7,2940,61265,1260269,2306,64205,118.89814814814815,0.0457908262596371,0.5604269919939001,0.9536409959940494,0.08466400771767145,0.9520862539381058,0.07792312387624174,test,raw
0.71,2876,58206,1263328,2370,61082,113.11481481481482,0.04708424740512753,0.5482272207396112,0.955955730234712,0.08672054034495236,0.9543435987880432,0.08002086605927823,test,raw
0.72,2813,55352,1266182,2433,58165,107.71296296296296,0.048362417261239576,0.5362180709111705,0.9581153417165204,0.08872277680528615,0.9564471879286695,0.08206439474207684,test,raw
0.73,2761,52487,1269047,2485,55248,102.31111111111112,0.04997465971618882,0.5263057567670606,0.9602832768585599,0.09128178001124077,0.9585673585673585,0.08467118181897712,test,raw
0.74,2702,49581,1271953,2544,52283,96.82037037037037,0.051680278484402195,0.515059092642013,0.9624822365523702,0.09393523266526449,0.9607131551575996,0.08737642761805924,test,raw
0.75,2645,46856,1274678,2601,49501,91.66851851851852,0.05343326397446516,0.5041936713686619,0.9645442342005578,0.09662629915794474,0.9627240386499646,0.09012055672283797,test,raw
0.76,2583,44172,1277362,2663,46755,86.58333333333333,0.055245428296438887,0.4923751429660694,0.9665752072969745,0.099344243379935,0.9647002517372888,0.09289463317461763,test,raw
0.77,2527,41539,1279995,2719,44066,81.6037037037037,0.057345799482594294,0.4817003431185665,0.9685675888777738,0.10249026606099937,0.9666425481240296,0.09610278793983518,test,raw
0.78,2446,39064,1282470,2800,41510,76.87037037037037,0.05892556010599855,0.46626000762485703,0.9704404124297975,0.10462828300111215,0.9684469165950648,0.09829778485988686,test,raw
0.79,2366,36497,1285037,2880,38863,71.96851851851852,0.06088052903790238,0.4510102935569958,0.9723828520492095,0.10727969348659006,0.9703213795806388,0.10101614609195007,test,raw
0.8,2299,34096,1287438,2947,36395,67.39814814814815,0.06316801758483308,0.43823865802516204,0.9741996800687686,0.11042001873153863,0.9720805257842295,0.10422878727331905,test,raw
0.81,2219,31573,1289961,3027,33792,62.577777777777776,0.06566642992424243,0.4229889439573008,0.9761088250472557,0.11368410266919413,0.9739218257736776,0.10757528317649748,test,raw
0.82,2143,29196,1292338,3103,31339,58.035185185185185,0.06838125019943202,0.40850171559283266,0.977907492353583,0.11715183818504851,0.9756560997301738,0.11113068948973528,test,raw
0.83,2059,26884,1294650,3187,28943,53.59814814814815,0.07113982655564385,0.39248951582157837,0.9796569743949077,0.12044809734125012,0.9773353532612792,0.1145202756280763,test,raw
0.84,1956,24616,1296918,3290,26572,49.20740740740741,0.07361132018666265,0.372855508959207,0.9813731617953075,0.1229492739958514,0.9789671234115679,0.1171186765006405,test,raw
0.85,1876,22330,1299204,3370,24206,44.82592592592592,0.07750144592249855,0.3576057948913458,0.9831029697306313,0.12739372538367513,0.9806297954446103,0.12168528113993653,test,raw
0.86,1794,20050,1301484,3452,21844,40.45185185185185,0.08212781541842154,0.341974837971788,0.9848282374876469,0.13244739756367663,0.9822864378419934,0.12687994542787662,test,raw
0.87,1683,17828,1303706,3563,19511,36.13148148148148,0.08625903336579366,0.3208158597026306,0.9865096168543526,0.13596154622934928,0.983877507951582,0.13054292211858057,test,raw
0.88,1588,15743,1305791,3658,17331,32.09444444444444,0.09162771911603484,0.30270682424704537,0.9880873288163604,0.14067413739646542,0.9853773798218243,0.13542583307226788,test,raw
0.89,1470,13612,1307922,3776,15082,27.92962962962963,0.09746717941917518,0.28021349599695006,0.9896998488120623,0.1446280991735537,0.9868945868945869,0.1395799267070018,test,raw
0.9,1357,11571,1309963,3889,12928,23.94074074074074,0.10496596534653466,0.2586732748760961,0.9912442661331453,0.14933421371189612,0.9883477290884698,0.1445219540393965,test,raw
0.905,1300,10641,1310893,3946,11941,22.112962962962964,0.1088686039695168,0.24780785360274496,0.9919479937708754,0.15127712806190727,0.9890057130797871,0.14658836218290247,test,raw
0.91,1249,9736,1311798,3997,10985,20.34259259259259,0.1137005006827492,0.23808616088448342,0.992632803998989,0.15390302507547288,0.9896493766864137,0.14935036874978758,test,raw
0.915,1189,8883,1312651,4057,10072,18.651851851851852,0.11805003971405878,0.2266488753335875,0.9932782660151006,0.15524219872045958,0.9902470643211384,0.15082680644470406,test,raw
0.92,1115,8088,1313446,4131,9203,17.04259259259259,0.12115614473541236,0.21254288982081587,0.9938798396409022,0.1543359402034743,0.9907904852349296,0.15005497366327597,test,raw
0.925,1043,7215,1314319,4203,8258,15.292592592592593,0.12630176798256237,0.19881814715974075,0.9945404355847068,0.1544727488151659,0.9913942025053136,0.15036404631004022,test,raw
0.93,987,6391,1315143,4259,7378,13.662962962962963,0.13377609108159394,0.1881433473122379,0.9951639534056634,0.15636882129277566,0.991973047528603,0.15245171388050785,test,raw
0.935,927,5616,1315918,4319,6543,12.116666666666667,0.14167812929848694,0.176706061761342,0.9957503931037718,0.157265247264399,0.9925119462156499,0.15355023280796531,test,raw
0.94,862,4845,1316689,4384,5707,10.568518518518518,0.15104257928859297,0.16431566908120473,0.9963338060163416,0.15739979914178764,0.9930440615625801,0.15391362681625934,test,raw
0.945,793,4134,1317400,4453,4927,9.124074074074073,0.16094986807387862,0.1511627906976744,0.9968718171458321,0.15590288017300696,0.9935279398242362,0.1526576028095597,test,raw
0.95,706,3451,1318083,4540,4157,7.698148148148148,0.16983401491460187,0.13457872664887532,0.9973886407765521,0.15016484100818886,0.9939771476808514,0.14718338361344133,test,raw
0.955,634,2840,1318694,4612,3474,6.433333333333334,0.1824985607369027,0.12085398398780023,0.997850982267577,0.14541284403669724,0.9943833943833944,0.1427120004155834,test,raw
0.96,541,2236,1319298,4705,2777,5.142592592592592,0.19481454807346058,0.10312619138391155,0.9983080268839092,0.13486227097095851,0.9947685373611299,0.1324877606372267,test,raw
0.965,453,1674,1319860,4793,2127,3.938888888888889,0.21297602256699577,0.0863515059092642,0.9987332902520858,0.1228807812288078,0.9951257932739415,0.12087523287639126,test,raw
0.97,347,1148,1320386,4899,1495,2.7685185185185186,0.23210702341137124,0.06614563476934808,0.9991313125504149,0.10295208426049547,0.9954423491460529,0.10137609156519181,test,raw
0.975,255,724,1320810,4991,979,1.8129629629629629,0.2604698672114402,0.04860846359130766,0.999452151817509,0.0819277108433735,0.9956925790259123,0.0807845165898807,test,raw
0.98,166,379,1321155,5080,545,1.0092592592592593,0.30458715596330277,0.031643156690812045,0.9997132120702154,0.05733034018304265,0.9958855273670089,0.056628262506974905,test,raw
0.985,89,129,1321405,5157,218,0.40370370370370373,0.40825688073394495,0.016965306900495615,0.9999023861663794,0.03257686676427526,0.9960159182381405,0.032271544355487396,test,raw
0.99,29,32,1321502,5217,61,0.11296296296296296,0.47540983606557374,0.005528021349599695,0.999975785715691,0.01092896174863388,0.9960438053030646,0.010839051939623416,test,raw
0.991,22,18,1321516,5224,40,0.07407407407407407,0.55,0.0041936713686618375,0.9999863794650762,0.00832387438516837,0.9960490812342664,0.008264528850752396,test,raw
0.992,15,5,1321529,5231,20,0.037037037037037035,0.75,0.0028593213877239803,0.9999962165180767,0.0056969236612229406,0.9960536034610109,0.0056670601868343586,test,raw
0.993,8,1,1321533,5238,9,0.016666666666666666,0.8888888888888888,0.0015249714067861228,0.9999992433036153,0.003044719314938154,0.9960513423476386,0.003031216922862055,test,raw
0.994,4,0,1321534,5242,4,0.007407407407407408,1,7.624857033930614e-4,1,0.0015238095238095239,0.9960490812342664,0.0015177936269202058,test,raw
0.995,0,0,1321534,5246,0,0,NA,0,1,NA,0.9960460664164368,0,test,raw
0.996,0,0,1321534,5246,0,0,NA,0,1,NA,0.9960460664164368,0,test,raw
0.997,0,0,1321534,5246,0,0,NA,0,1,NA,0.9960460664164368,0,test,raw
0.998,0,0,1321534,5246,0,0,NA,0,1,NA,0.9960460664164368,0,test,raw
0.999,0,0,1321534,5246,0,0,NA,0,1,NA,0.9960460664164368,0,test,raw
1e-4,1693,342289,103190,2,343982,1890.010989010989,0.00492176916233989,0.9988200589970502,0.2316383039380083,0.009795271308186543,0.23454628399683344,0.0022686161290736136,validation,platt
2e-4,1690,288486,156993,5,290176,1594.3736263736264,0.005824051610057344,0.9970501474926253,0.3524139185012088,0.011580458490223421,0.3548573933189318,0.004074249378306306,validation,platt
3e-4,1685,254000,191479,10,255685,1404.8626373626373,0.006590140211588478,0.9941002949852508,0.4298272196893681,0.013093480456911959,0.43196608031772865,0.005604672691799975,validation,platt
4e-4,1677,229320,216159,18,230997,1269.2142857142858,0.007259834543305757,0.9893805309734514,0.4852282599179759,0.01441390335722758,0.48713923439198165,0.006940415237769805,validation,platt
5e-4,1668,210943,234536,27,212611,1168.1923076923076,0.007845313741998297,0.984070796460177,0.5264804850509227,0.015566526368837085,0.5282149677754073,0.008106513234942972,validation,platt
6e-4,1659,196798,248681,36,198457,1090.423076923077,0.00835949349229304,0.9787610619469026,0.5582328235449932,0.016577401175106917,0.5598268235630873,0.009129281671513407,validation,platt
7e-4,1658,185746,259733,37,187404,1029.6923076923076,0.00884719643123946,0.9781710914454277,0.5830420738126826,0.017535788132142422,0.5845397988255131,0.010098669901492465,validation,platt
8e-4,1655,176818,268661,40,178473,980.6208791208791,0.00927311133897004,0.976401179941003,0.6030834225631286,0.01837174192975445,0.6044984726303407,0.010944308526738668,validation,platt
9e-4,1651,169348,276131,44,170999,939.554945054945,0.009655027222381417,0.9740412979351032,0.6198518897636027,0.019120525322246285,0.6211944343812476,0.01170183118351647,validation,platt
0.001,1649,162921,282558,46,164570,904.2307692307693,0.010020052257398068,0.9728613569321534,0.6342790569252422,0.019835804288334886,0.635562443254751,0.01242538288743967,validation,platt
0.0011,1644,157295,288184,51,158939,873.2912087912088,0.010343590937403658,0.9699115044247788,0.6469081595316502,0.02046889201538902,0.6481324942863405,0.013065951013742168,validation,platt
0.0012,1635,152354,293125,60,153989,846.0934065934066,0.01061764151984882,0.9646017699115044,0.657999591451,0.02100408519822204,0.6591617580628569,0.013607716754534984,validation,platt
0.0013,1632,147986,297493,63,149618,822.0769230769231,0.010907778475851835,0.9628318584070796,0.6678047674525623,0.021571180268714518,0.6689230590329491,0.014181464464262208,validation,platt
0.0014,1625,144019,301460,70,145644,800.2417582417582,0.011157342561313888,0.9587020648967551,0.6767097887891461,0.022057975145752313,0.6777786722841668,0.014674209841014184,validation,platt
0.0015,1622,140451,305028,73,142073,780.6208791208791,0.011416666080113744,0.9569321533923304,0.6847191450102025,0.022564131100105727,0.6857509604762352,0.015186336860930582,validation,platt
0.0016,1616,137169,308310,79,138785,762.554945054945,0.011643909644414021,0.9533923303834808,0.692086495659728,0.023006833712984055,0.6930769678022425,0.015634455813006185,validation,platt
0.0017,1608,134055,311424,87,135663,745.4010989010989,0.01185290020123394,0.9486725663716814,0.6990767241553474,0.023413270432009785,0.7000228099129198,0.016046020588327128,validation,platt
0.0018,1599,131264,314215,96,132863,730.0164835164835,0.01203495329775784,0.9433628318584071,0.7053418904145874,0.023766702834465435,0.7062441018484975,0.016404048400605255,validation,platt
0.0019,1594,128468,317011,101,130062,714.6263736263736,0.01225569343851394,0.9404129793510324,0.7116182805474557,0.024196057894457224,0.7124855201778278,0.01683865260720758,validation,platt
0.002,1590,125878,319601,105,127468,700.3736263736264,0.012473718894153827,0.9380530973451328,0.7174322470868436,0.024620053730557513,0.7182685039827897,0.017267784619256193,validation,platt
0.0021,1585,123509,321970,110,125094,687.3296703296703,0.012670471805202487,0.9351032448377581,0.7227501184118668,0.025002168957874892,0.72355503674185,0.017654623828496013,validation,platt
0.0022,1581,121246,324233,114,122827,674.8736263736264,0.012871762723179758,0.9327433628318584,0.7278300436159729,0.025393103226739048,0.7286067615737946,0.01805032959808283,validation,platt
0.0023,1574,119049,326430,121,120623,662.7637362637363,0.013048921018379579,0.9286135693215339,0.7327618136881873,0.02573619581745941,0.7335041840536346,0.01839784600010306,validation,platt
0.0024,1568,116975,328504,127,118543,651.3351648351648,0.013227267742506939,0.9250737463126844,0.7374174764691489,0.026081604817112726,0.738128782084826,0.01874765334040325,validation,platt
0.0025,1566,114979,330500,129,116545,640.3571428571429,0.01343686987858767,0.9238938053097345,0.7418980468215113,0.026488497970230042,0.7425878964340503,0.0191593951347206,validation,platt
0.0026,1562,113120,332359,133,114682,630.1208791208791,0.013620271707853019,0.9215339233038348,0.7460710830364619,0.026843792158244326,0.7467361698130929,0.01951908274633203,validation,platt
0.0027,1558,111303,334176,137,112861,620.1153846153846,0.013804591488645325,0.9191740412979351,0.750149838712936,0.02720067041446978,0.7507905200212892,0.019880380357278085,validation,platt
0.0028,1552,109522,335957,143,111074,610.2967032967033,0.013972666870734826,0.9156342182890855,0.7541477824992873,0.0275252950722273,0.7547598921225295,0.020209202491677007,validation,platt
0.0029,1550,107870,337609,145,109420,601.2087912087912,0.014165600438676658,0.9144542772861357,0.757856150346032,0.0278990235341763,0.7584497309772035,0.020587416311268304,validation,platt
0.003,1546,106238,339241,149,107784,592.2197802197802,0.014343501818451718,0.912094395280236,0.7615196226982641,0.028242859361156024,0.7620903719804819,0.020935542943435647,validation,platt
0.0031,1544,104622,340857,151,106166,583.3296703296703,0.014543262438068685,0.9109144542772861,0.7651471786548861,0.028629439741890025,0.7656997052601449,0.021326766360896785,validation,platt
0.0032,1538,103089,342390,157,104627,574.8736263736264,0.01469983847381651,0.9073746312684365,0.7685884183092806,0.028930983239592933,0.7691144834001977,0.021632276638288952,validation,platt
0.0033,1532,101634,343845,163,103166,566.8461538461538,0.014849853633949169,0.9038348082595871,0.7718545655350757,0.029219633610207796,0.7723548327943932,0.021924755870529753,validation,platt
0.0034,1530,100159,345320,165,101689,558.7307692307693,0.015045875168405628,0.9026548672566371,0.7751656082553835,0.029598390466609916,0.7756488525719295,0.02230808335995233,validation,platt
0.0035,1527,98707,346772,168,100234,550.7362637362637,0.015234351617215714,0.9008849557522124,0.7784250211570017,0.029962032395098547,0.778889201966125,0.02267620421364087,validation,platt
0.0036,1520,97331,348148,175,98851,543.1373626373627,0.015376678030571264,0.8967551622418879,0.7815138311794719,0.030234917351262106,0.7819506500825182,0.022952845710955794,validation,platt
0.0037,1513,95992,349487,182,97505,535.7417582417582,0.015517152966514538,0.8926253687315634,0.7845195845370938,0.030504032258064515,0.7849293563579278,0.023225687924481757,validation,platt
0.0038,1511,94584,350895,184,96095,527.9945054945055,0.01572402310213851,0.8914454277286136,0.7876802273507842,0.030902955312404133,0.7880735463153046,0.023629443085390885,validation,platt
0.0039,1503,93303,352176,192,94806,520.9120879120879,0.01585342699829125,0.8867256637168142,0.7905557837743193,0.031149936270090467,0.7909203128983349,0.023880003863620818,validation,platt
0.004,1501,92038,353441,194,93539,513.9505494505495,0.016046782625428965,0.8855457227138643,0.7933954238022444,0.03152235546128484,0.7937447168216399,0.024256959083060466,validation,platt
0.0041,1495,90826,354653,200,92321,507.25824175824175,0.016193498770593905,0.8820058997050148,0.7961160907697108,0.03180309734513274,0.7964416535845107,0.024541524969224387,validation,platt
0.0042,1492,89562,355917,203,91054,500.2967032967033,0.016385880905836096,0.88023598820059,0.7989534860229102,0.0321728536156724,0.7992615849758707,0.024915888643886185,validation,platt
0.0043,1488,88377,357102,207,89865,493.7637362637363,0.016558170589217158,0.8778761061946903,0.8016135440727846,0.032503276539973786,0.8019026150894283,0.025250555985502614,validation,platt
0.0044,1483,87237,358242,212,88720,487.4725274725275,0.01671550946798918,0.8749262536873156,0.8041725872600055,0.032804291323342366,0.8044407769682494,0.02555557211736567,validation,platt
0.0045,1479,86062,359417,216,87541,480.9945054945055,0.016894940656378154,0.8725663716814159,0.8068101975626236,0.03314805683804742,0.8070594444220818,0.02590375677595213,validation,platt
0.0046,1478,84975,360504,217,86453,475.0164835164835,0.017095994355314448,0.871976401179941,0.809250267689386,0.03353451014203385,0.809488029268249,0.026294849212679057,validation,platt
0.0047,1472,83926,361553,223,85398,469.2197802197802,0.01723693763319984,0.8684365781710914,0.8116050363765744,0.0338029462758201,0.8118204546775976,0.026567027961021363,validation,platt
0.0048,1465,82805,362674,230,84270,463.02197802197804,0.017384597128278154,0.8643067846607669,0.8141214288440084,0.0340836386901646,0.8143116549709957,0.026851720589029918,validation,platt
0.0049,1461,81712,363767,234,83173,456.9945054945055,0.017565796592644248,0.8619469026548673,0.8165749676191246,0.03442993825705802,0.8167469486150805,0.027202506570348388,validation,platt
0.005,1455,80734,364745,240,82189,451.5879120879121,0.017703098954847972,0.8584070796460177,0.8187703573007931,0.03469076343522007,0.8189205991403794,0.027467024297499712,validation,platt
0.0051,1449,79718,365761,246,81167,445.9725274725275,0.01785208274298668,0.8548672566371681,0.8210510484220356,0.034973811879993245,0.8211792277726344,0.027754041536058646,validation,platt
0.0052,1446,78726,366753,249,80172,440.5054945054945,0.01803622212243676,0.8530973451327434,0.823277864949863,0.0353255890651911,0.8233908948194663,0.0281102959800542,validation,platt
0.0053,1442,77680,367799,253,79122,434.7362637362637,0.018225019590000252,0.8507374631268436,0.8256258993128744,0.03568556120618187,0.8257210839628422,0.02847495653781816,validation,platt
0.0054,1434,76725,368754,261,78159,429.44505494505495,0.018347215291904962,0.8460176991150442,0.8277696591758534,0.03591554587121497,0.8278388278388278,0.02870853720992121,validation,platt
0.0055,1428,75764,369715,267,77192,424.13186813186815,0.0184993263550627,0.8424778761061947,0.8299268876871861,0.036203683750174305,0.8299744618425937,0.029000758676886784,validation,platt
0.0056,1424,74867,370612,271,76291,419.18131868131866,0.01866537337300599,0.840117994100295,0.8319404506160785,0.0365193752724848,0.8319714473560628,0.02932064988689832,validation,platt
0.0057,1421,74001,371478,274,75422,414.4065934065934,0.018840656572352895,0.8383480825958702,0.8338844255284761,0.03685309335166046,0.8339013448903558,0.029658676479394158,validation,platt
0.0058,1417,73106,372373,278,74523,409.467032967033,0.01901426405270856,0.8359882005899705,0.8358934989079171,0.037182817707103306,0.8358938578718799,0.029992784442237266,validation,platt
0.0059,1412,72244,373235,283,73656,404.7032967032967,0.01917019658955143,0.8330383480825959,0.8378284947214122,0.03747793659009171,0.8378103378103378,0.030292002308953386,validation,platt
0.006,1410,71452,374027,285,72862,400.34065934065933,0.019351651066399495,0.831858407079646,0.8396063563041131,0.03782341027670105,0.8395769879286363,0.030641828789158203,validation,platt
0.0061,1408,70638,374841,287,72046,395.85714285714283,0.019543069705465953,0.8306784660766962,0.8414336029307778,0.038187711042703514,0.8413928358983304,0.03101071046080214,validation,platt
0.0062,1404,69803,375676,291,71207,391.24725274725273,0.01971716263850464,0.8283185840707965,0.843307989826681,0.038517461798030235,0.8432511729215026,0.03134487886182167,validation,platt
0.0063,1397,68988,376491,298,70385,386.7307692307692,0.019847978972792498,0.824188790560472,0.8451374812280713,0.03876248612652609,0.8450580758273066,0.03159369213462783,validation,platt
0.0064,1393,68194,377285,302,69587,382.34615384615387,0.02001810683029876,0.8218289085545722,0.8469198323602235,0.03908420078000056,0.8468247259456051,0.03191975252988116,validation,platt
0.0065,1388,67412,378067,307,68800,378.02197802197804,0.020174418604651162,0.8188790560471977,0.848675246195668,0.03937867933896021,0.8485623046062607,0.03221838883072419,validation,platt
0.0066,1384,66593,378886,311,67977,373.5,0.020359827588743253,0.8165191740412979,0.850513716695961,0.03972901596050064,0.8503848613738724,0.03257343534516386,validation,platt
0.0067,1380,65856,379623,315,67236,369.42857142857144,0.02052471890058897,0.8141592920353983,0.8521681156687521,0.04004004004004004,0.8520240443317366,0.03288870875631608,validation,platt
0.0068,1375,65156,380323,320,66531,365.55494505494505,0.020667057461935038,0.8112094395280236,0.8537394579766947,0.04030721425849383,0.8535782491826448,0.03315974959049705,validation,platt
0.0069,1371,64445,381034,324,65816,361.6263736263736,0.02083080102102832,0.8088495575221238,0.8553354928066194,0.04061560338315237,0.8551592892252233,0.03347237776940117,validation,platt
0.007,1368,63698,381781,327,65066,357.5054945054945,0.021024805582024405,0.8070796460176991,0.8570123395266668,0.040982010455205886,0.8568230711087854,0.033843594232046234,validation,platt
0.0071,1363,63006,382473,332,64369,353.6758241758242,0.021174789106557505,0.8041297935103244,0.8585657236368044,0.04126301767982563,0.8583593858319133,0.034128669082771255,validation,platt
0.0072,1359,62262,383217,336,63621,349.5659340659341,0.021360871410383363,0.8017699115044248,0.860235836032675,0.0416130810214955,0.8600142226515853,0.03448350404066086,validation,platt
0.0073,1354,61550,383929,341,62904,345.6263736263736,0.021524863283733944,0.7988200589970501,0.8618341156373253,0.041920153562748655,0.8615952626941638,0.034794984207384756,validation,platt
0.0074,1347,60854,384625,348,62201,341.7637362637363,0.021655600392276653,0.7946902654867256,0.8633964788463654,0.04216226367847753,0.8631360499492368,0.03504102240695674,validation,platt
0.0075,1342,60200,385279,353,61542,338.14285714285717,0.0218062461408469,0.791740412979351,0.8648645615169289,0.04244350617518225,0.8645873865654086,0.035326392575534646,validation,platt
0.0076,1337,59535,385944,358,60872,334.46153846153845,0.021964121435142595,0.7887905604719764,0.8663573367094746,0.04273818466603801,0.8660633221072781,0.03562537532555821,validation,platt
0.0077,1330,58892,386587,365,60222,330.8901098901099,0.022084952342997576,0.7846607669616519,0.8678007268580562,0.04296073776184247,0.867485587265807,0.03585167623320251,validation,platt
0.0078,1325,58250,387229,370,59575,327.33516483516485,0.022240872849349558,0.7817109144542773,0.8692418722319122,0.04325118328708993,0.8689100886903085,0.036146407205762426,validation,platt
0.0079,1318,57642,387837,377,58960,323.95604395604397,0.02235413839891452,0.7775811209439528,0.8706066952650967,0.043458906932651885,0.8702540845397988,0.03635773774415074,validation,platt
0.008,1312,57065,388414,383,58377,320.75274725274727,0.0224746047244634,0.7740412979351032,0.8719019302817865,0.04368091623385271,0.8715309924101133,0.03658339068553674,validation,platt
0.0081,1308,56480,388999,387,57788,317.5164835164835,0.02263445698068803,0.7716814159292036,0.8732151234962815,0.04397895196947027,0.8728302629401531,0.03688569345383205,validation,platt
0.0082,1304,55887,389592,391,57191,314.2362637362637,0.022800790334143485,0.7693215339233038,0.8745462749085815,0.04428896511904358,0.874147423597973,0.037200131030430655,validation,platt
0.0083,1297,55263,390216,398,56560,310.7692307692308,0.02293140028288543,0.7651917404129793,0.8759470143373762,0.04452836666380568,0.8755271997030238,0.03744360028712135,validation,platt
0.0084,1292,54669,390810,403,55961,307.47802197802196,0.023087507371204945,0.7622418879056048,0.8772804105244019,0.044817538504231993,0.8768443603608439,0.037737137808394695,validation,platt
0.0085,1289,54114,391365,406,55403,304.4120879120879,0.02326588812880169,0.7604719764011799,0.8785262604971278,0.045150443097831804,0.8780787791776803,0.03807462071767073,validation,platt
0.0086,1287,53533,391946,408,54820,301.2087912087912,0.023476833272528273,0.7592920353982301,0.8798304746127202,0.04554543041670353,0.879373577175775,0.03847478381679975,validation,platt
0.0087,1284,52935,392544,411,54219,297.9065934065934,0.02368173518508272,0.7575221238938054,0.8811728498986484,0.045927674643202056,0.8807041554294301,0.03886222605080085,validation,platt
0.0088,1284,52384,393095,411,53668,294.8791208791209,0.02392487143176567,0.7575221238938054,0.8824097207724719,0.046384769611473364,0.881936337980294,0.039324919596139,validation,platt
0.0089,1278,51833,393646,417,53111,291.81868131868134,0.02406281184688671,0.7539823008849558,0.8836465916462953,0.04663722950041966,0.8831551029353227,0.03958153076330843,validation,platt
0.009,1274,51299,394180,421,52573,288.8626373626374,0.02423297129705362,0.751622418879056,0.884845301349783,0.046952163337510136,0.8843403239007634,0.039901043510288385,validation,platt
0.0091,1271,50749,394730,424,52020,285.8241758241758,0.02443291041906959,0.7498525073746313,0.8860799274488809,0.04732383877873965,0.8855635613877372,0.040277825605070115,validation,platt
0.0092,1267,50194,395285,428,51461,282.75274725274727,0.024620586463535495,0.7474926253687315,0.8873257774216069,0.04767100609526677,0.88679574393860106,0.0406299919042701,validation,platt
0.0093,1264,49623,395856,431,50887,279.5989010989011,0.024839349932202725,0.7457227138643068,0.888607543789943,0.0480772888060553,0.888065943010998,0.041041827713495814,validation,platt
0.0094,1260,49100,396379,435,50360,276.7032967032967,0.025019857029388404,0.7433628318584071,0.8897815609714487,0.04841033522236096,0.8892265650507408,0.04137972478400386,validation,platt
0.0095,1254,48589,396890,441,49843,273.8626373626374,0.025158999257669082,0.7398230088495575,0.8909286408562469,0.048663122356319616,0.8903558793668683,0.041636770254327944,validation,platt
0.0096,1251,48078,397401,444,49329,271.03846153846155,0.02536033570516329,0.7380530973451327,0.892075720741045,0.049035747883349017,0.8914919024809135,0.042014571772621925,validation,platt
0.0097,1247,47586,397893,448,48833,268.3131868131868,0.025536010484713205,0.735693215339233,0.8931801499060562,0.04935877137428752,0.892583200275508,0.04234236513134396,validation,platt
0.0098,1245,47085,398394,450,48330,265.54945054945057,0.025760397268777158,0.7345132743362832,0.894304782043598,0.04977511244377811,0.8936990969958003,0.042764244872262096,validation,platt
0.0099,1242,46599,398880,453,47841,262.8626373626374,0.025960995798582805,0.7327433628318584,0.8953957425602553,0.050145348837209294,0.8947792134605321,0.04313965710082444,validation,platt
0.01,1240,46097,399382,455,47337,260.0934065934066,0.02619515389652914,0.7315634218289085,0.8965226194725229,0.05057921357480829,0.895897346446797,0.043579290820283806,validation,platt
0.011,1199,41637,403842,496,42836,235.36263736263737,0.027990475301148565,0.7073746312684366,0.9065343147488434,0.053850126877905274,0.9057794057794057,0.04689975250255502,validation,platt
0.012,1165,37805,407674,530,38970,214.12087912087912,0.02989479086476777,0.6873156342182891,0.9151362914974668,0.0572974302225501,0.9142727439430736,0.050398621252085114,validation,platt
0.013,1121,34509,410970,574,35630,195.76923076923077,0.03146225091215268,0.6613569321533923,0.9225350689931512,0.060066979236436696,0.9215450808857403,0.05321540539703114,validation,platt
0.014,1099,31606,413873,596,32705,179.6978021978022,0.03360342455282067,0.6483775811209439,0.9290516500216621,0.0638953488372093,0.9279877631525983,0.05709948391444989,validation,platt
0.015,1063,29026,416453,632,30089,165.32417582417582,0.035328525374721656,0.6271386430678466,0.9348431688137937,0.06688900075509689,0.9336768237867139,0.06014397384974301,validation,platt
0.016,1032,26886,418593,663,27918,153.3956043956044,0.03696539866752633,0.6088495575221239,0.939646986726647,0.06969911863033126,0.938393108722779,0.06300237706807776,validation,platt
0.017,994,24826,420653,701,25820,141.86813186813185,0.03849728892331526,0.5864306784660767,0.9442712226614498,0.07225149918226423,0.9429148385192341,0.06560426896596865,validation,platt
0.018,964,23043,422436,731,24007,131.9065934065934,0.04015495480484858,0.568731563421829,0.9482736559972524,0.07501361761730604,0.9468350127690787,0.06841708610390838,validation,platt
0.019,923,21393,424086,772,22316,122.61538461538461,0.04136045886359563,0.5445427728613569,0.9519775342945459,0.0768814293448836,0.950433164718879,0.07033118468079505,validation,platt
0.02,907,20017,425462,788,20924,114.96703296703296,0.04334735232269164,0.5351032448377581,0.9550663443170161,0.08019806357487068,0.9534744864415194,0.0737020764566247,validation,platt
0.021,874,18730,426749,821,19604,107.71428571428571,0.04458273821669047,0.5156342182890855,0.957955369388905,0.08206958073148973,0.9562787639710717,0.07561958586384913,validation,platt
0.022,852,17544,427935,843,18396,101.07692307692308,0.046314416177429873,0.5026548672566372,0.960617672213505,0.0848140958638196,0.9588817775630962,0.07841705047559575,validation,platt
0.023,830,16425,429054,865,17255,94.8076923076923,0.04810199942045784,0.4896755162241888,0.9631295751314877,0.08759894459102902,0.9613349613349613,0.08125699260497828,validation,platt
0.024,810,15440,430039,885,16250,89.28571428571429,0.049846153846153846,0.4778761061946903,0.9653406782362356,0.09027584285316244,0.9634929579984525,0.08398752559826915,validation,platt
0.025,787,14577,430902,908,15364,84.41758241758242,0.05122363967716741,0.46430678466076697,0.9672779188244564,0.09226801102057565,0.9653714214153775,0.0860276901477254,validation,platt
0.026,773,13785,431694,922,14558,79.98901098901099,0.05309795301552411,0.456047197640118,0.9690557804071572,0.09512090075678335,0.9671112363420056,0.08893445863262783,validation,platt
0.027,756,13030,432449,939,13786,75.74725274725274,0.054838241694472656,0.44601769911504424,0.9707505853250097,0.09766810929526516,0.9687616006297325,0.09153514341164337,validation,platt
0.028,728,12374,433105,967,13102,71.98901098901099,0.05556403602503435,0.4294985250737463,0.9722231575450245,0.09839832398459147,0.9701659756604811,0.09230538493065017,validation,platt
0.029,706,11736,433743,989,12442,68.36263736263736,0.056743288860311845,0.41651917404129796,0.973655323819978,0.09987974817853858,0.9715435154995594,0.09383380656867209,validation,platt
0.03,686,11163,434316,1009,11849,65.1043956043956,0.057895181027934846,0.40471976401179943,0.9749415797377654,0.1012994683992912,0.9727801705823684,0.09529930841302965,validation,platt
0.031,671,10651,434828,1024,11322,62.20879120879121,0.059265147500441616,0.3958702064896755,0.9760909043972892,0.10309595144810632,0.9738915947707156,0.09714269603953223,validation,platt
0.032,665,10122,435357,1030,10787,59.26923076923077,0.06164828033744322,0.39233038348082594,0.9772783902271488,0.10655343694920685,0.9750611618743487,0.10066143514477259,validation,platt
0.033,643,9664,435815,1052,10307,56.63186813186813,0.06238478703793538,0.3793510324483776,0.9783064970514884,0.10714880853191135,0.9760361738383716,0.1012979779033657,validation,platt
0.034,627,9267,436212,1068,9894,54.362637362637365,0.06337174044875682,0.36991150442477877,0.9791976726175645,0.10820605746828889,0.9768881911739055,0.1023966268021125,validation,platt
0.035,613,8838,436641,1082,9451,51.92857142857143,0.06486086128452016,0.3616519174041298,0.9801606809748608,0.10999461690292482,0.9778162415525052,0.10423656989056468,validation,platt
0.036,600,8431,437048,1095,9031,49.620879120879124,0.06643782526851955,0.35398230088495575,0.9810743042881932,0.11187768040275965,0.978697330345682,0.10617242683519333,validation,platt
0.037,586,8072,437407,1109,8658,47.57142857142857,0.06768306768306769,0.3457227138643068,0.9818801784146952,0.11320390225055539,0.9794688421062048,0.1075459354734183,validation,platt
0.038,573,7743,437736,1122,8316,45.69230769230769,0.0689033189033189,0.3380530973451327,0.9826187092994283,0.11447407851363499,0.9801755021535241,0.10886224189745353,validation,platt
0.039,557,7385,438094,1138,7942,43.637362637362635,0.07013346764039285,0.3286135693215339,0.9834223386512047,0.11559613987755527,0.9809403051161293,0.11003602706169607,validation,platt
0.04,548,7118,438361,1147,7666,42.120879120879124,0.07148447691103574,0.3233038348082596,0.9840216935029485,0.11708150838585621,0.9815172617370419,0.1115658805810272,validation,platt
0.041,539,6821,438658,1156,7360,40.43956043956044,0.07323369565217391,0.31799410029498526,0.9846883915964614,0.11905024848150193,0.9821613063371305,0.11358829501690815,validation,platt
0.042,529,6536,438943,1166,7065,38.81868131868132,0.07487615003538571,0.31209439528023597,0.9853281523932665,0.12077625570776256,0.9827762794795761,0.11536754087680351,validation,platt
0.043,520,6295,439184,1175,6815,37.44505494505494,0.07630227439471754,0.30678466076696165,0.985869143102144,0.12220916568742657,0.983295093185203,0.116847556822697,validation,platt
0.044,511,6041,439438,1184,6552,36,0.07799145299145299,0.3014749262536873,0.9864393158824546,0.12392385109736874,0.9838429783484729,0.11861541617010431,validation,platt
0.045,500,5820,439659,1195,6320,34.72527472527472,0.07911392405063292,0.2949852507374631,0.9869354110968194,0.12476606363069245,0.9843125942027041,0.11950268343464478,validation,platt
0.046,485,5617,439862,1210,6102,33.527472527472526,0.07948213700426089,0.2861356932153392,0.9873911003661228,0.12440682313710401,0.9847330122055397,0.1191810025466372,validation,platt
0.047,475,5412,440067,1220,5887,32.34615384615385,0.08068625785629353,0.28023598820059,0.9878512791848774,0.12529675547348987,0.985169084070183,0.12011761089407225,validation,platt
0.048,469,5214,440265,1226,5683,31.225274725274726,0.08252683441844097,0.2766961651917404,0.9882957445805526,0.127134724857685,0.9855984471369087,0.1220078491092803,validation,platt
0.049,464,5049,440430,1231,5513,30.291208791208792,0.08416470161436604,0.2737463126843658,0.988666132410282,0.12874583795782463,0.9859562496925134,0.12366463306692063,validation,platt
0.05,454,4863,440616,1241,5317,29.214285714285715,0.08538649614444235,0.26784660766961654,0.9890836605092496,0.12949229891614375,0.9863498325036787,0.12445933019956609,validation,platt
0.051,442,4704,440775,1253,5146,28.274725274725274,0.08589195491643996,0.26076696165191743,0.9894405796906252,0.12922087414120742,0.9866785636016405,0.12422668422324455,validation,platt
0.052,433,4549,440930,1262,4982,27.373626373626372,0.08691288639100762,0.25545722713864305,0.9897885197730981,0.12969896660176725,0.9870050584336298,0.12474813051608313,validation,platt
0.053,422,4413,441066,1273,4835,26.565934065934066,0.08728024819027921,0.24896755162241888,0.9900938091357842,0.12924961715160796,0.9872845916801961,0.1243343768903021,validation,platt
0.054,415,4270,441209,1280,4685,25.74175824175824,0.08858057630736393,0.2448377581120944,0.9904148119215496,0.13009404388714735,0.9875887238524601,0.12522427001091208,validation,platt
0.055,409,4128,441351,1286,4537,24.928571428571427,0.0901476746748953,0.24129793510324485,0.9907335699325894,0.13125802310654686,0.9878928560247242,0.1264367822562013,validation,platt
0.056,403,3987,441492,1292,4390,24.12087912087912,0.09179954441913439,0.2377581120943953,0.9910500831689036,0.1324568611339359,0.9881947519310157,0.1276859651133249,validation,platt
0.057,399,3865,441614,1296,4264,23.428571428571427,0.09357410881801126,0.23539823008849559,0.9913239456854307,0.13391508642389663,0.9884586313157742,0.12919130579660223,validation,platt
0.058,391,3750,441729,1304,4141,22.752747252747252,0.09442163728567979,0.23067846607669618,0.9915820947788785,0.13399588759424266,0.9886979117748349,0.12931233400944897,validation,platt
0.059,382,3625,441854,1313,4007,22.016483516483518,0.0953331669578238,0.22536873156342183,0.9918626916195825,0.13398807435987373,0.9889573186276484,0.12934977258585872,validation,platt
0.06,373,3510,441969,1322,3883,21.335164835164836,0.09605974761782127,0.2200589970501475,0.9921208407130302,0.13373969164575117,0.9891943628207365,0.12914392019941145,validation,platt
0.061,368,3418,442061,1327,3786,20.802197802197803,0.09720021130480719,0.21710914454277286,0.9923273599877884,0.1342820653165481,0.9893889179603466,0.1297248394965595,validation,platt
0.062,362,3330,442149,1333,3692,20.285714285714285,0.09804983748645721,0.2135693215339233,0.992524900163644,0.13439762390941154,0.989572291770094,0.129876789245761,validation,platt
0.063,356,3246,442233,1339,3602,19.791208791208792,0.09883398112159911,0.21002949852507374,0.9927134612405972,0.13441570700396452,0.9897467205159513,0.12993041339499364,validation,platt
0.064,349,3158,442321,1346,3507,19.26923076923077,0.09951525520387795,0.20589970501474927,0.9929110014164528,0.13417916186082277,0.9899278580597262,0.1297313963005301,validation,platt
0.065,336,3081,442398,1359,3417,18.774725274725274,0.09833187006145742,0.19823008849557522,0.9930838490703265,0.13145539906103287,0.9900709790819681,0.12703180047156087,validation,platt
0.066,332,3021,442458,1363,3353,18.423076923076923,0.09901580674023262,0.1958702064896755,0.9932185355538645,0.13153724247226625,0.9901962099764298,0.12714201913435788,validation,platt
0.067,326,2943,442536,1369,3269,17.96153846153846,0.09972468644845518,0.19233038348082596,0.9933936279824638,0.1313456889605157,0.9903572211264519,0.12698729115257756,validation,platt
0.068,319,2860,442619,1376,3179,17.467032967032967,0.10034602076124567,0.1882005899705015,0.9935799442846913,0.13089864587607714,0.9905271773403641,0.12657996307074307,validation,platt
0.069,314,2795,442684,1381,3109,17.082417582417584,0.10099710517851399,0.18525073746312684,0.9937258546418574,0.13072439633638633,0.990661353298716,0.12643857239644163,validation,platt
0.07,307,2717,442762,1388,3024,16.615384615384617,0.10152116402116403,0.18112094395280237,0.9939009470704567,0.13011231193049375,0.9908201281827655,0.12586579285916735,validation,platt
0.071,305,2633,442846,1390,2938,16.142857142857142,0.10381211708645337,0.17994100294985252,0.9940895081474098,0.1316641484998921,0.991003501992513,0.12746952243834522,validation,platt
0.072,302,2563,442916,1393,2865,15.741758241758241,0.10541012216404887,0.17817109144542773,0.9942466423782041,0.1324561403508772,0.9911533318126725,0.12830423088026077,validation,platt
0.073,299,2496,442983,1396,2795,15.357142857142858,0.10697674418604651,0.17640117994100296,0.9943970422848215,0.133184855233853,0.9912964528349144,0.12907487774542248,validation,platt
0.074,295,2433,443046,1400,2728,14.989010989010989,0.10813782991202346,0.17404129793510326,0.9945384630925364,0.13339362423694326,0.9914283925272936,0.1293225607827398,validation,platt
0.075,284,2367,443112,1411,2651,14.565934065934066,0.1071293851376839,0.16755162241887905,0.994686618224428,0.13069489185457892,0.9915513871557827,0.12665631507658193,validation,platt
0.076,277,2319,443160,1418,2596,14.263736263736265,0.10670261941448382,0.16342182890855458,0.9947943674112585,0.1291074341645304,0.9916430740606564,0.12509479295883325,validation,platt
0.077,275,2251,443228,1420,2526,13.87912087912088,0.10886777513855898,0.16224188790560473,0.9949470120926015,0.1303008765695333,0.9917906676148435,0.1263373211801877,validation,platt
0.078,272,2193,443286,1423,2465,13.543956043956044,0.1103448275862069,0.16047197640117994,0.9950772090266882,0.13076923076923078,0.99191366224333255,0.12684696412091057,validation,platt
0.079,263,2126,443353,1432,2389,13.126373626373626,0.11008790288823776,0.15516224188790562,0.9952276089333055,0.1287952987267385,0.9920433656697393,0.12491465313392107,validation,platt
0.08,261,2077,443402,1434,2338,12.846153846153847,0.111633875106929,0.15398230088495576,0.9953376028948615,0.12943218447805607,0.9921484701704482,0.12558932157297595,validation,platt
0.081,254,2019,443460,1441,2273,12.489010989010989,0.1117465904091509,0.14985250737463127,0.9954677998289482,0.1280241935483871,0.9922625197350472,0.12422102616171583,validation,platt
0.082,250,1971,443508,1445,2221,12.203296703296703,0.11256190904997748,0.14749262536873156,0.9955755490157785,0.12768130745658834,0.9923609154378386,0.12391448170605399,validation,platt
0.083,248,1925,443554,1447,2173,11.93956043956044,0.11412793373216751,0.1463126843657817,0.9956788086531576,0.1282316442605998,0.9924593111406298,0.12450299891035486,validation,platt
0.084,243,1868,443611,1452,2111,11.598901098901099,0.11511132164850782,0.1433628318584071,0.9958067608125186,0.12769311613242249,0.9925755969712013,0.12400977567958424,validation,platt
0.085,239,1839,443640,1456,2078,11.417582417582418,0.11501443695861405,0.1410029498525074,0.995871859279562,0.12668963689371854,0.9926315036205146,0.12302806482048499,validation,platt
0.086,232,1797,443682,1463,2029,11.148351648351648,0.11434204041399704,0.1368731563421829,0.9959661398180386,0.12459720730397422,0.9927097729295532,0.12096641843682306,validation,platt
0.087,230,1754,443725,1465,1984,10.901098901098901,0.1159274193548387,0.13569321533923304,0.9960626651312408,0.1250339766240826,0.9928014598344269,0.12144223277772864,validation,platt
0.088,229,1718,443761,1466,1947,10.697802197802197,0.11761684643040575,0.13510324483775812,0.9961434770213635,0.12575507962657884,0.9928797291434655,0.1221975711629683,validation,platt
0.089,227,1681,443798,1468,1908,10.483516483516484,0.1189727463312369,0.13392330383480827,0.996226533686212,0.12600610602275883,0.992957998452504,0.12248326805739543,validation,platt
0.09,223,1642,443837,1472,1865,10.247252747252746,0.1195710455764075,0.13156342182890857,0.9963140799005116,0.1252808988764045,0.9930362677615425,0.12179312093565021,validation,platt
0.091,218,1597,443882,1477,1815,9.972527472527473,0.12011019283746556,0.12861356932153392,0.996415094763165,0.1242165242165242,0.9931257184004437,0.12076988980925593,validation,platt
0.092,217,1566,443913,1478,1783,9.796703296703297,0.12170499158721257,0.128023598820059,0.9964846827796596,0.12478435882691202,0.9931928063796196,0.1213696701846838,validation,platt
0.093,210,1530,443949,1485,1740,9.56043956043956,0.1206896551724138,0.12389380530973451,0.9965654946697824,0.12227074235807861,0.993257658092823,0.1188871565683736,validation,platt
0.094,207,1497,443982,1488,1704,9.362637362637363,0.12147887323943662,0.12212389380530973,0.9966395722357283,0.12180052956751986,0.9933247460719988,0.11845019302503387,validation,platt
0.095,205,1466,444013,1490,1671,9.18131868131868,0.12268102932375823,0.12094395280235988,0.9967091602522229,0.12180629827688651,0.9933895977852022,0.11848877990596146,validation,platt
0.096,201,1432,444047,1494,1633,8.972527472527473,0.12308634415186773,0.11858407079646018,0.9967854825928943,0.12079326923076922,0.9934566857643781,0.11751053631541152,validation,platt
0.097,194,1388,444091,1501,1582,8.692307692307692,0.12262958280657396,0.11445427728613569,0.9968842526808223,0.11840097650289899,0.9935394276053616,0.11516267990743376,validation,platt
0.098,192,1351,444128,1503,1543,8.478021978021978,0.12443292287751134,0.11327433628318584,0.9969673093456706,0.11859172328597899,0.9936176969144002,0.11539605932394673,validation,platt
0.099,186,1324,444155,1509,1510,8.296703296703297,0.12317880794701987,0.10973451327433628,0.9970279182632626,0.11606864274570983,0.9936646584998233,0.11290020962992336,validation,platt
0.1,185,1291,444188,1510,1476,8.10989010989011,0.12533875338753386,0.10914454277286136,0.9971019958292086,0.11668243456322927,0.9937362190109443,0.11355444470734037,validation,platt
0.11,162,1019,444460,1533,1181,6.489010989010989,0.1371718882303133,0.09557522123893805,0.9977125745545806,0.11265646731571627,0.9942930492381041,0.10988550869024433,validation,platt
0.12,136,812,444667,1559,948,5.208791208791209,0.14345991561181434,0.08023598820058997,0.9981772429227865,0.10291335603480892,0.9946978133791321,0.10046738538051635,validation,platt
0.13,108,633,444846,1587,741,4.071428571428571,0.145748987854251,0.06371681415929203,0.9985790575986747,0.08866995073891625,0.9950354895409841,0.08656354311081735,validation,platt
0.14,91,495,444984,1604,586,3.21978021978022,0.1552901023890785,0.05368731563421829,0.998888836510812,0.07978956597983342,0.9953060777236601,0.07799388457183191,validation,platt
0.15,82,377,445102,1613,459,2.521978021978022,0.1786492374727669,0.04837758112094395,0.9991537199284366,0.07613741875580315,0.9955498307146659,0.07464256171742428,validation,platt
0.16,67,304,445175,1628,371,2.0384615384615383,0.18059299191374664,0.03952802359882006,0.9993175884834078,0.06485963213939981,0.9956795341410726,0.06358485232934798,validation,platt
0.17,53,231,445248,1642,284,1.5604395604395604,0.18661971830985916,0.03126843657817109,0.9994814570383789,0.05356240525517938,0.9958114738334518,0.05253163846864587,validation,platt
0.18,43,176,445303,1652,219,1.2032967032967032,0.1963470319634703,0.02536873156342183,0.9996049196482887,0.04493207941483803,0.9959121058022157,0.044102922992928,validation,platt
0.19,35,140,445339,1660,175,0.9615384615384616,0.2,0.02064896755162242,0.9996857315384114,0.0374331550802139,0.9959747212494465,0.03674978066939258,validation,platt
0.2,31,104,445375,1664,135,0.7417582417582418,0.22962962962962963,0.018289085545722714,0.9997665434285342,0.033879781420765025,0.9960462817605674,0.03333917655474285,validation,platt
0.21,24,73,445406,1671,97,0.532967032967033,0.24742268041237114,0.01415929203539823,0.9998361314450288,0.026785714285714284,0.9960999521439082,0.026386189609451174,validation,platt
0.22,20,57,445422,1675,77,0.4230769230769231,0.2597402597402597,0.011799410029498525,0.999872047840639,0.02257336343115124,0.9961267873355786,0.02225127329837724,validation,platt
0.23,14,49,445430,1681,63,0.34615384615384615,0.2222222222222222,0.008259587020648967,0.999890006038444,0.015927189988623434,0.9961312598675236,0.015659772339541852,validation,platt
0.24,11,32,445447,1684,43,0.23626373626373626,0.2558139534883721,0.006489675516224189,0.9999281672087798,0.012658227848101264,0.996162567591139,0.012473006597213102,validation,platt
0.25,6,22,445457,1689,28,0.15384615384615385,0.21428571428571427,0.0035398230088495575,0.9999506149560361,0.006964596633778293,0.9961737489210016,0.006842243767886366,validation,platt
0.26,3,15,445464,1692,18,0.0989010989010989,0.16666666666666666,0.0017699115044247787,0.9999663283791155,0.003502626970227671,0.9961826939848918,0.0034232400322648333,validation,platt
0.27,3,7,445472,1692,10,0.054945054945054944,0.3,0.0017699115044247787,0.9999842865769206,0.003519061583577712,0.996200584112672,0.003474753080658876,validation,platt
0.28,3,5,445474,1692,8,0.04395604395604396,0.375,0.0017699115044247787,0.9999887761263718,0.003523194362889019,0.9962050566446171,0.0034877063932146264,validation,platt
0.29,1,3,445476,1694,4,0.02197802197802198,0.25,5.899705014749262e-4,0.9999932656758231,0.0011771630370806358,0.9962050566446171,0.001159335720327966,validation,platt
0.3,1,2,445477,1694,3,0.016483516483516484,0.3333333333333333,5.899705014749262e-4,0.9999955104505487,0.001177856301531213,0.9962072929105896,0.001164478008597521,validation,platt
0.31,1,2,445477,1694,3,0.016483516483516484,0.3333333333333333,5.899705014749262e-4,0.9999955104505487,0.001177856301531213,0.9962072929105896,0.001164478008597521,validation,platt
0.32,1,2,445477,1694,3,0.016483516483516484,0.3333333333333333,5.899705014749262e-4,0.9999955104505487,0.001177856301531213,0.9962072929105896,0.001164478008597521,validation,platt
0.33,1,2,445477,1694,3,0.016483516483516484,0.3333333333333333,5.899705014749262e-4,0.9999955104505487,0.001177856301531213,0.9962072929105896,0.001164478008597521,validation,platt
0.34,1,1,445478,1694,2,0.01098901098901099,0.5,5.899705014749262e-4,0.9999977552252743,0.0011785503830288745,0.9962095291765621,0.0011696263113935151,validation,platt
0.35,1,1,445478,1694,2,0.01098901098901099,0.5,5.899705014749262e-4,0.9999977552252743,0.0011785503830288745,0.9962095291765621,0.0011696263113935151,validation,platt
0.36,1,1,445478,1694,2,0.01098901098901099,0.5,5.899705014749262e-4,0.9999977552252743,0.0011785503830288745,0.9962095291765621,0.0011696263113935151,validation,platt
0.37,1,1,445478,1694,2,0.01098901098901099,0.5,5.899705014749262e-4,0.9999977552252743,0.0011785503830288745,0.9962095291765621,0.0011696263113935151,validation,platt
0.38,1,0,445479,1694,1,0.005494505494505495,1,5.899705014749262e-4,1,0.0011792452830188679,0.9962117654425346,0.001174780639332723,validation,platt
0.39,1,0,445479,1694,1,0.005494505494505495,1,5.899705014749262e-4,1,0.0011792452830188679,0.9962117654425346,0.001174780639332723,validation,platt
0.4,1,0,445479,1694,1,0.005494505494505495,1,5.899705014749262e-4,1,0.0011792452830188679,0.9962117654425346,0.001174780639332723,validation,platt
0.41,0,0,445479,1695,0,0,NA,0,1,NA,0.9962095291765621,0,validation,platt
0.42,0,0,445479,1695,0,0,NA,0,1,NA,0.9962095291765621,0,validation,platt
0.43,0,0,445479,1695,0,0,NA,0,1,NA,0.9962095291765621,0,validation,platt
0.44,0,0,445479,1695,0,0,NA,0,1,NA,0.9962095291765621,0,validation,platt
0.45,0,0,445479,1695,0,0,NA,0,1,NA,0.9962095291765621,0,validation,platt
0.46,0,0,445479,1695,0,0,NA,0,1,NA,0.9962095291765621,0,validation,platt
0.47,0,0,445479,1695,0,0,NA,0,1,NA,0.9962095291765621,0,validation,platt
0.48,0,0,445479,1695,0,0,NA,0,1,NA,0.9962095291765621,0,validation,platt
0.49,0,0,445479,1695,0,0,NA,0,1,NA,0.9962095291765621,0,validation,platt
0.5,0,0,445479,1695,0,0,NA,0,1,NA,0.9962095291765621,0,validation,platt
0.51,0,0,445479,1695,0,0,NA,0,1,NA,0.9962095291765621,0,validation,platt
0.52,0,0,445479,1695,0,0,NA,0,1,NA,0.9962095291765621,0,validation,platt
0.53,0,0,445479,1695,0,0,NA,0,1,NA,0.9962095291765621,0,validation,platt
0.54,0,0,445479,1695,0,0,NA,0,1,NA,0.9962095291765621,0,validation,platt
0.55,0,0,445479,1695,0,0,NA,0,1,NA,0.9962095291765621,0,validation,platt
0.56,0,0,445479,1695,0,0,NA,0,1,NA,0.9962095291765621,0,validation,platt
0.57,0,0,445479,1695,0,0,NA,0,1,NA,0.9962095291765621,0,validation,platt
0.58,0,0,445479,1695,0,0,NA,0,1,NA,0.9962095291765621,0,validation,platt
0.59,0,0,445479,1695,0,0,NA,0,1,NA,0.9962095291765621,0,validation,platt
0.6,0,0,445479,1695,0,0,NA,0,1,NA,0.9962095291765621,0,validation,platt
0.61,0,0,445479,1695,0,0,NA,0,1,NA,0.9962095291765621,0,validation,platt
0.62,0,0,445479,1695,0,0,NA,0,1,NA,0.9962095291765621,0,validation,platt
0.63,0,0,445479,1695,0,0,NA,0,1,NA,0.9962095291765621,0,validation,platt
0.64,0,0,445479,1695,0,0,NA,0,1,NA,0.9962095291765621,0,validation,platt
0.65,0,0,445479,1695,0,0,NA,0,1,NA,0.9962095291765621,0,validation,platt
0.66,0,0,445479,1695,0,0,NA,0,1,NA,0.9962095291765621,0,validation,platt
0.67,0,0,445479,1695,0,0,NA,0,1,NA,0.9962095291765621,0,validation,platt
0.68,0,0,445479,1695,0,0,NA,0,1,NA,0.9962095291765621,0,validation,platt
0.69,0,0,445479,1695,0,0,NA,0,1,NA,0.9962095291765621,0,validation,platt
0.7,0,0,445479,1695,0,0,NA,0,1,NA,0.9962095291765621,0,validation,platt
0.71,0,0,445479,1695,0,0,NA,0,1,NA,0.9962095291765621,0,validation,platt
0.72,0,0,445479,1695,0,0,NA,0,1,NA,0.9962095291765621,0,validation,platt
0.73,0,0,445479,1695,0,0,NA,0,1,NA,0.9962095291765621,0,validation,platt
0.74,0,0,445479,1695,0,0,NA,0,1,NA,0.9962095291765621,0,validation,platt
0.75,0,0,445479,1695,0,0,NA,0,1,NA,0.9962095291765621,0,validation,platt
0.76,0,0,445479,1695,0,0,NA,0,1,NA,0.9962095291765621,0,validation,platt
0.77,0,0,445479,1695,0,0,NA,0,1,NA,0.9962095291765621,0,validation,platt
0.78,0,0,445479,1695,0,0,NA,0,1,NA,0.9962095291765621,0,validation,platt
0.79,0,0,445479,1695,0,0,NA,0,1,NA,0.9962095291765621,0,validation,platt
0.8,0,0,445479,1695,0,0,NA,0,1,NA,0.9962095291765621,0,validation,platt
0.81,0,0,445479,1695,0,0,NA,0,1,NA,0.9962095291765621,0,validation,platt
0.82,0,0,445479,1695,0,0,NA,0,1,NA,0.9962095291765621,0,validation,platt
0.83,0,0,445479,1695,0,0,NA,0,1,NA,0.9962095291765621,0,validation,platt
0.84,0,0,445479,1695,0,0,NA,0,1,NA,0.9962095291765621,0,validation,platt
0.85,0,0,445479,1695,0,0,NA,0,1,NA,0.9962095291765621,0,validation,platt
0.86,0,0,445479,1695,0,0,NA,0,1,NA,0.9962095291765621,0,validation,platt
0.87,0,0,445479,1695,0,0,NA,0,1,NA,0.9962095291765621,0,validation,platt
0.88,0,0,445479,1695,0,0,NA,0,1,NA,0.9962095291765621,0,validation,platt
0.89,0,0,445479,1695,0,0,NA,0,1,NA,0.9962095291765621,0,validation,platt
0.9,0,0,445479,1695,0,0,NA,0,1,NA,0.9962095291765621,0,validation,platt
0.905,0,0,445479,1695,0,0,NA,0,1,NA,0.9962095291765621,0,validation,platt
0.91,0,0,445479,1695,0,0,NA,0,1,NA,0.9962095291765621,0,validation,platt
0.915,0,0,445479,1695,0,0,NA,0,1,NA,0.9962095291765621,0,validation,platt
0.92,0,0,445479,1695,0,0,NA,0,1,NA,0.9962095291765621,0,validation,platt
0.925,0,0,445479,1695,0,0,NA,0,1,NA,0.9962095291765621,0,validation,platt
0.93,0,0,445479,1695,0,0,NA,0,1,NA,0.9962095291765621,0,validation,platt
0.935,0,0,445479,1695,0,0,NA,0,1,NA,0.9962095291765621,0,validation,platt
0.94,0,0,445479,1695,0,0,NA,0,1,NA,0.9962095291765621,0,validation,platt
0.945,0,0,445479,1695,0,0,NA,0,1,NA,0.9962095291765621,0,validation,platt
0.95,0,0,445479,1695,0,0,NA,0,1,NA,0.9962095291765621,0,validation,platt
0.955,0,0,445479,1695,0,0,NA,0,1,NA,0.9962095291765621,0,validation,platt
0.96,0,0,445479,1695,0,0,NA,0,1,NA,0.9962095291765621,0,validation,platt
0.965,0,0,445479,1695,0,0,NA,0,1,NA,0.9962095291765621,0,validation,platt
0.97,0,0,445479,1695,0,0,NA,0,1,NA,0.9962095291765621,0,validation,platt
0.975,0,0,445479,1695,0,0,NA,0,1,NA,0.9962095291765621,0,validation,platt
0.98,0,0,445479,1695,0,0,NA,0,1,NA,0.9962095291765621,0,validation,platt
0.985,0,0,445479,1695,0,0,NA,0,1,NA,0.9962095291765621,0,validation,platt
0.99,0,0,445479,1695,0,0,NA,0,1,NA,0.9962095291765621,0,validation,platt
0.991,0,0,445479,1695,0,0,NA,0,1,NA,0.9962095291765621,0,validation,platt
0.992,0,0,445479,1695,0,0,NA,0,1,NA,0.9962095291765621,0,validation,platt
0.993,0,0,445479,1695,0,0,NA,0,1,NA,0.9962095291765621,0,validation,platt
0.994,0,0,445479,1695,0,0,NA,0,1,NA,0.9962095291765621,0,validation,platt
0.995,0,0,445479,1695,0,0,NA,0,1,NA,0.9962095291765621,0,validation,platt
0.996,0,0,445479,1695,0,0,NA,0,1,NA,0.9962095291765621,0,validation,platt
0.997,0,0,445479,1695,0,0,NA,0,1,NA,0.9962095291765621,0,validation,platt
0.998,0,0,445479,1695,0,0,NA,0,1,NA,0.9962095291765621,0,validation,platt
0.999,0,0,445479,1695,0,0,NA,0,1,NA,0.9962095291765621,0,validation,platt
1e-4,5245,1009315,312219,1,1014560,1878.8148148148148,0.005169728749408611,0.9998093785741518,0.23625498852091584,0.010286270133731318,0.23927403186662446,0.0024382642333882006,test,platt
2e-4,5229,848282,473252,17,853511,1580.575925925926,0.006126458827127008,0.9967594357605795,0.35810807743122763,0.01217806667078114,0.36063326248511435,0.004352717758595726,test,platt
3e-4,5222,749649,571885,24,754871,1397.9092592592592,0.006917738262564067,0.9954250857796416,0.4327433119390042,0.013739990027850976,0.43496811830145166,0.005933295445022749,test,platt
4e-4,5209,679894,641640,37,685103,1268.7092592592592,0.007603236301694781,0.9929470072436142,0.4855266682506844,0.015090917782165253,0.4875329745700116,0.007300435103339876,test,platt
5e-4,5193,627481,694053,53,632674,1171.6185185185186,0.008208018663640359,0.9898970644300419,0.52518739585966,0.016281038374717834,0.527024827024827,0.008504904932239613,test,platt
6e-4,5180,586466,735068,66,591646,1095.6407407407407,0.00875523539413771,0.9874189858940144,0.5562232980763264,0.017356573718528643,0.5579282171874764,0.009593404300281414,test,platt
7e-4,5164,553231,768303,82,558395,1034.0648148148148,0.009247933810295579,0.9843690430804423,0.5813721024203691,0.018323720240365764,0.5829655255581182,0.010572280359630799,test,platt
8e-4,5141,526016,795518,105,531157,983.6240740740741,0.009678870842330987,0.9799847502859321,0.6019655945287825,0.0191684237411051,0.6034602571639609,0.011427377606767219,test,platt
9e-4,5125,502865,818669,121,507990,940.7222222222222,0.010088781275221953,0.97693480747236,0.6194838725299538,0.019971319237154058,0.6208972097860986,0.012240085297827321,test,platt
0.001,5101,482909,838625,145,488010,903.7222222222222,0.01045265465871601,0.9723598932520016,0.6345845055821492,0.020682971925328832,0.6359200470311581,0.012960609232266072,test,platt
0.0011,5082,465011,856523,164,470093,870.5425925925925,0.010810626833413814,0.9687380861608845,0.6481278574747226,0.021382634288371036,0.6493955290251586,0.013668940207322303,test,platt
0.0012,5054,449051,872483,192,454105,840.9351851851852,0.011129584567445856,0.963400686237133,0.6602047317738325,0.02200495917065599,0.6614035484405855,0.014299188188861264,test,platt
0.0013,5035,434822,886712,211,439857,814.55,0.011446902061351757,0.959778879146016,0.670971764631103,0.022623976922195532,0.6721136887803555,0.014925953485214909,test,platt
0.0014,5013,422048,899486,233,427061,790.8537037037037,0.01173836992841772,0.9555852077773542,0.6806378042486989,0.02319185208659587,0.6817249280212243,0.01550103871405804,test,platt
0.0015,5000,410122,911412,246,415122,768.7444444444444,0.01204465193364842,0.9531071292413267,0.6896621653321064,0.023788680394321166,0.6907038092223278,0.016105268737867717,test,platt
0.0016,4981,398927,922607,265,403908,747.9777777777778,0.0123320162017093,0.9494853221502096,0.6981333813583306,0.02434780058364332,0.6991272102383214,0.016671470182694777,test,platt
0.0017,4960,388701,932833,286,393661,729.0018518518518,0.01259967332298602,0.9454822722073961,0.7058713585878229,0.024867951677960024,0.7068187642261716,0.01719829362778588,test,platt
0.0018,4947,379099,942435,299,384046,711.1962962962963,0.012881269431266046,0.9430041936713687,0.71313715727329,0.025415369439906292,0.7140460362682585,0.017752559773412165,test,platt
0.0019,4933,370194,951340,313,375127,694.6796296296296,0.013150213127820711,0.940335493709493,0.7198755385786518,0.025937697996440336,0.7207472225990744,0.018281467545336976,test,platt
0.002,4918,361805,959729,328,366723,679.1166666666667,0.013410666906629799,0.9374761723217689,0.7262234645495311,0.02644306380370407,0.7270587437254104,0.018793242369824964,test,platt
0.0021,4910,354034,967500,336,358944,664.7111111111111,0.013679013996612284,0.9359512009149829,0.7321037521546929,0.026963947390098573,0.73290975142827,0.01932057337412442,test,platt
0.0022,4895,346668,974866,351,351563,651.0425925925925,0.013923535753193595,0.9330918795272589,0.7376775777240692,0.027437648714017864,0.7384502328946774,0.019800323540040004,test,platt
0.0023,4876,339496,982038,370,344372,637.7259259259259,0.014159107012184499,0.9294700724361418,0.743104604194822,0.027893300688179672,0.7438414808785179,0.0202619149700261,test,platt
0.0024,4861,332882,988652,385,337743,625.45,0.014392600290753621,0.9266107510484178,0.748109394082937,0.028344932344769074,0.7488151765929544,0.020719355515663042,test,platt
0.0025,4846,326574,994960,400,331420,613.7407407407408,0.014621929877496833,0.9237514296606939,0.7528826348773471,0.028788175818169937,0.753558238743424,0.021168318538337817,test,platt
0.0026,4834,320449,1001085,412,325283,602.3759259259259,0.014860905734391285,0.9214639725505147,0.7575174002333651,0.029250080930871423,0.75816563409156,0.02163610357955757,test,platt
0.0027,4816,314581,1006953,430,319397,591.4759259259259,0.01507841338522278,0.9180327868852459,0.7619576946185267,0.02966951389680357,0.7625748051673977,0.02206106915868027,test,platt
0.0028,4805,309041,1012493,441,313846,581.1962962962963,0.015310056524537511,0.915935951200915,0.766149792589521,0.03011670615371115,0.7667420371124075,0.022513957865458966,test,platt
0.0029,4791,303773,1017761,455,308564,571.4148148148148,0.01552676268132381,0.9132672512390393,0.7701360691438889,0.030534399796054938,0.7707020003316299,0.022937080586046817,test,platt
0.003,4774,298697,1022837,472,303471,561.9833333333333,0.015731321938504832,0.9100266869996188,0.7739770599924027,0.030928002021268674,0.7745149911816579,0.023335914006608463,test,platt
0.0031,4760,293849,1027685,486,298609,552.9796296296296,0.015940577812457092,0.9073579870377431,0.7776455240652151,0.03133073340902733,0.7781583985287689,0.023743916124992926,test,platt
0.0032,4748,289129,1032405,498,293877,544.2166666666667,0.016156419182174857,0.9050705299275639,0.7812171310007915,0.03174613787639199,0.7817068391142465,0.02416469825504116,test,platt
0.0033,4725,284625,1036909,521,289350,535.8333333333334,0.016329704510108865,0.9006862371330537,0.7846252915172822,0.03207782861953319,0.7850841887878925,0.02450108138943397,test,platt
0.0034,4708,280095,1041439,538,284803,527.412962962963,0.016530724746579215,0.8974456728936332,0.788053126139774,0.0324634803084996,0.7884856570041755,0.024891921370281022,test,platt
0.0035,4692,275863,1045671,554,280555,519.5462962962963,0.016723993512858443,0.894395730080061,0.7912554652396382,0.03283403487041683,0.7916632749966084,0.025267464118106476,test,platt
0.0036,4679,271609,1049925,567,276288,511.64444444444445,0.016935227009497338,0.8919176515440336,0.7944744516599649,0.033239324557602284,0.7948597356004763,0.025678084810405444,test,platt
0.0037,4664,267503,1054031,582,272167,504.01296296296294,0.017136537493524198,0.8890583301563095,0.7975814470153625,0.03362495629260345,0.7979431405357331,0.026068881197235525,test,platt
0.0038,4648,263529,1058005,598,268177,496.6240740740741,0.01733183680927149,0.8860083873427373,0.8005885584479855,0.03399860289734221,0.8009263027781546,0.02644759045820529,test,platt
0.0039,4633,259802,1061732,613,264435,489.69444444444446,0.017520373626789192,0.8831490659550133,0.8034087658735984,0.03435911317445427,0.8037240537240538,0.026812983590098573,test,platt
0.004,4621,256016,1065518,625,260637,482.6611111111111,0.017729639306775322,0.8808616088448341,0.806273618385906,0.03475964992120594,0.8065685343463121,0.027218804641742884,test,platt
0.0041,4604,252442,1069092,642,257046,476.0111111111111,0.01791119099305183,0.8776210446054137,0.8089780512646667,0.035105912494471814,0.8092494611013129,0.02756986582154779,test,platt
0.0042,4586,248934,1072600,660,253520,469.48148148148147,0.01808930261912275,0.8741898589401449,0.81163254218204,0.035445151217702475,0.8118798896576674,0.027913865432682355,test,platt
0.0043,4568,245463,1076071,678,250031,463.02037037037036,0.01826973455291544,0.8707586732748761,0.814259035333181,0.03578857476388394,0.8144824311490978,0.02826211628143119,test,platt
0.0044,4560,242139,1079395,686,246699,456.85,0.018484063575450245,0.86923370186809,0.8167742941157776,0.03619837662981999,0.8169817151298633,0.02867722084021452,test,platt
0.0045,4543,238844,1082690,703,243387,450.71666666666664,0.018665746321701652,0.8659931376286695,0.8192676087032191,0.03654382161659956,0.8194523583412472,0.029027507882572474,test,platt
0.0046,4534,235629,1085905,712,240163,444.7462962962963,0.018878844784583803,0.864277544796035,0.8217003875798882,0.036950560085408445,0.8218687348316978,0.0294395635142724,test,platt
0.0047,4519,232521,1089013,727,237040,438.962962962963,0.01906429294633817,0.8614182234083111,0.8240521999433991,0.03730302204832305,0.8241999427184612,0.02979690487183798,test,platt
0.0048,4503,229476,1092058,743,233979,433.2944444444444,0.01924531688741297,0.8583682805947388,0.8263563404346767,0.03764656703939805,0.8264829135199505,0.030145269862401045,test,platt
0.0049,4482,226493,1095041,764,230975,427.73148148148147,0.019404697478082045,0.8543652306519253,0.8286135657501056,0.03794751525054928,0.8287153861227935,0.03045071867506871,test,platt
0.005,4472,223543,1097991,774,228015,422.25,0.01961274477556301,0.8524590163934426,0.8308458200848408,0.03834331499907828,0.8309312772275735,0.030851779301356054,test,platt
0.0051,4462,220734,1100800,784,225196,417.02962962962965,0.01981385104531164,0.85055280213496,0.8329713802293396,0.03872557953845219,0.833040896003859,0.03123914582762336,test,platt
0.0052,4453,217941,1103593,793,222394,411.8407407407407,0.020023022203836435,0.8488372093023255,0.8350848332316838,0.039123176946055174,0.8351392092132833,0.031642002208713695,test,platt
0.0053,4447,215144,1106390,799,219591,406.65,0.020251285344117017,0.8476934807472359,0.8372013130195667,0.0395575461334211,0.8372427983539095,0.032081969459075176,test,platt
0.0054,4432,212330,1109204,814,216762,401.4111111111111,0.020446388204574603,0.844834159359512,0.8393306566459887,0.03992648913552665,0.8393524171301949,0.03245607668601103,test,platt
0.0055,4421,209644,1111890,825,214065,396.4166666666667,0.020652605517015858,0.8427373236751811,0.8413631431351747,0.0403171751530931,0.8413685765537617,0.032852042409760605,test,platt
0.0056,4410,207089,1114445,836,211499,391.6648148148148,0.02085116241684358,0.8406404879908502,0.8432965023979708,0.04069298023022446,0.8432860006934081,0.03323295261528307,test,platt
0.0057,4401,204640,1116894,845,209041,387.11296296296297,0.02105328619744452,0.8389248951582158,0.8451496518439934,0.041075753545478724,0.845125039569484,0.0336208406991157,test,platt
0.0058,4391,202224,1119310,855,206615,382.6203703703704,0.021252087215352225,0.8370186808997331,0.8469778303093224,0.04145170654344122,0.846938452494008,0.034001874546027155,test,platt
0.0059,4380,199779,1121755,866,204159,378.0722222222222,0.021453866839081303,0.8349218452154022,0.8488279529698063,0.041832812014994863,0.8487729691433396,0.034388176788521636,test,platt
0.006,4362,197425,1124109,884,201787,373.67962962962963,0.021616853414739304,0.8314906595501335,0.8506092162592865,0.04213820985060353,0.850533622755845,0.03469815546749514,test,platt
0.0061,4348,195136,1126398,898,199484,369.4148148148148,0.021796234284453892,0.8288219595882578,0.8523412942837642,0.042475455477946567,0.8522483003964485,0.035040212548894153,test,platt
0.0062,4336,192902,1128632,910,197238,365.25555555555553,0.02198359342520204,0.8265345024780786,0.8540317540070858,0.042828075304715434,0.8539230317008095,0.035397755398582344,test,platt
0.0063,4320,190660,1130874,926,194980,361.0740740740741,0.022156118576264233,0.8234845596645063,0.8557282673014844,0.04315123909981721,0.855600777823,0.03572567306695781,test,platt
0.0064,4312,188521,1133013,934,192833,357.09814814814814,0.02236131782423133,0.8219595882577202,0.8573468408682637,0.04353818425981553,0.8572069220217369,0.03611780252498507,test,platt
0.0065,4299,186402,1135132,947,190701,353.15,0.02254314345493731,0.8194815097216928,0.8589502805073498,0.043879212235961765,0.8587942236090385,0.036463688948322595,test,platt
0.0066,4284,184269,1137265,962,188553,349.1722222222222,0.022720402221126156,0.8166221883339687,0.8605643138958211,0.04421075444145739,0.860390569649829,0.036800080280124235,test,platt
0.0067,4269,182080,1139454,977,186349,345.0907407407407,0.022908628433745283,0.8137628669462448,0.8622207222818331,0.04456274954983167,0.8620291231402343,0.03715719388266317,test,platt
0.0068,4258,180070,1141464,988,184328,341.34814814814814,0.02310012586259277,0.8116660312619138,0.8637416820149917,0.04492177197294988,0.8635357783505931,0.03752123797773684,test,platt
0.0069,4247,177965,1143569,999,182212,337.42962962962963,0.02330801483985687,0.8095691955775829,0.8653345279046926,0.04531148310554897,0.8651140354844059,0.03791636372223739,test,platt
0.007,4234,175966,1145568,1012,180200,333.7037037037037,0.023496115427302997,0.8070911170415555,0.86684716397762,0.04566288838799435,0.8666108925368184,0.03827281803196345,test,platt
0.0071,4218,174014,1147520,1028,178232,330.05925925925925,0.02366578392207909,0.8040411742279833,0.8683242353204685,0.04597826442407264,0.8680700643663607,0.038592960944866625,test,platt
0.0072,4207,172152,1149382,1039,176359,326.5907407407407,0.023854750820769,0.8019443385436523,0.869733203988698,0.046331323476776515,0.8694651713170232,0.03895101154762765,test,platt
0.0073,4193,170235,1151299,1053,174428,323.0148148148148,0.02403857178893297,0.7992756385817766,0.8711837909580835,0.04667341963778844,0.870899470899471,0.039298131949092686,test,platt
0.0074,4180,168371,1153163,1066,172551,319.5388888888889,0.02422472196625925,0.7967975600457491,0.8725942730190823,0.04701991597158557,0.8722945778501334,0.03964966785772609,test,platt
0.0075,4163,166451,1155083,1083,170614,315.95185185185187,0.024400107845780533,0.7935569958063287,0.8740471300776219,0.04734447856249289,0.8737288774325811,0.03997922687449959,test,platt
0.0076,4147,164678,1156856,1099,168825,312.6388888888889,0.024563897527025026,0.7905070529927564,0.8753887527676171,0.04764722440843104,0.8750531361642473,0.04028665805380742,test,platt
0.0077,4138,162929,1158605,1108,167067,309.3833333333333,0.02476850604847157,0.788791460160122,0.8767122147443804,0.04802887768189283,0.8763645819201374,0.040673611622241354,test,platt
0.0078,4128,161213,1160321,1118,165341,306.18703703703704,0.024966584210812805,0.7868852459016393,0.8780107057404501,0.048397591844630605,0.8776504017244758,0.04104752858877262,test,platt
0.0079,4119,159401,1162133,1127,163520,302.81481481481484,0.02518957925636008,0.785169653069005,0.8793818395894468,0.04881314956804096,0.8790093308611827,0.04146883065994728,test,platt
0.008,4109,157745,1163789,1137,161854,299.72962962962964,0.025387077242453076,0.7832634388105223,0.8806349288024372,0.04918013165769001,0.8802499283980766,0.04184101264880776,test,platt
0.0081,4096,156134,1165400,1150,160230,296.72222222222223,0.025563252824065404,0.7807853602744949,0.881853966678118,0.04950566849573352,0.8814543481210148,0.0421714139570025,test,platt
0.0082,4082,154509,1167025,1164,158591,293.68703703703704,0.02573916552641701,0.7781166603126192,0.8830835983031841,0.049830013977306714,0.8826685660018994,0.04250068206429094,test,platt
0.0083,4063,152945,1168589,1183,157008,290.75555555555553,0.025877662284724344,0.7744948532215021,0.884267071448786,0.05008197024418504,0.8838330393885949,0.0427569648285608,test,platt
0.0084,4053,151422,1170112,1193,155475,287.9166666666667,0.026068499758803668,0.7725886389630194,0.8854195200426171,0.0504352262616584,0.8849733942326535,0.04311529644049416,test,platt
0.0085,4037,149894,1171640,1209,153931,285.0574074074074,0.02622603634095796,0.7695386961494471,0.8865757521183715,0.05072340853263976,0.8861129953722546,0.0434081137082408,test,platt
0.0086,4027,148337,1173197,1219,152364,282.15555555555557,0.026430127851723505,0.7676324818909646,0.8877539283892809,0.051100818475985035,0.8872789761678651,0.0437909288146039,test,platt
0.0087,4007,146877,1174657,1239,150884,279.4148148148148,0.026556825110681054,0.7638200533739993,0.8888587051108787,0.0513290206878883,0.8883643105865328,0.04402329257720193,test,platt
0.0088,3998,145366,1176168,1248,149364,276.6,0.026766824669933853,0.7621044605413648,0.890002073348094,0.05171722398292478,0.8894963746815598,0.044417000833138987,test,platt
0.0089,3981,143889,1177645,1265,147870,273.8333333333333,0.026922296611888823,0.7588638963019443,0.8911197139082309,0.05199979100812456,0.8905967831893757,0.04470426343952549,test,platt
0.009,3968,142455,1179079,1278,146423,271.1537037037037,0.02709956769086824,0.7563858177659168,0.8922048165238277,0.05232446973343268,0.8916677972233528,0.04503392825586578,test,platt
0.0091,3945,141000,1180534,1301,144945,268.4166666666667,0.027217220324950844,0.7520015249714068,0.8933058097635022,0.05253310784268032,0.8927471020063613,0.04524676108249372,test,platt
0.0092,3932,139619,1181915,1314,143551,265.8351851851852,0.027390962097094414,0.7495234464353794,0.894350807470712,0.0528505279004281,0.8937781697040956,0.04556911097501895,test,platt
0.0093,3920,138145,1183389,1326,142065,263.0833333333333,0.0275930032027593,0.7472359893252002,0.895466177941695,0.053220737080055126,0.8948800856208263,0.04594487003031265,test,platt
0.0094,3912,136748,1184786,1334,140660,260.48148148148147,0.027811744632447035,0.745711017918414,0.8965232827910595,0.05362356585746988,0.8959269811121663,0.04635340045149802,test,platt
0.0095,3900,135392,1186142,1346,139292,257.94814814814816,0.027998736467277373,0.7434235608082348,0.8975493630886531,0.05396504725400933,0.8969399599029229,0.04670009021092057,test,platt
0.0096,3889,134128,1187406,1357,138017,255.58703703703705,0.028177688255794576,0.741326725123904,0.8985058273188582,0.05429175711802768,0.8978843515880552,0.04703176191774581,test,platt
0.0097,3877,132865,1188669,1369,136742,253.22592592592594,0.02835266414122947,0.7390392680137248,0.8994615348526788,0.05461024875341578,0.8988272358642729,0.047355194657671115,test,platt
0.0098,3862,131622,1189912,1384,135484,250.8962962962963,0.028505210947418147,0.7361799466260007,0.9004021084588062,0.0548852412420948,0.8997527849379702,0.047634803895970385,test,platt
0.0099,3850,130354,1191180,1396,134204,248.52592592592592,0.028687669518047153,0.7338924895158215,0.9013615994745501,0.0552169236285407,0.9006994377364748,0.04797162652067671,test,platt
0.01,3841,129167,1192367,1405,133008,246.3111111111111,0.02887796222783592,0.7321768966831872,0.9022597980831367,0.055564395966843635,0.9015873015873016,0.0483242314449926,test,platt
0.011,3727,117758,1203776,1519,121485,224.97222222222223,0.03067868461126888,0.710446054136485,0.9108929471356771,0.05881749532474296,0.9101003934337267,0.05162834229200665,test,platt
0.012,3618,107670,1213864,1628,111288,206.0888888888889,0.03251024369204227,0.689668318719024,0.918526500264087,0.06209346628451783,0.9176216102142029,0.0549566125354542,test,platt
0.013,3527,98915,1222619,1719,102442,189.7074074074074,0.03442923800784834,0.6723217689668318,0.9251513771117504,0.0655040487333779,0.9241517056331872,0.05842089093210716,test,platt
0.014,3405,91201,1230333,1841,94606,175.1962962962963,0.03599137475424392,0.6490659550133435,0.9309885330229869,0.06820093738733325,0.9298738298738298,0.06116681842617447,test,platt
0.015,3317,84386,1237148,1929,87703,162.41296296296295,0.03782082710967698,0.6322912695386962,0.9361454188844176,0.07137247307663343,0.9349439997588146,0.06439138195642435,test,platt
0.016,3230,78333,1243201,2016,81563,151.0425925925926,0.0396012898005223,0.6157072054898971,0.9407257021007405,0.07441624716331258,0.9394406005517116,0.06748769686686636,test,platt
0.017,3161,72973,1248561,2085,76134,140.98888888888888,0.041518900885281214,0.6025543271063668,0.9447815947224968,0.07768493487343327,0.9434284508358582,0.07081069742855677,test,platt
0.018,3084,68406,1253128,2162,71490,132.38888888888889,0.043138900545530844,0.5878764773160503,0.9482374271112207,0.08037948290241868,0.9468125838496209,0.07355412297220226,test,platt
0.019,2995,64120,1257414,2251,67115,124.28703703703704,0.04462489756388289,0.5709111704155547,0.9514806278158564,0.08277939774187754,0.9499758814573629,0.07600227577408601,test,platt
0.02,2919,60215,1261319,2327,63134,116.91481481481482,0.04623499223873032,0.5564239420510866,0.9544355271979381,0.08537584088914889,0.9528618158247788,0.07864888248858996,test,platt
0.021,2848,56717,1264817,2398,59565,110.30555555555556,0.04781331318727441,0.5428898208158597,0.9570824511514648,0.08788631559457499,0.9554447610003166,0.08120874261151828,test,platt
0.022,2778,53580,1267954,2468,56358,104.36666666666666,0.04929202597679123,0.5295463210064811,0.9594562077101308,0.0901889487695604,0.9577563725711874,0.08355899440084302,test,platt
0.023,2725,50656,1270878,2521,53381,98.8537037037037,0.051048125737622,0.519443385436523,0.961668787938865,0.09296058130213042,0.9599202580684062,0.0863822929321955,test,platt
0.024,2667,48001,1273533,2579,50668,93.82962962962964,0.05263677271650746,0.5083873427373237,0.9636778168401267,0.09539650177057625,0.9618776285442953,0.08886738920215538,test,platt
0.025,2610,45546,1275988,2636,48156,89.17777777777778,0.054198853725392473,0.49752192146397256,0.9655355064644572,0.09774914797198607,0.96368501183316,0.09126895988009227,test,platt
0.026,2561,43261,1278273,2685,45822,84.85555555555555,0.055890183754528394,0.48818147159740755,0.9672645577033963,0.10029764235920734,0.9653702949999247,0.0938681609110558,test,platt
0.027,2518,41245,1280289,2728,43763,81.0425925925926,0.05753718894956927,0.4799847502859321,0.9687900576148627,0.10275663653614642,0.966857353894391,0.09637578750464447,test,platt
0.028,2459,39380,1282154,2787,41839,77.47962962962963,0.058772915222639166,0.46873808616088447,0.9702012963722462,0.10444940002123819,0.9682185441444701,0.09811200625696061,test,platt
0.029,2404,37563,1283971,2842,39967,74.01296296296296,0.060149623439337455,0.4582539077392299,0.9715762137031662,0.10634109658726472,0.9695465713984233,0.10005015142064733,test,platt
0.03,2350,35950,1285584,2896,38300,70.92592592592592,0.06135770234986945,0.44796035074342355,0.9727967649716163,0.10793184218986818,0.9707215966475226,0.10168387026931756,test,platt
0.031,2304,34424,1287110,2942,36728,68.01481481481481,0.06273143106077107,0.43919176515440334,0.9739514836546014,0.10978224615238004,0.9718370792444867,0.10357944162488575,test,platt
0.032,2253,32966,1288568,2993,35219,65.22037037037038,0.06397115193503507,0.4294700724361418,0.9750547469834299,0.11135549240084024,0.9728975414160599,0.10519685916658109,test,platt
0.033,2215,31516,1290018,3031,33731,62.464814814814815,0.06566659749192137,0.42222645825390775,0.976151956741181,0.11365677194242758,0.9739617721099203,0.1075492585517618,test,platt
0.034,2178,30205,1291329,3068,32383,59.96851851851852,0.06725751165735108,0.41517346549752193,0.9771439857014651,0.11576177947859363,0.9749219915886582,0.10970295037855016,test,platt
0.035,2139,29032,1292502,3107,31171,57.724074074074075,0.06862147508902505,0.40773922988943956,0.9780315905606666,0.1174726089463712,0.9757766924433591,0.11145832766777829,test,platt
0.036,2101,27853,1293681,3145,29954,55.47037037037037,0.07014088268678641,0.4004956157072055,0.978923735598176,0.119375,0.9766366692292618,0.11340883960904384,test,platt
0.037,2057,26831,1294703,3189,28888,53.49629629629629,0.07120603710883412,0.3921082729698818,0.9796970793032945,0.12052498974629403,0.977373792188607,0.11459942900106138,test,platt
0.038,2013,25826,1295708,3233,27839,51.553703703703704,0.07230863177556665,0.38372093023255816,0.9804575591698738,0.12168656490856884,0.9780981021721763,0.11580313166602531,test,platt
0.039,1969,24874,1296660,3277,26843,49.70925925925926,0.07335245687888835,0.3753335874952345,0.9811779341280663,0.1227211817133597,0.9787824658195029,0.11687927915742412,test,platt
0.04,1932,23943,1297591,3314,25875,47.916666666666664,0.07466666666666667,0.36828059473884867,0.981882418462181,0.12416053468718874,0.9794562776044258,0.11836390518702382,test,platt
0.041,1909,23030,1298504,3337,24939,46.18333333333333,0.07654677412887445,0.36389630194433853,0.982573282261372,0.1264866655623654,0.980127074571519,0.12074201599460826,test,platt
0.042,1871,22193,1299341,3375,24064,44.56296296296296,0.07775099734042554,0.35665268776210446,0.9832066371353291,0.12766973729102696,0.9807292844329881,0.12196912963867788,test,platt
0.043,1849,21375,1300159,3397,23224,43.007407407407406,0.07961591457113332,0.3524590163934426,0.9838256147779777,0.1298911134527573,0.981329233181085,0.12424183323573486,test,platt
0.044,1817,20624,1300910,3429,22441,41.55740740740741,0.08096787130698276,0.34635913076629815,0.9843938937628544,0.13125293459024093,0.9818711466859615,0.1256487607237272,test,platt
0.045,1790,19904,1301630,3456,21694,40.17407407407408,0.08251129344519222,0.34121235226839497,0.9849387151598067,0.13288789903489237,0.9823934638749453,0.12733076237469973,test,platt
0.046,1760,19168,1302366,3486,20928,38.75555555555555,0.08409785932721713,0.335493709492947,0.9854956436989135,0.1344846030411859,0.9829255792218755,0.12897720437190052,test,platt
0.047,1720,18504,1303030,3526,20224,37.45185185185185,0.085047468354430375,0.32786885245901637,0.9859980900983252,0.13506085590891242,0.9833958908032983,0.12959549802360007,test,platt
0.048,1683,17890,1303644,3563,19573,36.24629629629629,0.08598579676084402,0.3208158597026306,0.9864627016785039,0.13562190257464038,0.9838307782752227,0.13019748465595055,test,platt
0.049,1660,17297,1304237,3586,18957,35.105555555555554,0.08756659809041516,0.31643156690812047,0.986911422634605,0.13717307771763831,0.9842603898159453,0.13179556090418093,test,platt
0.05,1641,16739,1304795,3605,18380,34.03703703703704,0.08928182807399347,0.31280975981700343,0.987333659217243,0.13891475493100822,0.9846666365184884,0.13358458761084208,test,platt
0.051,1612,16210,1305324,3634,17822,33.00370370370371,0.09045000561104254,0.30728173846740375,0.987733951604726,0.13976070747355643,0.9850434887471925,0.13447276648966286,test,platt
0.052,1587,15690,1305844,3659,17277,31.994444444444444,0.09185622503906929,0.3025162028211971,0.9881274337247471,0.14092261244061627,0.9854165724536095,0.135679656633348,test,platt
0.053,1557,15180,1306354,3689,16737,30.994444444444444,0.09302742426958237,0.29679756004574914,0.9885133488809217,0.14165491516171588,0.9857783505931654,0.136455737899419,test,platt
0.054,1534,14672,1306862,3712,16206,30.011111111111113,0.09465630013575219,0.29241326725123906,0.988897750644327,0.14301696811486106,0.9861438972550084,0.13786655691111696,test,platt
0.055,1511,14201,1307333,3735,15712,29.096296296296295,0.09616853360488799,0.2880289744567289,0.9892541546414999,0.14419314820116425,0.9864815568519272,0.13908928396324577,test,platt
0.056,1480,13724,1307810,3766,15204,28.155555555555555,0.09734280452512496,0.2821197102554327,0.9896150988169808,0.14474327628361858,0.9868177090399313,0.13968524764159496,test,platt
0.057,1453,13295,1308239,3793,14748,27.31111111111111,0.09852183346894494,0.2769729317575296,0.9899397215659983,0.14534360308092428,0.9871206982318094,0.14032913332825142,test,platt
0.058,1434,12883,1308651,3812,14317,26.512962962962963,0.10016064818048474,0.2733511246664125,0.9902514804764766,0.14660328170525994,0.9874169040835707,0.14163567050866852,test,platt
0.059,1414,12464,1309070,3832,13878,25.7,0.10188788009799683,0.2695386961494472,0.9905685362616474,0.1478770131771596,0.9877176321620766,0.14295877876135113,test,platt
0.06,1391,12091,1309443,3855,13482,24.966666666666665,0.10317460317460317,0.2651544033549371,0.9908507840131241,0.1485476292182828,0.9879814287221694,0.14367277040914797,test,platt
0.061,1370,11722,1309812,3876,13092,24.244444444444444,0.10464405743965781,0.26115135341212353,0.9911300049790622,0.14941651216054094,0.9882437178733475,0.14458715683482348,test,platt
0.062,1347,11396,1310138,3899,12743,23.598148148148148,0.10570509299223103,0.2567670606176134,0.9913766880004601,0.1497581855578409,0.9884720903239421,0.14496850955241494,test,platt
0.063,1332,11068,1310466,3914,12400,22.962962962962962,0.10741935483870968,0.25390773922988946,0.9916248844146273,0.15096905814348863,0.988707999819111,0.14622469015150064,test,platt
0.064,1305,10746,1310788,3941,12051,22.316666666666666,0.10828976848394324,0.24876096073198628,0.9918685406504865,0.1508932184771926,0.9889303426340463,0.14618915325758777,test,platt
0.065,1283,10438,1311096,3963,11721,21.705555555555556,0.10946165002986093,0.24456728936332445,0.9921016031369605,0.1512347498084517,0.9891459021088651,0.14657260723953872,test,platt
0.066,1274,10162,1311372,3972,11436,21.177777777777777,0.11140258831759356,0.24285169653069005,0.9923104513391255,0.1527394796786956,0.989347141198993,0.14812138201554328,test,platt
0.067,1259,9869,1311665,3987,11128,20.607407407407408,0.11313803019410495,0.23999237514296606,0.9925321633798299,0.15378038353487236,0.9895566710381525,0.1492079741515912,test,platt
0.068,1241,9638,1311896,4005,10879,20.146296296296295,0.11407298464932439,0.2365611894776973,0.9927069602446853,0.15392248062015504,0.9897172100875805,0.1493842975152649,test,platt
0.069,1223,9382,1312152,4023,10605,19.63888888888889,0.11532296086751533,0.23313000381242852,0.9929006745191573,0.15431203078670114,0.9898965917484436,0.14981394900047418,test,platt
0.07,1202,9134,1312400,4044,10336,19.14074074074074,0.11629256965944272,0.22912695386961496,0.993088335222552,0.15428058015659094,0.9900676826602752,0.14982094771208407,test,platt
0.071,1191,8904,1312630,4055,10095,18.694444444444443,0.11797919762258544,0.227030118185284,0.9932623753910229,0.1552701909914608,0.9902327439364477,0.15085147919437236,test,platt
0.072,1171,8689,1312845,4075,9860,18.25925925925926,0.11876267748478701,0.22321768966831873,0.9934250651137239,0.15503773335098636,0.9903797163056423,0.1506537228298598,test,platt
0.073,1154,8497,1313037,4092,9651,17.872222222222224,0.11957310123303284,0.21997712542889822,0.9935703508195779,0.15493052292407866,0.9905116145856887,0.15057885314270805,test,platt
0.074,1131,8296,1313238,4115,9427,17.45740740740741,0.11997454121141403,0.2155928326343881,0.9937224467928937,0.1541607033326518,0.9906457739791074,0.1498413979693401,test,platt
0.075,1116,8088,1313446,4130,9204,17.044444444444444,0.121251629726206,0.21273351124666412,0.9938798396409022,0.1544636678200692,0.9907912389393871,0.15018317816234236,test,platt
0.076,1096,7870,1313664,4150,8966,16.603703703703705,0.12223957171536917,0.2089210827296988,0.9940447994527571,0.15423585702223472,0.9909404724219539,0.14999528703732634,test,platt
0.077,1073,7681,1313853,4173,8754,16.211111111111112,0.12257253826822025,0.20453678993518873,0.9941878150694572,0.15328571428571428,0.9910655873618837,0.14907818127589062,test,platt
0.078,1060,7475,1314059,4186,8535,15.805555555555555,0.12419449326303457,0.20205871139916126,0.9943436945246963,0.15383499020390395,0.9912110523221634,0.14967042715304485,test,platt
0.079,1049,7267,1314267,4197,8316,15.4,0.12614237614237614,0.19996187571483034,0.9945010873727047,0.1546969473528978,0.9913595321002728,0.15057812036512355,test,platt
0.08,1038,7107,1314427,4208,8145,15.083333333333334,0.1274401473296501,0.19786504003049943,0.9946221587942498,0.15502949742364275,0.9914718340644266,0.15094561761382477,test,platt
0.081,1023,6921,1314613,4223,7944,14.71111111111111,0.12877643504531722,0.19500571864277544,0.9947629043217957,0.155117513267627,0.9916007175266435,0.15107432958523176,test,platt
0.082,1012,6767,1314767,4234,7779,14.405555555555555,0.1300938423961949,0.19290888295844452,0.9948794355650328,0.15539347408829174,0.9917084972640529,0.15138558393246726,test,platt
0.083,998,6596,1314938,4248,7594,14.062962962962963,0.1314195417434817,0.1902401829965688,0.9950088306468089,0.15545171339563862,0.9918268288638659,0.15148322268071962,test,platt
0.084,989,6429,1315105,4257,7418,13.737037037037037,0.1333243461849555,0.1885245901639344,0.9951351989430465,0.1561907770056854,0.9919459141681364,0.15226400290796183,test,platt
0.085,976,6283,1315251,4270,7259,13.442592592592593,0.13445378151260504,0.18604651162790697,0.9952456766152062,0.15609756097560976,0.9920461568609716,0.1522058292742748,test,platt
0.086,963,6145,1315389,4283,7108,13.162962962962963,0.13548114800225097,0.18356843309187953,0.9953501007162888,0.1559009227780476,0.9921403699181477,0.15204282609733663,test,platt
0.087,954,6006,1315528,4292,6960,12.88888888888889,0.13706896551724138,0.18185284025924514,0.995455281513756,0.15631656562346385,0.9922383514976107,0.15249503370385314,test,platt
0.088,946,5868,1315666,4300,6814,12.618518518518519,0.13883181684766657,0.18032786885245902,0.9955597056148385,0.1568822553897181,0.9923363330770738,0.1530982896380254,test,platt
0.089,934,5724,1315810,4312,6658,12.329629629629629,0.14028236707720035,0.17804041174227983,0.995668669894229,0.1569220430107527,0.9924358220654517,0.15317660090894236,test,platt
0.09,924,5589,1315945,4322,6513,12.061111111111112,0.14187010594196223,0.1761341974837972,0.9957708239061576,0.15715622076707203,0.9925300351226277,0.15344835921862196,test,platt
0.091,918,5463,1316071,4328,6381,11.816666666666666,0.14386459802538787,0.1749904689287076,0.9958661676506242,0.15790831684871418,0.9926204796575167,0.15423778737783334,test,platt
0.092,909,5343,1316191,4337,6252,11.577777777777778,0.14539347408829176,0.1732748760960732,0.995956971216783,0.1581144546877718,0.992704140852289,0.15447881761859877,test,platt
0.093,892,5221,1316313,4354,6113,11.32037037037037,0.14591853427122525,0.1700343118566527,0.9960492881757109,0.1570560788801831,0.9927832798203169,0.15345340851385525,test,platt
0.094,879,5079,1316455,4367,5958,11.033333333333333,0.14753272910372608,0.16755623332062525,0.9961567390623322,0.15690824705462333,0.9928805076953225,0.15334790477346633,test,platt
0.095,868,4976,1316558,4378,5844,10.822222222222223,0.14852840520191649,0.16545939763629433,0.9962346787899516,0.15653742110009017,0.992949848505404,0.1530078869110421,test,platt
0.096,862,4848,1316686,4384,5710,10.574074074074074,0.15096322241681262,0.16431566908120473,0.9963315359271876,0.15735669952537423,0.9930418004492079,0.15386946772053248,test,platt
0.097,844,4733,1316801,4402,5577,10.327777777777778,0.15133584364353594,0.16088448341593595,0.996418556011423,0.155964150420401,0.9931149097815765,0.15251075309622902,test,platt
0.098,834,4640,1316894,4412,5474,10.137037037037038,0.15235659481183778,0.1589782691574533,0.9964889287751961,0.15559701492537312,0.9931774672515413,0.1521734672743547,test,platt
0.099,824,4548,1316986,4422,5372,9.948148148148148,0.1533879374534624,0.15707205489897064,0.9965585448425844,0.15520813712563572,0.9932392710170488,0.15181467189031098,test,platt
0.1,815,4449,1317085,4431,5264,9.748148148148148,0.15482522796352582,0.15535646206633624,0.9966334577846654,0.15509039010466222,0.9933071044182156,0.1517306451699401,test,platt
0.11,723,3598,1317936,4523,4321,8.001851851851852,0.16732237907891692,0.13781929088829584,0.9972774064080077,0.15114455942301663,0.9938791661013884,0.14810188477885244,test,platt
0.12,645,2920,1318614,4601,3565,6.601851851851852,0.18092566619915848,0.12295081967213115,0.9977904465568045,0.146407899216888,0.9943313887758333,0.14366799187557422,test,platt
0.13,564,2406,1319128,4682,2970,5.5,0.1898989898989899,0.10751048417842166,0.9981793884985176,0.13729308666017526,0.9946577428058909,0.1348198713836075,test,platt
0.14,508,1977,1319557,4738,2485,4.601851851851852,0.20442655935613682,0.0968356843309188,0.9985040112475351,0.13141896261803132,0.9949388745685042,0.12920553285013173,test,platt
0.15,446,1630,1319904,4800,2076,3.8444444444444446,0.21483622350674375,0.08501715592832634,0.9987665848930107,0.12182463807702815,0.9951536803388655,0.11985124741853037,test,platt
0.16,385,1327,1320207,4861,1712,3.1703703703703705,0.22488317757009346,0.07338924895158216,0.9989958638975615,0.11066398390342053,0.9953360768175583,0.10893021816052209,test,platt
0.17,335,1086,1320448,4911,1421,2.6314814814814813,0.23574947220267417,0.06385817765916889,0.9991782277262635,0.10049497525123743,0.9954800343689233,0.0989763200100275,test,platt
0.18,289,887,1320647,4957,1176,2.1777777777777776,0.2457482993197279,0.055089592070148685,0.9993288103068101,0.09000311429461226,0.9955953511509067,0.08868344337499616,test,platt
0.19,258,736,1320798,4988,994,1.8407407407407408,0.2595573440643863,0.04918032786885246,0.9994430714608932,0.08269230769230769,0.9956857956857957,0.08153533365389906,test,platt
0.2,226,597,1320937,5020,823,1.5240740740740741,0.27460510328068044,0.04308044224170797,0.9995482522583604,0.07447684956335475,0.9957664420627383,0.07348328676678736,test,platt
0.21,195,488,1321046,5051,683,1.2648148148148148,0.28550512445095166,0.03717117804041174,0.9996307321642879,0.06577837746668916,0.9958252310104162,0.06492656432050406,test,platt
0.22,172,400,1321134,5074,572,1.0592592592592593,0.3006993006993007,0.03278688524590164,0.9996973214461375,0.05912684771399107,0.9958742218001477,0.05839478121267798,test,platt
0.23,148,327,1321207,5098,475,0.8796296296296297,0.31157894736842107,0.02821197102554327,0.9997525602822175,0.05173920643244188,0.9959111533185607,0.05111619780531912,test,platt
0.24,132,271,1321263,5114,403,0.7462962962962963,0.32754342431761785,0.025162028211971027,0.9997949352797583,0.04673393520977165,0.995941301496857,0.04619584877283702,test,platt
0.25,116,207,1321327,5130,323,0.5981481481481481,0.3591331269349845,0.02211208539839878,0.9998433638483762,0.0416591847728497,0.9959774793108126,0.041219436754227616,test,platt
0.26,104,172,1321362,5142,276,0.5111111111111111,0.37681159420289856,0.019824628288219594,0.9998698482218392,0.03766751177109743,0.995994814513333,0.03728699931147026,test,platt
0.27,94,132,1321402,5152,226,0.4185185185185185,0.415929203539823,0.017918414029736943,0.9999001160772254,0.03435672514619883,0.9960174256470553,0.03404123899360264,test,platt
0.28,72,111,1321423,5174,183,0.3388888888888889,0.39344262295081966,0.013724742661075104,0.9999160067013032,0.02652422177196537,0.9960166719425979,0.0262646654905802,test,platt
0.29,61,92,1321442,5185,153,0.2833333333333333,0.39869281045751637,0.011627906976744186,0.9999303839326117,0.022596777180959437,0.9960227015782571,0.02237769423559047,test,platt
0.3,53,78,1321456,5193,131,0.24259259259259258,0.40458015267175573,0.010102935569958064,0.9999409776819969,0.019713594941417147,0.9960272238050016,0.019524696974568323,test,platt
0.31,46,68,1321466,5200,114,0.2111111111111111,0.40350877192982454,0.008768585589020206,0.9999485446458434,0.017164179104477612,0.9960294849183738,0.016998848423771685,test,platt
0.32,40,56,1321478,5206,96,0.17777777777777778,0.4166666666666667,0.007624857033930614,0.9999576250024592,0.01497566454511419,0.9960340071451182,0.014835662171988619,test,platt
0.33,35,52,1321482,5211,87,0.16111111111111112,0.40229885057471265,0.006671749904689287,0.9999606517879979,0.013125820363772736,0.9960332534406608,0.01299849209014956,test,platt
0.34,32,41,1321493,5214,73,0.13518518518518519,0.4383561643835616,0.006099885627144491,0.9999689754482292,0.012032336905433353,0.9960392830763201,0.011925100535967072,test,platt
0.35,29,30,1321504,5217,59,0.10925925925925926,0.4915254237288136,0.005528021349599695,0.9999772991084603,0.010933081998114986,0.9960453127119794,0.010846087885589937,test,platt
0.36,23,24,1321510,5223,47,0.08703703703703704,0.48936170212765956,0.004384292794510103,0.9999818392867682,0.008690723597203855,0.9960453127119794,0.00862110985243997,test,platt
0.37,22,18,1321516,5224,40,0.07407407407407407,0.55,0.0041936713686618375,0.9999863794650762,0.00832387438516837,0.9960490812342664,0.008264528850752396,test,platt
0.38,19,13,1321521,5227,32,0.05925925925925926,0.59375,0.0036218070911170418,0.9999901629469995,0.007199696854869269,0.9960505886431812,0.007152095130871042,test,platt
0.39,17,7,1321527,5229,24,0.044444444444444446,0.7083333333333334,0.003240564239420511,0.9999947031253074,0.006451612903225806,0.9960536034610109,0.006415830899608441,test,platt
0.4,12,4,1321530,5234,16,0.02962962962962963,0.75,0.002287457110179184,0.9999969732144613,0.004561003420752566,0.9960520960520961,0.0045370673093477806,test,platt
0.41,9,4,1321530,5237,13,0.024074074074074074,0.6923076923076923,0.001715592832634388,0.9999969732144613,0.0034227039361095267,0.9960498349387238,0.00340322258715635,test,platt
0.42,8,1,1321533,5238,9,0.016666666666666666,0.8888888888888888,0.0015249714067861228,0.9999992433036153,0.003044719314938154,0.9960513423476386,0.003031216922862055,test,platt
0.43,5,1,1321533,5241,6,0.011111111111111112,0.8333333333333334,9.531071292413268e-4,0.9999992433036153,0.001904036557501904,0.9960490812342664,0.0018950195564223294,test,platt
0.44,5,0,1321534,5241,5,0.009259259259259259,1,9.531071292413268e-4,1,0.0019043991620643688,0.9960498349387238,0.0018968835775475593,test,platt
0.45,4,0,1321534,5242,4,0.007407407407407408,1,7.624857033930614e-4,1,0.0015238095238095239,0.9960490812342664,0.0015177936269202058,test,platt
0.46,3,0,1321534,5243,3,0.005555555555555556,1,5.71864277544796e-4,1,0.001143074871404077,0.996048327529809,0.0011385603751469233,test,platt
0.47,1,0,1321534,5245,1,0.001851851851851852,1,1.9062142584826535e-4,1,3.8117019249094724e-4,0.9960468201208942,3.796636430490593e-4,test,platt
0.48,0,0,1321534,5246,0,0,NA,0,1,NA,0.9960460664164368,0,test,platt
0.49,0,0,1321534,5246,0,0,NA,0,1,NA,0.9960460664164368,0,test,platt
0.5,0,0,1321534,5246,0,0,NA,0,1,NA,0.9960460664164368,0,test,platt
0.51,0,0,1321534,5246,0,0,NA,0,1,NA,0.9960460664164368,0,test,platt
0.52,0,0,1321534,5246,0,0,NA,0,1,NA,0.9960460664164368,0,test,platt
0.53,0,0,1321534,5246,0,0,NA,0,1,NA,0.9960460664164368,0,test,platt
0.54,0,0,1321534,5246,0,0,NA,0,1,NA,0.9960460664164368,0,test,platt
0.55,0,0,1321534,5246,0,0,NA,0,1,NA,0.9960460664164368,0,test,platt
0.56,0,0,1321534,5246,0,0,NA,0,1,NA,0.9960460664164368,0,test,platt
0.57,0,0,1321534,5246,0,0,NA,0,1,NA,0.9960460664164368,0,test,platt
0.58,0,0,1321534,5246,0,0,NA,0,1,NA,0.9960460664164368,0,test,platt
0.59,0,0,1321534,5246,0,0,NA,0,1,NA,0.9960460664164368,0,test,platt
0.6,0,0,1321534,5246,0,0,NA,0,1,NA,0.9960460664164368,0,test,platt
0.61,0,0,1321534,5246,0,0,NA,0,1,NA,0.9960460664164368,0,test,platt
0.62,0,0,1321534,5246,0,0,NA,0,1,NA,0.9960460664164368,0,test,platt
0.63,0,0,1321534,5246,0,0,NA,0,1,NA,0.9960460664164368,0,test,platt
0.64,0,0,1321534,5246,0,0,NA,0,1,NA,0.9960460664164368,0,test,platt
0.65,0,0,1321534,5246,0,0,NA,0,1,NA,0.9960460664164368,0,test,platt
0.66,0,0,1321534,5246,0,0,NA,0,1,NA,0.9960460664164368,0,test,platt
0.67,0,0,1321534,5246,0,0,NA,0,1,NA,0.9960460664164368,0,test,platt
0.68,0,0,1321534,5246,0,0,NA,0,1,NA,0.9960460664164368,0,test,platt
0.69,0,0,1321534,5246,0,0,NA,0,1,NA,0.9960460664164368,0,test,platt
0.7,0,0,1321534,5246,0,0,NA,0,1,NA,0.9960460664164368,0,test,platt
0.71,0,0,1321534,5246,0,0,NA,0,1,NA,0.9960460664164368,0,test,platt
0.72,0,0,1321534,5246,0,0,NA,0,1,NA,0.9960460664164368,0,test,platt
0.73,0,0,1321534,5246,0,0,NA,0,1,NA,0.9960460664164368,0,test,platt
0.74,0,0,1321534,5246,0,0,NA,0,1,NA,0.9960460664164368,0,test,platt
0.75,0,0,1321534,5246,0,0,NA,0,1,NA,0.9960460664164368,0,test,platt
0.76,0,0,1321534,5246,0,0,NA,0,1,NA,0.9960460664164368,0,test,platt
0.77,0,0,1321534,5246,0,0,NA,0,1,NA,0.9960460664164368,0,test,platt
0.78,0,0,1321534,5246,0,0,NA,0,1,NA,0.9960460664164368,0,test,platt
0.79,0,0,1321534,5246,0,0,NA,0,1,NA,0.9960460664164368,0,test,platt
0.8,0,0,1321534,5246,0,0,NA,0,1,NA,0.9960460664164368,0,test,platt
0.81,0,0,1321534,5246,0,0,NA,0,1,NA,0.9960460664164368,0,test,platt
0.82,0,0,1321534,5246,0,0,NA,0,1,NA,0.9960460664164368,0,test,platt
0.83,0,0,1321534,5246,0,0,NA,0,1,NA,0.9960460664164368,0,test,platt
0.84,0,0,1321534,5246,0,0,NA,0,1,NA,0.9960460664164368,0,test,platt
0.85,0,0,1321534,5246,0,0,NA,0,1,NA,0.9960460664164368,0,test,platt
0.86,0,0,1321534,5246,0,0,NA,0,1,NA,0.9960460664164368,0,test,platt
0.87,0,0,1321534,5246,0,0,NA,0,1,NA,0.9960460664164368,0,test,platt
0.88,0,0,1321534,5246,0,0,NA,0,1,NA,0.9960460664164368,0,test,platt
0.89,0,0,1321534,5246,0,0,NA,0,1,NA,0.9960460664164368,0,test,platt
0.9,0,0,1321534,5246,0,0,NA,0,1,NA,0.9960460664164368,0,test,platt
0.905,0,0,1321534,5246,0,0,NA,0,1,NA,0.9960460664164368,0,test,platt
0.91,0,0,1321534,5246,0,0,NA,0,1,NA,0.9960460664164368,0,test,platt
0.915,0,0,1321534,5246,0,0,NA,0,1,NA,0.9960460664164368,0,test,platt
0.92,0,0,1321534,5246,0,0,NA,0,1,NA,0.9960460664164368,0,test,platt
0.925,0,0,1321534,5246,0,0,NA,0,1,NA,0.9960460664164368,0,test,platt
0.93,0,0,1321534,5246,0,0,NA,0,1,NA,0.9960460664164368,0,test,platt
0.935,0,0,1321534,5246,0,0,NA,0,1,NA,0.9960460664164368,0,test,platt
0.94,0,0,1321534,5246,0,0,NA,0,1,NA,0.9960460664164368,0,test,platt
0.945,0,0,1321534,5246,0,0,NA,0,1,NA,0.9960460664164368,0,test,platt
0.95,0,0,1321534,5246,0,0,NA,0,1,NA,0.9960460664164368,0,test,platt
0.955,0,0,1321534,5246,0,0,NA,0,1,NA,0.9960460664164368,0,test,platt
0.96,0,0,1321534,5246,0,0,NA,0,1,NA,0.9960460664164368,0,test,platt
0.965,0,0,1321534,5246,0,0,NA,0,1,NA,0.9960460664164368,0,test,platt
0.97,0,0,1321534,5246,0,0,NA,0,1,NA,0.9960460664164368,0,test,platt
0.975,0,0,1321534,5246,0,0,NA,0,1,NA,0.9960460664164368,0,test,platt
0.98,0,0,1321534,5246,0,0,NA,0,1,NA,0.9960460664164368,0,test,platt
0.985,0,0,1321534,5246,0,0,NA,0,1,NA,0.9960460664164368,0,test,platt
0.99,0,0,1321534,5246,0,0,NA,0,1,NA,0.9960460664164368,0,test,platt
0.991,0,0,1321534,5246,0,0,NA,0,1,NA,0.9960460664164368,0,test,platt
0.992,0,0,1321534,5246,0,0,NA,0,1,NA,0.9960460664164368,0,test,platt
0.993,0,0,1321534,5246,0,0,NA,0,1,NA,0.9960460664164368,0,test,platt
0.994,0,0,1321534,5246,0,0,NA,0,1,NA,0.9960460664164368,0,test,platt
0.995,0,0,1321534,5246,0,0,NA,0,1,NA,0.9960460664164368,0,test,platt
0.996,0,0,1321534,5246,0,0,NA,0,1,NA,0.9960460664164368,0,test,platt
0.997,0,0,1321534,5246,0,0,NA,0,1,NA,0.9960460664164368,0,test,platt
0.998,0,0,1321534,5246,0,0,NA,0,1,NA,0.9960460664164368,0,test,platt
0.999,0,0,1321534,5246,0,0,NA,0,1,NA,0.9960460664164368,0,test,platt
1e-4,1693,332561,112918,2,334254,1836.5604395604396,0.005065010441161512,0.9988200589970502,0.25347547246896035,0.010078910787053986,0.2563006793776025,0.00255549339028659,validation,beta
2e-4,1690,280135,165344,5,281825,1548.489010989011,0.005996629113811763,0.9970501474926253,0.3711600322349651,0.01192155756207675,0.37353245045552735,0.004419239633518175,validation,beta
3e-4,1683,247134,198345,12,248817,1367.1263736263736,0.006764007282460603,0.9929203539823008,0.4452398429555602,0.013436482084690553,0.4473158099531726,0.005951647986446406,validation,beta
4e-4,1673,223773,221706,22,225446,1238.7142857142858,0.00742084579012269,0.9870206489675516,0.4976800253210589,0.014730938051694762,0.4995348566777138,0.007261203842206731,validation,beta
5e-4,1664,206471,239008,31,208135,1143.598901098901,0.007994811060129243,0.9817109144542773,0.5365191176239509,0.015860458466377545,0.5382066041406701,0.00840395063579165,validation,beta
6e-4,1659,193247,252232,36,194906,1070.9120879120878,0.0085117954295917,0.9787610619469026,0.5662040185957138,0.01687682158279968,0.5677678040315403,0.009432127125508514,validation,beta
7e-4,1657,182979,262500,38,184636,1014.4835164835165,0.008974414523711519,0.9775811209439528,0.5892533654785074,0.01778555366525162,0.5907253105055302,0.010351332687791936,validation,beta
8e-4,1653,174560,270919,42,176213,968.2032967032967,0.009380692684421694,0.9752212389380531,0.6081521238936066,0.01858263821750568,0.6095434886643678,0.011157703218797329,validation,beta
9e-4,1650,167488,277991,45,169138,929.3296703296703,0.009755347704241506,0.9734513274336283,0.6240271707532791,0.01931711086265534,0.6253516528241803,0.011900710541720157,validation,beta
0.001,1649,161356,284123,46,163005,895.6318681318681,0.010116254102634888,0.9728613569321534,0.6377921293708569,0.020024286581663633,0.6390621995017599,0.012616020763601653,validation,beta
0.0011,1643,156058,289421,52,157701,866.489010989011,0.010418450104945435,0.9693215339233038,0.6496849458672574,0.0206153228437351,0.6508965190283872,0.013214106232886462,validation,beta
0.0012,1635,151357,294122,60,152992,840.6153846153846,0.010686833298473123,0.9646017699115044,0.6602376318524554,0.021139462268968953,0.6613913152374691,0.013744645232387373,validation,beta
0.0013,1631,147165,298314,64,148796,817.5604395604396,0.010961316164413022,0.9622418879056047,0.6696477275023065,0.021675714826800276,0.6707567971304235,0.01428724921017665,validation,beta
0.0014,1625,143381,302098,70,145006,796.7362637362637,0.011206432837261906,0.9587020648967551,0.6781419550640996,0.02215390488135732,0.6792054099746407,0.014771240377220336,validation,beta
0.0015,1621,139973,305506,74,141594,777.989010989011,0.011448225207282794,0.9563421828908555,0.6857921473290548,0.022625602802727355,0.6868176593451318,0.015248569004846885,validation,beta
0.0016,1616,136833,308646,79,138449,760.7087912087912,0.01167216809077711,0.9533923303834808,0.6928407399675406,0.02306199337823953,0.6938283531690125,0.015690249202637365,validation,beta
0.0017,1606,133837,311642,89,135443,744.1923076923077,0.011857386502070981,0.9474926253687316,0.6995660850455353,0.02342166285055929,0.7005058433629863,0.016054625096249952,validation,beta
0.0018,1599,131127,314352,96,132726,729.2637362637363,0.012047375796754215,0.9433628318584071,0.7056494245519991,0.023790925525029573,0.706550470286734,0.01642855022708653,validation,beta
0.0019,1594,128440,317039,101,130034,714.4725274725274,0.012258332436132089,0.9404129793510324,0.7116811342397734,0.024201200950436125,0.7125481356250587,0.01684385497533318,validation,beta
0.002,1590,125944,319535,105,127534,700.7362637362637,0.012467263631659009,0.9380530973451328,0.7172840919549519,0.024607479745258416,0.7181209104286027,0.017255065544681758,validation,beta
0.0021,1585,123653,321826,110,125238,688.1208791208791,0.012655903160382632,0.9351032448377581,0.7224268708513757,0.02497380507826964,0.7232330144418057,0.017625932401279264,validation,beta
0.0022,1582,121457,324022,113,123039,676.0384615384615,0.012857711782442965,0.9333333333333333,0.7273563961488645,0.025365978802892555,0.7281371457195633,0.01802282729270543,validation,beta
0.0023,1574,119360,326119,121,120934,664.4725274725274,0.01301536375212926,0.9286135693215339,0.7320636887485157,0.025670926126772624,0.7328087053361778,0.018331821177337313,validation,beta
0.0024,1570,117313,328166,125,118883,653.2032967032967,0.013206261618566154,0.9262536873156342,0.7366587426118851,0.026041234719434724,0.737377396718056,0.018706681308325954,validation,beta
0.0025,1566,115366,330113,129,116932,642.4835164835165,0.013392399001128862,0.9238938053097345,0.7410293190026915,0.02640208384263279,0.7417224615026813,0.019071980047553647,validation,beta
0.0026,1563,113560,331919,132,115123,632.5439560439561,0.01357678309286589,0.9221238938053097,0.7450833821571836,0.026759574723073498,0.7457544490511524,0.019433819625477692,validation,beta
0.0027,1559,111848,333631,136,113407,623.1153846153846,0.013746946837496804,0.91976401179941,0.7489264364874663,0.02708901669823287,0.7495739913322331,0.01976736095325727,validation,beta
0.0028,1554,110098,335381,141,111652,613.4725274725274,0.01391824597857629,0.9168141592920354,0.752854792257323,0.027420222855479192,0.7534762754542974,0.020102766136210207,validation,beta
0.0029,1551,108475,337004,144,110026,604.5384615384615,0.014096668060276662,0.9150442477876106,0.7564980616370244,0.027765594650960877,0.7570990263297955,0.02045236478234817,validation,beta
0.003,1550,106935,338544,145,108485,596.0714285714286,0.01428768954233304,0.9144542772861357,0.7599550147144983,0.02813577781811581,0.7605406396615187,0.020826919480587947,validation,beta
0.0031,1544,105356,340123,151,106900,587.3626373626373,0.014443405051449953,0.9109144542772861,0.7634995140062719,0.028435931672728947,0.764058286036308,0.021131009385392627,validation,beta
0.0032,1541,103852,341627,154,105393,579.0824175824176,0.014621464423633448,0.9091445427728614,0.766875655193623,0.028780068728522335,0.7674149212610751,0.021479375555279328,validation,beta
0.0033,1537,102403,343076,158,103940,571.0989010989011,0.014787377333076775,0.9067846607669616,0.7701283337710644,0.02910020353102665,0.7706463255913806,0.02180354345019912,validation,beta
0.0034,1530,100997,344482,165,102527,563.3351648351648,0.014922898358481181,0.9026548672566371,0.7732844870353036,0.029360403753526127,0.7737748616869496,0.022067324077296287,validation,beta
0.0035,1529,99573,345906,166,101102,555.5054945054945,0.015123340784554212,0.9020648967551622,0.7764810462446041,0.029747949842894247,0.7769570681658594,0.0224594653350154,validation,beta
0.0036,1525,98227,347252,170,99752,548.0879120879121,0.01528791402678643,0.8997050147492626,0.7795025130253054,0.03006496002838921,0.7799581371009943,0.02278049464146129,validation,beta
0.0037,1518,96966,348513,177,98484,541.1208791208791,0.01541367125624467,0.8955752212389381,0.7823331739543278,0.030305752702662236,0.7827624146305465,0.023024673812555498,validation,beta
0.0038,1511,95645,349834,184,97156,533.8241758241758,0.015552307628967846,0.8914454277286136,0.7852985213668883,0.030571263821306816,0.7857008681184505,0.0232938742445904,validation,beta
0.0039,1510,94303,351176,185,95813,526.445054945055,0.015759865571477773,0.8908554572271387,0.7883110090486869,0.030971817697009473,0.7886997007876129,0.023699196112541773,validation,beta
0.004,1503,93077,352402,192,94580,519.6703296703297,0.015891308944808627,0.8867256637168142,0.7910631028623123,0.031223058945728382,0.7914257090081266,0.02395398260585466,validation,beta
0.0041,1499,91893,353586,196,93392,513.1428571428571,0.01605062532122666,0.8843657817109144,0.793720916137461,0.031529020791485694,0.7940645028557116,0.02426387947303612,validation,beta
0.0042,1495,90700,354779,200,92195,506.5659340659341,0.016215629914854385,0.8820058997050148,0.7963989323851405,0.031845776973053574,0.7967234230970495,0.024584704949265374,validation,beta
0.0043,1492,89509,355970,203,91001,500.0054945054945,0.016395424226107406,0.88023598820059,0.7990724590833687,0.03219124881332528,0.7993801070724148,0.024934499589849304,validation,beta
0.0044,1488,88367,357112,207,89855,493.7087912087912,0.016560013354849478,0.8778761061946903,0.8016359918200409,0.03250682687056253,0.8019249777491536,0.025254147985114984,validation,beta
0.0045,1483,87269,358210,212,88752,487.64835164835165,0.016709482603208942,0.8749262536873156,0.8041007544687853,0.03279268521896802,0.8043692164571286,0.025543829665865353,validation,beta
0.0046,1479,86168,359311,216,87647,481.5769230769231,0.016874507969468436,0.8725663716814159,0.8065722514417065,0.033108728257706346,0.8068224002289937,0.02586396584612719,validation,beta
0.0047,1478,85094,360385,217,86572,475.6703296703297,0.01707249457099293,0.871976401179941,0.8089831394970358,0.033489299511708794,0.809221913617518,0.026249107110841125,validation,beta
0.0048,1472,84082,361397,223,85554,470.0769230769231,0.017205507632606306,0.8684365781710914,0.8112548515193758,0.033742507077445014,0.8114715971858829,0.026505877398821116,validation,beta
0.0049,1466,83022,362457,229,84488,464.2197802197802,0.01735157655525045,0.8648967551622418,0.8136343127285461,0.03402063051877981,0.8138286215209292,0.026787869942758502,validation,beta
0.005,1463,81966,363513,232,83429,458.4010989010989,0.017535868822591665,0.8631268436578171,0.8160047948388139,0.034373384709365164,0.816183409590003,0.027145083414583646,validation,beta
0.0051,1455,80993,364486,240,82448,453.010989010989,0.017647486900834466,0.8584070796460177,0.8181889606468543,0.03458398203059078,0.8183414062534942,0.027358981764317964,validation,beta
0.0052,1451,80031,365448,244,81482,447.7032967032967,0.01780761395154758,0.8560471976401179,0.8203484339329127,0.034889452613102175,0.8204837490551776,0.027668475839334537,validation,beta
0.0053,1448,79045,366434,247,80493,442.2692307692308,0.017989141912961377,0.8542772861356932,0.8225617818123863,0.03523628753589332,0.8226819985061743,0.028019726210767457,validation,beta
0.0054,1444,78058,367421,251,79502,436.8241758241758,0.01816306508012377,0.8519174041297936,0.8247773744665854,0.03556781654494624,0.8248802479571711,0.028355603036900948,validation,beta
0.0055,1437,77113,368366,258,78550,431.5934065934066,0.018294080203691915,0.8477876106194691,0.826898686582308,0.03581531559598728,0.8269778654394039,0.028606790329634396,validation,beta
0.0056,1430,76195,369284,265,77625,426.510989010989,0.018421900161030597,0.8436578171091446,0.8289593897804386,0.03605648008068583,0.8290151037403785,0.028851584896644515,validation,beta
0.0057,1426,75288,370191,269,76714,421.5054945054945,0.018588523607164273,0.8412979351032448,0.8309954004565872,0.036373375505362904,0.8310344519135728,0.02917268985876408,validation,beta
0.0058,1423,74453,371026,272,75876,416.9010989010989,0.01875428330433866,0.8395280235988201,0.8328697873524903,0.03668896881566565,0.8328950252027175,0.02949237246189391,validation,beta
0.0059,1419,73608,371871,276,75027,412.2362637362637,0.018913191251149587,0.8371681415929203,0.8347666219956497,0.03699069367326191,0.834775724885615,0.0297981431550106,validation,beta
0.006,1415,72746,372733,280,74161,407.47802197802196,0.01908010949151171,0.8348082595870207,0.8367016178091448,0.037307530056950006,0.8366944410900455,0.03011921425333654,validation,beta
0.0061,1412,71941,373538,283,73353,403.03846153846155,0.01924938311998146,0.8330383480825959,0.8385086614632788,0.037629250612941055,0.8384879264000143,0.030445118529601797,validation,beta
0.0062,1409,71168,374311,286,72577,398.77472527472526,0.01941386389627568,0.8312684365781711,0.8402438723261927,0.03794161999138303,0.8402098511988622,0.03076156658785351,validation,beta
0.0063,1408,70392,375087,287,71800,394.5054945054945,0.019610027855153204,0.8306784660766962,0.8419858175132835,0.03831553166882101,0.8419429573275727,0.031140054191365323,validation,beta
0.0064,1403,69577,375902,292,70980,390,0.019766131304592843,0.8277286135693215,0.8438153089146738,0.03861025111799106,0.8437543327653217,0.03143889759881191,validation,beta
0.0065,1397,68814,376665,298,70211,385.77472527472526,0.01989716711056672,0.824188790560472,0.8455280720303314,0.0388562845937752,0.8454471861065268,0.031688610967107574,validation,beta
0.0066,1392,68053,377426,303,69445,381.5659340659341,0.020044639642882858,0.8212389380530973,0.8472363455965377,0.03913410177115547,0.8471378031817592,0.03197037649072267,validation,beta
0.0067,1386,67280,378199,309,68666,377.2857142857143,0.02018466198700958,0.8176991150442477,0.8489715564594515,0.03939682494563749,0.8488530191826895,0.03223700814677206,validation,beta
0.0068,1384,66485,378994,311,67869,372.9065934065934,0.020392226200474442,0.8165191740412979,0.8507561523663293,0.0397906963371859,0.8506263780989056,0.032635854394795646,validation,beta
0.0069,1379,65796,379683,316,67175,369.0934065934066,0.020528470413100113,0.8135693215339233,0.85230280215229,0.040046464353129085,0.8521559840241159,0.032895341797976235,validation,beta
0.007,1374,65110,380369,321,66484,365.2967032967033,0.020666626556765537,0.8106194690265487,0.8538427176140738,0.040305665967526653,0.8536788811514087,0.03315831623271314,validation,beta
0.0071,1371,64410,381069,324,65781,361.4340659340659,0.020841884434715192,0.8088495575221238,0.8554140599220166,0.040636670816290237,0.8552375585342619,0.033493698193920236,validation,beta
0.0072,1368,63692,381787,327,65060,357.4725274725275,0.02102674454349831,0.8070796460176991,0.8570258081750206,0.04098569395550895,0.8568364887046206,0.033847321988872955,validation,beta
0.0073,1363,63019,382460,332,64382,353.74725274725273,0.02117051349756143,0.8041297935103244,0.8585365415653712,0.04125489958684565,0.8583303143742704,0.034120453343720665,validation,beta
0.0074,1359,62307,383172,336,63666,349.8131868131868,0.0213457732541702,0.8017699115044248,0.8601348211700215,0.04158443108275577,0.8599135906828215,0.03445450921850213,validation,beta
0.0075,1355,61609,383870,340,62964,345.95604395604397,0.021520233784384727,0.799410029498525,0.8617016739285129,0.041912185465287126,0.861465559267757,0.03478677736581963,validation,beta
0.0076,1349,60919,384560,346,62268,342.13186813186815,0.021664418320806834,0.7958702064896755,0.8632505684891992,0.0421806356800025,0.8629951651929674,0.035059326221187834,validation,beta
0.0077,1345,60274,385205,350,61619,338.5659340659341,0.021827683019847773,0.7935103244837758,0.8646984481872322,0.042486653820639986,0.864428611681359,0.03536962076542661,validation,beta
0.0078,1337,59658,385821,358,60995,335.1373626373626,0.021919829494220836,0.7887905604719764,0.8660812294182217,0.042654330834263836,0.865788261392657,0.03554050690930023,validation,beta
0.0079,1332,59026,386453,363,60358,331.6373626373626,0.02206832565691375,0.7858407079646018,0.8674999270448214,0.04293104281823602,0.8671904001574331,0.03582131890508791,validation,beta
0.008,1326,58404,387075,369,59730,328.1868131868132,0.022199899547965845,0.7823008849557522,0.8688961769241648,0.04317460317460318,0.8685679399965114,0.03606874449830534,validation,beta
0.0081,1320,57791,387688,375,59111,324.7857142857143,0.022330869042986923,0.7787610619469026,0.8702722238309775,0.04341676808209716,0.869925353441837,0.036314775318170525,validation,beta
0.0082,1314,57194,388285,381,58508,321.4725274725275,0.0224584672181582,0.7752212389380531,0.87161235434218,0.043652309685563835,0.871246986631602,0.03655412006268794,validation,beta
0.0083,1311,56658,388821,384,57969,318.510989010989,0.02261553588987217,0.7734513274336283,0.872815553595119,0.04394609814963797,0.8724389163949604,0.036851960001119496,validation,beta
0.0084,1305,56089,389390,390,57394,315.35164835164835,0.0227375683869394,0.7699115044247787,0.8740928304140038,0.044170657821252686,0.8736979341374945,0.037080218980581205,validation,beta
0.0085,1300,55481,389998,395,56781,311.9835164835165,0.022894982476532644,0.7669616519174042,0.8754576534471883,0.04446268554620699,0.87504640251893,0.0373766237241321,validation,beta
0.0086,1294,54906,390573,401,56200,308.7912087912088,0.02302491103202847,0.7634218289085546,0.8767483989144269,0.04470161499265912,0.8763188378572994,0.03761946301154605,validation,beta
0.0087,1291,54339,391140,404,55630,305.65934065934067,0.02320690275031458,0.7616519174041297,0.8780211861838605,0.045041430440471,0.8775800918658061,0.03796393655495007,validation,beta
0.0088,1288,53776,391703,407,55064,302.54945054945057,0.023390963242772046,0.759882005899705,0.8792849943543916,0.04538487288359556,0.8788324008104228,0.03831208992266296,validation,beta
0.0089,1285,53233,392246,410,54518,299.54945054945057,0.023570196999156242,0.7581120943952803,0.8805039070304099,0.04571896180598794,0.8800399844355888,0.03865078373832653,validation,beta
0.009,1284,52644,392835,411,53928,296.3076923076923,0.023809523809523808,0.7575221238938054,0.8818260793438074,0.04616795210614314,0.8813549088274363,0.03910544673887938,validation,beta
0.0091,1281,52094,393385,414,53375,293.2692307692308,0.024,0.7557522123893805,0.8830607054429053,0.04652260759033957,0.88257814631441,0.039464972953392054,validation,beta
0.0092,1276,51574,393905,419,52850,290.38461538461536,0.0241438032166509,0.752802359882006,0.8842279883002341,0.046787056558804656,0.8837298232902628,0.03973355195633748,validation,beta
0.0093,1272,51038,394441,423,52310,287.4175824175824,0.02431657426878226,0.7504424778761062,0.8854311875531731,0.04710674937505786,0.8849195167876487,0.040057888360476475,validation,beta
0.0094,1270,50510,394969,425,51780,284.5054945054945,0.024526844341444573,0.7492625368731564,0.886616428608307,0.04749883122954652,0.8860957926891992,0.04045515012663438,validation,beta
0.0095,1266,49961,395518,429,51227,281.467032967033,0.024713529974427547,0.7469026548672566,0.8878488099326792,0.047843996825516794,0.887314557644228,0.04080529445941126,validation,beta
0.0096,1263,49399,396080,432,50662,278.3626373626374,0.02492992775650389,0.7451327433628319,0.8891103733284846,0.048245697805451036,0.888564630322872,0.041212495729203685,validation,beta
0.0097,1255,48900,396579,440,50155,275.5769230769231,0.025022430465556775,0.7404129793510325,0.8902305159165752,0.04840887174541948,0.8896626369153842,0.0413791929899103,validation,beta
0.0098,1252,48420,397059,443,49672,272.9230769230769,0.025205347076823967,0.7386430678466077,0.8913080077848787,0.04874725018007671,0.8907293357842808,0.04172232066980732,validation,beta
0.0099,1250,47926,397553,445,49176,270.1978021978022,0.025418903530177322,0.7374631268436578,0.8924169264993411,0.04914391303493149,0.8918295786427655,0.04212426640654865,validation,beta
0.01,1247,47421,398058,448,48668,267.4065934065934,0.025622585682584038,0.735693215339233,0.8935505377357855,0.04952048130572047,0.8929521841609753,0.042506072238964084,validation,beta
0.011,1214,42839,402640,481,44053,242.04945054945054,0.02755771457108483,0.7162241887905605,0.9038360955286332,0.05307335839818134,0.903124958070013,0.04610990183241481,validation,beta
0.012,1177,38914,406565,518,40091,220.28021978021977,0.029358210072086003,0.6943952802359882,0.9126468363267405,0.056334657540803135,0.9118195601712086,0.049420685767209184,validation,beta
0.013,1134,35472,410007,561,36606,201.13186813186815,0.030978528110145877,0.6690265486725664,0.9203733509323672,0.05921516409493225,0.919420628211837,0.052349006962671994,validation,beta
0.014,1105,32486,412993,590,33591,184.56593406593407,0.03289571611443541,0.6519174041297935,0.9270762482631055,0.0626310718131837,0.9260332666926073,0.055817108615281164,validation,beta
0.015,1078,29834,415645,617,30912,169.84615384615384,0.034873188405797104,0.6359882005899705,0.9330293908354828,0.06612077161345724,0.9319034648704978,0.05936052380559685,validation,beta
0.016,1037,27523,417956,658,28560,156.92307692307693,0.03630952380952381,0.6117994100294986,0.9382170652264192,0.0685506527846637,0.9369797886281402,0.061836943577458656,validation,beta
0.017,1007,25395,420084,688,26402,145.06593406593407,0.03814104992046057,0.5941002949852507,0.942993945842565,0.07168025056055807,0.9416714746385076,0.06501981801055347,validation,beta
0.018,978,23577,421902,717,24555,134.91758241758242,0.03982895540623091,0.5769911504424778,0.9470749462937647,0.07451428571428571,0.9456721544633633,0.0679043955273045,validation,beta
0.019,937,21799,423680,758,22736,124.92307692307692,0.04121217452498241,0.5528023598820059,0.9510661557559391,0.0767058245671483,0.9495565484576474,0.07014571843304684,validation,beta
0.02,915,20363,425116,780,21278,116.91208791208791,0.043002161857317416,0.5398230088495575,0.9542896522619473,0.07965872981325903,0.9527186285428043,0.07315076280633181,validation,beta
0.021,881,19021,426458,814,19902,109.35164835164835,0.044266907848457444,0.51976401179941,0.9573021399437459,0.08158540538037691,0.9556436644348733,0.07512425517453658,validation,beta
0.022,862,17791,427688,833,18653,102.48901098901099,0.04621240551117783,0.5085545722713865,0.9600632128562738,0.08472577157460193,0.9583517825276067,0.07832061146144206,validation,beta
0.023,835,16619,428860,860,17454,95.9010989010989,0.04784003666781254,0.49262536873156343,0.962694088834715,0.08721082040837642,0.9609123070661533,0.08085964863511111,validation,beta
0.024,812,15593,429886,883,16405,90.13736263736264,0.04949710454129838,0.4790560471976401,0.9649972277032138,0.08972375690607735,0.9631552818366005,0.08342596416157742,validation,beta
0.025,788,14670,430809,907,15458,84.93406593406593,0.05097684047095355,0.4648967551622419,0.9670691547749726,0.09187897160846499,0.9651656849459047,0.08563217588572823,validation,beta
0.026,774,13864,431615,921,14638,80.42857142857143,0.05287607596666211,0.45663716814159294,0.9688784432038323,0.09477744443764159,0.9669368075961483,0.08858510066660862,validation,beta
0.027,756,13068,432411,939,13824,75.95604395604396,0.0546875,0.44601769911504424,0.9706652838854357,0.09742895805142085,0.9686766225227764,0.09129250727637471,validation,beta
0.028,729,12380,433099,966,13109,72.02747252747253,0.055610649172324354,0.4300884955752212,0.9722096888966708,0.09848689543366658,0.9701547943306185,0.09239417973926421,validation,beta
0.029,704,11717,433762,991,12421,68.24725274725274,0.05667820626358586,0.4153392330383481,0.973697974539765,0.09974497024652876,0.9715815320210924,0.09369935709592044,validation,beta
0.03,684,11123,434356,1011,11807,64.87362637362638,0.05793173541119675,0.40353982300884955,0.9750313707267907,0.1013183232113761,0.9728651486893245,0.09532097681361507,validation,beta
0.031,671,10586,434893,1024,11257,61.85164835164835,0.05960735542329217,0.3958702064896755,0.9762368147544553,0.10361334156886969,0.97403695205893,0.09766802021795569,validation,beta
0.032,664,10028,435451,1031,10692,58.747252747252745,0.06210250654695099,0.391740412979351,0.9774893990513582,0.10720917090498103,0.9752691346097939,0.1013286354919684,validation,beta
0.033,641,9573,435906,1054,10214,56.120879120879124,0.06275700019580967,0.3781710914454277,0.978510771551521,0.10764967671508942,0.9762352015099268,0.10180968704594104,validation,beta
0.034,623,9141,436338,1072,9764,53.64835164835165,0.06380581728799672,0.36755162241887906,0.9794805142329941,0.1087354917532071,0.9771610156225541,0.10294086753846379,validation,beta
0.035,609,8704,436775,1086,9313,51.17032967032967,0.06539246214968324,0.35929203539823007,0.9804614807880955,0.11064680232558138,0.9781069561289342,0.10490599482720459,validation,beta
0.036,598,8282,437197,1097,8880,48.79120879120879,0.06734234234234235,0.3528023598820059,0.9814087757223123,0.113096926713948,0.9790260614436439,0.1074148722817287,validation,beta
0.037,580,7929,437550,1115,8509,46.752747252747255,0.06816312140086966,0.3421828908554572,0.9822011812004606,0.11368090944727556,0.9797752105444413,0.10804225463752264,validation,beta
0.038,567,7553,437926,1128,8120,44.61538461538461,0.06982758620689655,0.3345132743362832,0.9830452164972984,0.11553744268976057,0.9805869750924696,0.10995530305506958,validation,beta
0.039,553,7230,438249,1142,7783,42.76373626373626,0.07105229346010536,0.3262536873156342,0.9837702787336777,0.11669128508124078,0.9812779812779813,0.11115806408255383,validation,beta
0.04,543,6917,438562,1152,7460,40.989010989010985,0.07278820375335121,0.32035398230088497,0.9844728932228006,0.11862370289459312,0.9819555698676578,0.11314527288267823,validation,beta
0.041,532,6620,438859,1163,7152,39.2967032967033,0.0743847874720358,0.31386430678466076,0.9851395913163135,0.12026675709279981,0.9825951419358013,0.11484206114583549,validation,beta
0.042,522,6338,439141,1173,6860,37.69230769230769,0.0760932944606414,0.30796460176991153,0.9857726177889418,0.12203389830508476,0.9832034062803293,0.1166641601694242,validation,beta
0.043,511,6073,439406,1184,6584,36.175824175824175,0.07761239368165249,0.3014749262536873,0.9863674830912343,0.12344486049039738,0.9837714178373519,0.11812818004275012,validation,beta
0.044,503,5833,439646,1192,6336,34.81318681318681,0.07938762626262626,0.2967551622418879,0.9869062290253862,0.1252645996762545,0.9842902315429788,0.120001389868971,validation,beta
0.045,485,5616,439863,1210,6101,33.52197802197802,0.07949516472709392,0.2861356932153392,0.9873933451408484,0.12442278091328887,0.9847352484715122,0.11919724287199733,validation,beta
0.046,474,5388,440091,1221,5862,32.20879120879121,0.08085977482088025,0.27964601769911507,0.9879051537782926,0.12544660579595077,0.9852205181875512,0.12027330996570862,validation,beta
0.047,468,5187,440292,1227,5655,31.071428571428573,0.08275862068965517,0.2761061946902655,0.9883563534981447,0.1273469387755102,0.9856565900521944,0.12222716750483525,validation,beta
0.048,463,5002,440477,1232,5465,30.02747252747253,0.08472095150960658,0.27315634218289087,0.9887716368223867,0.1293296089385475,0.9860591179272498,0.12426233566234048,validation,beta
0.049,452,4809,440670,1243,5261,28.906593406593405,0.08591522524234936,0.26666666666666666,0.9892048783444337,0.12995974698102358,0.9864661183342502,0.12494246521958918,validation,beta
0.05,439,4643,440836,1256,5082,27.923076923076923,0.08638331365604093,0.25899705014749264,0.9895775109488887,0.12955585067138853,0.9868082670280472,0.12457919962092022,validation,beta
0.051,426,4479,441000,1269,4905,26.95054945054945,0.08685015290519878,0.2513274336283186,0.9899456540038925,0.1290909090909091,0.9871459431898992,0.12415639043235253,validation,beta
0.052,420,4334,441145,1275,4754,26.12087912087912,0.08834665544804375,0.24778761061946902,0.9902711463391092,0.13025275236470768,0.9874567841600809,0.12536491384792292,validation,beta
0.053,411,4175,441304,1284,4586,25.197802197802197,0.0896205843872656,0.2424778761061947,0.9906280655204847,0.13087088043305206,0.9877922240559603,0.12603335491618287,validation,beta
0.054,405,4026,441453,1290,4431,24.346153846153847,0.09140148950575491,0.23893805309734514,0.9909625369546039,0.13222331047992167,0.988112010090032,0.12743873022790903,validation,beta
0.055,400,3883,441596,1295,4283,23.532967032967033,0.09339248190520663,0.2359882005899705,0.9912835397403693,0.1338240214118434,0.9884206147942411,0.12909374272359458,validation,beta
0.056,392,3757,441722,1303,4149,22.796703296703296,0.09448059773439382,0.2312684365781711,0.991566381355799,0.13415468856947296,0.9886844941789997,0.12946935576258325,validation,beta
0.057,381,3620,441859,1314,4001,21.983516483516482,0.09522619345163709,0.2247787610619469,0.9918739154932107,0.13377808988764042,0.9889662636915384,0.1291407417819543,validation,beta
0.058,373,3500,441979,1322,3873,21.28021978021978,0.09630777175316292,0.2200589970501475,0.9921432884602865,0.13397988505747127,0.9892167254804617,0.12938900898205388,validation,beta
0.059,366,3395,442084,1329,3761,20.664835164835164,0.09731454400425418,0.215929203539823,0.992378989806478,0.13416422287390029,0.9894358795457696,0.12961577589773524,validation,beta
0.06,360,3300,442179,1335,3660,20.10989010989011,0.09836065573770492,0.21238938053097345,0.9925922434054131,0.13445378151260504,0.9896349072173248,0.129945706661378,validation,beta
0.061,351,3211,442268,1344,3562,19.571428571428573,0.09854014598540146,0.20707964601769913,0.9927920283559943,0.1335362373977554,0.9898138084951271,0.12906254561872732,validation,beta
0.062,343,3112,442367,1352,3455,18.983516483516482,0.09927641099855282,0.20235988200589972,0.993014261053832,0.13320388349514561,0.9900173086986274,0.1287729490180983,validation,beta
0.063,334,3047,442432,1361,3381,18.576923076923077,0.09878734102336587,0.19705014749262537,0.993160171410998,0.13159968479117415,0.9901425395930891,0.12719246001913093,validation,beta
0.064,327,2964,442515,1368,3291,18.082417582417584,0.09936189608021878,0.1929203539823009,0.9933464877132255,0.13116726835138387,0.9903124958070013,0.1267979518236172,validation,beta
0.065,319,2872,442607,1376,3191,17.532967032967033,0.099968661861485425,0.1882005899705015,0.9935530069879838,0.13057715923045435,0.9905003421486938,0.12625119333872528,validation,beta
0.066,314,2797,442682,1381,3111,17.093406593406595,0.10093217614914818,0.18525073746312684,0.9937213650924062,0.13066999583853517,0.9906568807667708,0.12638292646382746,validation,beta
0.067,307,2716,442763,1388,3023,16.60989010989011,0.1015547469401257,0.18112094395280237,0.9939031918451824,0.1301398897838067,0.9908223644487381,0.12589401228755967,validation,beta
0.068,303,2620,442859,1392,2923,16.060439560439562,0.10366062264796443,0.17876106194690267,0.9941186902188431,0.13122563880467736,0.9910281009182108,0.12703679681448424,validation,beta
0.069,302,2547,442932,1393,2849,15.653846153846153,0.10600210600210601,0.17817109144542773,0.9942825587738142,0.13292253521126762,0.9911891120682329,0.1287815436311442,validation,beta
0.07,298,2477,443002,1397,2775,15.247252747252746,0.10738738738738739,0.17581120943952802,0.9944396930046085,0.13333333333333333,0.9913367056224199,0.12923526258649362,validation,beta
0.071,289,2399,443080,1406,2688,14.76923076923077,0.10751488095238096,0.1705014749262537,0.9946147854332078,0.1318731462468629,0.9914910079745245,0.1278181731165298,validation,beta
0.072,279,2343,443136,1416,2622,14.406593406593407,0.10640732265446225,0.16460176991150444,0.9947404928178433,0.12925642807505214,0.9915938762092609,0.1252286238208753,validation,beta
0.073,276,2271,443208,1419,2547,13.994505494505495,0.10836277974087162,0.16283185840707964,0.9949021165980888,0.13012729844413012,0.9917481785613653,0.12614972266013555,validation,beta
0.074,274,2205,443274,1421,2479,13.62087912087912,0.11052843888664785,0.1616519174041298,0.9950502717299805,0.13128893148059415,0.9918912995836072,0.1273599282332786,validation,beta
0.075,264,2137,443342,1431,2401,13.192307692307692,0.10995418575593503,0.15575221238938053,0.9952029164113235,0.12890625,0.992021003010014,0.12501799726585813,validation,beta
0.076,261,2077,443402,1434,2338,12.846153846153847,0.111633875106929,0.15398230088495576,0.9953376028948615,0.12943218447805607,0.9921484701704482,0.12558932157297595,validation,beta
0.077,254,2012,443467,1441,2266,12.45054945054945,0.11209179170344219,0.14985250737463127,0.9954835132520276,0.12825044180762432,0.9922781735968549,0.12445329371442582,validation,beta
0.078,249,1957,443522,1446,2206,12.12087912087912,0.1128739800543971,0.14690265486725665,0.9956069758619374,0.1276595744680851,0.9923899868954814,0.12390375654857282,validation,beta
0.079,248,1902,443577,1447,2150,11.813186813186814,0.11534883720930232,0.1463126843657817,0.9957304384718472,0.12899869960988297,0.992510745257998,0.12529079145484368,validation,beta
0.08,241,1855,443624,1454,2096,11.516483516483516,0.11498091603053436,0.14218289085545724,0.9958359428839518,0.1271432339752044,0.9926001958968992,0.12346933031082974,validation,beta
0.081,236,1814,443665,1459,2050,11.263736263736265,0.1151219512195122,0.1392330383480826,0.9959279786477028,0.1260347129506008,0.9926807014719102,0.12239283528856065,validation,beta
0.082,231,1763,443716,1464,1994,10.956043956043956,0.11584754262788365,0.13628318584070798,0.9960424621587101,0.1252371916508539,0.9927835697066466,0.12163793160716994,validation,beta
0.083,229,1724,443755,1466,1953,10.73076923076923,0.11725550435227855,0.13510324483775812,0.9961300083730097,0.1255482456140351,0.9928663115476303,0.1219847796766437,validation,beta
0.084,227,1682,443797,1468,1909,10.489010989010989,0.11891042430591933,0.13392330383480827,0.9962242889114863,0.12597114317425084,0.9929557621865314,0.12244729238819976,validation,beta
0.085,222,1639,443840,1473,1861,10.225274725274724,0.11929070392262224,0.13097345132743363,0.9963208142246884,0.12485939257592801,0.9930407402934875,0.12137351552944359,validation,beta
0.086,218,1594,443885,1477,1812,9.956043956043956,0.12030905077262694,0.12861356932153392,0.9964218290873419,0.12432278300541774,0.9931324271983613,0.12087933069857533,validation,beta
0.087,215,1552,443927,1480,1767,9.708791208791208,0.12167515563101301,0.12684365781710916,0.9965161096258185,0.12420566146735991,0.99321964157129,0.12080378570403702,validation,beta
0.088,208,1518,443961,1487,1726,9.483516483516484,0.1205098493626883,0.12271386430678466,0.99659243196649006,0.12160187079801228,0.9932800207525482,0.11822925744135114,validation,beta
0.089,207,1476,444003,1488,1683,9.247252747252746,0.12299465240641712,0.12212389380530973,0.9966867125049665,0.12255772646536411,0.993371707657422,0.11923105726899685,validation,beta
0.09,203,1441,444038,1492,1644,9.032967032967033,0.12347931873479319,0.11976401179941003,0.9967652796203637,0.12159329140461217,0.9934410319025704,0.11830228853160545,validation,beta
0.091,195,1395,444084,1500,1590,8.736263736263735,0.12264150943396226,0.11504424778761062,0.9968685392577428,0.11872146118721462,0.9935260100095265,0.11547586419620685,validation,beta
0.092,192,1355,444124,1503,1547,8.5,0.12411118293471235,0.11327433628318584,0.996958330246768,0.11844540407156076,0.9936087518505101,0.11524486192698849,validation,beta
0.093,186,1323,444156,1509,1509,8.291208791208792,0.12326043737574553,0.10973451327433628,0.9970301630379883,0.11610486891385768,0.9936668947657958,0.11293767963767244,validation,beta
0.094,185,1287,444192,1510,1472,8.087912087912088,0.12567934782608695,0.10914454277286136,0.9971109749281111,0.11682980738869592,0.9937451640748344,0.11370689160475872,validation,beta
0.095,183,1253,444226,1512,1436,7.8901098901098905,0.12743732590529247,0.1079646017699115,0.9971872972687826,0.11689556052379432,0.9938167245859554,0.11381436518772534,validation,beta
0.096,180,1215,444264,1515,1395,7.664835164835165,0.12903225806451613,0.10619469026548672,0.9972725987083566,0.11650485436893203,0.9938949938949939,0.1134707399380772,validation,beta
0.097,179,1186,444293,1516,1365,7.5,0.13113553113553114,0.1056047197640118,0.9973376971754,0.1169934640522876,0.9939576093422248,0.11399727345340567,validation,beta
0.098,176,1152,444327,1519,1328,7.2967032967032965,0.13253012048192772,0.10383480825958702,0.9974140195160714,0.11644062189877606,0.9940269335873732,0.11348827377169368,validation,beta
0.099,172,1119,444360,1523,1291,7.093406593406593,0.1332300542215337,0.10147492625368731,0.9974880970820174,0.11520428667113194,0.9940917853005765,0.1122947194462323,validation,beta
0.1,166,1087,444392,1529,1253,6.884615384615385,0.13248204309656825,0.09793510324483776,0.9975599298732376,0.11261872455902308,0.9941499282158622,0.10975019961662023,validation,beta
0.11,142,842,444637,1553,984,5.406593406593407,0.1443089430894309,0.08377581120943953,0.9981098996810175,0.10600970511384845,0.9946441429957914,0.10351344798723938,validation,beta
0.12,111,639,444840,1584,750,4.1208791208791204,0.148,0.06548672566371681,0.9985655889503209,0.09079754601226994,0.9950287807430664,0.08867832009912713,validation,beta
0.13,91,479,445000,1604,570,3.131868131868132,0.15964912280701754,0.05368731563421829,0.9989247529064221,0.0803532008830022,0.9953418579792206,0.0785953574161975,validation,beta
0.14,81,362,445117,1614,443,2.434065934065934,0.18284424379232506,0.047787610619469026,0.999187391549321,0.07577174929840973,0.9955811384382813,0.07431769326799657,validation,beta
0.15,60,274,445205,1635,334,1.835164835164835,0.17964071856287425,0.035398230088495575,0.9993849317251767,0.05914243469689502,0.9957309682584408,0.05796685044639008,validation,beta
0.16,46,199,445280,1649,245,1.3461538461538463,0.18775510204081633,0.027138643067846607,0.9995532898295991,0.04742268041237114,0.9958673804827651,0.046509821348319505,validation,beta
0.17,37,152,445327,1658,189,1.0384615384615385,0.19576719576719576,0.02182890855457227,0.9996587942417039,0.03927813163481954,0.9959523585897212,0.03854693843095662,validation,beta
0.18,31,106,445373,1664,137,0.7527472527472527,0.22627737226277372,0.018289085545722714,0.999762053879083,0.03384279475982532,0.9960418092286224,0.033294754672772806,validation,beta
0.19,24,73,445406,1671,97,0.532967032967033,0.24742268041237114,0.01415929203539823,0.9998361314450288,0.026785714285714284,0.9960999521439082,0.026386189609451174,validation,beta
0.2,19,54,445425,1676,73,0.4010989010989011,0.2602739726027397,0.011209439528023599,0.9998787821648158,0.021493212669683254,0.9961312598675236,0.02118683045074634,validation,beta
0.21,12,44,445435,1683,56,0.3076923076923077,0.21428571428571427,0.007079646017699115,0.9999012299120722,0.013706453455168474,0.9961379686654412,0.013467267026533673,validation,beta
0.22,7,26,445453,1688,33,0.1813186813186813,0.21212121212121213,0.004129793510324484,0.9999416358571336,0.008101851851851851,0.9961670401230841,0.007958229076596594,validation,beta
0.23,5,16,445463,1690,21,0.11538461538461539,0.23809523809523808,0.0029498525073746312,0.9999640836043899,0.005827505827505827,0.9961849302508643,0.005735264148105509,validation,beta
0.24,3,8,445471,1692,11,0.06043956043956044,0.2727272727272727,0.0017699115044247787,0.999982041802195,0.003516998827667057,0.9961983478466995,0.0034682877277890053,validation,beta
0.25,3,5,445474,1692,8,0.04395604395604396,0.375,0.0017699115044247787,0.9999887761263718,0.003523194362889019,0.9962050566446171,0.0034877063932146264,validation,beta
0.26,1,3,445476,1694,4,0.02197802197802198,0.25,5.899705014749262e-4,0.9999932656758231,0.0011771630370806358,0.9962050566446171,0.001159335720327966,validation,beta
0.27,1,2,445477,1694,3,0.016483516483516484,0.3333333333333333,5.899705014749262e-4,0.9999955104505487,0.001177856301531213,0.9962072929105896,0.001164478008597521,validation,beta
0.28,1,2,445477,1694,3,0.016483516483516484,0.3333333333333333,5.899705014749262e-4,0.9999955104505487,0.001177856301531213,0.9962072929105896,0.001164478008597521,validation,beta
0.29,1,2,445477,1694,3,0.016483516483516484,0.3333333333333333,5.899705014749262e-4,0.9999955104505487,0.001177856301531213,0.9962072929105896,0.001164478008597521,validation,beta
0.3,1,1,445478,1694,2,0.01098901098901099,0.5,5.899705014749262e-4,0.9999977552252743,0.0011785503830288745,0.9962095291765621,0.0011696263113935151,validation,beta
0.31,1,1,445478,1694,2,0.01098901098901099,0.5,5.899705014749262e-4,0.9999977552252743,0.0011785503830288745,0.9962095291765621,0.0011696263113935151,validation,beta
0.32,1,1,445478,1694,2,0.01098901098901099,0.5,5.899705014749262e-4,0.9999977552252743,0.0011785503830288745,0.9962095291765621,0.0011696263113935151,validation,beta
0.33,1,1,445478,1694,2,0.01098901098901099,0.5,5.899705014749262e-4,0.9999977552252743,0.0011785503830288745,0.9962095291765621,0.0011696263113935151,validation,beta
0.34,1,0,445479,1694,1,0.005494505494505495,1,5.899705014749262e-4,1,0.0011792452830188679,0.9962117654425346,0.001174780639332723,validation,beta
0.35,1,0,445479,1694,1,0.005494505494505495,1,5.899705014749262e-4,1,0.0011792452830188679,0.9962117654425346,0.001174780639332723,validation,beta
0.36,1,0,445479,1694,1,0.005494505494505495,1,5.899705014749262e-4,1,0.0011792452830188679,0.9962117654425346,0.001174780639332723,validation,beta
0.37,0,0,445479,1695,0,0,NA,0,1,NA,0.9962095291765621,0,validation,beta
0.38,0,0,445479,1695,0,0,NA,0,1,NA,0.9962095291765621,0,validation,beta
0.39,0,0,445479,1695,0,0,NA,0,1,NA,0.9962095291765621,0,validation,beta
0.4,0,0,445479,1695,0,0,NA,0,1,NA,0.9962095291765621,0,validation,beta
0.41,0,0,445479,1695,0,0,NA,0,1,NA,0.9962095291765621,0,validation,beta
0.42,0,0,445479,1695,0,0,NA,0,1,NA,0.9962095291765621,0,validation,beta
0.43,0,0,445479,1695,0,0,NA,0,1,NA,0.9962095291765621,0,validation,beta
0.44,0,0,445479,1695,0,0,NA,0,1,NA,0.9962095291765621,0,validation,beta
0.45,0,0,445479,1695,0,0,NA,0,1,NA,0.9962095291765621,0,validation,beta
0.46,0,0,445479,1695,0,0,NA,0,1,NA,0.9962095291765621,0,validation,beta
0.47,0,0,445479,1695,0,0,NA,0,1,NA,0.9962095291765621,0,validation,beta
0.48,0,0,445479,1695,0,0,NA,0,1,NA,0.9962095291765621,0,validation,beta
0.49,0,0,445479,1695,0,0,NA,0,1,NA,0.9962095291765621,0,validation,beta
0.5,0,0,445479,1695,0,0,NA,0,1,NA,0.9962095291765621,0,validation,beta
0.51,0,0,445479,1695,0,0,NA,0,1,NA,0.9962095291765621,0,validation,beta
0.52,0,0,445479,1695,0,0,NA,0,1,NA,0.9962095291765621,0,validation,beta
0.53,0,0,445479,1695,0,0,NA,0,1,NA,0.9962095291765621,0,validation,beta
0.54,0,0,445479,1695,0,0,NA,0,1,NA,0.9962095291765621,0,validation,beta
0.55,0,0,445479,1695,0,0,NA,0,1,NA,0.9962095291765621,0,validation,beta
0.56,0,0,445479,1695,0,0,NA,0,1,NA,0.9962095291765621,0,validation,beta
0.57,0,0,445479,1695,0,0,NA,0,1,NA,0.9962095291765621,0,validation,beta
0.58,0,0,445479,1695,0,0,NA,0,1,NA,0.9962095291765621,0,validation,beta
0.59,0,0,445479,1695,0,0,NA,0,1,NA,0.9962095291765621,0,validation,beta
0.6,0,0,445479,1695,0,0,NA,0,1,NA,0.9962095291765621,0,validation,beta
0.61,0,0,445479,1695,0,0,NA,0,1,NA,0.9962095291765621,0,validation,beta
0.62,0,0,445479,1695,0,0,NA,0,1,NA,0.9962095291765621,0,validation,beta
0.63,0,0,445479,1695,0,0,NA,0,1,NA,0.9962095291765621,0,validation,beta
0.64,0,0,445479,1695,0,0,NA,0,1,NA,0.9962095291765621,0,validation,beta
0.65,0,0,445479,1695,0,0,NA,0,1,NA,0.9962095291765621,0,validation,beta
0.66,0,0,445479,1695,0,0,NA,0,1,NA,0.9962095291765621,0,validation,beta
0.67,0,0,445479,1695,0,0,NA,0,1,NA,0.9962095291765621,0,validation,beta
0.68,0,0,445479,1695,0,0,NA,0,1,NA,0.9962095291765621,0,validation,beta
0.69,0,0,445479,1695,0,0,NA,0,1,NA,0.9962095291765621,0,validation,beta
0.7,0,0,445479,1695,0,0,NA,0,1,NA,0.9962095291765621,0,validation,beta
0.71,0,0,445479,1695,0,0,NA,0,1,NA,0.9962095291765621,0,validation,beta
0.72,0,0,445479,1695,0,0,NA,0,1,NA,0.9962095291765621,0,validation,beta
0.73,0,0,445479,1695,0,0,NA,0,1,NA,0.9962095291765621,0,validation,beta
0.74,0,0,445479,1695,0,0,NA,0,1,NA,0.9962095291765621,0,validation,beta
0.75,0,0,445479,1695,0,0,NA,0,1,NA,0.9962095291765621,0,validation,beta
0.76,0,0,445479,1695,0,0,NA,0,1,NA,0.9962095291765621,0,validation,beta
0.77,0,0,445479,1695,0,0,NA,0,1,NA,0.9962095291765621,0,validation,beta
0.78,0,0,445479,1695,0,0,NA,0,1,NA,0.9962095291765621,0,validation,beta
0.79,0,0,445479,1695,0,0,NA,0,1,NA,0.9962095291765621,0,validation,beta
0.8,0,0,445479,1695,0,0,NA,0,1,NA,0.9962095291765621,0,validation,beta
0.81,0,0,445479,1695,0,0,NA,0,1,NA,0.9962095291765621,0,validation,beta
0.82,0,0,445479,1695,0,0,NA,0,1,NA,0.9962095291765621,0,validation,beta
0.83,0,0,445479,1695,0,0,NA,0,1,NA,0.9962095291765621,0,validation,beta
0.84,0,0,445479,1695,0,0,NA,0,1,NA,0.9962095291765621,0,validation,beta
0.85,0,0,445479,1695,0,0,NA,0,1,NA,0.9962095291765621,0,validation,beta
0.86,0,0,445479,1695,0,0,NA,0,1,NA,0.9962095291765621,0,validation,beta
0.87,0,0,445479,1695,0,0,NA,0,1,NA,0.9962095291765621,0,validation,beta
0.88,0,0,445479,1695,0,0,NA,0,1,NA,0.9962095291765621,0,validation,beta
0.89,0,0,445479,1695,0,0,NA,0,1,NA,0.9962095291765621,0,validation,beta
0.9,0,0,445479,1695,0,0,NA,0,1,NA,0.9962095291765621,0,validation,beta
0.905,0,0,445479,1695,0,0,NA,0,1,NA,0.9962095291765621,0,validation,beta
0.91,0,0,445479,1695,0,0,NA,0,1,NA,0.9962095291765621,0,validation,beta
0.915,0,0,445479,1695,0,0,NA,0,1,NA,0.9962095291765621,0,validation,beta
0.92,0,0,445479,1695,0,0,NA,0,1,NA,0.9962095291765621,0,validation,beta
0.925,0,0,445479,1695,0,0,NA,0,1,NA,0.9962095291765621,0,validation,beta
0.93,0,0,445479,1695,0,0,NA,0,1,NA,0.9962095291765621,0,validation,beta
0.935,0,0,445479,1695,0,0,NA,0,1,NA,0.9962095291765621,0,validation,beta
0.94,0,0,445479,1695,0,0,NA,0,1,NA,0.9962095291765621,0,validation,beta
0.945,0,0,445479,1695,0,0,NA,0,1,NA,0.9962095291765621,0,validation,beta
0.95,0,0,445479,1695,0,0,NA,0,1,NA,0.9962095291765621,0,validation,beta
0.955,0,0,445479,1695,0,0,NA,0,1,NA,0.9962095291765621,0,validation,beta
0.96,0,0,445479,1695,0,0,NA,0,1,NA,0.9962095291765621,0,validation,beta
0.965,0,0,445479,1695,0,0,NA,0,1,NA,0.9962095291765621,0,validation,beta
0.97,0,0,445479,1695,0,0,NA,0,1,NA,0.9962095291765621,0,validation,beta
0.975,0,0,445479,1695,0,0,NA,0,1,NA,0.9962095291765621,0,validation,beta
0.98,0,0,445479,1695,0,0,NA,0,1,NA,0.9962095291765621,0,validation,beta
0.985,0,0,445479,1695,0,0,NA,0,1,NA,0.9962095291765621,0,validation,beta
0.99,0,0,445479,1695,0,0,NA,0,1,NA,0.9962095291765621,0,validation,beta
0.991,0,0,445479,1695,0,0,NA,0,1,NA,0.9962095291765621,0,validation,beta
0.992,0,0,445479,1695,0,0,NA,0,1,NA,0.9962095291765621,0,validation,beta
0.993,0,0,445479,1695,0,0,NA,0,1,NA,0.9962095291765621,0,validation,beta
0.994,0,0,445479,1695,0,0,NA,0,1,NA,0.9962095291765621,0,validation,beta
0.995,0,0,445479,1695,0,0,NA,0,1,NA,0.9962095291765621,0,validation,beta
0.996,0,0,445479,1695,0,0,NA,0,1,NA,0.9962095291765621,0,validation,beta
0.997,0,0,445479,1695,0,0,NA,0,1,NA,0.9962095291765621,0,validation,beta
0.998,0,0,445479,1695,0,0,NA,0,1,NA,0.9962095291765621,0,validation,beta
0.999,0,0,445479,1695,0,0,NA,0,1,NA,0.9962095291765621,0,validation,beta
1e-4,5243,979780,341754,3,985023,1824.1166666666666,0.005322718352769428,0.9994281357224553,0.2586040162417312,0.010589041967384622,0.2615331856072597,0.00274465652480855,test,beta
2e-4,5228,823920,497614,18,829148,1535.4592592592592,0.006305267575873065,0.9965688143347312,0.37654271475421747,0.012531250224713983,0.3789942567720346,0.004710114159630367,test,beta
3e-4,5217,729837,591697,29,735054,1361.2111111111112,0.007097437739268135,0.9944719786504003,0.44773498071180917,0.014094286100229635,0.4498967424893351,0.006291859187262179,test,beta
4e-4,5204,663968,657566,42,669172,1239.2074074074073,0.007776774880000956,0.9919939001143728,0.49757781487271613,0.01543256556023119,0.4995327032364069,0.0076462050439568665,test,beta
5e-4,5187,614447,707087,59,619634,1147.4703703703703,0.008371070664295375,0.9887533358749524,0.5350501765372665,0.016601587504800924,0.5368440886959406,0.008829343670573045,test,beta
6e-4,5177,575957,745577,69,581134,1076.174074074074,0.008908444523982421,0.9868471216164697,0.5641754203826765,0.017657491728912993,0.5658466362170066,0.00989794300702698,test,beta
7e-4,5152,544705,776829,94,549857,1018.2537037037036,0.009369708851574137,0.9820815859702631,0.5878236957959462,0.018562320866577914,0.5893825653084912,0.010813893662105292,test,beta
8e-4,5132,518983,802551,114,524115,970.5833333333334,0.009791744178281485,0.9782691574532978,0.6072874402020682,0.0193894147849955,0.6087542772727957,0.011651137645761103,test,beta
9e-4,5117,497103,824431,129,502220,930.0370370370371,0.010188761897176535,0.9754098360655737,0.6238439570983417,0.02016686832221272,0.6252340252340253,0.012438091806588177,test,beta
0.001,5098,477959,843575,148,483057,894.55,0.010553619966173764,0.9717880289744567,0.6383301526861965,0.020880477899992422,0.6396486229819563,0.013160521131990364,test,beta
0.0011,5072,461029,860505,174,466101,863.15,0.010881761678262866,0.9668318719024018,0.6511410224784228,0.021521299594566213,0.6523892431299839,0.01380943319717362,test,beta
0.0012,5049,445736,875798,197,450785,834.7870370370371,0.011200461417305367,0.9624475791078917,0.6627131802889672,0.02214323149084163,0.6638983101946065,0.014439203075937919,test,beta
0.0013,5026,432157,889377,220,437183,809.5981481481482,0.011496329912187802,0.9580632863133817,0.6729883604962112,0.02272002965447563,0.6741155278192316,0.015023321963511922,test,beta
0.0014,5012,420018,901516,234,425030,787.0925925925926,0.011792108792320542,0.9553945863515059,0.6821738979095505,0.023296674692522938,0.6832541943653054,0.015607136031136365,test,beta
0.0015,4996,408514,913020,250,413510,765.7592592592592,0.012081932722304177,0.9523446435379337,0.6908789331186334,0.023861150646199696,0.6919127511720105,0.01617868606636314,test,beta
0.0016,4981,397779,923755,265,402760,745.8518518518518,0.012367166550799483,0.9494853221502096,0.6990020688079156,0.024416307603319556,0.6999924629554259,0.016740798922831084,test,beta
0.0017,4960,387950,933584,286,392910,727.6111111111111,0.012623756076455168,0.9454822722073961,0.7064396375726996,0.024914857493042928,0.7073847962736851,0.017245762658692536,test,beta
0.0018,4947,378695,942839,299,383642,710.4481481481481,0.01289483424651107,0.9430041936713687,0.713442862612691,0.025441772438337,0.7143505328690514,0.017779279961304094,test,beta
0.0019,4933,370103,951431,313,375036,694.5111111111111,0.013153403939888437,0.940335493709493,0.7199443979496555,0.025943904786447952,0.7208158097046986,0.018287748943842785,test,beta
0.002,4918,362023,959511,328,366941,679.5203703703704,0.013402699616559611,0.9374761723217689,0.7260585047376761,0.026427575385491703,0.7268944361536954,0.018777567648274904,test,beta
0.0021,4911,354453,967081,335,359364,665.4888888888889,0.01366580959695462,0.9361418223408311,0.7317866963695221,0.026938372507610872,0.7325947029650733,0.019294667903169287,test,beta
0.0022,4899,347351,974183,347,352250,652.3148148148148,0.013907735982966643,0.9338543652306519,0.7371607540933491,0.027407299662094122,0.7379384675680972,0.01976951543278679,test,beta
0.0023,4877,340464,981070,369,345341,639.5203703703704,0.014122273347213334,0.9296606938619901,0.742372122094475,0.0278219101107571,0.7431126486682043,0.020189640089060674,test,beta
0.0024,4865,333971,987563,381,338836,627.4740740740741,0.014357978491069425,0.9273732367518109,0.7472853517200465,0.028278143000796317,0.7479974072566665,0.020651662781175407,test,beta
0.0025,4849,327921,993613,397,332770,616.2407407407408,0.014571626048021155,0.9243232939382386,0.7518633648472154,0.028690949540850136,0.7525452599526674,0.021069843904424946,test,beta
0.0026,4836,321982,999552,410,326818,605.2185185185185,0.014797226590946642,0.9218452154022112,0.7563573846756875,0.02912691529343741,0.7570117125672681,0.021511399750358436,test,beta
0.0027,4821,316262,1005272,425,321083,594.5981481481482,0.015014809254927854,0.9189858940144873,0.7606856879959198,0.029546868344523473,0.7613115964967817,0.021936811139670213,test,beta
0.0028,4810,310862,1010672,436,315672,584.5777777777778,0.015237334955270028,0.9168890583301563,0.7647718484730623,0.02997650490156364,0.7653733098177543,0.02237192874138548,test,beta
0.0029,4793,305783,1015751,453,310576,575.1407407407407,0.015432615527278348,0.9136484940907358,0.7686151094107303,0.030352540355010102,0.7691885617811544,0.022752966513825527,test,beta
0.003,4780,300781,1020753,466,305561,565.8537037037037,0.01564335762744591,0.9111704155547083,0.7724001047267797,0.030758637997213706,0.7729487933191637,0.023164333521782893,test,beta
0.0031,4764,296037,1025497,482,300801,557.0388888888889,0.01583771330547438,0.908120472741136,0.7759898723755878,0.031132473116874206,0.7765123079937895,0.023543140707420973,test,beta
0.0032,4753,291446,1030088,493,296199,548.5166666666667,0.01604664431682754,0.9060236370568052,0.7794638654775435,0.03153477417107599,0.7799642744087188,0.023950628694349267,test,beta
0.0033,4742,287024,1034510,504,291766,540.3074074074074,0.016252750491832495,0.9039268013724743,0.7828099768904924,0.031931369776305334,0.7832888647703462,0.024352349765329157,test,beta
0.0034,4718,282650,1038884,528,287368,532.162962962963,0.016417972773586482,0.8993518871521159,0.7861197668769778,0.03224726089660782,0.7865674791600717,0.024672777531629476,test,beta
0.0035,4699,278424,1043110,547,283123,524.3018518518519,0.016597026733963682,0.8957300800609989,0.7893175657985342,0.03259018826572898,0.7897383138123879,0.025020439656372358,test,beta
0.0036,4687,274411,1047123,559,279098,516.8481481481482,0.01679338440261127,0.8934426229508197,0.7923541883901587,0.032967110260810846,0.792753885346478,0.025402311165428227,test,beta
0.0037,4675,270420,1051114,571,275095,509.43518518518516,0.016994129300787,0.8911551658406405,0.7953741636613209,0.03335223888050624,0.795752875382505,0.025792497926710633,test,beta
0.0038,4660,266496,1055038,586,271156,502.14074074074074,0.01718567909247813,0.8882958444529165,0.798343440274711,0.033719003480437916,0.7986991061065135,0.026164200571782793,test,beta
0.0039,4646,262739,1058795,600,267385,495.1574074074074,0.01737569422368495,0.8856271444910407,0.8011863485918637,0.0340826978590109,0.8015202218905922,0.026532775190693025,test,beta
0.004,4630,259157,1062377,616,263787,488.49444444444447,0.017552040092953785,0.8825772016774686,0.8038968350417015,0.0344195693465114,0.8042079319857097,0.02687427558108637,test,beta
0.0041,4619,255542,1065992,627,260161,481.77962962962965,0.017754390550466827,0.8804803659931376,0.806632292472233,0.03480691918449777,0.8069242828502088,0.027266717516344106,test,beta
0.0042,4602,252119,1069415,644,256721,475.4092592592593,0.017926075389235786,0.8772398017537171,0.8092224641969106,0.03513419629189936,0.809491400232141,0.027598562815111295,test,beta
0.0043,4586,248754,1072780,660,253340,469.14814814814815,0.018102155206441935,0.8741898589401449,0.811768747531278,0.035469824352439804,0.8120155564600009,0.027938840541282615,test,beta
0.0044,4568,245424,1076110,678,249992,462.94814814814816,0.018272584722711125,0.8707586732748761,0.8142885464921825,0.03579404320673254,0.8145118256229368,0.0282676517274381,test,beta
0.0045,4560,242238,1079296,686,246798,457.03333333333336,0.018476648919359153,0.86923370186809,0.8166993811736967,0.03618415832156291,0.8169070983885799,0.02866282826538094,test,beta
0.0046,4544,239072,1082462,702,243616,451.14074074074074,0.018652305267305925,0.8661837590545177,0.8190950819275176,0.0365182309874549,0.8192812674294155,0.029001567365779298,test,beta
0.0047,4534,235987,1085547,712,240521,445.4092592592593,0.01885074484140678,0.864277544796035,0.8214294902741813,0.03689673552592496,0.8215989086359456,0.02938507830016675,test,beta
0.0048,4520,232995,1088539,726,237515,439.8425925925926,0.019030377028819233,0.8616088448341593,0.8236935258570721,0.03723827138626056,0.8238434405101072,0.029731321754587845,test,beta
0.0049,4506,230021,1091513,740,234527,434.30925925925925,0.01921313963850644,0.8589401448722837,0.8259439409050392,0.03758554966572549,0.8260744057040353,0.030083389466665167,test,beta
0.005,4483,227177,1094357,763,231660,429,0.019351636018302684,0.8545558520777735,0.8280959854230009,0.03784623437143846,0.8282006059783837,0.030348152348608076,test,beta
0.0051,4473,224292,1097242,773,228765,423.6388888888889,0.019552816208773194,0.8526496378192909,0.8302790544927334,0.038228972142335185,0.8303675062934323,0.03073598890752733,test,beta
0.0052,4466,221565,1099969,780,226031,418.5759259259259,0.01975835173051484,0.8513152878383531,0.8323425655336903,0.03862035567739118,0.8324175824175825,0.031132467860171834,test,beta
0.0053,4457,218874,1102660,789,223331,413.5759259259259,0.01995692492309621,0.8495996950057186,0.8343788355047997,0.03899779942863893,0.8344390177723511,0.031514919395723054,test,beta
0.0054,4449,216207,1105327,797,220656,408.6222222222222,0.020162606047422232,0.8480747235989325,0.8363969447626773,0.03938876149834884,0.8364431179245994,0.03191102243713414,test,beta
0.0055,4439,213464,1108070,807,217903,403.52407407407406,0.020371449681739123,0.8461685093404498,0.8384725629457888,0.039785076339127666,0.8385029922066959,0.03231263176990441,test,beta
0.0056,4426,210855,1110679,820,215281,398.6685185185185,0.020559176146524773,0.8436904308044224,0.8404467838133562,0.04014020958884853,0.8404596089781275,0.03267268346959736,test,beta
0.0057,4413,208339,1113195,833,212752,393.9851851851852,0.020742460705422277,0.841212352268395,0.8423506319171509,0.0404866099688988,0.8423461312350201,0.03302390546562686,test,beta
0.0058,4406,205887,1115647,840,210293,389.43148148148146,0.02095171974340563,0.8398780022874571,0.8442060514523274,0.040883552396550046,0.8441889386333831,0.033426049941548915,test,beta
0.0059,4397,203577,1117957,849,207974,385.13703703703703,0.02114206583515247,0.8381624094548227,0.8459540201008827,0.041243785761185627,0.8459232125898792,0.03379112256627637,test,beta
0.006,4385,201281,1120253,861,205666,380.86296296296297,0.021320976729260064,0.8358749523446435,0.847691395000053,0.04158132301623426,0.8476446735705995,0.03413335598989477,test,beta
0.0061,4371,198928,1122606,875,203299,376.47962962962964,0.021500351698729457,0.8332062523827678,0.8494719015931486,0.04191901028554988,0.8494075882964772,0.03447583971101243,test,beta
0.0062,4358,196669,1124865,888,201027,372.27222222222224,0.021678679978311372,0.8307281738467404,0.8511812787260865,0.04225468190213939,0.8511004085078159,0.03481625030670474,test,beta
0.0063,4345,194454,1127080,901,198799,368.14629629629627,0.021856246761804636,0.8282500953107129,0.8528573612180995,0.042588644661716774,0.8527600657230286,0.03515494209007954,test,beta
0.0064,4330,192327,1129207,916,196657,364.17962962962963,0.022018031394763472,0.825390773922989,0.8544668544282629,0.04289188372634384,0.8543518895370747,0.0354626322212733,test,beta
0.0065,4318,190187,1131347,928,194505,360.19444444444446,0.022199943446183902,0.8231033168128098,0.8560861846914268,0.04323382611351132,0.8559557726224393,0.03580937972363288,test,beta
0.0066,4312,188089,1133445,934,192401,356.29814814814813,0.02241152592761992,0.8219595882577202,0.8576737337064351,0.04363334631944831,0.8575325223473371,0.03621414747728558,test,beta
0.0067,4296,186035,1135499,950,190331,352.4648148148148,0.022571204900935737,0.8189096454441479,0.8592279880805186,0.04393154614295137,0.859068572031535,0.03651681764398225,test,beta
0.0068,4283,183961,1137573,963,188244,348.6,0.022752385202184398,0.8164315669081205,0.8607973763822951,0.044271021758230396,0.8606219569182532,0.03686114667936724,test,beta
0.0069,4269,181886,1139648,977,186155,344.73148148148147,0.02293250248448873,0.8137628669462448,0.8623675213804564,0.04460791740899995,0.8621753418049715,0.037202924772040125,test,beta
0.007,4257,179927,1141607,989,184184,341.0814814814815,0.023112756808408984,0.8114754098360656,0.8638498895979975,0.04494536240299848,0.8636428043835451,0.03754517254583416,test,beta
0.0071,4246,177869,1143665,1000,182115,337.25,0.023314938363122203,0.8093785741517346,0.8654071707576195,0.045324267056644656,0.8651856374078596,0.03792935777878434,test,beta
0.0072,4234,175949,1145585,1012,180183,333.6722222222222,0.02349833225110027,0.8070911170415555,0.8668600278161591,0.045667074729411256,0.8666237055125944,0.03827705666759427,test,beta
0.0073,4218,174055,1147479,1028,178273,330.1351851851852,0.023660341162150187,0.8040411742279833,0.8682932107686976,0.04596799241495431,0.8680391624836069,0.03858256047734425,test,beta
0.0074,4207,172260,1149274,1039,176467,326.7907407407407,0.023840151416412134,0.8019443385436523,0.8696514807791551,0.04630378674062945,0.869383771235623,0.038923130215096774,test,beta
0.0075,4193,170412,1151122,1053,174605,323.3425925925926,0.024014203487872626,0.7992756385817766,0.8710498556979994,0.04662748608570427,0.8707660652105097,0.039251623039681445,test,beta
0.0076,4183,168568,1152966,1063,172751,319.9092592592593,0.02421404217631157,0.7973694243232939,0.8724452038313051,0.04700079214818227,0.8721483591853962,0.039630142406705544,test,beta
0.0077,4164,166724,1154810,1082,170888,316.4592592592593,0.024366836758578717,0.7937476172321769,0.8738405519646109,0.04728218288348643,0.8735238698201662,0.03991609452606731,test,beta
0.0078,4147,165000,1156534,1099,169147,313.2351851851852,0.024517135982311245,0.7905070529927564,0.8751450965317578,0.04755924836432655,0.8748104433289619,0.04019757644668531,test,beta
0.0079,4141,163281,1158253,1105,167422,310.0407407407407,0.02473390593828768,0.7893633244376668,0.8764458576169815,0.04796488058007274,0.876101539064502,0.040608641509231116,test,beta
0.008,4128,161588,1159946,1118,165716,306.8814814814815,0.024910087137029618,0.7868852459016393,0.8777269445962042,0.04829143318398241,0.8773677625529477,0.04094003443328397,test,beta
0.0081,4121,159872,1161662,1125,163993,303.69074074074075,0.025129121364936308,0.7855508959207015,0.8790254355922739,0.04870035866437405,0.8786558434706583,0.04135450518865099,test,beta
0.0082,4111,158231,1163303,1135,162342,300.6333333333333,0.025323083367212427,0.7836446816622188,0.8802671743594943,0.04906079194214382,0.879885135440691,0.041720053679043134,test,beta
0.0083,4100,156602,1164932,1146,160702,297.5962962962963,0.02551306144291919,0.781547845977888,0.881499832770099,0.04941306915419288,0.8811046292527774,0.04207741177410458,test,beta
0.0084,4087,155050,1166484,1159,159137,294.69814814814816,0.025682273764115197,0.7790697674418605,0.8826742255590851,0.04972533656156659,0.8822645804127286,0.04239438561041922,test,beta
0.0085,4068,153501,1168033,1178,157569,291.7944444444444,0.025817261009462522,0.7754479603507434,0.8838463482589173,0.04997082578386513,0.883417748232563,0.04264411340676284,test,beta
0.0086,4060,151996,1169538,1186,156056,288.9925925925926,0.026016301840365,0.7739229889439573,0.8849851763178246,0.05034035535827207,0.8845460438053031,0.0430187976221743,test,beta
0.0087,4044,150514,1171020,1202,154558,286.2185185185185,0.026164934846465406,0.7708730461303851,0.8861066003598848,0.05061199969963205,0.8856509745398634,0.04329486051517125,test,beta
0.0088,4032,148996,1172538,1214,153028,283.3851851851852,0.026348119298429045,0.7685855890202059,0.8872552654717927,0.050949619015125666,0.8867860534527201,0.04363750039514385,test,beta
0.0089,4013,147509,1174025,1233,151522,280.5962962962963,0.026484602895949103,0.7649637819290889,0.8883804729957762,0.05119667279036538,0.8878924915961953,0.0438888836181125,test,beta
0.009,4003,146114,1175420,1243,150117,277.99444444444447,0.026665867290180327,0.7630575676706062,0.8894360644523712,0.051530930787896737,0.8889363722697056,0.04422802097268885,test,beta
0.0091,3991,144579,1176955,1255,148570,275.1296296296296,0.026862758295752843,0.760770110560427,0.8905975934028182,0.05189317106152806,0.8900842641583382,0.04459563589687762,test,beta
0.0092,3973,143192,1178342,1273,147165,272.52777777777777,0.02699690823225631,0.7573389248951582,0.8916471312883362,0.052135344561744235,0.89111608556053,0.04484206644282112,test,beta
0.0093,3961,141768,1179766,1285,145729,269.8685185185185,0.027180588626834742,0.755051467784979,0.8927246669400863,0.0524722636198046,0.8921803162543903,0.04518406887529512,test,beta
0.0094,3936,140385,1181149,1310,144321,267.2611111111111,0.027272538300039496,0.7502859321387724,0.8937711780400656,0.05263193084035917,0.8932038469075506,0.045347452637815464,test,beta
0.0095,3925,139013,1182521,1321,142938,264.7,0.02745945794680211,0.7481890964544414,0.8948093654798136,0.05297468012740916,0.8942296386740831,0.04569532673626077,test,beta
0.0096,3917,137573,1183961,1329,141490,262.01851851851853,0.027683935260442435,0.7466641250476553,0.8958990082737183,0.053388398211754444,0.8953089434570916,0.04611488034352704,test,beta
0.0097,3905,136236,1185298,1341,140141,259.52037037037036,0.027864793315303872,0.7443766679374761,0.8969107113400033,0.0537186956192782,0.8963076018631574,0.046450236276597744,test,beta
0.0098,3896,134955,1186579,1350,138851,257.1314814814815,0.02805885445549546,0.7426610751048418,0.8978800394087477,0.054074685801925086,0.8972663139329806,0.04681141441903687,test,beta
0.0099,3886,133706,1187828,1360,137592,254.8,0.028242921100063958,0.7407548608463591,0.8988251531931831,0.054411291113009144,0.8982001537557093,0.04715304081125241,test,beta
0.01,3868,132458,1189076,1378,136326,252.45555555555555,0.0283731643266875,0.7373236751810903,0.8997695102812338,0.05464357358799763,0.8991272102383213,0.04738959934594316,test,beta
0.011,3761,120893,1200641,1485,124654,230.84074074074073,0.03017151475283585,0.716927182615326,0.9085207039697806,0.057906081601231715,0.9077631559113041,0.05070232800428929,test,beta
0.012,3646,110485,1211049,1600,114131,211.3537037037037,0.03194574655439802,0.6950057186427755,0.9163963999412804,0.06108379336053009,0.9155210358914062,0.05393117489945277,test,beta
0.013,3552,101504,1220030,1694,105056,194.54814814814816,0.03381053914102954,0.6770873046130385,0.923192290171876,0.06440499718953419,0.9222192074043926,0.057304837476112376,test,beta
0.014,3434,93547,1227987,1812,96981,179.59444444444443,0.03540899763871274,0.6545939763629431,0.929213323304584,0.0671838164085809,0.9281274966460151,0.060132878914159506,test,beta
0.015,3343,86413,1235121,1903,89756,166.21481481481482,0.03724542091893578,0.6372474266107511,0.9346115953127199,0.07037746573756343,0.9334358371395408,0.06337979295737028,test,beta
0.016,3257,80116,1241418,1989,83373,154.39444444444445,0.039065404867283174,0.6208539839878002,0.9393765124468988,0.07350568162583644,0.938117095524503,0.06656113611522976,test,beta
0.017,3187,74527,1247007,2059,77714,143.9148148148148,0.0410093419461101,0.6075104841784217,0.9436056885407413,0.07683220829315333,0.9422767904249386,0.06994251837947882,test,beta
0.018,3109,69690,1251844,2137,72799,134.81296296296296,0.042706630585584965,0.5926420129622569,0.9472658289533225,0.0796719841117304,0.9458636699377441,0.07283290377782284,test,beta
0.019,3020,65261,1256273,2226,68281,126.4462962962963,0.04422899488876847,0.5756767060617614,0.9506172372409639,0.0821466944115767,0.9491347472828955,0.07535642905607468,test,beta
0.02,2939,61225,1260309,2307,64164,118.82222222222222,0.04580450096627392,0.5602363705680519,0.9536712638494356,0.08468520386111512,0.9521156484119447,0.07794480384487942,test,beta
0.021,2866,57478,1264056,2380,60344,111.74814814814815,0.04749436563701445,0.5463210064811285,0.9565066052027417,0.08739137063576764,0.9548847585884623,0.08070313433280528,test,beta
0.022,2792,54220,1267314,2454,57012,105.57777777777778,0.048972146214831966,0.5322150209683568,0.958971922023951,0.089691284654181,0.9572845535808499,0.08305117001074226,test,beta
0.023,2739,51172,1270362,2507,53911,99.83518518518518,0.05080595796776168,0.5221120853983988,0.9612783326043824,0.092601044677722,0.9595418984307873,0.08601431247648632,test,beta
0.024,2677,48344,1273190,2569,51021,94.48333333333333,0.05246859136434017,0.5102935569958064,0.9634182699801896,0.09515346473065918,0.9616266449599783,0.0886183252145979,test,beta
0.025,2614,45843,1275691,2632,48457,89.73518518518519,0.05394473450688239,0.4982844071673656,0.9653107676382143,0.09735024114109082,0.9634641764271394,0.09086320110166801,test,beta
0.026,2565,43467,1278067,2681,46032,85.24444444444444,0.055722106360792494,0.4889439573008006,0.967108678248157,0.10004290338936776,0.9652180466995282,0.09360856458359738,test,beta
0.027,2522,41336,1280198,2724,43858,81.21851851851852,0.05750376214145652,0.48074723598932523,0.968721198243859,0.10272075594656241,0.9667917816065964,0.09633816134870472,test,beta
0.028,2461,39397,1282137,2785,41858,77.51481481481481,0.05879401786994123,0.469119329012581,0.970188432533707,0.1044921875,0.9682072385776089,0.0981547737511013,test,beta
0.029,2404,37505,1284029,2842,39909,73.90555555555555,0.060237039264326345,0.4582539077392299,0.9716201020934763,0.10647768796368066,0.9695902862569529,0.10018877227112594,test,beta
0.03,2347,35829,1285705,2899,38176,70.6962962962963,0.06147841575859179,0.44738848646587875,0.9728883252341597,0.10810188383768599,0.9708105337734967,0.10185756339893283,test,beta
0.031,2302,34246,1287288,2944,36548,67.68148148148148,0.06298566269016088,0.43881052230270684,0.9740861756110701,0.11015935301717951,0.9719697312289904,0.10396301674488331,test,beta
0.032,2245,32710,1288824,3001,34955,64.73148148148148,0.06422543269918467,0.4279451010293557,0.9752484612579018,0.11168876396109549,0.9730844601214972,0.10553850410120898,test,beta
0.033,2208,31195,1290339,3038,33403,61.85740740740741,0.06610184713947849,0.42089210827296986,0.9763948562806557,0.11425910114103859,0.9741984353095464,0.10816384935814775,test,beta
0.034,2168,29853,1291681,3078,32021,59.29814814814815,0.06770556822085506,0.4132672512390393,0.9774103428288641,0.11634958542410176,0.9751797585130918,0.11030437702870789,test,beta
0.035,2125,28608,1292926,3121,30733,56.912962962962965,0.06914391696222302,0.40507052992756387,0.9783524298277607,0.11812446149142557,0.9760857112708965,0.1121270192641341,test,beta
0.036,2083,27446,1294088,3163,29529,54.68333333333333,0.07054082427444207,0.3970644300419367,0.979231711026731,0.11979870596693025,0.9769298602631936,0.11384826627050375,test,beta
0.037,2037,26355,1295179,3209,28392,52.577777777777776,0.07174556213017752,0.3882958444529165,0.9800572667823908,0.12111302693382485,0.9777174814211851,0.11520739097978068,test,beta
0.038,1988,25346,1296188,3258,27334,50.61851851851852,0.07272993341625814,0.3789553945863515,0.9808207734345087,0.12203806015960714,0.978441037700297,0.1161742741318277,test,beta
0.039,1944,24305,1297229,3302,26249,48.60925925925926,0.07405996418911197,0.37056805184902786,0.9816084943709356,0.12344816637561518,0.9791924810443329,0.1176327623850188,test,beta
0.04,1918,23324,1298210,3328,25242,46.74444444444445,0.07598447032723239,0.3656118947769729,0.9823508135242831,0.1258199947520336,0.9799122688011577,0.12005886291591648,test,beta
0.041,1883,22423,1299111,3363,24306,45.01111111111111,0.07747058339504649,0.35894014487228365,0.9830325969668582,0.12743638332430968,0.9805649768612732,0.12172400458515968,test,beta
0.042,1855,21527,1300007,3391,23382,43.3,0.07933453083568558,0.3536027449485322,0.98371059692751,0.1295934050579852,0.9812191923303034,0.12393510084333945,test,beta
0.043,1820,20721,1300813,3426,22541,41.742592592592594,0.08074175946053858,0.34693099504384295,0.9843204942135427,0.13099650915895922,0.9818002984669651,0.1253859345638165,test,beta
0.044,1791,19942,1301592,3455,21733,40.24629629629629,0.08240923940551236,0.3414029736942432,0.9849099606971898,0.13276993216946512,0.9823655768100212,0.12721008418676114,test,beta
0.045,1759,19151,1302383,3487,20910,38.72222222222222,0.08412242945958871,0.33530308806709874,0.9855085075374527,0.13450068817862057,0.982937638493194,0.12899434794179873,test,beta
0.046,1719,18436,1303098,3527,20155,37.324074074074076,0.08528901017117341,0.3276782310331681,0.9860495454524817,0.13534900200779496,0.9834463890019446,0.12988933891983057,test,beta
0.047,1681,17773,1303761,3565,19454,36.025925925925925,0.08640896473732908,0.32043461685093405,0.9865512351555087,0.13611336032388666,0.9839174542878246,0.13069907089774868,test,beta
0.048,1653,17153,1304381,3593,18806,34.82592592592592,0.08789747952781027,0.3150972169271826,0.9870203869139954,0.13745218692832198,0.9843636473266103,0.13208580729710528,test,beta
0.049,1631,16561,1304973,3615,18192,33.68888888888889,0.08965479331574318,0.3109035455585208,0.9874683511737118,0.1391756975851182,0.9847932588673329,0.13385941999663803,test,beta
0.05,1600,15984,1305550,3646,17584,32.56296296296296,0.09099181073703366,0.30499428135722456,0.9879049649876582,0.1401664476565922,0.9852047815010778,0.13489731919247674,test,beta
0.051,1572,15426,1306108,3674,16998,31.477777777777778,0.09248146840804801,0.29965688143347313,0.9883272015702963,0.14134148534436253,0.9856042448635042,0.13612116519592404,test,beta
0.052,1540,14885,1306649,3706,16425,30.416666666666668,0.09375951293759513,0.29355699580632866,0.9887365743143952,0.14212542106963225,0.9859878804323249,0.1369526840692691,test,beta
0.053,1515,14370,1307164,3731,15885,29.416666666666668,0.09537299338999056,0.28879146016012197,0.9891262729524931,0.14339122616061709,0.9863571956164549,0.13826853129794914,test,beta
0.054,1491,13835,1307699,3755,15326,28.381481481481483,0.0972856583583453,0.28421654593976364,0.989531105518284,0.14495430682481042,0.9867423385941905,0.13988711758756503,test,beta
0.055,1458,13361,1308173,3788,14819,27.442592592592593,0.09838720561441393,0.27792603888677087,0.989889779604611,0.14532768502367305,0.9870747222599074,0.14030677308085068,test,beta
0.056,1436,12901,1308633,3810,14337,26.55,0.10016042407756155,0.27373236751810903,0.9902378599415528,0.14665781545217793,0.9874048448122522,0.14168865201050435,test,beta
0.057,1412,12451,1309083,3834,13863,25.67222222222222,0.10185385558681383,0.26915745329775065,0.9905783733146479,0.1477837668114501,0.9877259229111081,0.14286646214781537,test,beta
0.058,1391,12046,1309488,3855,13437,24.883333333333333,0.10352013098161791,0.2651544033549371,0.9908848353504337,0.148905422041428,0.9880153454227528,0.1440372047196279,test,beta
0.059,1362,11627,1309907,3884,12989,24.053703703703704,0.10485795673261991,0.2596263820053374,0.9912018911356045,0.14938305456539624,0.988309290161142,0.14456450220164235,test,beta
0.06,1341,11291,1310243,3905,12632,23.392592592592592,0.1061589613679544,0.2556233320625238,0.9914561411208489,0.1500167804004922,0.9885467070652256,0.1452408685899448,test,beta
0.061,1323,10924,1310610,3923,12247,22.67962962962963,0.10802645545847962,0.25219214639725507,0.9917338486940177,0.1512605042016807,0.988809749920861,0.14653541193471292,test,beta
0.062,1297,10589,1310945,3949,11886,22.011111111111113,0.10911997307757025,0.24723598932520016,0.9919873419828775,0.15141256128881625,0.9890426445982001,0.14673119206494048,test,beta
0.063,1274,10264,1311270,3972,11538,21.366666666666667,0.11041775004333507,0.24285169653069005,0.9922332683078907,0.15181124880838895,0.9892702633443374,0.14717513290718973,test,beta
0.064,1264,9963,1311571,3982,11227,20.79074074074074,0.11258573082746949,0.24094548227220738,0.9924610339196721,0.15346324288229224,0.9894895913414432,0.14887609035959687,test,beta
0.065,1247,9678,1311856,3999,10925,20.23148148148148,0.11414187643020594,0.23770491803278687,0.9926766923892991,0.15422670212108092,0.9896915841360285,0.149683894569345,test,beta
0.066,1223,9404,1312130,4023,10627,19.67962962962963,0.1150842194410464,0.23313000381242852,0.9928840271986948,0.1540981540981541,0.9898800102503806,0.14959583357762982,test,beta
0.067,1202,9124,1312410,4044,10326,19.122222222222224,0.11640519078055395,0.22912695386961496,0.9930959021863985,0.15437965579244797,0.9900752197048494,0.1499220068345695,test,beta
0.068,1187,8877,1312657,4059,10064,18.637037037037036,0.11794515103338633,0.22626763248189097,0.9932828061934086,0.1550620509470934,0.990250079138968,0.15064692531096643,test,beta
0.069,1167,8642,1312892,4079,9809,18.164814814814815,0.11897237231114283,0.22245520396492566,0.9934606298438027,0.15503155097974097,0.9904121255973107,0.150655450913764,test,beta
0.07,1147,8430,1313104,4099,9577,17.735185185185184,0.11976610629633497,0.21864277544796035,0.9936210494773499,0.1547594953788032,0.9905568368531331,0.15041881678747368,test,beta
0.071,1126,8203,1313331,4120,9329,17.275925925925925,0.12069889591596099,0.2146397255051468,0.9937928195566668,0.15451114922813036,0.9907120999713592,0.15020987058624535,test,beta
0.072,1104,7975,1313559,4142,9079,16.812962962962963,0.12159929507655028,0.21044605413648493,0.9939653463323683,0.15413612565445026,0.9908673630895853,0.14987538261223626,test,beta
0.073,1082,7749,1313785,4164,8831,16.353703703703705,0.12252293058543766,0.2062523827678231,0.9941363597153006,0.1537259359238474,0.9910211187988965,0.14950673684491386,test,beta
0.074,1063,7520,1314014,4183,8583,15.894444444444444,0.12384946988232552,0.20263057567670606,0.9943096431873868,0.1537349049099718,0.9911793967349523,0.1495609196536407,test,beta
0.075,1051,7279,1314255,4195,8330,15.425925925925926,0.1261704681872749,0.20034311856652687,0.9944920070160889,0.15483205657041837,0.9913519950556987,0.15071119584526033,test,beta
0.076,1038,7107,1314427,4208,8145,15.083333333333334,0.1274401473296501,0.19786504003049943,0.9946221587942498,0.15502949742364275,0.9914718340644266,0.15094561761382477,test,beta
0.077,1023,6904,1314630,4223,7927,14.67962962962963,0.12905260502081495,0.19500571864277544,0.9947757681603349,0.15531769528581188,0.9916135305024194,0.15127893092342237,test,beta
0.078,1009,6722,1314812,4237,7731,14.316666666666666,0.1305135170094425,0.19233701868089972,0.9949134869023423,0.15550589504507975,0.9917401528512639,0.1515085817464874,test,beta
0.079,996,6539,1314995,4250,7535,13.953703703703704,0.13218314532183145,0.18985894014487228,0.9950519623407343,0.15585634926844535,0.9918682826090234,0.15190246833733706,test,beta
0.08,983,6360,1315174,4263,7343,13.598148148148148,0.1338689908756639,0.18738086160884485,0.9951874109935878,0.15616808324727935,0.9919933975489531,0.1522578249154356,test,beta
0.081,967,6202,1315332,4279,7169,13.275925925925925,0.13488631608313573,0.18433091879527258,0.9953069690223634,0.1557792992347966,0.9921004235819051,0.15190658982469124,test,beta
0.082,956,6053,1315481,4290,7009,12.97962962962963,0.1363960622057355,0.18223408311094166,0.9954197167836771,0.15601795185638517,0.9922044347970274,0.15218349392346894,test,beta
0.083,947,5892,1315642,4299,6839,12.664814814814815,0.138470536628162,0.18051849027830727,0.9955415449016067,0.15672321059164254,0.9923189978745535,0.15293247628274215,test,beta
0.084,935,5736,1315798,4311,6671,12.353703703703705,0.14015889671713386,0.1782310331681281,0.9956595895376131,0.15691868758915836,0.9924275313164203,0.1531699969344471,test,beta
0.085,924,5581,1315953,4322,6505,12.046296296296296,0.14204458109146811,0.1761341974837972,0.9957768774772348,0.15726321164156243,0.9925360647582869,0.15355786267782084,test,beta
0.086,917,5444,1316090,4329,6361,11.77962962962963,0.14415972331394436,0.17479984750285932,0.9958805448819327,0.15800809856121306,0.99263404633775,0.1543432257345514,test,beta
0.087,906,5309,1316225,4340,6215,11.50925925925926,0.14577634754625904,0.1727030118185284,0.9959826988938613,0.15810138731349796,0.9927275056904686,0.15447558485796875,test,beta
0.088,889,5154,1316380,4357,6043,11.190740740740742,0.14711236140989575,0.1694624475791079,0.9960999868334829,0.1574984498184073,0.992831516905591,0.1539169123339178,test,beta
0.089,872,5032,1316502,4374,5904,10.933333333333334,0.14769647696476965,0.16622188333968738,0.996192303792411,0.15641255605381166,0.9929106558736188,0.15286537562353636,test,beta
0.09,865,4886,1316648,4381,5751,10.65,0.15040862458702833,0.16488753335874953,0.9963027814645707,0.1573156315358734,0.9930154207931986,0.15381623468258196,test,beta
0.091,847,4755,1316779,4399,5602,10.374074074074073,0.15119600142806142,0.16145634769348075,0.9964019086909607,0.15615781710914456,0.9931005893968857,0.15269769695240307,test,beta
0.092,835,4649,1316885,4411,5484,10.155555555555555,0.15226112326768781,0.15916889058330155,0.9964821185077342,0.15563839701770738,0.9931714376158821,0.15221194715117217,test,beta
0.093,823,4537,1316997,4423,5360,9.925925925925926,0.15354477611940298,0.1568814334731224,0.9965668685028156,0.15519517254384313,0.9932468080616229,0.1518054197635382,test,beta
0.094,814,4432,1317102,4432,5246,9.714814814814815,0.155165840640488,0.155165840640488,0.9966463216232045,0.155165840640488,0.9933191636895341,0.15181216226370195,test,beta
0.095,809,4329,1317205,4437,5138,9.514814814814814,0.1574542623588945,0.15421273351124667,0.9967242613508241,0.15581664098613252,0.9933930267263601,0.15250053640884909,test,beta
0.096,798,4223,1317311,4448,5021,9.298148148148147,0.15893248356901016,0.15211589782691576,0.9968044711675976,0.1554494983929093,0.9934646286498139,0.1521707020264298,test,beta
0.097,792,4106,1317428,4454,4898,9.07037037037037,0.16169865251122909,0.15097216927182616,0.9968930046446024,0.15615141955835962,0.9935482898445861,0.15291701108395048,test,beta
0.098,778,4016,1317518,4468,4794,8.877777777777778,0.16228619107217354,0.14830346930995045,0.9969611073192215,0.1549800796812749,0.9936055713833492,0.15177725181845042,test,beta
0.099,768,3927,1317607,4478,4695,8.694444444444445,0.1635782747603834,0.14639725505146778,0.9970284532974558,0.1545116185494417,0.9936651140354844,0.15134206887430948,test,beta
0.1,751,3829,1317705,4495,4580,8.481481481481481,0.16397379912663756,0.14315669081204727,0.9971026095431521,0.15285975982088335,0.9937261640965345,0.14972570105337002,test,beta
0.11,660,3011,1318523,4586,3671,6.798148148148148,0.17978752383546717,0.12581014105985514,0.9977215871858007,0.14803184927666255,0.9942741072370702,0.14524916125149742,test,beta
0.12,564,2422,1319112,4682,2986,5.529629629629629,0.18888144675150703,0.10751048417842166,0.9981672813563631,0.1370262390670554,0.9946456835345724,0.13454374093499633,test,beta
0.13,502,1941,1319593,4744,2443,4.524074074074074,0.2054850593532542,0.0956919557758292,0.9985312523173827,0.1305761477435297,0.9949614857022264,0.12838618322903803,test,beta
0.14,434,1547,1319987,4812,1981,3.6685185185185185,0.21908127208480566,0.08272969881814717,0.9988293906929372,0.12010516120105161,0.9952071933553415,0.11819372868533098,test,beta
0.15,362,1226,1320308,4884,1588,2.9407407407407407,0.22795969773299748,0.06900495615707206,0.9990722902324117,0.10594088381621307,0.9953948657652362,0.10429499729331247,test,beta
0.16,303,970,1320564,4943,1273,2.3574074074074076,0.2380204241948154,0.0577582920320244,0.9992660045068836,0.09295904279797515,0.9955433455433456,0.09155621343682614,test,beta
0.17,268,781,1320753,4978,1049,1.9425925925925926,0.2554814108674929,0.05108654212733511,0.9994090201235837,0.08514694201747419,0.9956594160297864,0.08393978673146603,test,beta
0.18,229,616,1320918,5017,845,1.5648148148148149,0.2710059171597633,0.04365230651925276,0.9995338750270519,0.07519290756854374,0.9957543827914198,0.07417723123673699,test,beta
0.19,195,488,1321046,5051,683,1.2648148148148148,0.28550512445095166,0.03717117804041174,0.9996307321642879,0.06577837746668916,0.9958252310104162,0.06492656432050406,test,beta
0.2,171,390,1321144,5075,561,1.038888888888889,0.3048128342245989,0.03259626382005337,0.9997048884099842,0.05889443774754607,0.9958810051402645,0.058174921423712514,test,beta
0.21,145,304,1321230,5101,449,0.8314814814814815,0.32293986636971045,0.027640106747998477,0.9997699642990646,0.050921861281826165,0.9959262274077089,0.05032977527139931,test,beta
0.22,126,240,1321294,5120,366,0.6777777777777778,0.3442622950819672,0.024018299656881435,0.9998183928676826,0.04490377761938703,0.9959601441082923,0.04441095123259281,test,beta
0.23,108,185,1321349,5138,293,0.5425925925925926,0.36860068259385664,0.020587113991612657,0.9998600111688386,0.03899620870193175,0.9959880311732163,0.03859404540877869,test,beta
0.24,97,141,1321393,5149,238,0.44074074074074077,0.40756302521008403,0.018490278307281737,0.9998933058097635,0.03537563822027717,0.9960129034203108,0.035044471890402044,test,beta
0.25,74,114,1321420,5172,188,0.34814814814814815,0.39361702127659576,0.014105985512771636,0.9999137366121492,0.027235921972764077,0.9960159182381405,0.026969712233756743,test,beta
0.26,61,90,1321444,5185,151,0.2796296296296296,0.40397350993377484,0.011627906976744186,0.999931897325381,0.02260515100982027,0.9960242089871719,0.022388854237285188,test,beta
0.27,53,77,1321457,5193,130,0.24074074074074073,0.4076923076923077,0.010102935569958064,0.9999417343783815,0.019717261904761908,0.996027977509459,0.019529772008534448,test,beta
0.28,42,63,1321471,5204,105,0.19444444444444445,0.4,0.008006099885627144,0.9999523281277667,0.01569800037376191,0.9960302386228312,0.015545240434600928,test,beta
0.29,37,55,1321479,5209,92,0.17037037037037037,0.40217391304347827,0.007052992756385818,0.9999583816988439,0.013862869988759834,0.9960324997362034,0.013728449605507929,test,beta
0.3,33,47,1321487,5213,80,0.14814814814814814,0.4125,0.006290507052992757,0.9999644352699212,0.012392039053698836,0.996035514554033,0.012274715728945732,test,beta
0.31,29,32,1321502,5217,61,0.11296296296296296,0.47540983606557374,0.005528021349599695,0.999975785715691,0.01092896174863388,0.9960438053030646,0.010839051939623416,test,beta
0.32,27,24,1321510,5219,51,0.09444444444444444,0.5294117647058824,0.005146778497903164,0.9999818392867682,0.010194449688502928,0.996048327529809,0.010119082464189282,test,beta
0.33,22,18,1321516,5224,40,0.07407407407407407,0.55,0.0041936713686618375,0.9999863794650762,0.00832387438516837,0.9960490812342664,0.008264528850752396,test,beta
0.34,19,13,1321521,5227,32,0.05925925925925926,0.59375,0.0036218070911170418,0.9999901629469995,0.007199696854869269,0.9960505886431812,0.007152095130871042,test,beta
0.35,15,5,1321529,5231,20,0.037037037037037035,0.75,0.0028593213877239803,0.9999962165180767,0.0056969236612229406,0.9960536034610109,0.0056670601868343586,test,beta
0.36,11,4,1321530,5235,15,0.027777777777777776,0.7333333333333333,0.0020968356843309188,0.9999969732144613,0.004181714502946208,0.9960513423476386,0.004159261614865492,test,beta
0.37,8,2,1321532,5238,10,0.018518518518518517,0.8,0.0015249714067861228,0.9999984866072307,0.0030441400304414006,0.9960505886431812,0.0030291401957083727,test,beta
0.38,5,1,1321533,5241,6,0.011111111111111112,0.8333333333333334,9.531071292413268e-4,0.9999992433036153,0.001904036557501904,0.9960490812342664,0.0018950195564223294,test,beta
0.39,5,0,1321534,5241,5,0.009259259259259259,1,9.531071292413268e-4,1,0.0019043991620643688,0.9960498349387238,0.0018968835775475593,test,beta
0.4,4,0,1321534,5242,4,0.007407407407407408,1,7.624857033930614e-4,1,0.0015238095238095239,0.9960490812342664,0.0015177936269202058,test,beta
0.41,3,0,1321534,5243,3,0.005555555555555556,1,5.71864277544796e-4,1,0.001143074871404077,0.996048327529809,0.0011385603751469233,test,beta
0.42,1,0,1321534,5245,1,0.001851851851851852,1,1.9062142584826535e-4,1,3.8117019249094724e-4,0.9960468201208942,3.796636430490593e-4,test,beta
0.43,0,0,1321534,5246,0,0,NA,0,1,NA,0.9960460664164368,0,test,beta
0.44,0,0,1321534,5246,0,0,NA,0,1,NA,0.9960460664164368,0,test,beta
0.45,0,0,1321534,5246,0,0,NA,0,1,NA,0.9960460664164368,0,test,beta
0.46,0,0,1321534,5246,0,0,NA,0,1,NA,0.9960460664164368,0,test,beta
0.47,0,0,1321534,5246,0,0,NA,0,1,NA,0.9960460664164368,0,test,beta
0.48,0,0,1321534,5246,0,0,NA,0,1,NA,0.9960460664164368,0,test,beta
0.49,0,0,1321534,5246,0,0,NA,0,1,NA,0.9960460664164368,0,test,beta
0.5,0,0,1321534,5246,0,0,NA,0,1,NA,0.9960460664164368,0,test,beta
0.51,0,0,1321534,5246,0,0,NA,0,1,NA,0.9960460664164368,0,test,beta
0.52,0,0,1321534,5246,0,0,NA,0,1,NA,0.9960460664164368,0,test,beta
0.53,0,0,1321534,5246,0,0,NA,0,1,NA,0.9960460664164368,0,test,beta
0.54,0,0,1321534,5246,0,0,NA,0,1,NA,0.9960460664164368,0,test,beta
0.55,0,0,1321534,5246,0,0,NA,0,1,NA,0.9960460664164368,0,test,beta
0.56,0,0,1321534,5246,0,0,NA,0,1,NA,0.9960460664164368,0,test,beta
0.57,0,0,1321534,5246,0,0,NA,0,1,NA,0.9960460664164368,0,test,beta
0.58,0,0,1321534,5246,0,0,NA,0,1,NA,0.9960460664164368,0,test,beta
0.59,0,0,1321534,5246,0,0,NA,0,1,NA,0.9960460664164368,0,test,beta
0.6,0,0,1321534,5246,0,0,NA,0,1,NA,0.9960460664164368,0,test,beta
0.61,0,0,1321534,5246,0,0,NA,0,1,NA,0.9960460664164368,0,test,beta
0.62,0,0,1321534,5246,0,0,NA,0,1,NA,0.9960460664164368,0,test,beta
0.63,0,0,1321534,5246,0,0,NA,0,1,NA,0.9960460664164368,0,test,beta
0.64,0,0,1321534,5246,0,0,NA,0,1,NA,0.9960460664164368,0,test,beta
0.65,0,0,1321534,5246,0,0,NA,0,1,NA,0.9960460664164368,0,test,beta
0.66,0,0,1321534,5246,0,0,NA,0,1,NA,0.9960460664164368,0,test,beta
0.67,0,0,1321534,5246,0,0,NA,0,1,NA,0.9960460664164368,0,test,beta
0.68,0,0,1321534,5246,0,0,NA,0,1,NA,0.9960460664164368,0,test,beta
0.69,0,0,1321534,5246,0,0,NA,0,1,NA,0.9960460664164368,0,test,beta
0.7,0,0,1321534,5246,0,0,NA,0,1,NA,0.9960460664164368,0,test,beta
0.71,0,0,1321534,5246,0,0,NA,0,1,NA,0.9960460664164368,0,test,beta
0.72,0,0,1321534,5246,0,0,NA,0,1,NA,0.9960460664164368,0,test,beta
0.73,0,0,1321534,5246,0,0,NA,0,1,NA,0.9960460664164368,0,test,beta
0.74,0,0,1321534,5246,0,0,NA,0,1,NA,0.9960460664164368,0,test,beta
0.75,0,0,1321534,5246,0,0,NA,0,1,NA,0.9960460664164368,0,test,beta
0.76,0,0,1321534,5246,0,0,NA,0,1,NA,0.9960460664164368,0,test,beta
0.77,0,0,1321534,5246,0,0,NA,0,1,NA,0.9960460664164368,0,test,beta
0.78,0,0,1321534,5246,0,0,NA,0,1,NA,0.9960460664164368,0,test,beta
0.79,0,0,1321534,5246,0,0,NA,0,1,NA,0.9960460664164368,0,test,beta
0.8,0,0,1321534,5246,0,0,NA,0,1,NA,0.9960460664164368,0,test,beta
0.81,0,0,1321534,5246,0,0,NA,0,1,NA,0.9960460664164368,0,test,beta
0.82,0,0,1321534,5246,0,0,NA,0,1,NA,0.9960460664164368,0,test,beta
0.83,0,0,1321534,5246,0,0,NA,0,1,NA,0.9960460664164368,0,test,beta
0.84,0,0,1321534,5246,0,0,NA,0,1,NA,0.9960460664164368,0,test,beta
0.85,0,0,1321534,5246,0,0,NA,0,1,NA,0.9960460664164368,0,test,beta
0.86,0,0,1321534,5246,0,0,NA,0,1,NA,0.9960460664164368,0,test,beta
0.87,0,0,1321534,5246,0,0,NA,0,1,NA,0.9960460664164368,0,test,beta
0.88,0,0,1321534,5246,0,0,NA,0,1,NA,0.9960460664164368,0,test,beta
0.89,0,0,1321534,5246,0,0,NA,0,1,NA,0.9960460664164368,0,test,beta
0.9,0,0,1321534,5246,0,0,NA,0,1,NA,0.9960460664164368,0,test,beta
0.905,0,0,1321534,5246,0,0,NA,0,1,NA,0.9960460664164368,0,test,beta
0.91,0,0,1321534,5246,0,0,NA,0,1,NA,0.9960460664164368,0,test,beta
0.915,0,0,1321534,5246,0,0,NA,0,1,NA,0.9960460664164368,0,test,beta
0.92,0,0,1321534,5246,0,0,NA,0,1,NA,0.9960460664164368,0,test,beta
0.925,0,0,1321534,5246,0,0,NA,0,1,NA,0.9960460664164368,0,test,beta
0.93,0,0,1321534,5246,0,0,NA,0,1,NA,0.9960460664164368,0,test,beta
0.935,0,0,1321534,5246,0,0,NA,0,1,NA,0.9960460664164368,0,test,beta
0.94,0,0,1321534,5246,0,0,NA,0,1,NA,0.9960460664164368,0,test,beta
0.945,0,0,1321534,5246,0,0,NA,0,1,NA,0.9960460664164368,0,test,beta
0.95,0,0,1321534,5246,0,0,NA,0,1,NA,0.9960460664164368,0,test,beta
0.955,0,0,1321534,5246,0,0,NA,0,1,NA,0.9960460664164368,0,test,beta
0.96,0,0,1321534,5246,0,0,NA,0,1,NA,0.9960460664164368,0,test,beta
0.965,0,0,1321534,5246,0,0,NA,0,1,NA,0.9960460664164368,0,test,beta
0.97,0,0,1321534,5246,0,0,NA,0,1,NA,0.9960460664164368,0,test,beta
0.975,0,0,1321534,5246,0,0,NA,0,1,NA,0.9960460664164368,0,test,beta
0.98,0,0,1321534,5246,0,0,NA,0,1,NA,0.9960460664164368,0,test,beta
0.985,0,0,1321534,5246,0,0,NA,0,1,NA,0.9960460664164368,0,test,beta
0.99,0,0,1321534,5246,0,0,NA,0,1,NA,0.9960460664164368,0,test,beta
0.991,0,0,1321534,5246,0,0,NA,0,1,NA,0.9960460664164368,0,test,beta
0.992,0,0,1321534,5246,0,0,NA,0,1,NA,0.9960460664164368,0,test,beta
0.993,0,0,1321534,5246,0,0,NA,0,1,NA,0.9960460664164368,0,test,beta
0.994,0,0,1321534,5246,0,0,NA,0,1,NA,0.9960460664164368,0,test,beta
0.995,0,0,1321534,5246,0,0,NA,0,1,NA,0.9960460664164368,0,test,beta
0.996,0,0,1321534,5246,0,0,NA,0,1,NA,0.9960460664164368,0,test,beta
0.997,0,0,1321534,5246,0,0,NA,0,1,NA,0.9960460664164368,0,test,beta
0.998,0,0,1321534,5246,0,0,NA,0,1,NA,0.9960460664164368,0,test,beta
0.999,0,0,1321534,5246,0,0,NA,0,1,NA,0.9960460664164368,0,test,beta
1e-4,1255,301600,143879,440,302855,1664.0384615384614,0.004143897244555976,0.7404129793510325,0.3229759427492654,0.00824166803480545,0.3245582256571268,7.082581708853184e-4,validation,isotonic
2e-4,1154,267621,177858,541,268775,1476.7857142857142,0.004293554087991815,0.6808259587020649,0.39925114315152904,0.008533293895810996,0.4003184442744882,0.0010074505767956234,validation,isotonic
3e-4,1126,250700,194779,569,251826,1383.6593406593406,0.004471341322976976,0.664306784660767,0.437234976283955,0.008882893330335553,0.43809568534843263,0.0013628996050580255,validation,isotonic
4e-4,1099,242765,202714,596,243864,1339.9120879120878,0.004506610241774104,0.6483775811209439,0.4550472637318482,0.008951005664626423,0.45578007665919756,0.0014331822376973382,validation,isotonic
5e-4,1076,234951,210528,619,236027,1296.8516483516485,0.004558800476216704,0.6348082595870207,0.4725879334379398,0.009052590841402983,0.4732028248511765,0.001537273538351001,validation,isotonic
6e-4,1024,188600,256879,671,189624,1041.89010989011,0.005400160317259419,0.6041297935103245,0.5766354867457276,0.010704634667753857,0.5767397031133294,0.003215013641206251,validation,isotonic
7e-4,1009,184442,261037,686,185451,1018.9615384615385,0.005440790289618282,0.5952802359882006,0.5859692600549072,0.010783025017900462,0.5860045530375201,0.003295501446734732,validation,isotonic
8e-4,995,176732,268747,700,177727,976.521978021978,0.005598474064154574,0.5870206489675516,0.603276473189533,0.01109117053650054,0.6032148559621087,0.003608946813464668,validation,isotonic
9e-4,977,173544,271935,718,174521,958.9065934065934,0.005598180161699738,0.5764011799410029,0.6104328150148491,0.011088663912471057,0.6103038190950278,0.0036077293188773586,validation,isotonic
0.001,959,170404,275075,736,171363,941.554945054945,0.0055963072541913945,0.5657817109144543,0.6174814076533349,0.011082989517965075,0.6172854414612656,0.003603347896353865,validation,isotonic
0.0011,940,166350,279129,755,167290,919.1758241758242,0.005618984996114532,0.5545722713864307,0.6265817243910488,0.011125247803059443,0.626308774660423,0.0036477224062581273,validation,isotonic
0.0012,926,163333,282146,769,164259,902.521978021978,0.005637438435641274,0.5463126843657817,0.6333542097382817,0.011159718958265544,0.6330242813759297,0.0036838483773876927,validation,isotonic
0.0013,914,160149,285330,781,161063,884.9615384615385,0.005674798060386309,0.5392330383480826,0.6405015724646953,0.011231398763808846,0.640117717040794,0.0037575962789700343,validation,isotonic
0.0014,902,157094,288385,793,157996,868.1098901098901,0.005709005291273197,0.5321533923303835,0.6473593592515023,0.011296816977788355,0.6469226743952019,0.003825030882427919,validation,isotonic
0.0015,879,154172,291307,816,155051,851.9285714285714,0.005669102424363597,0.5185840707964602,0.6539185909998002,0.01121559720822222,0.6534056094495655,0.003744714867239667,validation,isotonic
0.0016,857,143484,301995,838,144341,793.0824175824176,0.0059373289640504085,0.5056047197640118,0.6779107432673595,0.011736832014023939,0.6772576223125674,0.004275919546816587,validation,isotonic
0.0017,835,141036,304443,860,141871,779.510989010989,0.005885628493490566,0.49262536873156343,0.6834059517957075,0.011632280623545965,0.6826828035619245,0.004172097742796934,validation,isotonic
0.0018,825,138522,306957,870,139347,765.6428571428571,0.005920471915434132,0.48672566371681414,0.6890493154559474,0.01169864295741694,0.6882824135571388,0.004240567928266141,validation,isotonic
0.0019,809,136023,309456,886,136832,751.8241758241758,0.005912359681945744,0.4772861356932153,0.6946590074953028,0.011680033495275287,0.6938350619669301,0.004223477523390086,validation,isotonic
0.002,797,133040,312439,898,133837,735.3681318681319,0.00595500496873062,0.4702064896755162,0.7013551705018642,0.011761060118643567,0.7004790081713158,0.004307171845257319,validation,isotonic
0.0021,788,130579,314900,907,131367,721.7967032967033,0.005998462323110066,0.4648967551622419,0.7068795611016456,0.011844102749094408,0.7059623323359587,0.004392606242264181,validation,isotonic
0.0022,775,128079,317400,920,128854,707.989010989011,0.006014559113415183,0.45722713864306785,0.7124914979157266,0.011872936598518563,0.7115239258096401,0.004423522162396503,validation,isotonic
0.0023,756,125637,319842,939,126393,694.467032967033,0.005981343903538962,0.44601769911504424,0.717973237795721,0.011804384485666104,0.7169423982610795,0.004356350331722887,validation,isotonic
0.0024,745,123127,322352,950,123872,680.6153846153846,0.006014272797726685,0.43952802359882004,0.7236076223570583,0.01186617503006363,0.7225308269264313,0.004420626904580966,validation,isotonic
0.0025,728,120602,324877,967,121330,666.6483516483516,0.006000164839693398,0.4294985250737463,0.7292756785392802,0.011834992887624464,0.7281393819855358,0.004391330843259254,validation,isotonic
0.0026,402,96709,348770,1293,97111,533.5769230769231,0.004139592837062743,0.23716814159292035,0.7829100810588153,0.008137157662490133,0.7808414621601435,6.914174472550412e-4,validation,isotonic
0.0027,375,94642,350837,1320,95017,522.0714285714286,0.003946662176242146,0.22123893805309736,0.7875500304166976,0.00775498386963355,0.7854034447441041,3.092108297634979e-4,validation,isotonic
0.0028,349,89850,355629,1346,90199,495.5989010989011,0.0038692224969234692,0.20589970501474927,0.798306990901928,0.00759570809846127,0.7960614883691807,1.5575717801913545e-4,validation,isotonic
0.0029,342,88477,357002,1353,88819,488.0164835164835,0.0038505274772289715,0.20176991150442478,0.8013890666002214,0.007556842035486224,0.7991162276876562,1.1874737869583015e-4,validation,isotonic
0.003,339,87021,358458,1356,87360,480,0.0038804945054945056,0.2,0.8046574586007421,0.007613272696648139,0.802365522145742,1.77943796033596e-4,validation,isotonic
0.0031,330,85659,359820,1365,85989,472.467032967033,0.0038377001709520987,0.19469026548672566,0.8077148417770534,0.007527028876419871,0.8053911900065747,9.332656152712536e-5,validation,isotonic
0.0032,324,84324,361155,1371,84648,465.0989010989011,0.0038276155372838107,0.1911504424778761,0.8107116160357727,0.007504951183072166,0.8083631874840667,7.337639362159682e-5,validation,isotonic
0.0033,308,82882,362597,1387,83190,457.0879120879121,0.0037023680730857073,0.18171091445427728,0.8139485811901347,0.007256876951169228,0.811552102760894,-1.7397958786267973e-4,validation,isotonic
0.0034,283,73051,372428,1412,73334,402.9340659340659,0.003859055826765211,0.16696165191740414,0.8360169615178269,0.0075437497500966295,0.8334809268875203,1.3507200285119232e-4,validation,isotonic
0.0035,274,72367,373112,1421,72641,399.1263736263736,0.003771974504756267,0.1616519174041298,0.8375523874301595,0.007371932845458458,0.8349904064189778,-3.641893038188418e-5,validation,isotonic
0.0036,268,71636,373843,1427,71904,395.0769230769231,0.003727191811303961,0.15811209439528023,0.8391933177545967,0.007282707645484314,0.8366116992490619,-1.2456594624619938e-4,validation,isotonic
0.0037,263,70946,374533,1432,71209,391.25824175824175,0.0036933533682540127,0.15516224188790562,0.8407422123152831,0.007214967628662349,0.8381435414402447,-1.9113428615063395e-4,validation,isotonic
0.0038,258,70182,375297,1437,70440,387.032967032967,0.0036626916524701873,0.15221238938053097,0.8424572202056663,0.007153254314826367,0.8398408673133948,-2.514145052511541e-4,validation,isotonic
0.0039,247,69398,376081,1448,69645,382.66483516483515,0.003546557541819226,0.1457227138643068,0.8442171235905621,0.0069245864872441824,0.8415695009101603,-4.7978688426994536e-4,validation,isotonic
0.004,243,68674,376805,1452,68917,378.66483516483515,0.003525980527300956,0.1433628318584071,0.84584234049192,0.006882682830113861,0.8431796124103816,-5.20131153236745e-4,validation,isotonic
0.0041,236,67961,377518,1459,68197,374.7087912087912,0.0034605627813540183,0.1392330383480826,0.8474428648712958,0.006753276483717736,0.8447584161869877,-6.486122645887571e-4,validation,isotonic
0.0042,233,67194,378285,1462,67427,370.47802197802196,0.0034555890073709344,0.13746312684365783,0.849164607085856,0.006741703075721188,0.8464669233900003,-6.582072530260704e-4,validation,isotonic
0.0043,231,66433,379046,1464,66664,366.2857142857143,0.003465138605544222,0.13628318584070798,0.8508728806520621,0.006758437074854811,0.8481642492631504,-6.392568491189497e-4,validation,isotonic
0.0044,225,65389,380090,1470,65614,360.5164835164835,0.0034291462187947693,0.13274336283185842,0.8532164254656224,0.006685584394360337,0.8504854933426362,-7.096958687708015e-4,validation,isotonic
0.0045,220,64629,380850,1475,64849,356.3131868131868,0.003392496414748107,0.12979351032448377,0.854922454257103,0.006612166386150516,0.8521738741518962,-7.81447725446308e-4,validation,isotonic
0.0046,215,63916,381563,1480,64131,352.36813186813185,0.0033525128253106924,0.12684365781710916,0.856522978636479,0.006532373226384712,0.8537571504604472,-8.597110162656465e-4,validation,isotonic
0.0047,208,63175,382304,1487,63383,348.25824175824175,0.0032816370320117383,0.12271386430678466,0.8581863567081726,0.006392329204954056,0.855398569684284,-9.985344204375725e-4,validation,isotonic
0.0048,199,62433,383046,1496,62632,344.13186813186815,0.003177289564439903,0.11740412979351032,0.8598519795545918,0.006187137593856391,0.8570377526421482,-0.001202927208455422,validation,isotonic
0.0049,197,60882,384597,1498,61079,335.5989010989011,0.0032253311285384504,0.11622418879056047,0.8633336251540477,0.0062764838946060475,0.8605017286335968,-0.0011079323892420505,validation,isotonic
0.005,193,60195,385284,1502,60388,331.8021978021978,0.003195999205140094,0.11386430678466077,0.8648757853905571,0.006217483046888843,0.8620290982928346,-0.0011650737316830214,validation,isotonic
0.0051,188,59458,386021,1507,59646,327.72527472527474,0.003151929718673507,0.11091445427728613,0.8665301843633482,0.006129668574036941,0.8636660449847263,-0.0012510151538345858,validation,isotonic
0.0052,182,58703,386776,1513,58885,323.54395604395603,0.003090770145198268,0.10737463126843658,0.8682249892812007,0.006008583690987126,0.8653410081981511,-0.0013703445995833252,validation,isotonic
0.0053,179,58037,387442,1516,58216,319.86813186813185,0.0030747560808025284,0.1056047197640118,0.8697200092484718,0.005975530370048906,0.8668236525379382,-0.001401253813172756,validation,isotonic
0.0054,174,57371,388108,1521,57545,316.18131868131866,0.0030237205665131638,0.10265486725663717,0.871215029215743,0.00587440918298447,0.8683018243457804,-0.0015006743617011077,validation,isotonic
0.0055,172,56637,388842,1523,56809,312.1373626373626,0.003027689274586773,0.10147492625368731,0.8728626938643572,0.005879939833173801,0.8699387710376721,-0.0014923495453275253,validation,isotonic
0.0056,164,55954,389525,1531,56118,308.34065934065933,0.0029224134858690616,0.0967551622418879,0.8743958750019641,0.005673464445712901,0.8714482505691297,-0.0016977069899854478,validation,isotonic
0.0057,157,55204,390275,1538,55361,304.18131868131866,0.002835931431874424,0.09262536873156342,0.8760794560461885,0.005503365114974762,0.8731097961867192,-0.001866090988858158,validation,isotonic
0.0058,151,54501,390978,1544,54652,300.2857142857143,0.00276293639757008,0.08908554572271386,0.877657532678308,0.00535964647629865,0.8746684735695724,-0.0020080140998018723,validation,isotonic
0.0059,120,47280,398199,1575,47400,260.43956043956047,0.002531645569620253,0.07079646017699115,0.8938670509720997,0.00488848151542927,0.8907472259120611,-0.0024486510661774624,validation,isotonic
0.006,97,42997,402482,1598,43094,236.78021978021977,0.0022508933958323664,0.057227138643067846,0.9034814211219833,0.0043314206613230925,0.9002737189550376,-0.0029843952907557866,validation,isotonic
0.0061,94,42650,402829,1601,42744,234.85714285714286,0.0021991390604529292,0.05545722713864307,0.9042603579517777,0.004230518238484214,0.9010429944495879,-0.0030837559196251873,validation,isotonic
0.0062,92,42298,403181,1603,42390,232.9120879120879,0.0021703231894314697,0.054277286135693215,0.9050505186552004,0.004173755245548373,0.9018256875399733,-0.003138589573949023,validation,isotonic
0.0063,91,41988,403491,1604,42079,231.2032967032967,0.002162598921077022,0.05368731563421829,0.9057463988201464,0.004157719194042125,0.9025166937254849,-0.0031526507571503575,validation,isotonic
0.0064,90,41678,403801,1605,41768,229.4945054945055,0.0021547596245929898,0.05309734513274336,0.9064422789850924,0.0041414536502312315,0.9032076999109966,-0.003166913110340689,validation,isotonic
0.0065,88,41344,404135,1607,41432,227.64835164835165,0.0021239621548561497,0.05191740412979351,0.9071920337434537,0.00408097015790572,0.9039501402138764,-0.0032255127213352635,validation,isotonic
0.0066,86,41016,404463,1609,41102,225.83516483516485,0.0020923556031336673,0.05073746312684366,0.9079283198534611,0.004018973292520504,0.9046791629209212,-0.003285642522759956,validation,isotonic
0.0067,83,40667,404812,1612,40750,223.9010989010989,0.00203680981595092,0.04896755162241888,0.9087117462327068,0.003910943574036989,0.9054529109474164,-0.003391947792680433,validation,isotonic
0.0068,83,40350,405129,1612,40433,222.15934065934067,0.0020527786708876413,0.04896755162241888,0.9094233398207323,0.003940372199012533,0.9061618072607084,-0.003360000992931196,validation,isotonic
0.0069,83,39995,405484,1612,40078,220.2087912087912,0.0020709616248315785,0.04896755162241888,0.9102202348483318,0.003973858712565533,0.9069556816809564,-0.00332364925391861,validation,isotonic
0.007,81,39656,405823,1614,39737,218.33516483516485,0.0020384024964139216,0.047787610619469026,0.9109812134803211,0.003910021239621549,0.9077093033136989,-0.003385395537334867,validation,isotonic
0.0071,78,39331,406148,1617,39409,216.53296703296704,0.001979243320053795,0.04601769911504425,0.9117107652661517,0.0037952510704554305,0.9084293809568534,-0.0034985046042734238,validation,isotonic
0.0072,74,39018,406461,1621,39092,214.7912087912088,0.0018929704287322215,0.04365781710914454,0.9124133797552747,0.0036286071542403217,0.9091203871423652,-0.0036639121906245366,validation,isotonic
0.0073,70,38675,406804,1625,38745,212.8846153846154,0.0018066847335140017,0.04129793510324484,0.9131833374861665,0.0034619188921859545,0.9098784813070527,-0.003829086974734639,validation,isotonic
0.0074,67,38369,407110,1628,38436,211.1868131868132,0.00174315745655115,0.03952802359882006,0.9138702385522101,0.0033390645635543587,0.9105560698967292,-0.003950365926648291,validation,isotonic
0.0075,65,38024,407455,1630,38089,209.28021978021977,0.0017065294441964871,0.038348082595870206,0.9146446858325533,0.0032676452845364964,0.9113231091253069,-0.004019483060440812,validation,isotonic
0.0076,63,37685,407794,1632,37748,207.4065934065934,0.0016689625940447177,0.037168141592920353,0.9154056644645426,0.003194483178257232,0.9120767307580494,-0.004090355792602661,validation,isotonic
0.0077,61,37359,408120,1634,37420,205.6043956043956,0.0016301443078567612,0.0359882005899705,0.9161374610250989,0.0031190080531765313,0.912801280933149,-0.004163619253257769,validation,isotonic
0.0078,61,37029,408450,1634,37090,203.7912087912088,0.0016446481531410084,0.0359882005899705,0.9168782366845575,0.003145545958489107,0.9135392487040839,-0.004134060303627098,validation,isotonic
0.0079,59,36674,408805,1636,36733,201.82967032967034,0.0016061851740941388,0.03480825958702065,0.917675131712157,0.00307067763089414,0.9143286505923869,-0.0042063619809537215,validation,isotonic
0.008,58,36334,409145,1637,36392,199.95604395604394,0.0015937568696416794,0.03421828908554572,0.9184383551188721,0.00304565862367737,0.9150867447570744,-0.004228535209034858,validation,isotonic
0.0081,54,35982,409497,1641,36036,198,0.0014985014985014985,0.03185840707964602,0.9192285158222947,0.002862367814264133,0.9158649653155148,-0.004409942789852495,validation,isotonic
0.0082,50,35661,409818,1645,35711,196.21428571428572,0.0014001288118506902,0.029498525073746312,0.9199490885092226,0.0026733679088916215,0.9165738616288067,-0.004597326880971949,validation,isotonic
0.0083,49,35346,410133,1646,35395,194.47802197802199,0.001384376324339596,0.028908554572271386,0.9206561925477968,0.0026422216230789974,0.917276049144181,-0.004625738531172451,validation,isotonic
0.0084,45,35017,410462,1650,35062,192.64835164835165,0.0012834407620786036,0.02654867256637168,0.9213947234325299,0.0024485132083684738,0.9180028355852532,-0.004817681807128195,validation,isotonic
0.0085,44,34693,410786,1651,34737,190.86263736263737,0.0012666609091170798,0.025958702064896755,0.9221220304436348,0.0024154589371980675,0.9187251494943802,-0.004847820349545112,validation,isotonic
0.0086,42,34344,411135,1653,34386,188.93406593406593,0.001221427325074158,0.024778761061946902,0.9229054568228805,0.002328095119314875,0.9195011337868481,-0.00493234708357106,validation,isotonic
0.0087,37,34052,411427,1658,34089,187.3021978021978,0.001085394115403796,0.02182890855457227,0.9235609310427652,0.0020679633355689692,0.9201429421209641,-0.005191379132596262,validation,isotonic
0.0088,6,24395,421084,1689,24401,134.07142857142858,2.458915618212368e-4,0.0035398230088495575,0.9452387205681974,4.598405885959533e-4,0.941669238372535,-0.006676023336668754,validation,isotonic
0.0089,6,24298,421181,1689,24304,133.53846153846155,2.468729427254773e-4,0.0035398230088495575,0.9454564637165838,4.61556213700527e-4,0.9418861561718704,-0.006672432897528494,validation,isotonic
0.009,6,24174,421305,1689,24180,132.85714285714286,2.4813895781637717e-4,0.0035398230088495575,0.9457348157825621,4.6376811594202896e-4,0.9421634531524642,-0.006667803875300125,validation,isotonic
0.0091,6,24057,421422,1689,24063,132.21428571428572,2.4934546814611643e-4,0.0035398230088495575,0.9459974544254611,4.658746797111577e-4,0.9424250962712502,-0.006663395323732232,validation,isotonic
0.0092,6,23943,421536,1689,23949,131.5879120879121,2.505323813102844e-4,0.0035398230088495575,0.9462533587441833,4.679457182966776e-4,0.9426800305921185,-0.006659061137700333,validation,isotonic
0.0093,6,23836,421643,1689,23842,131,2.516567402063585e-4,0.0035398230088495575,0.9464935496398259,4.699064103066139e-4,0.9429193110511792,-0.006654957898368795,validation,isotonic
0.0094,6,23696,421783,1689,23702,130.23076923076923,2.531431946671167e-4,0.0035398230088495575,0.9468078181014145,4.724967515848328e-4,0.9432323882873334,-0.006649536986777724,validation,isotonic
0.0095,6,23577,421902,1689,23583,129.57692307692307,2.5442055718102023e-4,0.0035398230088495575,0.9470749462937647,4.7472110135295516e-4,0.9434985039380643,-0.0066448820245402695,validation,isotonic
0.0096,6,23450,422029,1689,23456,128.87912087912088,2.557980900409277e-4,0.0035398230088495575,0.94736003268392,4.771182060355453e-4,0.9437825097165756,-0.006639865558011073,validation,isotonic
0.0097,6,23332,422147,1689,23338,128.23076923076923,2.5709143885508615e-4,0.0035398230088495575,0.9476249161015446,4.7936723524947075e-4,0.9440463891013342,-0.006635158995407639,validation,isotonic
0.0098,6,23199,422280,1689,23205,127.5,2.585649644473174e-4,0.0035398230088495575,0.9479234711400537,4.819277108433735e-4,0.9443438124756806,-0.00662980069410839,validation,isotonic
0.0099,6,23094,422385,1689,23100,126.92307692307692,2.5974025974025974e-4,0.0035398230088495575,0.9481591724862451,4.839685420447671e-4,0.9445786204027963,-0.006625529872605079,validation,isotonic
0.01,5,22980,422499,1690,22985,126.29120879120879,2.1753317380900588e-4,0.0029498525073746312,0.9484150768049673,4.051863857374392e-4,0.9448313184576921,-0.006702424123791119,validation,isotonic
0.011,4,21893,423586,1691,21897,120.31318681318682,1.8267342558341324e-4,0.002359882005899705,0.9508551469317297,3.3909799932180403e-4,0.9472599033038593,-0.006744637515033733,validation,isotonic
0.012,4,20815,424664,1691,20819,114.39010989010988,1.921321869446179e-4,0.002359882005899705,0.9532750140859614,3.5533445855911875e-4,0.9496705980222464,-0.006701845988094682,validation,isotonic
0.013,4,17201,428278,1691,17205,94.53296703296704,2.3249055507120023e-4,0.002359882005899705,0.961387629944397,4.2328042328042335e-4,0.9577524632469687,-0.0065227973626202,validation,isotonic
0.014,4,16526,428953,1691,16530,90.82417582417582,2.4198427102238354e-4,0.002359882005899705,0.9629028528841989,4.3895747599451303e-4,0.9592619427784262,-0.006481491375999091,validation,isotonic
0.015,4,15903,429576,1691,15907,87.4010989010989,2.5146162067014524e-4,0.002359882005899705,0.9643013475382678,4.5449380752187254e-4,0.9606551364793123,-0.006440558228802694,validation,isotonic
0.016,4,15277,430202,1691,15281,83.96153846153847,2.617629736273804e-4,0.002359882005899705,0.9657065765165137,4.7125353440150795e-4,0.962055038978116,-0.006396404141701893,validation,isotonic
0.017,4,14693,430786,1691,14697,80.75274725274726,2.721643872899231e-4,0.002359882005899705,0.967017524956283,4.8804294777940455e-4,0.9633610183060732,-0.00635217424434037,validation,isotonic
0.018,4,13869,431610,1691,13873,76.22527472527473,2.883298493476537e-4,0.002359882005899705,0.9688672193302041,5.138746145940391e-4,0.9652037014674377,-0.006284128196619102,validation,isotonic
0.019,4,11118,434361,1691,11122,61.10989010989011,3.596475454055026e-4,0.002359882005899705,0.9750425946004189,6.241710228602637e-4,0.971355669157867,-0.005993648189133338,validation,isotonic
0.02,4,10749,434730,1691,10753,59.082417582417584,3.719892123128429e-4,0.002359882005899705,0.9758709164741772,6.426735218508998e-4,0.9721808513017304,-0.005944929587044283,validation,isotonic
0.021,4,10354,435125,1691,10358,56.91208791208791,3.861749372465727e-4,0.002359882005899705,0.976757602490802,6.637351696673027e-4,0.9730641763608796,-0.00588947608286731,validation,isotonic
0.022,4,9946,435533,1691,9950,54.67032967032967,4.020100502512563e-4,0.002359882005899705,0.97767347057886,6.869901245169602e-4,0.9739765728776718,-0.005828252176984319,validation,isotonic
0.023,3,7822,437657,1692,7825,42.994505494505496,3.8338658146964857e-4,0.0017699115044247787,0.9824413720961033,6.302521008403361e-4,0.9787241655373523,-0.0056360508209860275,validation,isotonic
0.024,3,7572,437907,1692,7575,41.620879120879124,3.9603960396039607e-4,0.0017699115044247787,0.9830025657775114,6.472491909385114e-4,0.9792832320304847,-0.005582113199452055,validation,isotonic
0.025,2,7321,438158,1693,7323,40.23626373626374,2.7311211252219035e-4,0.0011799410029498525,0.9835660042336452,4.4355732978487467e-4,0.97984229852361715,-0.00574787428204895,validation,isotonic
0.026,1,7062,438417,1694,7063,38.80769230769231,1.4158289678606824e-4,5.899705014749262e-4,0.9841474008875839,2.2836263987211693e-4,0.9804192551445299,-0.005921586826566778,validation,isotonic
0.027,1,6781,438698,1694,6782,37.26373626373626,1.474491300501327e-4,5.899705014749262e-4,0.9847781825854867,2.359325232983367e-4,0.9810476458828107,-0.005864748865406513,validation,isotonic
0.028,1,6544,438935,1694,6545,35.96153846153846,1.5278838808250572e-4,5.899705014749262e-4,0.9853101941954615,2.427184466019417e-4,0.9815776409183002,-0.005813801944094687,validation,isotonic
0.029,1,4229,441250,1694,4230,23.24175824175824,2.3640661938534278e-4,5.899705014749262e-4,0.9905068476853005,3.3755274261603374e-4,0.9867545966447065,-0.005102278461558838,validation,isotonic
0.03,1,4126,441353,1694,4127,22.675824175824175,2.42306760358614e-4,5.899705014749262e-4,0.9907380594820406,3.4352456200618345e-4,0.9869849320398771,-0.0050575022249312014,validation,isotonic
0.031,1,4046,441433,1694,4047,22.236263736263737,2.4709661477637757e-4,5.899705014749262e-4,0.9909176414600913,3.4831069313827936e-4,0.9871638333176794,-0.005021618680213877,validation,isotonic
0.032,1,3947,441532,1694,3948,21.692307692307693,2.5329280648429586e-4,5.899705014749262e-4,0.9911398741579289,3.5442140705298604e-4,0.9873852236489599,-0.004975807431711736,validation,isotonic
0.033,1,3759,441720,1694,3760,20.65934065934066,2.6595744680851064e-4,5.899705014749262e-4,0.9915618918063478,3.6663611365719525e-4,0.9878056416517955,-0.004884246161019742,validation,isotonic
0.034,1,3537,441942,1694,3538,19.439560439560438,2.826455624646693e-4,5.899705014749262e-4,0.9920602317954381,3.8218994840435696e-4,0.9883020926976971,-0.004767675740318491,validation,isotonic
0.035,1,3465,442014,1694,3466,19.043956043956044,2.8851702250432774e-4,5.899705014749262e-4,0.9922218555756837,3.875217981011432e-4,0.9884631038477192,-0.004727720826099923,validation,isotonic
0.036,1,3384,442095,1694,3385,18.5989010989011,2.954209748892171e-4,5.899705014749262e-4,0.9924036823284599,3.937007874015748e-4,0.9886442413914941,-0.004681421202017898,validation,isotonic
0.037,1,3311,442168,1694,3312,18.197802197802197,3.0193236714975844e-4,5.899705014749262e-4,0.9925675508834311,3.994407829039345e-4,0.9888074888074888,-0.00463841430116558,validation,isotonic
0.038,1,3244,442235,1694,3245,17.82967032967033,3.081664098613251e-4,5.899705014749262e-4,0.9927179507900484,4.048582995951417e-4,0.9889573186276484,-0.004597826496254393,validation,isotonic
0.039,1,3166,442313,1694,3167,17.4010989010989,3.1575623618566466e-4,5.899705014749262e-4,0.9928930432186478,4.113533525298231e-4,0.9891317473735056,-0.004549169578404253,validation,isotonic
0.04,1,3086,442393,1694,3087,16.96153846153846,3.2393909944930353e-4,5.899705014749262e-4,0.9930726251966984,4.1823504809703057e-4,0.989310648651308,-0.004497620625635899,validation,isotonic
0.041,1,2919,442560,1694,2920,16.043956043956044,3.4246575342465754e-4,5.899705014749262e-4,0.993447502575879,4.333694474539545e-4,0.9896841050687204,-0.004384268975021802,validation,isotonic
0.042,1,2851,442628,1694,2852,15.67032967032967,3.506311360448808e-4,5.899705014749262e-4,0.993600147257222,4.398504508467121e-4,0.9898361711548525,-0.004335735174305701,validation,isotonic
0.043,1,2772,442707,1694,2773,15.236263736263735,3.606202668589975e-4,5.899705014749262e-4,0.9937774844605469,4.4762757385854974e-4,0.9900128361666823,-0.004277500580842567,validation,isotonic
0.044,1,2692,442787,1694,2693,14.796703296703297,3.713330857779428e-4,5.899705014749262e-4,0.9939570664385976,4.5578851412944393e-4,0.9901917374444847,-0.0042163982753420474,validation,isotonic
0.045,1,2626,442853,1694,2627,14.434065934065934,3.8066235249333843e-4,5.899705014749262e-4,0.9941052215704893,4.627487274409995e-4,0.9903393309986717,-0.004164291096789089,validation,isotonic
0.046,1,1909,443570,1694,1910,10.494505494505495,5.235602094240838e-4,5.899705014749262e-4,0.9957147250487677,5.547850208044384e-4,0.9919427337009754,-0.0034757074602583264,validation,isotonic
0.047,0,1873,443606,1695,1873,10.291208791208792,0,0,0.9957955369388904,NA,0.992021003010014,-0.003995469672884382,validation,isotonic
0.048,0,1599,443880,1695,1599,8.785714285714286,0,0,0.9964106052137138,NA,0.9926337398864872,-0.003693594161291387,validation,isotonic
0.049,0,1561,443918,1695,1561,8.576923076923077,0,0,0.9964959066532878,NA,0.9927187179934432,-0.0036477323796980927,validation,isotonic
0.05,0,1537,443942,1695,1537,8.445054945054945,0,0,0.996549781246703,NA,0.9927723883767839,-0.0036182136141513443,validation,isotonic
0.051,0,1499,443980,1695,1499,8.236263736263735,0,0,0.996635082686277,NA,0.9928573664837401,-0.003570571980932155,validation,isotonic
0.052,0,1465,444014,1695,1465,8.04945054945055,0,0,0.9967114050269485,NA,0.9929333995268061,-0.0035269779780068523,validation,isotonic
0.053,0,1152,444327,1695,1152,6.329670329670329,0,0,0.9974140195160714,NA,0.993633350776208,-0.003076964052492062,validation,isotonic
0.054,0,1134,444345,1695,1134,6.230769230769231,0,0,0.9974544254611328,NA,0.9936736035637135,-0.003048070499434378,validation,isotonic
0.055,0,1121,444358,1695,1121,6.15934065934066,0,0,0.997483607532566,NA,0.9937026750213563,-0.0030269742636920283,validation,isotonic
0.056,0,1106,444373,1695,1106,6.076923076923077,0,0,0.9975172791534506,NA,0.9937362190109443,-0.0030023902416458034,validation,isotonic
0.057,0,1084,444395,1695,1084,5.956043956043956,0,0,0.9975666641974145,NA,0.9937854168623399,-0.0029658558400942636,validation,isotonic
0.058,0,1064,444415,1695,1064,5.846153846153846,0,0,0.9976115596919272,NA,0.9938301421817906,-0.0029321395096165563,validation,isotonic
0.059,0,1038,444441,1695,1038,5.7032967032967035,0,0,0.9976699238347936,NA,0.9938882850970763,-0.0028875740211382795,validation,isotonic
0.06,0,1020,444459,1695,1020,5.604395604395604,0,0,0.997710329779855,NA,0.9939285378845818,-0.0028562233516238513,validation,isotonic
0.061,0,996,444483,1695,996,5.472527472527473,0,0,0.9977642043732701,NA,0.9939822082679226,-0.0028137731721647853,validation,isotonic
0.062,0,969,444510,1695,969,5.324175824175824,0,0,0.9978248132908621,NA,0.9940425874491808,-0.002765106885982058,validation,isotonic
0.063,0,949,444530,1695,949,5.214285714285714,0,0,0.9978697087853748,NA,0.9940873127686315,-0.0027284200955917702,validation,isotonic
0.064,0,921,444558,1695,921,5.06043956043956,0,0,0.9979325624776926,NA,0.9941499282158622,-0.0026761208175823488,validation,isotonic
0.065,0,903,444576,1695,903,4.961538461538462,0,0,0.997972968422754,NA,0.9941901810033679,-0.002641907514852704,validation,isotonic
0.066,0,881,444598,1695,881,4.84065934065934,0,0,0.9980223534667179,NA,0.9942393788547634,-0.0025994451825834524,validation,isotonic
0.067,0,856,444623,1695,856,4.7032967032967035,0,0,0.9980784728348586,NA,0.9942952855040768,-0.002550308007800941,validation,isotonic
0.068,0,834,444645,1695,834,4.582417582417582,0,0,0.9981278578788225,NA,0.9943444833554723,-0.002506267783692938,validation,isotonic
0.069,0,753,444726,1695,753,4.137362637362638,0,0,0.9983096846315987,NA,0.9945256208992472,-0.002337333172993952,validation,isotonic
0.07,0,736,444743,1695,736,4.043956043956044,0,0,0.9983478458019346,NA,0.9945636374207802,-0.0023004560323393636,validation,isotonic
0.071,0,104,445375,1695,104,0.5714285714285714,0,0,0.9997665434285342,NA,0.995976957515419,-4.384455862520484e-4,validation,isotonic
0.072,0,104,445375,1695,104,0.5714285714285714,0,0,0.9997665434285342,NA,0.995976957515419,-4.384455862520484e-4,validation,isotonic
0.073,0,104,445375,1695,104,0.5714285714285714,0,0,0.9997665434285342,NA,0.995976957515419,-4.384455862520484e-4,validation,isotonic
0.074,0,104,445375,1695,104,0.5714285714285714,0,0,0.9997665434285342,NA,0.995976957515419,-4.384455862520484e-4,validation,isotonic
0.075,0,103,445376,1695,103,0.5659340659340659,0,0,0.9997687882032599,NA,0.9959791937813915,-4.344695436753102e-4,validation,isotonic
0.076,0,103,445376,1695,103,0.5659340659340659,0,0,0.9997687882032599,NA,0.9959791937813915,-4.344695436753102e-4,validation,isotonic
0.077,0,103,445376,1695,103,0.5659340659340659,0,0,0.9997687882032599,NA,0.9959791937813915,-4.344695436753102e-4,validation,isotonic
0.078,0,103,445376,1695,103,0.5659340659340659,0,0,0.9997687882032599,NA,0.9959791937813915,-4.344695436753102e-4,validation,isotonic
0.079,0,103,445376,1695,103,0.5659340659340659,0,0,0.9997687882032599,NA,0.9959791937813915,-4.344695436753102e-4,validation,isotonic
0.08,0,103,445376,1695,103,0.5659340659340659,0,0,0.9997687882032599,NA,0.9959791937813915,-4.344695436753102e-4,validation,isotonic
0.081,0,103,445376,1695,103,0.5659340659340659,0,0,0.9997687882032599,NA,0.9959791937813915,-4.344695436753102e-4,validation,isotonic
0.082,0,102,445377,1695,102,0.5604395604395604,0,0,0.9997710329779855,NA,0.9959814300473641,-4.3048910758243124e-4,validation,isotonic
0.083,0,99,445380,1695,99,0.5439560439560439,0,0,0.9997777673021624,NA,0.9959881388452817,-4.185213650416721e-4,validation,isotonic
0.084,0,98,445381,1695,98,0.5384615384615384,0,0,0.999780012076888,NA,0.9959903751112542,-4.1452328172105136e-4,validation,isotonic
0.085,0,98,445381,1695,98,0.5384615384615384,0,0,0.999780012076888,NA,0.9959903751112542,-4.1452328172105136e-4,validation,isotonic
0.086,0,97,445382,1695,97,0.532967032967033,0,0,0.9997822568516137,NA,0.9959926113772267,-4.1052076829095033e-4,validation,isotonic
0.087,0,97,445382,1695,97,0.532967032967033,0,0,0.9997822568516137,NA,0.9959926113772267,-4.1052076829095033e-4,validation,isotonic
0.088,0,96,445383,1695,96,0.5274725274725275,0,0,0.9997845016263393,NA,0.9959948476431993,-4.0651381730079546e-4,validation,isotonic
0.089,0,96,445383,1695,96,0.5274725274725275,0,0,0.9997845016263393,NA,0.9959948476431993,-4.0651381730079546e-4,validation,isotonic
0.09,0,96,445383,1695,96,0.5274725274725275,0,0,0.9997845016263393,NA,0.9959948476431993,-4.0651381730079546e-4,validation,isotonic
0.091,0,96,445383,1695,96,0.5274725274725275,0,0,0.9997845016263393,NA,0.9959948476431993,-4.0651381730079546e-4,validation,isotonic
0.092,0,94,445385,1695,94,0.5164835164835165,0,0,0.9997889911757906,NA,0.9959993201751444,-3.9848657333847243e-4,validation,isotonic
0.093,0,93,445386,1695,93,0.510989010989011,0,0,0.9997912359505162,NA,0.9960015564411169,-3.9446626552190454e-4,validation,isotonic
0.094,0,93,445386,1695,93,0.510989010989011,0,0,0.9997912359505162,NA,0.9960015564411169,-3.9446626552190454e-4,validation,isotonic
0.095,0,93,445386,1695,93,0.510989010989011,0,0,0.9997912359505162,NA,0.9960015564411169,-3.9446626552190454e-4,validation,isotonic
0.096,0,93,445386,1695,93,0.510989010989011,0,0,0.9997912359505162,NA,0.9960015564411169,-3.9446626552190454e-4,validation,isotonic
0.097,0,93,445386,1695,93,0.510989010989011,0,0,0.9997912359505162,NA,0.9960015564411169,-3.9446626552190454e-4,validation,isotonic
0.098,0,93,445386,1695,93,0.510989010989011,0,0,0.9997912359505162,NA,0.9960015564411169,-3.9446626552190454e-4,validation,isotonic
0.099,0,92,445387,1695,92,0.5054945054945055,0,0,0.9997934807252418,NA,0.9960037927070894,-3.90441490567236e-4,validation,isotonic
0.1,0,92,445387,1695,92,0.5054945054945055,0,0,0.9997934807252418,NA,0.9960037927070894,-3.90441490567236e-4,validation,isotonic
0.11,0,87,445392,1695,87,0.47802197802197804,0,0,0.9998047045988699,NA,0.996014974036952,-3.702503473222472e-4,validation,isotonic
0.12,0,58,445421,1695,58,0.31868131868131866,0,0,0.9998698030659133,NA,0.9960798257501554,-2.508870103835057e-4,validation,isotonic
0.13,0,57,445422,1695,57,0.3131868131868132,0,0,0.999872047840639,NA,0.9960820620161279,-2.46701071217607e-4,validation,isotonic
0.14,0,55,445424,1695,55,0.3021978021978022,0,0,0.9998765373900902,NA,0.996086534548073,-2.3831494652854922e-4,validation,isotonic
0.15,0,54,445425,1695,54,0.2967032967032967,0,0,0.9998787821648158,NA,0.9960887708140456,-2.3411474480583908e-4,validation,isotonic
0.16,0,50,445429,1695,50,0.27472527472527475,0,0,0.9998877612637184,NA,0.9960977158779356,-2.17266152689609e-4,validation,isotonic
0.17,0,49,445430,1695,49,0.2692307692307692,0,0,0.999890006038444,NA,0.9960999521439082,-2.130420175289377e-4,validation,isotonic
0.18,0,47,445432,1695,47,0.25824175824175827,0,0,0.9998944955878952,NA,0.9961044246758533,-2.0457930531924732e-4,validation,isotonic
0.19,0,45,445434,1695,45,0.24725274725274726,0,0,0.9998989851373465,NA,0.9961088972077983,-1.9609728229618591e-4,validation,isotonic
0.2,0,41,445438,1695,41,0.22527472527472528,0,0,0.9999079642362491,NA,0.9961178422716884,-1.7907503881662212e-4,validation,isotonic
0.21,0,39,445440,1695,39,0.21428571428571427,0,0,0.9999124537857004,NA,0.9961223148036334,-1.7053468510500123e-4,validation,isotonic
0.22,0,36,445443,1695,36,0.1978021978021978,0,0,0.9999191881098772,NA,0.9961290236015511,-1.5768742598646376e-4,validation,isotonic
0.23,0,34,445445,1695,34,0.18681318681318682,0,0,0.9999236776593285,NA,0.9961334961334961,-1.4909800249696717e-4,validation,isotonic
0.24,0,32,445447,1695,32,0.17582417582417584,0,0,0.9999281672087798,NA,0.9961379686654412,-1.40488832585804e-4,validation,isotonic
0.25,0,27,445452,1695,27,0.14835164835164835,0,0,0.9999393910824079,NA,0.9961491499953038,-1.188790692766378e-4,validation,isotonic
0.26,0,27,445452,1695,27,0.14835164835164835,0,0,0.9999393910824079,NA,0.9961491499953038,-1.188790692766378e-4,validation,isotonic
0.27,0,4,445475,1695,4,0.02197802197802198,0,0,0.9999910209010975,NA,0.996200584112672,-1.78483271628222e-5,validation,isotonic
0.28,0,4,445475,1695,4,0.02197802197802198,0,0,0.9999910209010975,NA,0.996200584112672,-1.78483271628222e-5,validation,isotonic
0.29,0,4,445475,1695,4,0.02197802197802198,0,0,0.9999910209010975,NA,0.996200584112672,-1.78483271628222e-5,validation,isotonic
0.3,0,4,445475,1695,4,0.02197802197802198,0,0,0.9999910209010975,NA,0.996200584112672,-1.78483271628222e-5,validation,isotonic
0.31,0,3,445476,1695,3,0.016483516483516484,0,0,0.9999932656758231,NA,0.9962028203786446,-1.3394069212461208e-5,validation,isotonic
0.32,0,3,445476,1695,3,0.016483516483516484,0,0,0.9999932656758231,NA,0.9962028203786446,-1.3394069212461208e-5,validation,isotonic
0.33,0,3,445476,1695,3,0.016483516483516484,0,0,0.9999932656758231,NA,0.9962028203786446,-1.3394069212461208e-5,validation,isotonic
0.34,0,0,445479,1695,0,0,NA,0,1,NA,0.9962095291765621,0,validation,isotonic
0.35,0,0,445479,1695,0,0,NA,0,1,NA,0.9962095291765621,0,validation,isotonic
0.36,0,0,445479,1695,0,0,NA,0,1,NA,0.9962095291765621,0,validation,isotonic
0.37,0,0,445479,1695,0,0,NA,0,1,NA,0.9962095291765621,0,validation,isotonic
0.38,0,0,445479,1695,0,0,NA,0,1,NA,0.9962095291765621,0,validation,isotonic
0.39,0,0,445479,1695,0,0,NA,0,1,NA,0.9962095291765621,0,validation,isotonic
0.4,0,0,445479,1695,0,0,NA,0,1,NA,0.9962095291765621,0,validation,isotonic
0.41,0,0,445479,1695,0,0,NA,0,1,NA,0.9962095291765621,0,validation,isotonic
0.42,0,0,445479,1695,0,0,NA,0,1,NA,0.9962095291765621,0,validation,isotonic
0.43,0,0,445479,1695,0,0,NA,0,1,NA,0.9962095291765621,0,validation,isotonic
0.44,0,0,445479,1695,0,0,NA,0,1,NA,0.9962095291765621,0,validation,isotonic
0.45,0,0,445479,1695,0,0,NA,0,1,NA,0.9962095291765621,0,validation,isotonic
0.46,0,0,445479,1695,0,0,NA,0,1,NA,0.9962095291765621,0,validation,isotonic
0.47,0,0,445479,1695,0,0,NA,0,1,NA,0.9962095291765621,0,validation,isotonic
0.48,0,0,445479,1695,0,0,NA,0,1,NA,0.9962095291765621,0,validation,isotonic
0.49,0,0,445479,1695,0,0,NA,0,1,NA,0.9962095291765621,0,validation,isotonic
0.5,0,0,445479,1695,0,0,NA,0,1,NA,0.9962095291765621,0,validation,isotonic
0.51,0,0,445479,1695,0,0,NA,0,1,NA,0.9962095291765621,0,validation,isotonic
0.52,0,0,445479,1695,0,0,NA,0,1,NA,0.9962095291765621,0,validation,isotonic
0.53,0,0,445479,1695,0,0,NA,0,1,NA,0.9962095291765621,0,validation,isotonic
0.54,0,0,445479,1695,0,0,NA,0,1,NA,0.9962095291765621,0,validation,isotonic
0.55,0,0,445479,1695,0,0,NA,0,1,NA,0.9962095291765621,0,validation,isotonic
0.56,0,0,445479,1695,0,0,NA,0,1,NA,0.9962095291765621,0,validation,isotonic
0.57,0,0,445479,1695,0,0,NA,0,1,NA,0.9962095291765621,0,validation,isotonic
0.58,0,0,445479,1695,0,0,NA,0,1,NA,0.9962095291765621,0,validation,isotonic
0.59,0,0,445479,1695,0,0,NA,0,1,NA,0.9962095291765621,0,validation,isotonic
0.6,0,0,445479,1695,0,0,NA,0,1,NA,0.9962095291765621,0,validation,isotonic
0.61,0,0,445479,1695,0,0,NA,0,1,NA,0.9962095291765621,0,validation,isotonic
0.62,0,0,445479,1695,0,0,NA,0,1,NA,0.9962095291765621,0,validation,isotonic
0.63,0,0,445479,1695,0,0,NA,0,1,NA,0.9962095291765621,0,validation,isotonic
0.64,0,0,445479,1695,0,0,NA,0,1,NA,0.9962095291765621,0,validation,isotonic
0.65,0,0,445479,1695,0,0,NA,0,1,NA,0.9962095291765621,0,validation,isotonic
0.66,0,0,445479,1695,0,0,NA,0,1,NA,0.9962095291765621,0,validation,isotonic
0.67,0,0,445479,1695,0,0,NA,0,1,NA,0.9962095291765621,0,validation,isotonic
0.68,0,0,445479,1695,0,0,NA,0,1,NA,0.9962095291765621,0,validation,isotonic
0.69,0,0,445479,1695,0,0,NA,0,1,NA,0.9962095291765621,0,validation,isotonic
0.7,0,0,445479,1695,0,0,NA,0,1,NA,0.9962095291765621,0,validation,isotonic
0.71,0,0,445479,1695,0,0,NA,0,1,NA,0.9962095291765621,0,validation,isotonic
0.72,0,0,445479,1695,0,0,NA,0,1,NA,0.9962095291765621,0,validation,isotonic
0.73,0,0,445479,1695,0,0,NA,0,1,NA,0.9962095291765621,0,validation,isotonic
0.74,0,0,445479,1695,0,0,NA,0,1,NA,0.9962095291765621,0,validation,isotonic
0.75,0,0,445479,1695,0,0,NA,0,1,NA,0.9962095291765621,0,validation,isotonic
0.76,0,0,445479,1695,0,0,NA,0,1,NA,0.9962095291765621,0,validation,isotonic
0.77,0,0,445479,1695,0,0,NA,0,1,NA,0.9962095291765621,0,validation,isotonic
0.78,0,0,445479,1695,0,0,NA,0,1,NA,0.9962095291765621,0,validation,isotonic
0.79,0,0,445479,1695,0,0,NA,0,1,NA,0.9962095291765621,0,validation,isotonic
0.8,0,0,445479,1695,0,0,NA,0,1,NA,0.9962095291765621,0,validation,isotonic
0.81,0,0,445479,1695,0,0,NA,0,1,NA,0.9962095291765621,0,validation,isotonic
0.82,0,0,445479,1695,0,0,NA,0,1,NA,0.9962095291765621,0,validation,isotonic
0.83,0,0,445479,1695,0,0,NA,0,1,NA,0.9962095291765621,0,validation,isotonic
0.84,0,0,445479,1695,0,0,NA,0,1,NA,0.9962095291765621,0,validation,isotonic
0.85,0,0,445479,1695,0,0,NA,0,1,NA,0.9962095291765621,0,validation,isotonic
0.86,0,0,445479,1695,0,0,NA,0,1,NA,0.9962095291765621,0,validation,isotonic
0.87,0,0,445479,1695,0,0,NA,0,1,NA,0.9962095291765621,0,validation,isotonic
0.88,0,0,445479,1695,0,0,NA,0,1,NA,0.9962095291765621,0,validation,isotonic
0.89,0,0,445479,1695,0,0,NA,0,1,NA,0.9962095291765621,0,validation,isotonic
0.9,0,0,445479,1695,0,0,NA,0,1,NA,0.9962095291765621,0,validation,isotonic
0.905,0,0,445479,1695,0,0,NA,0,1,NA,0.9962095291765621,0,validation,isotonic
0.91,0,0,445479,1695,0,0,NA,0,1,NA,0.9962095291765621,0,validation,isotonic
0.915,0,0,445479,1695,0,0,NA,0,1,NA,0.9962095291765621,0,validation,isotonic
0.92,0,0,445479,1695,0,0,NA,0,1,NA,0.9962095291765621,0,validation,isotonic
0.925,0,0,445479,1695,0,0,NA,0,1,NA,0.9962095291765621,0,validation,isotonic
0.93,0,0,445479,1695,0,0,NA,0,1,NA,0.9962095291765621,0,validation,isotonic
0.935,0,0,445479,1695,0,0,NA,0,1,NA,0.9962095291765621,0,validation,isotonic
0.94,0,0,445479,1695,0,0,NA,0,1,NA,0.9962095291765621,0,validation,isotonic
0.945,0,0,445479,1695,0,0,NA,0,1,NA,0.9962095291765621,0,validation,isotonic
0.95,0,0,445479,1695,0,0,NA,0,1,NA,0.9962095291765621,0,validation,isotonic
0.955,0,0,445479,1695,0,0,NA,0,1,NA,0.9962095291765621,0,validation,isotonic
0.96,0,0,445479,1695,0,0,NA,0,1,NA,0.9962095291765621,0,validation,isotonic
0.965,0,0,445479,1695,0,0,NA,0,1,NA,0.9962095291765621,0,validation,isotonic
0.97,0,0,445479,1695,0,0,NA,0,1,NA,0.9962095291765621,0,validation,isotonic
0.975,0,0,445479,1695,0,0,NA,0,1,NA,0.9962095291765621,0,validation,isotonic
0.98,0,0,445479,1695,0,0,NA,0,1,NA,0.9962095291765621,0,validation,isotonic
0.985,0,0,445479,1695,0,0,NA,0,1,NA,0.9962095291765621,0,validation,isotonic
0.99,0,0,445479,1695,0,0,NA,0,1,NA,0.9962095291765621,0,validation,isotonic
0.991,0,0,445479,1695,0,0,NA,0,1,NA,0.9962095291765621,0,validation,isotonic
0.992,0,0,445479,1695,0,0,NA,0,1,NA,0.9962095291765621,0,validation,isotonic
0.993,0,0,445479,1695,0,0,NA,0,1,NA,0.9962095291765621,0,validation,isotonic
0.994,0,0,445479,1695,0,0,NA,0,1,NA,0.9962095291765621,0,validation,isotonic
0.995,0,0,445479,1695,0,0,NA,0,1,NA,0.9962095291765621,0,validation,isotonic
0.996,0,0,445479,1695,0,0,NA,0,1,NA,0.9962095291765621,0,validation,isotonic
0.997,0,0,445479,1695,0,0,NA,0,1,NA,0.9962095291765621,0,validation,isotonic
0.998,0,0,445479,1695,0,0,NA,0,1,NA,0.9962095291765621,0,validation,isotonic
0.999,0,0,445479,1695,0,0,NA,0,1,NA,0.9962095291765621,0,validation,isotonic
1e-4,4188,989422,332112,1058,993610,1840.0185185185185,0.004214933424583086,0.7983225314525353,0.25130794970087794,0.008385593118527596,0.2534708090263646,5.23375179865081e-4,test,isotonic
2e-4,3969,909592,411942,1277,913561,1691.7796296296297,0.004344537474782746,0.7565764391917652,0.3117150220879675,0.00863946400060078,0.3134739745850857,7.829031615419697e-4,test,isotonic
3e-4,3846,849097,472437,1400,852943,1579.5240740740742,0.0045090938081442725,0.7331300038124285,0.357491369877733,0.008963060584556549,0.3589766200877312,0.001112275158809792,test,isotonic
4e-4,3729,797561,523973,1517,801290,1483.8703703703704,0.004653745834841318,0.7108272969881815,0.3964884747573653,0.00924695239890098,0.39773134958320144,0.0014015318810880603,test,isotonic
5e-4,3627,745714,575820,1619,749341,1387.6685185185186,0.0048402529689420435,0.6913839115516585,0.43572091221262566,0.009613205634340373,0.43673178673178675,0.0017742481009274688,test,isotonic
6e-4,3518,655241,666293,1728,658759,1219.924074074074,0.005340344496242176,0.6706061761341975,0.5041815042216091,0.010596305750709707,0.5048395363210179,0.00277266768888891,test,isotonic
7e-4,3431,631057,690477,1815,634488,1174.9777777777779,0.005407509677093972,0.6540221120853984,0.5224814495881301,0.010726333132208072,0.5230015526311823,0.002906105359363993,test,isotonic
8e-4,3338,609577,711957,1908,612915,1135.0277777777778,0.005446105903755007,0.6362943194815097,0.5387352879305414,0.010799775463026622,0.5391210298617706,0.002982402405794355,test,isotonic
9e-4,3256,591630,729904,1990,594886,1101.6407407407407,0.005473317576813037,0.620663362561952,0.5523157179459628,0.010850946125185792,0.5525859599933673,0.0030360033133834314,test,isotonic
0.001,3194,573696,747838,2052,576890,1068.3148148148148,0.005536584097488256,0.6088448341593595,0.5658863109083837,0.010973380790743057,0.566056166056166,0.003161552309310191,test,isotonic
0.0011,3113,555610,765924,2133,558723,1034.6722222222222,0.005571633886559172,0.59340449866565,0.5795719217212724,0.011039613879486286,0.5796266148118,0.0032306147704921615,test,isotonic
0.0012,3042,538474,783060,2204,541516,1002.8074074074074,0.005617562546628354,0.5798703774304231,0.5925386709687378,0.011127327795274726,0.5924885813774703,0.0033213467573857233,test,isotonic
0.0013,2971,521167,800367,2275,524138,970.6259259259259,0.005668354517321774,0.5663362561951963,0.6056348152979795,0.011224366433439622,0.6054794314053573,0.0034216531545421223,test,isotonic
0.0014,2901,503829,817705,2345,506730,938.3888888888889,0.005724942276952223,0.5529927563858178,0.6187544172151455,0.011332562463865494,0.6184943999758814,0.0035333790307681156,test,isotonic
0.0015,2830,486388,835146,2416,489218,905.9592592592593,0.005784742180377664,0.5394586351505909,0.6319519588599309,0.01144673828630598,0.6315862464010612,0.003651337332822101,test,isotonic
0.0016,2758,468012,853522,2488,470770,871.7962962962963,0.005858487159334707,0.5257338924895159,0.6458570116243698,0.011587845786696246,0.6453820527894601,0.003796822234480892,test,isotonic
0.0017,2679,453901,867633,2567,456580,845.5185185185185,0.005867536904814052,0.5106747998475029,0.6565347543082508,0.011601772095984203,0.6559580337358115,0.003813546881330414,test,isotonic
0.0018,2611,439752,881782,2635,442363,819.1907407407407,0.0059023923791094645,0.4977125428898208,0.6672412514547488,0.011666432086933014,0.6665709462005758,0.003881580798979066,test,isotonic
0.0019,2538,425617,895917,2708,428155,792.8796296296297,0.005927759806612092,0.48379717880289747,0.6779371548518616,0.011712017277302084,0.6771695382806494,0.003930575256460709,test,isotonic
0.002,2468,411419,910115,2778,413887,766.4574074074075,0.005962980233735295,0.47045367899351886,0.6886807301212077,0.011776691408216484,0.6878178748549119,0.003999029566459508,test,isotonic
0.0021,2386,397435,924099,2860,399821,740.4092592592592,0.005967670532563322,0.4548227220739611,0.6992623723642373,0.011780767132350944,0.6982958742218002,0.004006587539436291,test,isotonic
0.0022,2308,383507,938027,2938,385815,714.4722222222222,0.0059821417000375824,0.43995425085779644,0.7098016396097263,0.011803785087237027,0.7087346809569032,0.004033468526897885,test,isotonic
0.0023,2226,369290,952244,3020,371516,687.9925925925926,0.005991666576944196,0.42432329393823864,0.7205595921103808,0.011816478307260285,0.7193882934623675,0.0040503028515562,test,isotonic
0.0024,2159,355122,966412,3087,357281,661.6314814814815,0.006042862620738299,0.4115516584064049,0.7312804664881872,0.011910836985934843,0.73001628001628,0.004149742517243436,test,isotonic
0.0025,2083,341198,980336,3163,343281,635.7055555555555,0.00606791520649264,0.3970644300419367,0.7418167069481375,0.011953162882646107,0.7404535793424682,0.0041970141534721445,test,isotonic
0.0026,1253,312654,1008880,3993,313907,581.3092592592593,0.003991628093671056,0.23884864658787647,0.7634158485517588,0.007852033350775334,0.761341744675078,7.473108113184926e-5,test,isotonic
0.0027,1144,301156,1020378,4102,302300,559.8148148148148,0.0037843202117102217,0.21807091117041555,0.7721163435825337,0.007439537500081288,0.7699256847404996,-3.360524743449652e-4,test,isotonic
0.0028,1093,292438,1029096,4153,293531,543.575925925926,0.0037236271467068214,0.208349218452154,0.7787132226639648,0.007316493572129046,0.7764580412728561,-4.56068524649834e-4,test,isotonic
0.0029,1062,284783,1036751,4184,285845,529.3425925925926,0.003715300250135563,0.20243995425085778,0.7845057334885065,0.007296687290228829,0.782204284056136,-4.7233327029852805e-4,test,isotonic
0.003,1026,277031,1044503,4220,278057,514.9203703703704,0.003689890921645562,0.19557758292032024,0.7903716438623599,0.0072431283819797175,0.7880198676494973,-5.223608919603615e-4,test,isotonic
0.0031,993,269690,1051844,4253,270683,501.2648148148148,0.0036684978369531888,0.1892870758673275,0.7959265520221197,0.007197503705663414,0.7935279398242361,-5.643963228070222e-4,test,isotonic
0.0032,960,262052,1059482,4286,263012,487.05925925925925,0.0036500235730689092,0.18299656881433474,0.8017061990081223,0.007157288878616853,0.7992598622228252,-6.005901226079933e-4,test,isotonic
0.0033,922,254595,1066939,4324,255517,473.17962962962963,0.003608370480242019,0.17575295463210064,0.8073488839485022,0.00707155539704636,0.8048515955923363,-6.825108338851091e-4,test,isotonic
0.0034,892,245591,1075943,4354,246483,456.45,0.003618910837664261,0.1700343118566527,0.814162178195945,0.007086986402043467,0.8116153393931171,-6.612015586675969e-4,test,isotonic
0.0035,866,241275,1080259,4380,242141,448.4092592592593,0.003576428609776948,0.16507815478459778,0.8174280797921204,0.007001176294631488,0.8148487315153982,-7.447640823039663e-4,test,isotonic
0.0036,845,236907,1084627,4401,237752,440.2814814814815,0.0035541236246172483,0.16107510484178422,0.8207333296002979,0.0069547897513559795,0.8181250847917515,-7.884576117192141e-4,test,isotonic
0.0037,825,232706,1088828,4421,233531,432.4648148148148,0.0035327215658734813,0.1572626763248189,0.8239122111122378,0.006910213295250381,0.821276323128175,-8.303376734962276e-4,test,isotonic
0.0038,804,228588,1092946,4442,229392,424.8,0.0035049173467252563,0.15325962638200533,0.8270282868242512,0.006853109896947638,0.8243642502901762,-8.847948085157723e-4,test,isotonic
0.0039,784,224359,1097175,4462,225143,416.93148148148146,0.0034822312930004487,0.14944719786504004,0.8302283558349615,0.006805880489085849,0.8275365923514072,-9.291030104707862e-4,test,isotonic
0.004,756,220106,1101428,4490,220862,409.0037037037037,0.003422951888509567,0.14410979794128861,0.8334465855589035,0.006687069895802006,0.8307209936839567,-0.0010453995350102187,test,isotonic
0.0041,728,215795,1105739,4518,216523,400.9685185185185,0.003362229416736328,0.13877239801753716,0.8367087036731556,0.0065653901131357394,0.8339491098750358,-0.001164404660636062,test,isotonic
0.0042,708,211482,1110052,4538,212190,392.94444444444446,0.003336632263537396,0.13495996950057187,0.839972335180177,0.0065122610791221325,0.837184763110689,-0.001214185792289635,test,isotonic
0.0043,687,207235,1114299,4559,207922,385.0407407407407,0.0033041236617577744,0.1309569195577583,0.8431860247258111,0.006445620355775726,0.8403699181476959,-0.0012774902025554453,test,isotonic
0.0044,665,202921,1118613,4581,203586,377.0111111111111,0.003266432858840981,0.12676324818909646,0.8464504129292171,0.006368755746245786,0.8436048176788917,-0.0013508746751655332,test,isotonic
0.0045,646,198721,1122813,4600,199367,369.19814814814816,0.003240255408367483,0.1231414410979794,0.8496285377447723,0.0063143593026836024,0.8467560560153152,-0.0014015600567839218,test,isotonic
0.0046,626,194669,1126865,4620,195295,361.6574074074074,0.003205407204485522,0.11932901258101411,0.8526946714953986,0.00624311238100937,0.8497949923875849,-0.001469205352253824,test,isotonic
0.0047,607,190556,1130978,4639,191163,354.00555555555553,0.0031753006596464796,0.11570720548989706,0.8558069637254887,0.0061809794866834,0.852880658436214,-0.001527428027254219,test,isotonic
0.0048,588,186386,1135148,4658,186974,346.2481481481482,0.0031448222747547786,0.11208539839878003,0.8589623876495043,0.006117989803350328,0.8560092856389153,-0.0015862602511498357,test,isotonic
0.0049,569,182295,1139239,4677,182864,338.63703703703703,0.0031116020649225654,0.10846359130766298,0.862058032559132,0.006049651799479029,0.8590783701894813,-0.0016503681890393386,test,isotonic
0.005,547,178272,1143262,4699,178819,331.14629629629627,0.00305895905916038,0.10426991993900114,0.8651022221146032,0.005943552549371146,0.8620939417235713,-0.001752396831749214,test,isotonic
0.0051,531,174258,1147276,4715,174789,323.68333333333334,0.0030379486123268628,0.10121997712542889,0.8681396014026124,0.005898853000805398,0.8651072521442892,-0.0017923492324885006,test,isotonic
0.0052,504,170226,1151308,4742,170730,316.1666666666667,0.002952029520295203,0.09607319862752574,0.8711906012255455,0.005728053825521662,0.8681258384962088,-0.00195910332517069,test,isotonic
0.0053,479,166104,1155430,4767,166583,308.48703703703706,0.002875443472623257,0.09130766298131911,0.8743097037230976,0.005575310337603083,0.8712137656582101,-0.0021072822012559015,test,isotonic
0.0054,451,162125,1159409,4795,162576,301.06666666666666,0.002774087196142112,0.08597026305756766,0.8773205986376438,0.005374742286470189,0.8741916519694297,-0.0023035773579645766,test,isotonic
0.0055,424,158118,1163416,4822,158542,293.5962962962963,0.0026743701984332227,0.08082348455966451,0.8803526810509604,0.005177424475541554,0.8771913957099142,-0.0024962678584955545,test,isotonic
0.0056,405,154088,1167446,4841,154493,286.09814814814814,0.0026214779957667985,0.07720167746854746,0.8834021674811242,0.005070771696329638,0.8802145042885784,-0.0025972568832608837,test,isotonic
0.0057,389,150120,1171414,4857,150509,278.72037037037035,0.002584563049385751,0.07415173465497522,0.8864047387354392,0.004995024236782125,0.8831931443042554,-0.0026668762439444713,test,isotonic
0.0058,369,146143,1175391,4877,146512,271.31851851851854,0.002518565032215791,0.07033930613800991,0.8894141202572162,0.004863005574664927,0.8861755528422195,-0.0027928227285417954,test,isotonic
0.0059,318,140048,1181486,4928,140366,259.93703703703704,0.002265505891740165,0.06061761341974838,0.8940261847216946,0.004367771886932396,0.8907309425827944,-0.0032802014409457595,test,isotonic
0.006,298,136797,1184737,4948,137095,253.87962962962962,0.0021736751887377367,0.05680518490278307,0.8964862046682114,0.004187128093802911,0.8931661616846802,-0.0034556127853597293,test,isotonic
0.0061,288,134867,1186667,4958,135155,250.28703703703704,0.002130886759646332,0.05489897064430042,0.8979466286905975,0.0041025348822301844,0.8946132742429038,-0.003536782910039485,test,isotonic
0.0062,282,132861,1188673,4964,133143,246.5611111111111,0.002118023478515581,0.05375524208921083,0.8994645616382174,0.004075468425958711,0.8961206831577202,-0.0035597128280368848,test,isotonic
0.0063,274,130884,1190650,4972,131158,242.88518518518518,0.002089083395599201,0.0522302706824247,0.9009605503906823,0.004017477493328641,0.8976047272343569,-0.0036137366753335423,test,isotonic
0.0064,265,129032,1192502,4981,129297,239.4388888888889,0.002049544846361478,0.050514677849790315,0.9023619520950653,0.003939261054086797,0.8989938045493601,-0.003688297800631956,test,isotonic
0.0065,257,127007,1194527,4989,127264,235.67407407407407,0.0020194241890872516,0.0489897064430042,0.9038942622739937,0.003878952531884386,0.9005140264399524,-0.0037442834854663504,test,isotonic
0.0066,247,124927,1196607,4999,125174,231.8037037037037,0.0019732532315017495,0.04708349218452154,0.9054681907540783,0.0037877626130961507,0.9020741946667873,-0.003831096546323977,test,isotonic
0.0067,238,122953,1198581,5008,123191,228.13148148148147,0.001931959315209715,0.045367899351887155,0.9069619094173892,0.0037060971526896454,0.9035552239255943,-0.003908418600964964,test,isotonic
0.0068,229,120978,1200556,5017,121207,224.4574074074074,0.0018893298241850719,0.04365230651925276,0.9084563847770848,0.0036218990454951645,0.9050370068888587,-0.003988133434382235,test,isotonic
0.0069,221,119010,1202524,5025,119231,220.79814814814816,0.0018535447995907104,0.04212733511246664,0.9099455632620879,0.0035508567847875507,0.9065142676253788,-0.004054449417811661,test,isotonic
0.007,215,116968,1204566,5031,117183,217.00555555555556,0.0018347371205720967,0.040983606557377046,0.9114907372795554,0.0035122397471187383,0.9080488099006617,-0.004087720691674484,test,isotonic
0.0071,202,114945,1206589,5044,115147,213.23518518518517,0.0017542793125309387,0.0385055280213496,0.9130215340657145,0.0033556768250645806,0.9095637558600521,-0.004239679162369401,test,isotonic
0.0072,196,113036,1208498,5050,113232,209.6888888888889,0.0017309594460929772,0.03736179946626001,0.9144660674640229,0.0033086311382703962,0.9109980554424999,-0.0042814473925110955,test,isotonic
0.0073,189,111006,1210528,5057,111195,205.91666666666666,0.0016997167138810198,0.036027449485322154,0.9160021611248745,0.003246279231542154,0.9125227995598366,-0.004338075296367506,test,isotonic
0.0074,181,109011,1212523,5065,109192,202.2074074074074,0.0016576305956480328,0.03450247807853603,0.9175117704122633,0.0031632849228403156,0.9140204103167067,-0.0044153901183843994,test,isotonic
0.0075,173,106995,1214539,5073,107168,198.45925925925926,0.001614287847118543,0.0329775066717499,0.9190372703237298,0.0030779084455672782,0.9155338488671823,-0.004494809598842263,test,isotonic
0.0076,168,104992,1216542,5078,105160,194.74074074074073,0.001597565614302016,0.032024399542508575,0.9205529331821959,0.0030433128634313354,0.9170397503730837,-0.004522874613021971,test,isotonic
0.0077,161,102954,1218580,5085,103115,190.9537037037037,0.0015613635261601125,0.03069004956157072,0.9220950804141248,0.0029715488044591686,0.9185705241260796,-0.004588005584861636,test,isotonic
0.0078,151,100993,1220541,5095,101144,187.3037037037037,0.0014929209839436844,0.028783835303088066,0.9235789620244352,0.0028386126515649967,0.920041001522483,-0.004714769683480547,test,isotonic
0.0079,148,98961,1222573,5098,99109,183.53518518518518,0.00149330535067451,0.02821197102554327,0.9251165690780563,0.002836471659240094,0.9215702678665642,-0.004709229286845331,test,isotonic
0.008,134,96971,1224563,5112,97105,179.82407407407408,0.0013799495391586428,0.025543271063667557,0.9266223948835217,0.0026184404646754796,0.9230595878744027,-0.004921029275422401,test,isotonic
0.0081,126,95010,1226524,5120,95136,176.17777777777778,0.0013244197780020181,0.024018299656881435,0.9281062764938321,0.002510410232910283,0.9245315726797209,-0.005021825475380628,test,isotonic
0.0082,118,93108,1228426,5128,93226,172.64074074074074,0.0012657413168000343,0.02249332825009531,0.9295455130174479,0.002396620359086847,0.9259590889220519,-0.005128356747661798,test,isotonic
0.0083,112,91102,1230432,5134,91214,168.9148148148148,0.0012278816848290833,0.02134959969500572,0.9310634459650678,0.0023222060957910017,0.9274664978368682,-0.00519443274615966,test,isotonic
0.0084,98,89151,1232383,5148,89249,165.27592592592592,0.0010980515187845243,0.018680899733130005,0.9325397606115318,0.002074183819249696,0.9289264233708678,-0.005435264077236148,test,isotonic
0.0085,85,87110,1234424,5161,87195,161.47222222222223,9.748265382189346e-4,0.016202821197102556,0.9340841779326147,0.0018390108285284666,0.9304549360104916,-0.005662322987225965,test,isotonic
0.0086,74,85240,1236294,5172,85314,157.98888888888888,8.673840166912816e-4,0.014105985512771636,0.9354992001719215,0.0016342756183745583,0.9318560725968134,-0.005859150461366278,test,isotonic
0.0087,68,83571,1237963,5178,83639,154.88703703703703,8.13017850524277e-4,0.012962256957682043,0.9367621264379123,0.0015300669404286439,0.9331094831094832,-0.005955392189062201,test,isotonic
0.0088,40,79820,1241714,5206,79860,147.88888888888889,5.008765339343851e-4,0.007624857033930614,0.939600494576757,9.400042300190349e-4,0.9359155248044136,-0.006528862761866936,test,isotonic
0.0089,40,79146,1242388,5206,79186,146.64074074074074,5.051397974389412e-4,0.007624857033930614,0.9401105079400152,9.475080538184575e-4,0.9364235216087068,-0.00651735702976868,test,isotonic
0.009,40,78471,1243063,5206,78511,145.39074074074074,5.09482747640458e-4,0.007624857033930614,0.940621277999658,9.551440476616879e-4,0.9369322721174573,-0.0065056487318518735,test,isotonic
0.0091,40,77775,1243759,5206,77815,144.10185185185185,5.140397095675641e-4,0.007624857033930614,0.9411479386833785,9.631475662464936e-4,0.9374568504198134,-0.006493377007140959,test,isotonic
0.0092,40,77101,1244433,5206,77141,142.8537037037037,5.185310016722625e-4,0.007624857033930614,0.9416579520466367,9.710269824122739e-4,0.9379648472241064,-0.006481295667829603,test,isotonic
0.0093,40,76423,1245111,5206,76463,141.59814814814814,5.231288335534834e-4,0.007624857033930614,0.9421709921954335,9.790843113977653e-4,0.9384758588462292,-0.006468941641472947,test,isotonic
0.0094,40,75751,1245783,5206,75791,140.3537037037037,5.277671491338022e-4,0.007624857033930614,0.9426794921659223,9.872033762355467e-4,0.9389823482416075,-0.006456493062852152,test,isotonic
0.0095,38,75066,1246468,5208,75104,139.0814814814815,5.05965061780997e-4,0.0072436141822340835,0.9431978291894118,9.458618543870566e-4,0.9394971283860173,-0.006493704388801383,test,isotonic
0.0096,38,74402,1247132,5208,74440,137.85185185185185,5.104782375067168e-4,0.0072436141822340835,0.9437002755888233,9.537434430138293e-4,0.9399975881457363,-0.006481401808177617,test,isotonic
0.0097,37,73702,1247832,5209,73739,136.5537037037037,5.017697554889543e-4,0.007052992756385818,0.9442299630580825,9.368867506488573e-4,0.9405244275614646,-0.006493698945213122,test,isotonic
0.0098,37,73034,1248500,5209,73071,135.31666666666666,5.06356831027357e-4,0.007052992756385818,0.9447354362430327,9.448778681512317e-4,0.9410279021390132,-0.006481105974140659,test,isotonic
0.0099,37,72358,1249176,5209,72395,134.0648148148148,5.110850196836798e-4,0.007052992756385818,0.9452469629990602,9.531046740768408e-4,0.9415374063522212,-0.006468141707241418,test,isotonic
0.01,35,71700,1249834,5211,71735,132.84259259259258,4.879068794870008e-4,0.006671749904689287,0.9457448692201639,9.093152855899507e-4,0.942031836476281,-0.006507611351693722,test,isotonic
0.011,34,64819,1256715,5212,64853,120.09814814814816,5.242625630271537e-4,0.006481128478841022,0.9509516970429819,9.700566341887901e-4,0.947217323143249,-0.006392779344994102,test,isotonic
0.012,25,58072,1263462,5221,58097,107.58703703703704,4.303148183210837e-4,0.004765535646206634,0.956057127550256,7.893532039846548e-4,0.9522957837772652,-0.00651081539373523,test,isotonic
0.013,24,52983,1268551,5222,53007,98.16111111111111,4.527703888165714e-4,0.004574914220358368,0.9599079554517704,8.239918974130088e-4,0.956130632056558,-0.006417910240161732,test,isotonic
0.014,19,49124,1272410,5227,49143,91.00555555555556,3.8662678306167713e-4,0.0036218070911170418,0.962828046800158,6.986706870874625e-4,0.9590354090354091,-0.006492848610984964,test,isotonic
0.015,19,45357,1276177,5227,45376,84.02962962962962,4.1872355430183357e-4,0.0036218070911170418,0.9656785220811572,7.506617676109203e-4,0.9618746137264655,-0.006382951251500729,test,isotonic
0.016,16,41569,1279965,5230,41585,77.00925925925925,3.8475411807142e-4,0.0030499428135722455,0.9685448879862342,6.833080651705068e-4,0.9647273850977555,-0.006383546729913822,test,isotonic
0.017,16,37608,1283926,5230,37624,69.67407407407407,4.2526047203912394e-4,0.0030499428135722455,0.9715421623658567,7.464427338465127e-4,0.9677128084535492,-0.006237025167144075,test,isotonic
0.018,14,33811,1287723,5232,33825,62.638888888888886,4.138950480413895e-4,0.002668699961875715,0.9744153385383956,7.166440582529242e-4,0.9705731168694132,-0.00617169857757521,test,isotonic
0.019,12,30139,1291395,5234,30151,55.83518518518518,3.9799674969321085e-4,0.002287457110179184,0.9771939276628524,6.780235613187558e-4,0.9733392122281012,-0.006098942692604196,test,isotonic
0.02,12,27680,1293854,5234,27692,51.28148148148148,4.3333814820164666e-4,0.002287457110179184,0.9790546440727216,7.286416904487218e-4,0.9751925714888677,-0.005959368139647437,test,isotonic
0.021,11,25252,1296282,5235,25263,46.78333333333333,4.354193880378419e-4,0.0020968356843309188,0.9808919028946663,7.210986921891901e-4,0.9770218122069974,-0.00586542403303604,test,isotonic
0.022,10,22874,1298660,5236,22884,42.37777777777778,4.3698654081454294e-4,0.0019062142584826535,0.9826913268973784,7.109847138286528e-4,0.9788133677022566,-0.005759183613151468,test,isotonic
0.023,9,20582,1300952,5237,20591,38.13148148148148,4.370841629838279e-4,0.001715592832634388,0.98442567501101,6.96675310601076e-4,0.9805401046141787,-0.005641113145031608,test,isotonic
0.024,9,18986,1302548,5237,18995,35.175925925925924,4.738088970781785e-4,0.001715592832634388,0.9856333624409209,7.425436244379357e-4,0.9817430169282021,-0.005487986757305558,test,isotonic
0.025,9,17459,1304075,5237,17468,32.34814814814815,5.152278452026563e-4,0.001715592832634388,0.9867888378202907,7.924627982741922e-4,0.9828939236346643,-0.005321374028101917,test,isotonic
0.026,8,16007,1305527,5238,16015,29.65740740740741,4.995316890415236e-4,0.0015249714067861228,0.9878875609708112,7.525516203377075e-4,0.9839875488023636,-0.005235290597967482,test,isotonic
0.027,8,14512,1307022,5238,14520,26.88888888888889,5.509641873278236e-4,0.0015249714067861228,0.9890188220658719,8.094708084589699e-4,0.9851143369661888,-0.005028819769973074,test,isotonic
0.028,8,12915,1308619,5238,12923,23.93148148148148,6.190513038768088e-4,0.0015249714067861228,0.9902272661921676,8.806208376905719e-4,0.9863180029846697,-0.004770813633729514,test,isotonic
0.029,8,11837,1309697,5238,11845,21.935185185185187,6.75390460109751e-4,0.0015249714067861228,0.9910429848948268,9.361652331636534e-4,0.9871304963897557,-0.004569463591807879,test,isotonic
0.03,8,11293,1310241,5238,11301,20.927777777777777,7.079019555791523e-4,0.0015249714067861228,0.9914546277280797,9.669426482141778e-4,0.9875405116145857,-0.004457919677430405,test,isotonic
0.031,8,10739,1310795,5238,10747,19.901851851851852,7.44393784311901e-4,0.0015249714067861228,0.9918738375251791,0.001000437691490027,0.9879580638839898,-0.004336546836580548,test,isotonic
0.032,8,10210,1311324,5238,10218,18.92222222222222,7.829320806420043e-4,0.0015249714067861228,0.9922741299126621,0.001034661148473875,0.9883567735419587,-0.004212556399861321,test,isotonic
0.033,8,9685,1311849,5238,9693,17.95,8.253378726916331e-4,0.0015249714067861228,0.9926713955146065,0.0010710221567708682,0.988752468382098,-0.0040808459196692735,test,isotonic
0.034,8,9182,1312352,5238,9190,17.01851851851852,8.705114254624592e-4,0.0015249714067861228,0.9930520137960885,0.0011083402604599613,0.9891315817241744,-0.003945694507034292,test,isotonic
0.035,7,8737,1312797,5239,8744,16.192592592592593,8.005489478499542e-4,0.0013343499809378575,0.9933887436872604,0.0010007147962830592,0.9894662265032635,-0.0039614230604162765,test,isotonic
0.036,7,8279,1313255,5239,8286,15.344444444444445,8.447984552256819e-4,0.0013343499809378575,0.9937353106314328,0.0010345846881466155,0.9898114231447565,-0.003826137557753086,test,isotonic
0.037,7,7817,1313717,5239,7824,14.488888888888889,8.946830265848671e-4,0.0013343499809378575,0.9940849043611439,0.0010711553175210406,0.9901596346040791,-0.003680095214121981,test,isotonic
0.038,6,7372,1314162,5240,7378,13.662962962962963,8.13228517213337e-4,0.001143728555089592,0.9944216342523159,9.505703422053232e-4,0.9904942793831683,-0.003688167562348131,test,isotonic
0.039,6,6876,1314658,5240,6882,12.744444444444444,8.718395815170009e-4,0.001143728555089592,0.9947969556591052,9.894459102902375e-4,0.9908681167940427,-0.0035136180542189766,test,isotonic
0.04,5,6436,1315098,5241,6441,11.927777777777777,7.762769756249029e-4,9.531071292413268e-4,0.9951299020683539,8.556515786771626e-4,0.9911989930508449,-0.0035179049721143483,test,isotonic
0.041,4,6010,1315524,5242,6014,11.137037037037038,6.651147322913202e-4,7.624857033930614e-4,0.9954522547282174,7.104795737122557e-4,0.9915193174452434,-0.0035280372319141037,test,isotonic
0.042,4,5580,1315954,5242,5584,10.34074074074074,7.163323782234957e-4,7.624857033930614e-4,0.9957776341736194,7.386888273314866e-4,0.9918434103619289,-0.0033523139580997905,test,isotonic
0.043,3,5173,1316361,5243,5176,9.585185185185185,5.79598145285935e-4,5.71864277544796e-4,0.9960856096021744,5.757052389176741e-4,0.9921494143716366,-0.00336488668578717,test,isotonic
0.044,3,4736,1316798,5243,4739,8.775925925925925,6.330449461911796e-4,5.71864277544796e-4,0.9964162859222692,6.009013520280421e-4,0.992478783219524,-0.0031641422077683355,test,isotonic
0.045,3,4303,1317231,5243,4306,7.974074074074074,6.967022758941013e-4,5.71864277544796e-4,0.9967439354568252,6.28140703517588e-4,0.9928051372495817,-0.0029471976404819565,test,isotonic
0.046,3,3927,1317607,5243,3930,7.277777777777778,7.633587786259542e-4,5.71864277544796e-4,0.9970284532974558,6.538796861377506e-4,0.9930885301255672,-0.0027422779266828975,test,isotonic
0.047,3,3668,1317866,5243,3671,6.798148148148148,8.172160174339417e-4,5.71864277544796e-4,0.9972244376610817,6.72872042166648e-4,0.9932837395800359,-0.0025911180844927348,test,isotonic
0.048,3,3447,1318087,5243,3450,6.388888888888889,8.695652173913044e-4,5.71864277544796e-4,0.9973916675620907,6.899724011039558e-4,0.993450308265123,-0.0024550506862183637,test,isotonic
0.049,3,3276,1318258,5243,3279,6.072222222222222,9.149130832570906e-4,5.71864277544796e-4,0.9975210626438669,7.038123167155426e-4,0.9935791917273399,-0.002344950235506431,test,isotonic
0.05,3,3080,1318454,5243,3083,5.70925925925926,9.730781706130393e-4,5.71864277544796e-4,0.9976693751352594,7.203745947892904e-4,0.9937269178009919,-0.0022132203972550016,test,isotonic
0.051,3,2905,1318629,5243,2908,5.385185185185185,0.0010316368638239339,5.71864277544796e-4,0.9978017970025743,7.358351729212656e-4,0.9938588160810383,-0.002090280349679792,test,isotonic
0.052,3,2705,1318829,5243,2708,5.014814814814815,0.0011078286558345643,5.71864277544796e-4,0.9979531362795054,7.543374402816193e-4,0.9940095569725199,-0.001943187917342007,test,isotonic
0.053,3,2513,1319021,5243,2516,4.659259259259259,0.0011923688394276629,5.71864277544796e-4,0.9980984219853595,7.729966503478485e-4,0.9941542682283423,-0.0017948860077701895,test,isotonic
0.054,3,2389,1319145,5243,2392,4.42962962962963,0.001254180602006689,5.71864277544796e-4,0.9981922523370568,7.855459544383347e-4,0.994247727581061,-0.0016951667177523815,test,isotonic
0.055,2,2249,1319285,5244,2251,4.1685185185185185,8.88494002665482e-4,3.812428516965307e-4,0.9982981898309087,5.33546752034147e-4,0.9943524925006406,-0.0018451986999846323,test,isotonic
0.056,2,2135,1319399,5244,2137,3.9574074074074073,9.358914365933552e-4,3.812428516965307e-4,0.9983844532187595,5.417851821752675e-4,0.9944384148087851,-0.0017511451896355908,test,isotonic
0.057,2,2006,1319528,5244,2008,3.7185185185185183,9.9601593625498e-4,3.812428516965307e-4,0.9984820670523801,5.514199062586159e-4,0.9945356426837908,-0.0016411714127398727,test,isotonic
0.058,2,1875,1319659,5244,1877,3.475925925925926,0.0010655301012253596,3.812428516965307e-4,0.99858119427877,5.615611399691141e-4,0.9946343779677113,-0.001525439966294069,test,isotonic
0.059,2,1741,1319793,5244,1743,3.227777777777778,0.0011474469305794606,3.812428516965307e-4,0.9986825915943138,5.723279439118615e-4,0.994735374365004,-0.0014025962275837909,test,isotonic
0.06,2,1607,1319927,5244,1609,2.97962962962963,0.001243008079552517,3.812428516965307e-4,0.9987839889098578,5.835156819839533e-4,0.9948363707622967,-0.0012749789636743371,test,isotonic
0.061,2,1505,1320029,5244,1507,2.7907407407407407,0.0013271400132714001,3.812428516965307e-4,0.9988611719410927,5.923293351103213e-4,0.9949132486169523,-0.0011744635103676981,test,isotonic
0.062,2,1374,1320160,5244,1376,2.5481481481481483,0.0014534883720930232,3.812428516965307e-4,0.9989602991674826,6.040471156750226e-4,0.9950119839008728,-0.0010408563900355804,test,isotonic
0.063,1,1268,1320266,5245,1269,2.35,7.880220646178094e-4,1.9062142584826535e-4,0.9990405089842562,3.0698388334612437e-4,0.9950911228689007,-0.0012352231777090338,test,isotonic
0.064,1,1141,1320393,5245,1142,2.1148148148148147,8.756567425569177e-4,1.9062142584826535e-4,0.9991366094251075,3.130870381966187e-4,0.9951868433349915,-0.0011021818834733113,test,isotonic
0.065,1,1016,1320518,5245,1017,1.8833333333333333,9.832841691248771e-4,1.9062142584826535e-4,0.9992311964731895,3.1933578157432546e-4,0.9952810563921675,-9.660018819812132e-4,test,isotonic
0.066,1,883,1320651,5245,884,1.637037037037037,0.0011312217194570137,1.9062142584826535e-4,0.9993318370923487,3.2626427406199027e-4,0.9953812990850028,-8.150493021786715e-4,test,isotonic
0.067,1,736,1320798,5245,737,1.364814814814815,0.0013568521031207597,1.9062142584826535e-4,0.9994430714608932,3.3428046130703663e-4,0.9954920936402418,-6.404530712878852e-4,test,isotonic
0.068,0,600,1320934,5246,600,1.1111111111111112,0,0,0.9995459821692064,NA,0.9955938437419919,-8.122775110875921e-4,test,isotonic
0.069,0,480,1321054,5246,480,0.8888888888888888,0,0,0.9996367857353651,NA,0.9956842882768808,-6.633416235733067e-4,test,isotonic
0.07,0,392,1321142,5246,392,0.725925925925926,0,0,0.9997033750172148,NA,0.9957506142691328,-5.501222498337036e-4,test,isotonic
0.071,0,330,1321204,5246,330,0.6111111111111112,0,0,0.9997502901930635,NA,0.9957973439454921,-4.682241824149009e-4,test,isotonic
0.072,0,325,1321209,5246,325,0.6018518518518519,0,0,0.9997540736749868,NA,0.9958011124677791,-4.615406596604158e-4,test,isotonic
0.073,0,321,1321213,5246,321,0.5944444444444444,0,0,0.9997571004605255,NA,0.9958041272856087,-4.561852618989458e-4,test,isotonic
0.074,0,319,1321215,5246,319,0.5907407407407408,0,0,0.9997586138532948,NA,0.9958056346945235,-4.535046975292338e-4,test,isotonic
0.075,0,316,1321218,5246,316,0.5851851851851851,0,0,0.9997608839424487,NA,0.9958078958078959,-4.494802633376192e-4,test,isotonic
0.076,0,314,1321220,5246,314,0.5814814814814815,0,0,0.999762397335218,NA,0.9958094032168107,-4.4679491251613446e-4,test,isotonic
0.077,0,309,1321225,5246,309,0.5722222222222222,0,0,0.9997661808171413,NA,0.9958131717390977,-4.4007313897938017e-4,test,isotonic
0.078,0,303,1321231,5246,303,0.5611111111111111,0,0,0.9997707209954493,NA,0.9958176939658421,-4.319911405098439e-4,test,isotonic
0.079,0,297,1321237,5246,297,0.55,0,0,0.9997752611737571,NA,0.9958222161925866,-4.238917763577947e-4,test,isotonic
0.08,0,295,1321239,5246,295,0.5462962962962963,0,0,0.9997767745665265,NA,0.9958237236015014,-4.211881196040303e-4,test,isotonic
0.081,0,294,1321240,5246,294,0.5444444444444444,0,0,0.9997775312629111,NA,0.9958244773059588,-4.198355646607621e-4,test,isotonic
0.082,0,292,1321242,5246,292,0.5407407407407407,0,0,0.9997790446556805,NA,0.9958259847148736,-4.171290003925617e-4,test,isotonic
0.083,0,288,1321246,5246,288,0.5333333333333333,0,0,0.9997820714412191,NA,0.9958289995327032,-4.117100469194961e-4,test,isotonic
0.084,0,286,1321248,5246,286,0.5296296296296297,0,0,0.9997835848339883,NA,0.995830506941618,-4.089976535344158e-4,test,isotonic
0.085,0,280,1321254,5246,280,0.5185185185185185,0,0,0.9997881250122963,NA,0.9958350291683625,-4.008487816139623e-4,test,isotonic
0.086,0,277,1321257,5246,277,0.512962962962963,0,0,0.9997903951014503,NA,0.9958372902817347,-3.967677560774626e-4,test,isotonic
0.087,0,272,1321262,5246,272,0.5037037037037037,0,0,0.9997941785833736,NA,0.9958410588040217,-3.899562598573157e-4,test,isotonic
0.088,0,267,1321267,5246,267,0.49444444444444446,0,0,0.9997979620652968,NA,0.9958448273263089,-3.8313250131016813e-4,test,isotonic
0.089,0,263,1321271,5246,263,0.48703703703703705,0,0,0.9998009888508355,NA,0.9958478421441385,-3.776646433399315e-4,test,isotonic
0.09,0,260,1321274,5246,260,0.48148148148148145,0,0,0.9998032589399894,NA,0.9958501032575107,-3.7355857554077586e-4,test,isotonic
0.091,0,257,1321277,5246,257,0.4759259259259259,0,0,0.9998055290291434,NA,0.9958523643708829,-3.694480645719545e-4,test,isotonic
0.092,0,256,1321278,5246,256,0.4740740740740741,0,0,0.9998062857255281,NA,0.9958531180753403,-3.6807690565507036e-4,test,isotonic
0.093,0,252,1321282,5246,252,0.4666666666666667,0,0,0.9998093125110666,NA,0.9958561328931699,-3.6258731973672054e-4,test,isotonic
0.094,0,249,1321285,5246,249,0.46111111111111114,0,0,0.9998115826002206,NA,0.9958583940065422,-3.584649250405971e-4,test,isotonic
0.095,0,245,1321289,5246,245,0.4537037037037037,0,0,0.9998146093857593,NA,0.9958614088243718,-3.529614447449468e-4,test,isotonic
0.096,0,241,1321293,5246,241,0.4462962962962963,0,0,0.9998176361712979,NA,0.9958644236422014,-3.4745000110821044e-4,test,isotonic
0.097,0,236,1321298,5246,236,0.43703703703703706,0,0,0.9998214196532211,NA,0.9958681921644884,-3.4054947177239057e-4,test,isotonic
0.098,0,230,1321304,5246,230,0.42592592592592593,0,0,0.9998259598315291,NA,0.9958727143912329,-3.3225232872722795e-4,test,isotonic
0.099,0,229,1321305,5246,229,0.42407407407407405,0,0,0.9998267165279138,NA,0.9958734680956903,-3.3086771690852694e-4,test,isotonic
0.1,0,226,1321308,5246,226,0.4185185185185185,0,0,0.9998289866170678,NA,0.9958757292090625,-3.267108681043619e-4,test,isotonic
0.11,0,182,1321352,5246,182,0.337037037037037,0,0,0.9998622812579926,NA,0.9959088922051885,-2.6521988526907394e-4,test,isotonic
0.12,0,171,1321363,5246,171,0.31666666666666665,0,0,0.9998706049182238,NA,0.9959171829542199,-2.496922523227281e-4,test,isotonic
0.13,0,158,1321376,5246,158,0.29259259259259257,0,0,0.9998804419712244,NA,0.9959269811121663,-2.3126054022594878e-4,test,isotonic
0.14,0,148,1321386,5246,148,0.2740740740740741,0,0,0.9998880089350709,NA,0.9959345181567404,-2.17022309222338e-4,test,isotonic
0.15,0,140,1321394,5246,140,0.25925925925925924,0,0,0.9998940625061482,NA,0.9959405477923996,-2.0559395039900516e-4,test,isotonic
0.16,0,129,1321405,5246,129,0.2388888888888889,0,0,0.9999023861663794,NA,0.9959488385414311,-1.8982483863496288e-4,test,isotonic
0.17,0,113,1321421,5246,113,0.20925925925925926,0,0,0.9999144933085339,NA,0.9959608978127497,-1.667732816931486e-4,test,isotonic
0.18,0,96,1321438,5246,96,0.17777777777777778,0,0,0.999927357147073,NA,0.9959737107885256,-1.421308774696586e-4,test,isotonic
0.19,0,86,1321448,5246,86,0.15925925925925927,0,0,0.9999349241109196,NA,0.9959812478330997,-1.275625147370801e-4,test,isotonic
0.2,0,76,1321458,5246,76,0.14074074074074075,0,0,0.9999424910747662,NA,0.9959887848776737,-1.1293983113630728e-4,test,isotonic
0.21,0,63,1321471,5246,63,0.11666666666666667,0,0,0.9999523281277667,NA,0.99599858303562006,-9.384863185869182e-5,test,isotonic
0.22,0,47,1321487,5246,47,0.08703703703703704,0,0,0.9999644352699212,NA,0.9960106423069386,-7.022404251163203e-5,test,isotonic
0.23,0,43,1321491,5246,43,0.07962962962962963,0,0,0.9999674620554598,NA,0.9960136571247682,-6.42957366677621e-5,test,isotonic
0.24,0,31,1321503,5246,31,0.05740740740740741,0,0,0.9999765424120757,NA,0.9960227015782571,-4.645731872098075e-5,test,isotonic
0.25,0,18,1321516,5246,18,0.03333333333333333,0,0,0.9999863794650762,NA,0.9960324997362034,-2.7041310433245093e-5,test,isotonic
0.26,0,6,1321528,5246,6,0.011111111111111112,0,0,0.999995459821692,NA,0.9960415441896924,-9.034202514126984e-6,test,isotonic
0.27,0,3,1321531,5246,3,0.005555555555555556,0,0,0.999997729910846,NA,0.9960438053030646,-4.519662559459328e-6,test,isotonic
0.28,0,3,1321531,5246,3,0.005555555555555556,0,0,0.999997729910846,NA,0.9960438053030646,-4.519662559459328e-6,test,isotonic
0.29,0,2,1321532,5246,2,0.003703703703703704,0,0,0.9999984866072307,NA,0.996044559007522,-3.0136779692037983e-6,test,isotonic
0.3,0,1,1321533,5246,1,0.001851851851851852,0,0,0.9999992433036153,NA,0.9960453127119794,-1.5071239091314224e-6,test,isotonic
0.31,0,0,1321534,5246,0,0,NA,0,1,NA,0.9960460664164368,0,test,isotonic
0.32,0,0,1321534,5246,0,0,NA,0,1,NA,0.9960460664164368,0,test,isotonic
0.33,0,0,1321534,5246,0,0,NA,0,1,NA,0.9960460664164368,0,test,isotonic
0.34,0,0,1321534,5246,0,0,NA,0,1,NA,0.9960460664164368,0,test,isotonic
0.35,0,0,1321534,5246,0,0,NA,0,1,NA,0.9960460664164368,0,test,isotonic
0.36,0,0,1321534,5246,0,0,NA,0,1,NA,0.9960460664164368,0,test,isotonic
0.37,0,0,1321534,5246,0,0,NA,0,1,NA,0.9960460664164368,0,test,isotonic
0.38,0,0,1321534,5246,0,0,NA,0,1,NA,0.9960460664164368,0,test,isotonic
0.39,0,0,1321534,5246,0,0,NA,0,1,NA,0.9960460664164368,0,test,isotonic
0.4,0,0,1321534,5246,0,0,NA,0,1,NA,0.9960460664164368,0,test,isotonic
0.41,0,0,1321534,5246,0,0,NA,0,1,NA,0.9960460664164368,0,test,isotonic
0.42,0,0,1321534,5246,0,0,NA,0,1,NA,0.9960460664164368,0,test,isotonic
0.43,0,0,1321534,5246,0,0,NA,0,1,NA,0.9960460664164368,0,test,isotonic
0.44,0,0,1321534,5246,0,0,NA,0,1,NA,0.9960460664164368,0,test,isotonic
0.45,0,0,1321534,5246,0,0,NA,0,1,NA,0.9960460664164368,0,test,isotonic
0.46,0,0,1321534,5246,0,0,NA,0,1,NA,0.9960460664164368,0,test,isotonic
0.47,0,0,1321534,5246,0,0,NA,0,1,NA,0.9960460664164368,0,test,isotonic
0.48,0,0,1321534,5246,0,0,NA,0,1,NA,0.9960460664164368,0,test,isotonic
0.49,0,0,1321534,5246,0,0,NA,0,1,NA,0.9960460664164368,0,test,isotonic
0.5,0,0,1321534,5246,0,0,NA,0,1,NA,0.9960460664164368,0,test,isotonic
0.51,0,0,1321534,5246,0,0,NA,0,1,NA,0.9960460664164368,0,test,isotonic
0.52,0,0,1321534,5246,0,0,NA,0,1,NA,0.9960460664164368,0,test,isotonic
0.53,0,0,1321534,5246,0,0,NA,0,1,NA,0.9960460664164368,0,test,isotonic
0.54,0,0,1321534,5246,0,0,NA,0,1,NA,0.9960460664164368,0,test,isotonic
0.55,0,0,1321534,5246,0,0,NA,0,1,NA,0.9960460664164368,0,test,isotonic
0.56,0,0,1321534,5246,0,0,NA,0,1,NA,0.9960460664164368,0,test,isotonic
0.57,0,0,1321534,5246,0,0,NA,0,1,NA,0.9960460664164368,0,test,isotonic
0.58,0,0,1321534,5246,0,0,NA,0,1,NA,0.9960460664164368,0,test,isotonic
0.59,0,0,1321534,5246,0,0,NA,0,1,NA,0.9960460664164368,0,test,isotonic
0.6,0,0,1321534,5246,0,0,NA,0,1,NA,0.9960460664164368,0,test,isotonic
0.61,0,0,1321534,5246,0,0,NA,0,1,NA,0.9960460664164368,0,test,isotonic
0.62,0,0,1321534,5246,0,0,NA,0,1,NA,0.9960460664164368,0,test,isotonic
0.63,0,0,1321534,5246,0,0,NA,0,1,NA,0.9960460664164368,0,test,isotonic
0.64,0,0,1321534,5246,0,0,NA,0,1,NA,0.9960460664164368,0,test,isotonic
0.65,0,0,1321534,5246,0,0,NA,0,1,NA,0.9960460664164368,0,test,isotonic
0.66,0,0,1321534,5246,0,0,NA,0,1,NA,0.9960460664164368,0,test,isotonic
0.67,0,0,1321534,5246,0,0,NA,0,1,NA,0.9960460664164368,0,test,isotonic
0.68,0,0,1321534,5246,0,0,NA,0,1,NA,0.9960460664164368,0,test,isotonic
0.69,0,0,1321534,5246,0,0,NA,0,1,NA,0.9960460664164368,0,test,isotonic
0.7,0,0,1321534,5246,0,0,NA,0,1,NA,0.9960460664164368,0,test,isotonic
0.71,0,0,1321534,5246,0,0,NA,0,1,NA,0.9960460664164368,0,test,isotonic
0.72,0,0,1321534,5246,0,0,NA,0,1,NA,0.9960460664164368,0,test,isotonic
0.73,0,0,1321534,5246,0,0,NA,0,1,NA,0.9960460664164368,0,test,isotonic
0.74,0,0,1321534,5246,0,0,NA,0,1,NA,0.9960460664164368,0,test,isotonic
0.75,0,0,1321534,5246,0,0,NA,0,1,NA,0.9960460664164368,0,test,isotonic
0.76,0,0,1321534,5246,0,0,NA,0,1,NA,0.9960460664164368,0,test,isotonic
0.77,0,0,1321534,5246,0,0,NA,0,1,NA,0.9960460664164368,0,test,isotonic
0.78,0,0,1321534,5246,0,0,NA,0,1,NA,0.9960460664164368,0,test,isotonic
0.79,0,0,1321534,5246,0,0,NA,0,1,NA,0.9960460664164368,0,test,isotonic
0.8,0,0,1321534,5246,0,0,NA,0,1,NA,0.9960460664164368,0,test,isotonic
0.81,0,0,1321534,5246,0,0,NA,0,1,NA,0.9960460664164368,0,test,isotonic
0.82,0,0,1321534,5246,0,0,NA,0,1,NA,0.9960460664164368,0,test,isotonic
0.83,0,0,1321534,5246,0,0,NA,0,1,NA,0.9960460664164368,0,test,isotonic
0.84,0,0,1321534,5246,0,0,NA,0,1,NA,0.9960460664164368,0,test,isotonic
0.85,0,0,1321534,5246,0,0,NA,0,1,NA,0.9960460664164368,0,test,isotonic
0.86,0,0,1321534,5246,0,0,NA,0,1,NA,0.9960460664164368,0,test,isotonic
0.87,0,0,1321534,5246,0,0,NA,0,1,NA,0.9960460664164368,0,test,isotonic
0.88,0,0,1321534,5246,0,0,NA,0,1,NA,0.9960460664164368,0,test,isotonic
0.89,0,0,1321534,5246,0,0,NA,0,1,NA,0.9960460664164368,0,test,isotonic
0.9,0,0,1321534,5246,0,0,NA,0,1,NA,0.9960460664164368,0,test,isotonic
0.905,0,0,1321534,5246,0,0,NA,0,1,NA,0.9960460664164368,0,test,isotonic
0.91,0,0,1321534,5246,0,0,NA,0,1,NA,0.9960460664164368,0,test,isotonic
0.915,0,0,1321534,5246,0,0,NA,0,1,NA,0.9960460664164368,0,test,isotonic
0.92,0,0,1321534,5246,0,0,NA,0,1,NA,0.9960460664164368,0,test,isotonic
0.925,0,0,1321534,5246,0,0,NA,0,1,NA,0.9960460664164368,0,test,isotonic
0.93,0,0,1321534,5246,0,0,NA,0,1,NA,0.9960460664164368,0,test,isotonic
0.935,0,0,1321534,5246,0,0,NA,0,1,NA,0.9960460664164368,0,test,isotonic
0.94,0,0,1321534,5246,0,0,NA,0,1,NA,0.9960460664164368,0,test,isotonic
0.945,0,0,1321534,5246,0,0,NA,0,1,NA,0.9960460664164368,0,test,isotonic
0.95,0,0,1321534,5246,0,0,NA,0,1,NA,0.9960460664164368,0,test,isotonic
0.955,0,0,1321534,5246,0,0,NA,0,1,NA,0.9960460664164368,0,test,isotonic
0.96,0,0,1321534,5246,0,0,NA,0,1,NA,0.9960460664164368,0,test,isotonic
0.965,0,0,1321534,5246,0,0,NA,0,1,NA,0.9960460664164368,0,test,isotonic
0.97,0,0,1321534,5246,0,0,NA,0,1,NA,0.9960460664164368,0,test,isotonic
0.975,0,0,1321534,5246,0,0,NA,0,1,NA,0.9960460664164368,0,test,isotonic
0.98,0,0,1321534,5246,0,0,NA,0,1,NA,0.9960460664164368,0,test,isotonic
0.985,0,0,1321534,5246,0,0,NA,0,1,NA,0.9960460664164368,0,test,isotonic
0.99,0,0,1321534,5246,0,0,NA,0,1,NA,0.9960460664164368,0,test,isotonic
0.991,0,0,1321534,5246,0,0,NA,0,1,NA,0.9960460664164368,0,test,isotonic
0.992,0,0,1321534,5246,0,0,NA,0,1,NA,0.9960460664164368,0,test,isotonic
0.993,0,0,1321534,5246,0,0,NA,0,1,NA,0.9960460664164368,0,test,isotonic
0.994,0,0,1321534,5246,0,0,NA,0,1,NA,0.9960460664164368,0,test,isotonic
0.995,0,0,1321534,5246,0,0,NA,0,1,NA,0.9960460664164368,0,test,isotonic
0.996,0,0,1321534,5246,0,0,NA,0,1,NA,0.9960460664164368,0,test,isotonic
0.997,0,0,1321534,5246,0,0,NA,0,1,NA,0.9960460664164368,0,test,isotonic
0.998,0,0,1321534,5246,0,0,NA,0,1,NA,0.9960460664164368,0,test,isotonic
0.999,0,0,1321534,5246,0,0,NA,0,1,NA,0.9960460664164368,0,test,isotonic
